 5.00000000e-08  1.20894138e-01  5.00000000e-08  1.20827025e-01  5.00000000e-08  1.88387139e-01 
 5.17070192e-08  1.10137964e-01  5.17070192e-08  1.10076743e-01  5.17070192e-08  1.86906901e-01 
 5.51210575e-08  9.05364229e-02  5.51210575e-08  9.04859397e-02  5.51210575e-08  1.82019019e-01 
 6.19491341e-08  6.09268429e-02  6.19491341e-08  6.08925800e-02  6.19491341e-08  1.64179933e-01 
 7.41929712e-08  2.92496651e-02  7.41929712e-08  2.92327559e-02  7.41929712e-08  1.22756717e-01 
 8.66460106e-08  1.37789418e-02  8.66460106e-08  1.37705089e-02  8.66460106e-08  8.32075598e-02 
 1.09016088e-07  2.81619969e-03  1.09016088e-07  2.81377524e-03  1.09016088e-07  3.57918270e-02 
 1.45171135e-07 -4.15910253e-04  1.45171135e-07 -4.16558455e-04  1.45171135e-07  5.23429896e-03 
 1.93226612e-07 -4.97742040e-04  1.93226612e-07 -4.98337057e-04  1.93226612e-07 -9.43905401e-04 
 2.46089983e-07 -6.60560445e-04  2.46089983e-07 -6.61056178e-04  2.46089983e-07 -8.78260899e-04 
 3.23550209e-07 -8.83265067e-04  3.23550209e-07 -8.83622315e-04  3.23550209e-07 -1.25881638e-03 
 4.78470663e-07 -1.33449760e-03  4.78470663e-07 -1.33456865e-03  4.78470663e-07 -1.93012666e-03 
 7.88311570e-07 -2.23688600e-03  7.88311570e-07 -2.23636069e-03  7.88311570e-07 -3.31402999e-03 
 1.40799338e-06 -4.05910009e-03  1.40799338e-06 -4.05727748e-03  1.40799338e-06 -6.07855851e-03 
 2.64735701e-06 -7.79848954e-03  2.64735701e-06 -7.79364463e-03  2.64735701e-06 -1.17738529e-02 
 4.95132313e-06 -1.52037837e-02  4.95132313e-06 -1.51917309e-02  4.95132313e-06 -2.30237433e-02 
 5.00000000e-06 -1.53667645e-02  5.00000000e-06 -1.53545369e-02  5.00000000e-06 -2.32753943e-02 
 5.09735374e-06 -1.56947601e-02  5.09735374e-06 -1.56821778e-02  5.09735374e-06 -2.37735481e-02 
 5.29206121e-06 -1.63529217e-02  5.29206121e-06 -1.63396223e-02  5.29206121e-06 -2.47736863e-02 
 5.68147616e-06 -1.76820620e-02  5.68147616e-06 -1.76672824e-02  5.68147616e-06 -2.67936933e-02 
 6.46030605e-06 -2.03850341e-02  6.46030605e-06 -2.03671103e-02  6.46030605e-06 -3.09013951e-02 
 8.01796583e-06 -2.59004508e-02  8.01796583e-06 -2.58755182e-02  8.01796583e-06 -3.92835623e-02 
 9.97281402e-06 -3.28277620e-02  9.97281402e-06 -3.27927291e-02  9.97281402e-06 -4.98113280e-02 
 1.18662059e-05 -3.93024116e-02  1.18662059e-05 -3.92562983e-02  1.18662059e-05 -5.96492900e-02 
 1.40147156e-05 -4.61900173e-02  1.40147156e-05 -4.61298857e-02  1.40147156e-05 -7.01079101e-02 
 1.60229243e-05 -5.22390915e-02  1.60229243e-05 -5.21645027e-02  1.60229243e-05 -7.92831403e-02 
 1.75327453e-05 -5.66716043e-02  1.75327453e-05 -5.65852673e-02  1.75327453e-05 -8.59987573e-02 
 1.89877511e-05 -6.09927862e-02  1.89877511e-05 -6.08943752e-02  1.89877511e-05 -9.25405815e-02 
 2.15311724e-05 -6.89445150e-02  2.15311724e-05 -6.88231068e-02  2.15311724e-05 -1.04572137e-01 
 2.42102726e-05 -7.79125102e-02  2.42102726e-05 -7.77641941e-02  2.42102726e-05 -1.18139340e-01 
 2.72639853e-05 -8.84127213e-02  2.72639853e-05 -8.82304384e-02  2.72639853e-05 -1.34023575e-01 
 3.05620196e-05 -9.92529834e-02  3.05620196e-05 -9.90303521e-02  3.05620196e-05 -1.50410874e-01 
 3.30260359e-05 -1.06755525e-01  3.30260359e-05 -1.06500425e-01  3.30260359e-05 -1.61735847e-01 
 3.47839693e-05 -1.11886584e-01  3.47839693e-05 -1.11607121e-01  3.47839693e-05 -1.69470066e-01 
 3.66020009e-05 -1.17204770e-01  3.66020009e-05 -1.16899019e-01  3.66020009e-05 -1.77478671e-01 
 3.95528670e-05 -1.26252388e-01  3.95528670e-05 -1.25901453e-01  3.95528670e-05 -1.91097525e-01 
 4.25322592e-05 -1.35959911e-01  4.25322592e-05 -1.35560106e-01  4.25322592e-05 -2.05710164e-01 
 4.56947290e-05 -1.46400759e-01  4.56947290e-05 -1.45945601e-01  4.56947290e-05 -2.21424293e-01 
 4.93537804e-05 -1.57811292e-01  4.93537804e-05 -1.57287942e-01  4.93537804e-05 -2.38575623e-01 
 5.18176841e-05 -1.64960815e-01  5.18176841e-05 -1.64389166e-01  5.18176841e-05 -2.49300099e-01 
 5.37449371e-05 -1.70414811e-01  5.37449371e-05 -1.69804046e-01  5.37449371e-05 -2.57468982e-01 
 5.56880638e-05 -1.76007162e-01  5.56880638e-05 -1.75355712e-01  5.56880638e-05 -2.65839746e-01 
 5.83264050e-05 -1.83955245e-01  5.83264050e-05 -1.83246461e-01  5.83264050e-05 -2.77736919e-01 
 6.14229548e-05 -1.93674534e-01  6.14229548e-05 -1.92895362e-01  6.14229548e-05 -2.92288448e-01 
 6.46041662e-05 -2.03557198e-01  6.46041662e-05 -2.02702385e-01  6.46041662e-05 -3.07076441e-01 
 6.75783318e-05 -2.12248191e-01  6.75783318e-05 -2.11319816e-01  6.75783318e-05 -3.20058101e-01 
 6.97895954e-05 -2.18344793e-01  6.97895954e-05 -2.17360016e-01  6.97895954e-05 -3.29144703e-01 
 7.23165817e-05 -2.25204525e-01  7.23165817e-05 -2.24153477e-01  7.23165817e-05 -3.39353585e-01 
 7.47237468e-05 -2.31907041e-01  7.47237468e-05 -2.30790984e-01  7.47237468e-05 -3.49324033e-01 
 7.73692541e-05 -2.39590130e-01  7.73692541e-05 -2.38400441e-01  7.73692541e-05 -3.60756922e-01 
 8.07572862e-05 -2.49586770e-01  8.07572862e-05 -2.48299504e-01  8.07572862e-05 -3.75631625e-01 
 8.41409505e-05 -2.59173736e-01  8.41409505e-05 -2.57785563e-01  8.41409505e-05 -3.89875104e-01 
 8.67114817e-05 -2.65989747e-01  8.67114817e-05 -2.64522745e-01  8.67114817e-05 -3.99975315e-01 
 8.87216033e-05 -2.71118736e-01  8.87216033e-05 -2.69588810e-01  8.87216033e-05 -4.07559668e-01 
 9.11438060e-05 -2.77309443e-01  9.11438060e-05 -2.75702151e-01  9.11438060e-05 -4.16705086e-01 
 9.39578126e-05 -2.84740958e-01  9.39578126e-05 -2.83041594e-01  9.39578126e-05 -4.27684630e-01 
 9.71258660e-05 -2.93364774e-01  9.71258660e-05 -2.91558920e-01  9.71258660e-05 -4.40429861e-01 
 1.00480877e-04 -3.02350817e-01  1.00480877e-04 -3.00429061e-01  1.00480877e-04 -4.53697658e-01 
 1.03729119e-04 -3.10514034e-01  1.03729119e-04 -3.08477206e-01  1.03729119e-04 -4.65716257e-01 
 1.05957151e-04 -3.15800370e-01  1.05957151e-04 -3.13683053e-01  1.05957151e-04 -4.73475291e-01 
 1.08800965e-04 -3.22454521e-01  1.08800965e-04 -3.20232603e-01  1.08800965e-04 -4.83225494e-01 
 1.11905360e-04 -3.29895564e-01  1.11905360e-04 -3.27556993e-01  1.11905360e-04 -4.94127248e-01 
 1.15034493e-04 -3.37602199e-01  1.15034493e-04 -3.35143420e-01  1.15034493e-04 -5.05422422e-01 
 1.18594099e-04 -3.46204006e-01  1.18594099e-04 -3.43605424e-01  1.18594099e-04 -5.18013815e-01 
 1.22193105e-04 -3.54316104e-01  1.22193105e-04 -3.51573099e-01  1.22193105e-04 -5.29843504e-01 
 1.24469028e-04 -3.59138085e-01  1.24469028e-04 -3.56302228e-01  1.24469028e-04 -5.36847458e-01 
 1.27457644e-04 -3.65386029e-01  1.27457644e-04 -3.62426434e-01  1.27457644e-04 -5.45905992e-01 
 1.30996365e-04 -3.72950934e-01  1.30996365e-04 -3.69842101e-01  1.30996365e-04 -5.56874145e-01 
 1.34451627e-04 -3.80442702e-01  1.34451627e-04 -3.77185327e-01  1.34451627e-04 -5.67736417e-01 
 1.38073828e-04 -3.87976794e-01  1.38073828e-04 -3.84560897e-01  1.38073828e-04 -5.78630327e-01 
 1.41015185e-04 -3.93643174e-01  1.41015185e-04 -3.90096594e-01  1.41015185e-04 -5.86781344e-01 
 1.43307806e-04 -3.97826284e-01  1.43307806e-04 -3.94176675e-01  1.43307806e-04 -5.92772313e-01 
 1.46109692e-04 -4.02883357e-01  1.46109692e-04 -3.99106424e-01  1.46109692e-04 -6.00001674e-01 
 1.49179265e-04 -4.08526707e-01  1.49179265e-04 -4.04608472e-01  1.49179265e-04 -6.08071051e-01 
 1.52538714e-04 -4.14745102e-01  1.52538714e-04 -4.10670088e-01  1.52538714e-04 -6.16961210e-01 
 1.56111604e-04 -4.21049805e-01  1.56111604e-04 -4.16805775e-01  1.56111604e-04 -6.25940921e-01 
 1.59108196e-04 -4.25904676e-01  1.59108196e-04 -4.21517233e-01  1.59108196e-04 -6.32806617e-01 
 1.61447652e-04 -4.29460687e-01  1.61447652e-04 -4.24960279e-01  1.61447652e-04 -6.37804227e-01 
 1.64299055e-04 -4.33717459e-01  1.64299055e-04 -4.29078173e-01  1.64299055e-04 -6.43770435e-01 
 1.67398757e-04 -4.38401993e-01  1.67398757e-04 -4.33610225e-01  1.67398757e-04 -6.50336641e-01 
 1.70765382e-04 -4.43483631e-01  1.70765382e-04 -4.38524519e-01  1.70765382e-04 -6.57454485e-01 
 1.74354916e-04 -4.48581417e-01  1.74354916e-04 -4.43442062e-01  1.74354916e-04 -6.64551956e-01 
 1.77315974e-04 -4.52381993e-01  1.77315974e-04 -4.47092680e-01  1.77315974e-04 -6.69785545e-01 
 1.79641520e-04 -4.55147304e-01  1.79641520e-04 -4.49739460e-01  1.79641520e-04 -6.73556882e-01 
 1.82468286e-04 -4.58418796e-01  1.82468286e-04 -4.52865977e-01  1.82468286e-04 -6.77998611e-01 
 1.85516310e-04 -4.61963781e-01  1.85516310e-04 -4.56253529e-01  1.85516310e-04 -6.82809684e-01 
 1.88835410e-04 -4.65784186e-01  1.88835410e-04 -4.59901242e-01  1.88835410e-04 -6.87985124e-01 
 1.92384994e-04 -4.69561058e-01  1.92384994e-04 -4.63492134e-01  1.92384994e-04 -6.93047322e-01 
 1.95308216e-04 -4.72297060e-01  1.95308216e-04 -4.66074096e-01  1.95308216e-04 -6.96642690e-01 
 1.97529453e-04 -4.74173828e-01  1.97529453e-04 -4.67833333e-01  1.97529453e-04 -6.99063515e-01 
 2.00297298e-04 -4.76405576e-01  2.00297298e-04 -4.69918053e-01  2.00297298e-04 -7.01913218e-01 
 2.03400445e-04 -4.78886862e-01  2.03400445e-04 -4.72233741e-01  2.03400445e-04 -7.05072796e-01 
 2.06640337e-04 -4.81421259e-01  2.06640337e-04 -4.74594440e-01  2.06640337e-04 -7.08284394e-01 
 2.10106414e-04 -4.83857900e-01  2.10106414e-04 -4.76844481e-01  2.10106414e-04 -7.11301194e-01 
 2.13030990e-04 -4.85566259e-01  2.13030990e-04 -4.78394891e-01  2.13030990e-04 -7.13315586e-01 
 2.15229295e-04 -4.86650118e-01  2.15229295e-04 -4.79359771e-01  2.15229295e-04 -7.14522729e-01 
 2.17804550e-04 -4.87799857e-01  2.17804550e-04 -4.80369870e-01  2.17804550e-04 -7.15751587e-01 
 2.20981168e-04 -4.89160740e-01  2.20981168e-04 -4.81558124e-01  2.20981168e-04 -7.17177679e-01 
 2.24073025e-04 -4.90424930e-01  2.24073025e-04 -4.82653928e-01  2.24073025e-04 -7.18473280e-01 
 2.27390399e-04 -4.91563391e-01  2.27390399e-04 -4.83611431e-01  2.27390399e-04 -7.19532301e-01 
 2.30701348e-04 -4.92326061e-01  2.30701348e-04 -4.84193333e-01  2.30701348e-04 -7.20020252e-01 
 2.33060063e-04 -4.92636395e-01  2.33060063e-04 -4.84374852e-01  2.33060063e-04 -7.20012007e-01 
 2.34826014e-04 -4.92780810e-01  2.34826014e-04 -4.84422821e-01  2.34826014e-04 -7.19871039e-01 
 2.36560915e-04 -4.92887393e-01  2.36560915e-04 -4.84434652e-01  2.36560915e-04 -7.19678242e-01 
 2.38894354e-04 -4.93006933e-01  2.38894354e-04 -4.84426752e-01  2.38894354e-04 -7.19382470e-01 
 2.41627116e-04 -4.93090983e-01  2.41627116e-04 -4.84361589e-01  2.41627116e-04 -7.18951763e-01 
 2.44504548e-04 -4.93021081e-01  2.44504548e-04 -4.84134681e-01  2.44504548e-04 -7.18258760e-01 
 2.47586838e-04 -4.92653911e-01  2.47586838e-04 -4.83599552e-01  2.47586838e-04 -7.17072795e-01 
 2.50022071e-04 -4.92133407e-01  2.50022071e-04 -4.82946573e-01  2.50022071e-04 -7.15785156e-01 
 2.51763945e-04 -4.91661861e-01  2.51763945e-04 -4.82380410e-01  2.51763945e-04 -7.14712824e-01 
 2.53752107e-04 -4.91065544e-01  2.53752107e-04 -4.81676246e-01  2.53752107e-04 -7.13400281e-01 
 2.55659660e-04 -4.90461734e-01  2.55659660e-04 -4.80969117e-01  2.55659660e-04 -7.12093006e-01 
 2.57956145e-04 -4.89698318e-01  2.57956145e-04 -4.80081527e-01  2.57956145e-04 -7.10464673e-01 
 2.60050942e-04 -4.88939576e-01  2.60050942e-04 -4.79209746e-01  2.60050942e-04 -7.08885884e-01 
 2.62674460e-04 -4.87836087e-01  2.62674460e-04 -4.77965045e-01  2.62674460e-04 -7.06677435e-01 
 2.65201665e-04 -4.86564338e-01  2.65201665e-04 -4.76557704e-01  2.65201665e-04 -7.04233997e-01 
 2.67936833e-04 -4.84961991e-01  2.67936833e-04 -4.74809142e-01  2.67936833e-04 -7.01246668e-01 
 2.70473360e-04 -4.83323353e-01  2.70473360e-04 -4.73035435e-01  2.70473360e-04 -6.98244730e-01 
 2.74045939e-04 -4.80879267e-01  2.74045939e-04 -4.70402003e-01  2.74045939e-04 -6.93811841e-01 
 2.76150665e-04 -4.79377896e-01  2.76150665e-04 -4.68789593e-01  2.76150665e-04 -6.91108777e-01 
 2.77641810e-04 -4.78274410e-01  2.77641810e-04 -4.67607682e-01  2.77641810e-04 -6.89134390e-01 
 2.79146353e-04 -4.77109878e-01  2.79146353e-04 -4.66364239e-01  2.79146353e-04 -6.87065544e-01 
 2.82155438e-04 -4.74579784e-01  2.82155438e-04 -4.63677038e-01  2.82155438e-04 -6.82624762e-01 
 2.85181802e-04 -4.71760620e-01  2.85181802e-04 -4.60700886e-01  2.85181802e-04 -6.77743782e-01 
 2.88761304e-04 -4.68157188e-01  2.88761304e-04 -4.56913166e-01  2.88761304e-04 -6.71564848e-01 
 2.92793488e-04 -4.63883922e-01  2.92793488e-04 -4.52434188e-01  2.92793488e-04 -6.64284633e-01 
 2.95753047e-04 -4.60614403e-01  2.95753047e-04 -4.49015005e-01  2.95753047e-04 -6.58744064e-01 
 2.99326324e-04 -4.56417334e-01  2.99326324e-04 -4.44638852e-01  2.99326324e-04 -6.51681723e-01 
 3.04326324e-04 -4.49974740e-01  3.04326324e-04 -4.37948874e-01  3.04326324e-04 -6.40943874e-01 
 3.08848201e-04 -4.43674298e-01  3.08848201e-04 -4.31428104e-01  3.08848201e-04 -6.30522226e-01 
 3.13848201e-04 -4.36371120e-01  3.13848201e-04 -4.23885246e-01  3.13848201e-04 -6.18500391e-01 
 3.18848201e-04 -4.28657562e-01  3.18848201e-04 -4.15936389e-01  3.18848201e-04 -6.05871656e-01 
 3.23848201e-04 -4.20360712e-01  3.23848201e-04 -4.07408935e-01  3.23848201e-04 -5.92373016e-01 
 3.28848201e-04 -4.11524752e-01  3.28848201e-04 -3.98347334e-01  3.28848201e-04 -5.78070621e-01 
 3.33848201e-04 -4.02331076e-01  3.33848201e-04 -3.88933172e-01  3.33848201e-04 -5.63242143e-01 
 3.38848201e-04 -3.92767974e-01  3.38848201e-04 -3.79154958e-01  3.38848201e-04 -5.47872700e-01 
 3.43848201e-04 -3.82679034e-01  3.43848201e-04 -3.68856566e-01  3.43848201e-04 -5.31724741e-01 
 3.48848201e-04 -3.72079264e-01  3.48848201e-04 -3.58053259e-01  3.48848201e-04 -5.14820080e-01 
 3.53848201e-04 -3.61135387e-01  3.53848201e-04 -3.46911937e-01  3.53848201e-04 -4.97413596e-01 
 3.58848201e-04 -3.49865319e-01  3.58848201e-04 -3.35450710e-01  3.58848201e-04 -4.79535260e-01 
 3.63848201e-04 -3.38132143e-01  3.63848201e-04 -3.23532916e-01  3.63848201e-04 -4.60977453e-01 
 3.68848201e-04 -3.25927586e-01  3.68848201e-04 -3.11150514e-01  3.68848201e-04 -4.41726644e-01 
 3.73848201e-04 -3.13401072e-01  3.73848201e-04 -2.98453092e-01  3.73848201e-04 -4.22010981e-01 
 3.78848201e-04 -3.00594072e-01  3.78848201e-04 -2.85482284e-01  3.78848201e-04 -4.01895992e-01 
 3.83848201e-04 -2.87390842e-01  3.83848201e-04 -2.72122566e-01  3.83848201e-04 -3.81206466e-01 
 3.88848201e-04 -2.73765391e-01  3.88848201e-04 -2.58348155e-01  3.88848201e-04 -3.59902014e-01 
 3.93848201e-04 -2.59848391e-01  3.93848201e-04 -2.44289868e-01  3.93848201e-04 -3.38181889e-01 
 3.98848201e-04 -2.45699149e-01  3.98848201e-04 -2.30007144e-01  3.98848201e-04 -3.16138443e-01 
 4.03848201e-04 -2.31223653e-01  4.03848201e-04 -2.15406153e-01  4.03848201e-04 -2.93629644e-01 
 4.08848201e-04 -2.16365412e-01  4.08848201e-04 -2.00430591e-01  4.08848201e-04 -2.70569021e-01 
 4.13848201e-04 -2.01280884e-01  4.13848201e-04 -1.85237024e-01  4.13848201e-04 -2.47193756e-01 
 4.18848201e-04 -1.86030246e-01  4.18848201e-04 -1.69885725e-01  4.18848201e-04 -2.23598939e-01 
 4.23848201e-04 -1.70448378e-01  4.23848201e-04 -1.54211754e-01  4.23848201e-04 -1.99533570e-01 
 4.28848201e-04 -1.54601550e-01  4.28848201e-04 -1.38281501e-01  4.28848201e-04 -1.75096037e-01 
 4.33848201e-04 -1.38648111e-01  4.33848201e-04 -1.22253369e-01  4.33848201e-04 -1.50529778e-01 
 4.38848201e-04 -1.22470830e-01  4.38848201e-04 -1.06010255e-01  4.38848201e-04 -1.25658401e-01 
 4.43848201e-04 -1.06024102e-01  4.43848201e-04 -8.95066800e-02  4.43848201e-04 -1.00410106e-01 
 4.48848201e-04 -8.94865468e-02  4.48848201e-04 -7.29212990e-02  4.48848201e-04 -7.50570748e-02 
 4.53848201e-04 -7.28384248e-02  4.53848201e-04 -5.62344390e-02  4.53848201e-04 -4.95723365e-02 
 4.58848201e-04 -5.59594474e-02  4.58848201e-04 -3.93259253e-02  4.58848201e-04 -2.37714513e-02 
 4.63848201e-04 -3.89789632e-02  4.63848201e-04 -2.23251403e-02  4.63848201e-04  2.15009520e-03 
 4.68848201e-04 -2.19787569e-02  4.68848201e-04 -5.31388055e-03  4.68848201e-04  2.80651546e-02 
 4.73848201e-04 -4.82821004e-03  4.73848201e-04  1.18383936e-02  4.73848201e-04  5.41721364e-02 
 4.78848201e-04  1.24342322e-02  4.78848201e-04  2.90931986e-02  4.78848201e-04  8.04149358e-02 
 4.83848201e-04  2.96633507e-02  4.83848201e-04  4.63053411e-02  4.83848201e-04  1.06571081e-01 
 4.88848201e-04  4.69384131e-02  4.88848201e-04  6.35540616e-02  4.88848201e-04  1.32759521e-01 
 4.93848201e-04  6.43112199e-02  4.93848201e-04  8.08911254e-02  4.93848201e-04  1.59061223e-01 
 4.98848201e-04  8.16333421e-02  4.98848201e-04  9.81681473e-02  4.98848201e-04  1.85250637e-01 
 5.03848201e-04  9.88987109e-02  5.03848201e-04  1.15379087e-01  5.03848201e-04  2.11316201e-01 
 5.08848201e-04  1.16211557e-01  5.08848201e-04  1.32628161e-01  5.08848201e-04  2.37417690e-01 
 5.13848201e-04  1.33475150e-01  5.13848201e-04  1.49818685e-01  5.13848201e-04  2.63409572e-01 
 5.18848201e-04  1.50603138e-01  5.18848201e-04  1.66864386e-01  5.18848201e-04  2.89158653e-01 
 5.23848201e-04  1.67696682e-01  5.23848201e-04  1.83866445e-01  5.23848201e-04  3.14818588e-01 
 5.28848201e-04  1.84738505e-01  5.28848201e-04  2.00807635e-01  5.28848201e-04  3.40365442e-01 
 5.33848201e-04  2.01599603e-01  5.33848201e-04  2.17559061e-01  5.33848201e-04  3.65602278e-01 
 5.38848201e-04  2.18330005e-01  5.38848201e-04  2.34170822e-01  5.38848201e-04  3.90603961e-01 
 5.43848201e-04  2.34983795e-01  5.43848201e-04  2.50697061e-01  5.43848201e-04  4.15454771e-01 
 5.48848201e-04  2.51440728e-01  5.48848201e-04  2.67017655e-01  5.48848201e-04  4.39972607e-01 
 5.53848201e-04  2.67677985e-01  5.53848201e-04  2.83109906e-01  5.53848201e-04  4.64121144e-01 
 5.58848201e-04  2.83784552e-01  5.58848201e-04  2.99062881e-01  5.58848201e-04  4.88036854e-01 
 5.63848201e-04  2.99691252e-01  5.63848201e-04  3.14807531e-01  5.63848201e-04  5.11616377e-01 
 5.68848201e-04  3.15313437e-01  5.68848201e-04  3.30259368e-01  5.68848201e-04  5.34729920e-01 
 5.73848201e-04  3.30728162e-01  5.73848201e-04  3.45495563e-01  5.73848201e-04  5.57494617e-01 
 5.78848201e-04  3.45934271e-01  5.78848201e-04  3.60515094e-01  5.78848201e-04  5.79911030e-01 
 5.83848201e-04  3.60820825e-01  5.83848201e-04  3.75207204e-01  5.83848201e-04  6.01810421e-01 
 5.88848201e-04  3.75416447e-01  5.88848201e-04  3.89600677e-01  5.88848201e-04  6.23235523e-01 
 5.93848201e-04  3.89775211e-01  5.93848201e-04  4.03749729e-01  5.93848201e-04  6.44270487e-01 
 5.98848201e-04  4.03802834e-01  5.98848201e-04  4.17560273e-01  5.98848201e-04  6.64773156e-01 
 6.03848201e-04  4.17467196e-01  6.03848201e-04  4.31000389e-01  6.03848201e-04  6.84693713e-01 
 6.08848201e-04  4.30843781e-01  6.08848201e-04  4.44145724e-01  6.08848201e-04  7.04148046e-01 
 6.13848201e-04  4.43886654e-01  6.13848201e-04  4.56950544e-01  6.13848201e-04  7.23068330e-01 
 6.18848201e-04  4.56517522e-01  6.18848201e-04  4.69336786e-01  6.18848201e-04  7.41335122e-01 
 6.23848201e-04  4.68794559e-01  6.23848201e-04  4.81362818e-01  6.23848201e-04  7.59037021e-01 
 6.28848201e-04  4.80728952e-01  6.28848201e-04  4.93040029e-01  6.28848201e-04  7.76193312e-01 
 6.33848201e-04  4.92228644e-01  6.33848201e-04  5.04276609e-01  6.33848201e-04  7.92664551e-01 
 6.38848201e-04  5.03307620e-01  6.38848201e-04  5.15086775e-01  6.38848201e-04  8.08471609e-01 
 6.43848201e-04  5.14018770e-01  6.43848201e-04  5.25523625e-01  6.43848201e-04  8.23696733e-01 
 6.48848201e-04  5.24291404e-01  6.48848201e-04  5.35516724e-01  6.48848201e-04  8.38233978e-01 
 6.53848201e-04  5.34090002e-01  6.53848201e-04  5.45030810e-01  6.53848201e-04  8.52028906e-01 
 6.58848201e-04  5.43478720e-01  6.58848201e-04  5.54130269e-01  6.58848201e-04  8.65180162e-01 
 6.63848201e-04  5.52431171e-01  6.63848201e-04  5.62788965e-01  6.63848201e-04  8.77649731e-01 
 6.68848201e-04  5.60878618e-01  6.68848201e-04  5.70938442e-01  6.68848201e-04  8.89333248e-01 
 6.73848201e-04  5.68865134e-01  6.73848201e-04  5.78623023e-01  6.73848201e-04  9.00298034e-01 
 6.78848201e-04  5.76411378e-01  6.78848201e-04  5.85863621e-01  6.78848201e-04  9.10577692e-01 
 6.83848201e-04  5.83444131e-01  6.83848201e-04  5.92587305e-01  6.83848201e-04  9.20061840e-01 
 6.88848201e-04  5.89968330e-01  6.88848201e-04  5.98799287e-01  6.88848201e-04  9.28757917e-01 
 6.93848201e-04  5.96035185e-01  6.93848201e-04  6.04551035e-01  6.93848201e-04  9.36745504e-01 
 6.98848201e-04  6.01595113e-01  6.98848201e-04  6.09793253e-01  6.98848201e-04  9.43950939e-01 
 7.03848201e-04  6.06613608e-01  7.03848201e-04  6.14491729e-01  7.03848201e-04  9.50321757e-01 
 7.08848201e-04  6.11145736e-01  7.08848201e-04  6.18701798e-01  7.08848201e-04  9.55942739e-01 
 7.13848201e-04  6.15181398e-01  7.13848201e-04  6.22413641e-01  7.13848201e-04  9.60800629e-01 
 7.18848201e-04  6.18663333e-01  7.18848201e-04  6.25570302e-01  7.18848201e-04  9.64808894e-01 
 7.23848201e-04  6.21625601e-01  7.23848201e-04  6.28206126e-01  7.23848201e-04  9.68019753e-01 
 7.28848201e-04  6.24096079e-01  7.28848201e-04  6.30349261e-01  7.28848201e-04  9.70477628e-01 
 7.33848201e-04  6.26019595e-01  7.33848201e-04  6.31944842e-01  7.33848201e-04  9.72099832e-01 
 7.38848201e-04  6.27396393e-01  7.38848201e-04  6.32993408e-01  7.38848201e-04  9.72886902e-01 
 7.43848201e-04  6.28275844e-01  7.43848201e-04  6.33544605e-01  7.43848201e-04  9.72915472e-01 
 7.48848201e-04  6.28626858e-01  7.48848201e-04  6.33567638e-01  7.48848201e-04  9.72140040e-01 
 7.53848201e-04  6.28418973e-01  7.53848201e-04  6.33032348e-01  7.53848201e-04  9.70514586e-01 
 7.58848201e-04  6.27700167e-01  7.58848201e-04  6.31986991e-01  7.58848201e-04  9.68113026e-01 
 7.63848201e-04  6.26473667e-01  7.63848201e-04  6.30435077e-01  7.63848201e-04  9.64942249e-01 
 7.68848201e-04  6.24694465e-01  7.68848201e-04  6.28331901e-01  7.68848201e-04  9.60934580e-01 
 7.73848201e-04  6.22389880e-01  7.73848201e-04  6.25705064e-01  7.73848201e-04  9.56132023e-01 
 7.78848201e-04  6.19593093e-01  7.78848201e-04  6.22588018e-01  7.78848201e-04  9.50586849e-01 
 7.83848201e-04  6.16265553e-01  7.83848201e-04  6.18942505e-01  7.83848201e-04  9.44241732e-01 
 7.88848201e-04  6.12405953e-01  7.88848201e-04  6.14767505e-01  7.88848201e-04  9.37094977e-01 
 7.93848201e-04  6.08061734e-01  7.93848201e-04  6.10110720e-01  7.93848201e-04  9.29220065e-01 
 7.98848201e-04  6.03217544e-01  7.98848201e-04  6.04957077e-01  7.98848201e-04  9.20595342e-01 
 8.03848201e-04  5.97848745e-01  8.03848201e-04  5.99282219e-01  8.03848201e-04  9.11183785e-01 
 8.08848201e-04  5.91997807e-01  8.08848201e-04  5.93128875e-01  8.08848201e-04  9.01050790e-01 
 8.13848201e-04  5.85678487e-01  8.13848201e-04  5.86511060e-01  8.13848201e-04  8.90219038e-01 
 8.18848201e-04  5.78857835e-01  8.18848201e-04  5.79396094e-01  8.18848201e-04  8.78639252e-01 
 8.23848201e-04  5.71558800e-01  8.23848201e-04  5.71807184e-01  8.23848201e-04  8.66346751e-01 
 8.28848201e-04  5.63818132e-01  8.28848201e-04  5.63781317e-01  8.28848201e-04  8.53398935e-01 
 8.33848201e-04  5.55611935e-01  8.33848201e-04  5.55294852e-01  8.33848201e-04  8.39760702e-01 
 8.38848201e-04  5.46939355e-01  8.38848201e-04  5.46347182e-01  8.38848201e-04  8.25431056e-01 
 8.43848201e-04  5.37845692e-01  8.43848201e-04  5.36983834e-01  8.43848201e-04  8.10479949e-01 
 8.48848201e-04  5.28328465e-01  8.48848201e-04  5.27202556e-01  8.48848201e-04  7.94905088e-01 
 8.53848201e-04  5.18369531e-01  8.53848201e-04  5.16985442e-01  8.53848201e-04  7.78679334e-01 
 8.58848201e-04  5.08006914e-01  8.58848201e-04  5.06370729e-01  8.58848201e-04  7.61861110e-01 
 8.63848201e-04  4.97262205e-01  8.63848201e-04  4.95380213e-01  8.63848201e-04  7.44484696e-01 
 8.68848201e-04  4.86113494e-01  8.68848201e-04  4.83992200e-01  8.68848201e-04  7.26517531e-01 
 8.73848201e-04  4.74580875e-01  8.73848201e-04  4.72226987e-01  8.73848201e-04  7.07990457e-01 
 8.78848201e-04  4.62702971e-01  8.78848201e-04  4.60123381e-01  8.78848201e-04  6.88963369e-01 
 8.83848201e-04  4.50468160e-01  8.83848201e-04  4.47669949e-01  8.83848201e-04  6.69419639e-01 
 8.88848201e-04  4.37877027e-01  8.88848201e-04  4.34867465e-01  8.88848201e-04  6.49360363e-01 
 8.93848201e-04  4.24972319e-01  8.93848201e-04  4.21758837e-01  8.93848201e-04  6.28851279e-01 
 8.98848201e-04  4.11761468e-01  8.98848201e-04  4.08351663e-01  8.98848201e-04  6.07904864e-01 
 9.03848201e-04  3.98232589e-01  9.03848201e-04  3.94634221e-01  9.03848201e-04  5.86503378e-01 
 9.08848201e-04  3.84419782e-01  9.08848201e-04  3.80640758e-01  9.08848201e-04  5.64699009e-01 
 9.13848201e-04  3.70349838e-01  9.13848201e-04  3.66398202e-01  9.13848201e-04  5.42533563e-01 
 9.18848201e-04  3.56010247e-01  9.18848201e-04  3.51894182e-01  9.18848201e-04  5.19988583e-01 
 9.23848201e-04  3.41418975e-01  9.23848201e-04  3.37146790e-01  9.23848201e-04  4.97091466e-01 
 9.28848201e-04  3.26614823e-01  9.28848201e-04  3.22194937e-01  9.28848201e-04  4.73901975e-01 
 9.33848201e-04  3.11595776e-01  9.33848201e-04  3.07036721e-01  9.33848201e-04  4.50417810e-01 
 9.38848201e-04  2.96364000e-01  9.38848201e-04  2.91674412e-01  9.38848201e-04  4.26642280e-01 
 9.43848201e-04  2.80959048e-01  9.43848201e-04  2.76147649e-01  9.43848201e-04  4.02635903e-01 
 9.48848201e-04  2.65395298e-01  9.48848201e-04  2.60470890e-01  9.48848201e-04  3.78421340e-01 
 9.53848201e-04  2.49666166e-01  9.53848201e-04  2.44637633e-01  9.53848201e-04  3.53988707e-01 
 9.58848201e-04  2.33801881e-01  9.58848201e-04  2.28678168e-01  9.58848201e-04  3.29383991e-01 
 9.63848201e-04  2.17831884e-01  9.63848201e-04  2.12621989e-01  9.63848201e-04  3.04652606e-01 
 9.68848201e-04  2.01750987e-01  9.68848201e-04  1.96463959e-01  9.68848201e-04  2.79786960e-01 
 9.73848201e-04  1.85575109e-01  9.73848201e-04  1.80220038e-01  9.73848201e-04  2.54811076e-01 
 9.78848201e-04  1.69341546e-01  9.78848201e-04  1.63927544e-01  9.78848201e-04  2.29781999e-01 
 9.83848201e-04  1.53055091e-01  9.83848201e-04  1.47591291e-01  9.83848201e-04  2.04707438e-01 
 9.88848201e-04  1.36718979e-01  9.88848201e-04  1.31214531e-01  9.88848201e-04  1.79592087e-01 
 9.93848201e-04  1.20368757e-01  9.93848201e-04  1.14832808e-01  9.93848201e-04  1.54489984e-01 
 9.98848201e-04  1.04022855e-01  9.98848201e-04  9.84645412e-02  9.98848201e-04  1.29429539e-01 
 1.00384820e-03  8.76785524e-02  1.00384820e-03  8.21070010e-02  1.00384820e-03  1.04406488e-01 
 1.00884820e-03  7.13618837e-02  1.00884820e-03  6.57861940e-02  1.00884820e-03  7.94601050e-02 
 1.01384820e-03  5.51025359e-02  1.01384820e-03  4.95317673e-02  1.01384820e-03  5.46357403e-02 
 1.01884820e-03  3.89003379e-02  1.01884820e-03  3.33435101e-02  1.01884820e-03  2.99331208e-02 
 1.02384820e-03  2.27687742e-02  1.02384820e-03  1.72348569e-02  1.02384820e-03  5.37228256e-03 
 1.02884820e-03  6.74201296e-03  1.02884820e-03  1.23990868e-03  1.02884820e-03 -1.89949046e-02 
 1.03384820e-03 -9.17111660e-03  1.03384820e-03 -1.46325757e-02  1.03384820e-03 -4.31549657e-02 
 1.03884820e-03 -2.49672440e-02  1.03884820e-03 -3.03793001e-02  1.03884820e-03 -6.71032675e-02 
 1.04384820e-03 -4.06157345e-02  1.04384820e-03 -4.59697212e-02  1.04384820e-03 -9.07936153e-02 
 1.04884820e-03 -5.60968071e-02  1.04884820e-03 -6.13841581e-02  1.04884820e-03 -1.14195952e-01 
 1.05384820e-03 -7.14110090e-02  1.05384820e-03 -7.66232583e-02  1.05384820e-03 -1.37311520e-01 
 1.05884820e-03 -8.65370524e-02  1.05884820e-03 -9.16658478e-02  1.05884820e-03 -1.60108583e-01 
 1.06384820e-03 -1.01447183e-01  1.06384820e-03 -1.06484299e-01  1.06384820e-03 -1.82545140e-01 
 1.06884820e-03 -1.16138882e-01  1.06884820e-03 -1.21076222e-01  1.06884820e-03 -2.04617694e-01 
 1.07384820e-03 -1.30601762e-01  1.07384820e-03 -1.35431364e-01  1.07384820e-03 -2.26311194e-01 
 1.07884820e-03 -1.44806250e-01  1.07884820e-03 -1.49520302e-01  1.07884820e-03 -2.47581140e-01 
 1.08384820e-03 -1.58742067e-01  1.08384820e-03 -1.63332913e-01  1.08384820e-03 -2.68412207e-01 
 1.08884820e-03 -1.72406845e-01  1.08884820e-03 -1.76866987e-01  1.08884820e-03 -2.88801545e-01 
 1.09384820e-03 -1.85775736e-01  1.09384820e-03 -1.90097846e-01  1.09384820e-03 -3.08712089e-01 
 1.09884820e-03 -1.98829995e-01  1.09884820e-03 -2.03006925e-01  1.09884820e-03 -3.28115730e-01 
 1.10384820e-03 -2.11569728e-01  1.10384820e-03 -2.15594511e-01  1.10384820e-03 -3.47013306e-01 
 1.10884820e-03 -2.23979007e-01  1.10884820e-03 -2.27844866e-01  1.10884820e-03 -3.65381504e-01 
 1.11384820e-03 -2.36033862e-01  1.11384820e-03 -2.39734221e-01  1.11384820e-03 -3.83184438e-01 
 1.11884820e-03 -2.47731247e-01  1.11884820e-03 -2.51259733e-01  1.11884820e-03 -4.00418097e-01 
 1.12384820e-03 -2.59064612e-01  1.12384820e-03 -2.62415061e-01  1.12384820e-03 -4.17073497e-01 
 1.12884820e-03 -2.70010189e-01  1.12884820e-03 -2.73176654e-01  1.12884820e-03 -4.33115286e-01 
 1.13384820e-03 -2.80558496e-01  1.13384820e-03 -2.83535257e-01  1.13384820e-03 -4.48529657e-01 
 1.13884820e-03 -2.90709305e-01  1.13884820e-03 -2.93490865e-01  1.13884820e-03 -4.63317223e-01 
 1.14384820e-03 -3.00444266e-01  1.14384820e-03 -3.03025363e-01  1.14384820e-03 -4.77451066e-01 
 1.14884820e-03 -3.09747631e-01  1.14884820e-03 -3.12123247e-01  1.14884820e-03 -4.90907940e-01 
 1.15384820e-03 -3.18620639e-01  1.15384820e-03 -3.20785997e-01  1.15384820e-03 -5.03690614e-01 
 1.15884820e-03 -3.27053240e-01  1.15884820e-03 -3.29003809e-01  1.15884820e-03 -5.15784925e-01 
 1.16384820e-03 -3.35026673e-01  1.16384820e-03 -3.36758182e-01  1.16384820e-03 -5.27163186e-01 
 1.16884820e-03 -3.42539198e-01  1.16884820e-03 -3.44047632e-01  1.16884820e-03 -5.37823590e-01 
 1.17384820e-03 -3.49588742e-01  1.17384820e-03 -3.50870344e-01  1.17384820e-03 -5.47764129e-01 
 1.17884820e-03 -3.56158190e-01  1.17884820e-03 -3.57209474e-01  1.17884820e-03 -5.56959799e-01 
 1.18384820e-03 -3.62240649e-01  1.18384820e-03 -3.63058398e-01  1.18384820e-03 -5.65400948e-01 
 1.18884820e-03 -3.67838969e-01  1.18884820e-03 -3.68420236e-01  1.18884820e-03 -5.73093020e-01 
 1.19384820e-03 -3.72941737e-01  1.19384820e-03 -3.73283851e-01  1.19384820e-03 -5.80019816e-01 
 1.19884820e-03 -3.77537646e-01  1.19884820e-03 -3.77638218e-01  1.19884820e-03 -5.86165047e-01 
 1.20384820e-03 -3.81630309e-01  1.20384820e-03 -3.81487228e-01  1.20384820e-03 -5.91535234e-01 
 1.20884820e-03 -3.85215844e-01  1.20884820e-03 -3.84827282e-01  1.20884820e-03 -5.96125709e-01 
 1.21384820e-03 -3.88281626e-01  1.21384820e-03 -3.87646041e-01  1.21384820e-03 -5.99918288e-01 
 1.21884820e-03 -3.90828585e-01  1.21884820e-03 -3.89944723e-01  1.21884820e-03 -6.02915360e-01 
 1.22384820e-03 -3.92859513e-01  1.22384820e-03 -3.91726404e-01  1.22384820e-03 -6.05122389e-01 
 1.22884820e-03 -3.94364367e-01  1.22884820e-03 -3.92981333e-01  1.22884820e-03 -6.06525249e-01 
 1.23384820e-03 -3.95340064e-01  1.23384820e-03 -3.93706716e-01  1.23384820e-03 -6.07120208e-01 
 1.23884820e-03 -3.95793151e-01  1.23884820e-03 -3.93909390e-01  1.23884820e-03 -6.06918379e-01 
 1.24384820e-03 -3.95719219e-01  1.24384820e-03 -3.93585237e-01  1.24384820e-03 -6.05914283e-01 
 1.24884820e-03 -3.95112255e-01  1.24884820e-03 -3.92728534e-01  1.24884820e-03 -6.04099781e-01 
 1.25384820e-03 -3.93979050e-01  1.25384820e-03 -3.91346362e-01  1.25384820e-03 -6.01486266e-01 
 1.25884820e-03 -3.92321843e-01  1.25884820e-03 -3.89441249e-01  1.25884820e-03 -5.98078390e-01 
 1.26384820e-03 -3.90134513e-01  1.26384820e-03 -3.87007362e-01  1.26384820e-03 -5.93867923e-01 
 1.26884820e-03 -3.87421484e-01  1.26884820e-03 -3.84049415e-01  1.26884820e-03 -5.88862594e-01 
 1.27384820e-03 -3.84190444e-01  1.27384820e-03 -3.80575377e-01  1.27384820e-03 -5.83075288e-01 
 1.27884820e-03 -3.80438348e-01  1.27884820e-03 -3.76582489e-01  1.27884820e-03 -5.76502529e-01 
 1.28384820e-03 -3.76166546e-01  1.28384820e-03 -3.72072383e-01  1.28384820e-03 -5.69147339e-01 
 1.28884820e-03 -3.71385469e-01  1.28884820e-03 -3.67055769e-01  1.28884820e-03 -5.61026691e-01 
 1.29384820e-03 -3.66097358e-01  1.29384820e-03 -3.61535164e-01  1.29384820e-03 -5.52145169e-01 
 1.29884820e-03 -3.60301738e-01  1.29884820e-03 -3.55510367e-01  1.29884820e-03 -5.42503043e-01 
 1.30384820e-03 -3.54008872e-01  1.30384820e-03 -3.48991913e-01  1.30384820e-03 -5.32116919e-01 
 1.30884820e-03 -3.47226675e-01  1.30884820e-03 -3.41987981e-01  1.30884820e-03 -5.20999991e-01 
 1.31384820e-03 -3.39955338e-01  1.31384820e-03 -3.34499029e-01  1.31384820e-03 -5.09153569e-01 
 1.31884820e-03 -3.32203021e-01  1.31884820e-03 -3.26533476e-01  1.31884820e-03 -4.96590987e-01 
 1.32384820e-03 -3.23981926e-01  1.32384820e-03 -3.18103776e-01  1.32384820e-03 -4.83331868e-01 
 1.32884820e-03 -3.15295440e-01  1.32884820e-03 -3.09213568e-01  1.32884820e-03 -4.69382411e-01 
 1.33384820e-03 -3.06149357e-01  1.33384820e-03 -2.99868894e-01  1.33384820e-03 -4.54752299e-01 
 1.33884820e-03 -2.96557720e-01  1.33884820e-03 -2.90084037e-01  1.33884820e-03 -4.39463851e-01 
 1.34384820e-03 -2.86528629e-01  1.34384820e-03 -2.79867331e-01  1.34384820e-03 -4.23530407e-01 
 1.34884820e-03 -2.76066803e-01  1.34884820e-03 -2.69223728e-01  1.34884820e-03 -4.06960009e-01 
 1.35384820e-03 -2.65185749e-01  1.35384820e-03 -2.58166959e-01  1.35384820e-03 -3.89774034e-01 
 1.35884820e-03 -2.53898209e-01  1.35884820e-03 -2.46709982e-01  1.35884820e-03 -3.71992824e-01 
 1.36384820e-03 -2.42209964e-01  1.36384820e-03 -2.34858794e-01  1.36384820e-03 -3.53626026e-01 
 1.36884820e-03 -2.30132589e-01  1.36884820e-03 -2.22625176e-01  1.36884820e-03 -3.34691990e-01 
 1.37384820e-03 -2.17682006e-01  1.37384820e-03 -2.10025248e-01  1.37384820e-03 -3.15215777e-01 
 1.37884820e-03 -2.04867009e-01  1.37884820e-03 -1.97067998e-01  1.37884820e-03 -2.95211602e-01 
 1.38384820e-03 -1.91697286e-01  1.38384820e-03 -1.83763302e-01  1.38384820e-03 -2.74694876e-01 
 1.38884820e-03 -1.78189777e-01  1.38884820e-03 -1.70128276e-01  1.38884820e-03 -2.53692084e-01 
 1.39384820e-03 -1.64357247e-01  1.39384820e-03 -1.56175859e-01  1.39384820e-03 -2.32223417e-01 
 1.39884820e-03 -1.50208747e-01  1.39884820e-03 -1.41915265e-01  1.39884820e-03 -2.10303283e-01 
 1.40384820e-03 -1.35760321e-01  1.40384820e-03 -1.27362696e-01  1.40384820e-03 -1.87956672e-01 
 1.40884820e-03 -1.21028320e-01  1.40884820e-03 -1.12534651e-01  1.40884820e-03 -1.65209136e-01 
 1.41384820e-03 -1.06022939e-01  1.41384820e-03 -9.74414675e-02  1.41384820e-03 -1.42076784e-01 
 1.41884820e-03 -9.07583619e-02  1.41884820e-03 -8.20974611e-02  1.41884820e-03 -1.18581673e-01 
 1.42384820e-03 -7.52530691e-02  1.42384820e-03 -6.65212374e-02  1.42384820e-03 -9.47524634e-02 
 1.42884820e-03 -5.95198582e-02  1.42884820e-03 -5.07257105e-02  1.42884820e-03 -7.06091715e-02 
 1.43384820e-03 -4.35712932e-02  1.43384820e-03 -3.47235534e-02  1.43384820e-03 -4.61713093e-02 
 1.43884820e-03 -2.74261142e-02  1.43884820e-03 -1.85336052e-02  1.43884820e-03 -2.14677962e-02 
 1.44384820e-03 -1.11002453e-02  1.44384820e-03 -2.17188059e-03  1.44384820e-03  3.47668609e-03 
 1.44884820e-03  5.39421060e-03  1.44884820e-03  1.43494344e-02  1.44884820e-03  2.86433815e-02 
 1.45384820e-03  2.20397654e-02  1.45384820e-03  3.10127780e-02  1.45384820e-03  5.40054125e-02 
 1.45884820e-03  3.88179580e-02  1.45884820e-03  4.77996257e-02  1.45884820e-03  7.95343489e-02 
 1.46384820e-03  5.57156942e-02  1.46384820e-03  6.46968267e-02  1.46384820e-03  1.05209992e-01 
 1.46884820e-03  7.27173715e-02  1.46884820e-03  8.16887313e-02  1.46884820e-03  1.31008436e-01 
 1.47384820e-03  8.98033741e-02  1.47384820e-03  9.87556869e-02  1.47384820e-03  1.56899638e-01 
 1.47884820e-03  1.06958572e-01  1.47884820e-03  1.15882535e-01  1.47884820e-03  1.82860371e-01 
 1.48384820e-03  1.24168880e-01  1.48384820e-03  1.33055170e-01  1.48384820e-03  2.08869132e-01 
 1.48884820e-03  1.41415119e-01  1.48884820e-03  1.50254402e-01  1.48884820e-03  2.34896675e-01 
 1.49384820e-03  1.58679918e-01  1.49384820e-03  1.67462861e-01  1.49384820e-03  2.60916470e-01 
 1.49884820e-03  1.75949675e-01  1.49884820e-03  1.84666949e-01  1.49884820e-03  2.86907815e-01 
 1.50384820e-03  1.93206807e-01  1.50384820e-03  2.01849104e-01  1.50384820e-03  3.12844028e-01 
 1.50884820e-03  2.10432407e-01  1.50884820e-03  2.18990443e-01  1.50884820e-03  3.38696360e-01 
 1.51384820e-03  2.27612195e-01  1.51384820e-03  2.36076722e-01  1.51384820e-03  3.64443153e-01 
 1.51884820e-03  2.44730564e-01  1.51884820e-03  2.53092377e-01  1.51884820e-03  3.90060833e-01 
 1.52384820e-03  2.61768335e-01  1.52384820e-03  2.70018282e-01  1.52384820e-03  4.15520377e-01 
 1.52884820e-03  2.78709834e-01  1.52884820e-03  2.86838828e-01  1.52884820e-03  4.40798089e-01 
 1.53384820e-03  2.95540994e-01  1.53384820e-03  3.03540015e-01  1.53384820e-03  4.65872825e-01 
 1.53884820e-03  3.12243683e-01  1.53884820e-03  3.20103793e-01  1.53884820e-03  4.90717284e-01 
 1.54384820e-03  3.28800857e-01  1.54384820e-03  3.36513207e-01  1.54384820e-03  5.15305792e-01 
 1.54884820e-03  3.45199078e-01  1.54884820e-03  3.52754915e-01  1.54884820e-03  5.39618232e-01 
 1.55384820e-03  3.61422129e-01  1.55384820e-03  3.68812807e-01  1.55384820e-03  5.63630340e-01 
 1.55884820e-03  3.77452337e-01  1.55884820e-03  3.84669324e-01  1.55884820e-03  5.87315595e-01 
 1.56384820e-03  3.93275987e-01  1.56384820e-03  4.00310872e-01  1.56384820e-03  6.10653537e-01 
 1.56884820e-03  4.08878953e-01  1.56884820e-03  4.15723458e-01  1.56884820e-03  6.33623172e-01 
 1.57384820e-03  4.24244055e-01  1.57384820e-03  4.30890039e-01  1.57384820e-03  6.56198859e-01 
 1.57884820e-03  4.39356834e-01  1.57884820e-03  4.45796304e-01  1.57884820e-03  6.78359084e-01 
 1.58384820e-03  4.54204788e-01  1.58384820e-03  4.60429906e-01  1.58384820e-03  7.00085405e-01 
 1.58884820e-03  4.68772296e-01  1.58884820e-03  4.74775385e-01  1.58884820e-03  7.21354659e-01 
 1.59384820e-03  4.83044323e-01  1.59384820e-03  4.88817877e-01  1.59384820e-03  7.42144557e-01 
 1.59884820e-03  4.97009205e-01  1.59884820e-03  5.02545894e-01  1.59884820e-03  7.62437989e-01 
 1.60384820e-03  5.10653493e-01  1.60384820e-03  5.15946172e-01  1.60384820e-03  7.82215203e-01 
 1.60884820e-03  5.23962304e-01  1.60884820e-03  5.29004019e-01  1.60884820e-03  8.01454236e-01 
 1.61384820e-03  5.36924106e-01  1.61384820e-03  5.41708102e-01  1.61384820e-03  8.20138248e-01 
 1.61884820e-03  5.49527648e-01  1.61884820e-03  5.54047372e-01  1.61884820e-03  8.38250899e-01 
 1.62384820e-03  5.61759156e-01  1.62384820e-03  5.66008269e-01  1.62384820e-03  8.55772022e-01 
 1.62884820e-03  5.73606953e-01  1.62884820e-03  5.77579331e-01  1.62884820e-03  8.72684618e-01 
 1.63384820e-03  5.85061502e-01  1.63384820e-03  5.88751246e-01  1.63384820e-03  8.88975019e-01 
 1.63884820e-03  5.96110972e-01  1.63884820e-03  5.99512410e-01  1.63884820e-03  9.04626097e-01 
 1.64384820e-03  6.06743786e-01  1.64384820e-03  6.09851483e-01  1.64384820e-03  9.19621087e-01 
 1.64884820e-03  6.16951448e-01  1.64884820e-03  6.19760206e-01  1.64884820e-03  9.33947945e-01 
 1.65384820e-03  6.26724470e-01  1.65384820e-03  6.29229337e-01  1.65384820e-03  9.47593183e-01 
 1.65884820e-03  6.36052045e-01  1.65884820e-03  6.38248318e-01  1.65884820e-03  9.60541279e-01 
 1.66384820e-03  6.44926171e-01  1.66384820e-03  6.46809402e-01  1.66384820e-03  9.72780992e-01 
 1.66884820e-03  6.53339610e-01  1.66884820e-03  6.54905608e-01  1.66884820e-03  9.84308669e-01 
 1.67384820e-03  6.61283113e-01  1.67384820e-03  6.62527952e-01  1.67384820e-03  9.95105776e-01 
 1.67884820e-03  6.68749023e-01  1.67884820e-03  6.69669041e-01  1.67884820e-03  1.00514502e+00 
 1.68384820e-03  6.75731869e-01  1.68384820e-03  6.76323674e-01  1.68384820e-03  1.01445029e+00 
 1.68884820e-03  6.82224580e-01  1.68884820e-03  6.82485054e-01  1.68884820e-03  1.02298112e+00 
 1.69384820e-03  6.88220118e-01  1.69384820e-03  6.88146420e-01  1.69384820e-03  1.03075816e+00 
 1.69884820e-03  6.93714198e-01  1.69884820e-03  6.93303763e-01  1.69884820e-03  1.03774604e+00 
 1.70384820e-03  6.98702150e-01  1.70384820e-03  6.97952696e-01  1.70384820e-03  1.04396821e+00 
 1.70884820e-03  7.03178137e-01  1.70884820e-03  7.02087665e-01  1.70884820e-03  1.04938782e+00 
 1.71384820e-03  7.07138636e-01  1.71384820e-03  7.05705434e-01  1.71384820e-03  1.05402922e+00 
 1.71884820e-03  7.10581193e-01  1.71884820e-03  7.08803833e-01  1.71884820e-03  1.05786154e+00 
 1.72384820e-03  7.13501793e-01  1.72384820e-03  7.11379138e-01  1.72384820e-03  1.06090762e+00 
 1.72884820e-03  7.15897602e-01  1.72884820e-03  7.13428803e-01  1.72884820e-03  1.06313679e+00 
 1.73384820e-03  7.17767909e-01  1.73384820e-03  7.14952407e-01  1.73384820e-03  1.06457615e+00 
 1.73884820e-03  7.19110951e-01  1.73884820e-03  7.15948478e-01  1.73884820e-03  1.06519745e+00 
 1.74384820e-03  7.19924850e-01  1.74384820e-03  7.16415429e-01  1.74384820e-03  1.06502526e+00 
 1.74884820e-03  7.20210129e-01  1.74884820e-03  7.16354073e-01  1.74884820e-03  1.06403553e+00 
 1.75384820e-03  7.19967355e-01  1.75384820e-03  7.15765268e-01  1.75384820e-03  1.06225585e+00 
 1.75884820e-03  7.19196085e-01  1.75884820e-03  7.14648861e-01  1.75884820e-03  1.05966142e+00 
 1.76384820e-03  7.17897742e-01  1.76384820e-03  7.13006562e-01  1.76384820e-03  1.05628038e+00 
 1.76884820e-03  7.16074965e-01  1.76884820e-03  7.10841298e-01  1.76884820e-03  1.05209335e+00 
 1.77384820e-03  7.13729212e-01  1.77384820e-03  7.08154814e-01  1.77384820e-03  1.04712783e+00 
 1.77884820e-03  7.10862770e-01  1.77884820e-03  7.04949681e-01  1.77884820e-03  1.04136456e+00 
 1.78384820e-03  7.07479895e-01  1.78384820e-03  7.01230435e-01  1.78384820e-03  1.03483459e+00 
 1.78884820e-03  7.03584206e-01  1.78884820e-03  6.97000976e-01  1.78884820e-03  1.02752137e+00 
 1.79384820e-03  6.99179092e-01  1.79384820e-03  6.92264971e-01  1.79384820e-03  1.01945396e+00 
 1.79884820e-03  6.94269974e-01  1.79884820e-03  6.87028113e-01  1.79884820e-03  1.01061916e+00 
 1.80384820e-03  6.88862591e-01  1.80384820e-03  6.81296414e-01  1.80384820e-03  1.00104896e+00 
 1.80884820e-03  6.82961809e-01  1.80884820e-03  6.75075006e-01  1.80884820e-03  9.90729915e-01 
 1.81384820e-03  6.76573938e-01  1.81384820e-03  6.68370464e-01  1.81384820e-03  9.79694236e-01 
 1.81884820e-03  6.69706534e-01  1.81884820e-03  6.61190602e-01  1.81884820e-03  9.67933157e-01 
 1.82384820e-03  6.62366254e-01  1.82384820e-03  6.53542334e-01  1.82384820e-03  9.55492632e-01 
 1.82884820e-03  6.54560285e-01  1.82884820e-03  6.45433097e-01  1.82884820e-03  9.42331016e-01 
 1.83384820e-03  6.46297554e-01  1.83384820e-03  6.36872065e-01  1.83384820e-03  9.28513834e-01 
 1.83884820e-03  6.37586636e-01  1.83884820e-03  6.27868055e-01  1.83884820e-03  9.14012114e-01 
 1.84384820e-03  6.28435782e-01  1.84384820e-03  6.18429552e-01  1.84384820e-03  8.98881564e-01 
 1.84884820e-03  6.18854890e-01  1.84884820e-03  6.08566687e-01  1.84884820e-03  8.83096658e-01 
 1.85384820e-03  6.08854320e-01  1.85384820e-03  5.98290043e-01  1.85384820e-03  8.66714821e-01 
 1.85884820e-03  5.98443654e-01  1.85884820e-03  5.87609423e-01  1.85884820e-03  8.49711458e-01 
 1.86384820e-03  5.87633534e-01  1.86384820e-03  5.76535682e-01  1.86384820e-03  8.32142941e-01 
 1.86884820e-03  5.76435764e-01  1.86884820e-03  5.65080828e-01  1.86884820e-03  8.13989400e-01 
 1.87384820e-03  5.64861452e-01  1.87384820e-03  5.53256172e-01  1.87384820e-03  7.95306526e-01 
 1.87884820e-03  5.52921966e-01  1.87884820e-03  5.41073274e-01  1.87884820e-03  7.76075065e-01 
 1.88384820e-03  5.40630133e-01  1.88384820e-03  5.28545148e-01  1.88384820e-03  7.56351940e-01 
 1.88884820e-03  5.27998602e-01  1.88884820e-03  5.15684622e-01  1.88884820e-03  7.36121113e-01 
 1.89384820e-03  5.15039599e-01  1.89384820e-03  5.02504096e-01  1.89384820e-03  7.15437266e-01 
 1.89884820e-03  5.01766623e-01  1.89884820e-03  4.89017231e-01  1.89884820e-03  6.94286829e-01 
 1.90384820e-03  4.88193658e-01  1.90384820e-03  4.75238170e-01  1.90384820e-03  6.72725883e-01 
 1.90884820e-03  4.74333971e-01  1.90884820e-03  4.61180328e-01  1.90884820e-03  6.50741673e-01 
 1.91384820e-03  4.60201527e-01  1.91384820e-03  4.46857813e-01  1.91384820e-03  6.28388984e-01 
 1.91884820e-03  4.45811295e-01  1.91884820e-03  4.32285726e-01  1.91884820e-03  6.05658756e-01 
 1.92384820e-03  4.31177672e-01  1.92384820e-03  4.17478591e-01  1.92384820e-03  5.82605245e-01 
 1.92884820e-03  4.16315068e-01  1.92884820e-03  4.02450932e-01  1.92884820e-03  5.59219591e-01 
 1.93384820e-03  4.01239043e-01  1.93384820e-03  3.87218420e-01  1.93384820e-03  5.35556639e-01 
 1.93884820e-03  3.85965053e-01  1.93884820e-03  3.71796611e-01  1.93884820e-03  5.11610164e-01 
 1.94384820e-03  3.70508039e-01  1.94384820e-03  3.56200536e-01  1.94384820e-03  4.87432936e-01 
 1.94884820e-03  3.54883839e-01  1.94884820e-03  3.40446116e-01  1.94884820e-03  4.63020274e-01 
 1.95384820e-03  3.39108722e-01  1.95384820e-03  3.24549694e-01  1.95384820e-03  4.38425884e-01 
 1.95884820e-03  3.23198263e-01  1.95884820e-03  3.08526911e-01  1.95884820e-03  4.13645643e-01 
 1.96384820e-03  3.07168401e-01  1.96384820e-03  2.92393760e-01  1.96384820e-03  3.88731675e-01 
 1.96884820e-03  2.91035872e-01  1.96884820e-03  2.76167026e-01  1.96884820e-03  3.63682529e-01 
 1.97384820e-03  2.74816896e-01  1.97384820e-03  2.59862966e-01  1.97384820e-03  3.38549747e-01 
 1.97884820e-03  2.58527482e-01  1.97884820e-03  2.43497618e-01  1.97884820e-03  3.13331639e-01 
 1.98384820e-03  2.42184474e-01  1.98384820e-03  2.27087845e-01  1.98384820e-03  2.88079685e-01 
 1.98884820e-03  2.25804609e-01  1.98884820e-03  2.10650398e-01  1.98884820e-03  2.62794161e-01 
 1.99384820e-03  2.09404018e-01  1.99384820e-03  1.94201405e-01  1.99384820e-03  2.37524499e-01 
 1.99884820e-03  1.92999374e-01  1.99884820e-03  1.77757536e-01  1.99884820e-03  2.12271673e-01 
 2.00384820e-03  1.76607675e-01  2.00384820e-03  1.61335769e-01  2.00384820e-03  1.87085505e-01 
 2.00884820e-03  1.60245212e-01  2.00884820e-03  1.44952371e-01  2.00884820e-03  1.61967176e-01 
 2.01384820e-03  1.43928344e-01  2.01384820e-03  1.28623666e-01  2.01384820e-03  1.36964625e-01 
 2.01884820e-03  1.27673995e-01  2.01884820e-03  1.12366533e-01  2.01884820e-03  1.12080735e-01 
 2.02384820e-03  1.11498579e-01  2.02384820e-03  9.61973344e-02  2.02384820e-03  8.73626722e-02 
 2.02884820e-03  9.54181059e-02  2.02884820e-03  8.01320186e-02  2.02884820e-03  6.28126488e-02 
 2.03384820e-03  7.94491099e-02  2.03384820e-03  6.41870480e-02  2.03384820e-03  3.84771515e-02 
 2.03884820e-03  6.36079725e-02  2.03884820e-03  4.83787248e-02  2.03884820e-03  1.43596633e-02 
 2.04384820e-03  4.79103778e-02  2.04384820e-03  3.27226451e-02  2.04384820e-03 -9.49543307e-03 
 2.04884820e-03  3.23722393e-02  2.04884820e-03  1.72346255e-02  2.04884820e-03 -3.30847107e-02 
 2.05384820e-03  1.70096471e-02  2.05384820e-03  1.93065062e-03  2.05384820e-03 -5.63639578e-02 
 2.05884820e-03  1.83796765e-03  2.05884820e-03 -1.31740272e-02  2.05884820e-03 -7.93299245e-02 
 2.06384820e-03 -1.31276250e-02  2.06384820e-03 -2.80643559e-02  2.06384820e-03 -1.01940565e-01 
 2.06884820e-03 -2.78716278e-02  2.06884820e-03 -4.27249630e-02  2.06884820e-03 -1.24191805e-01 
 2.07384820e-03 -4.23790623e-02  2.07384820e-03 -5.71410088e-02  2.07384820e-03 -1.46042623e-01 
 2.07884820e-03 -5.66355188e-02  2.07884820e-03 -7.12982298e-02  2.07884820e-03 -1.67490011e-01 
 2.08384820e-03 -7.06263476e-02  2.08384820e-03 -8.51821307e-02  2.08384820e-03 -1.88494169e-01 
 2.08884820e-03 -8.43371210e-02  2.08884820e-03 -9.87784460e-02  2.08884820e-03 -2.09051477e-01 
 2.09384820e-03 -9.77541814e-02  2.09384820e-03 -1.12073687e-01  2.09384820e-03 -2.29124327e-01 
 2.09884820e-03 -1.10863914e-01  2.09884820e-03 -1.25054417e-01  2.09884820e-03 -2.48709785e-01 
 2.10384820e-03 -1.23652676e-01  2.10384820e-03 -1.37707175e-01  2.10384820e-03 -2.67770931e-01 
 2.10884820e-03 -1.36107571e-01  2.10884820e-03 -1.50019258e-01  2.10884820e-03 -2.86305375e-01 
 2.11384820e-03 -1.48216103e-01  2.11384820e-03 -1.61978367e-01  2.11384820e-03 -3.04278586e-01 
 2.11884820e-03 -1.59965664e-01  2.11884820e-03 -1.73572097e-01  2.11884820e-03 -3.21688097e-01 
 2.12384820e-03 -1.71344196e-01  2.12384820e-03 -1.84788602e-01  2.12384820e-03 -3.38500650e-01 
 2.12884820e-03 -1.82340331e-01  2.12884820e-03 -1.95616729e-01  2.12884820e-03 -3.54715161e-01 
 2.13384820e-03 -1.92942702e-01  2.13384820e-03 -2.06045336e-01  2.13384820e-03 -3.70300026e-01 
 2.13884820e-03 -2.03140237e-01  2.13884820e-03 -2.16063580e-01  2.13884820e-03 -3.85254119e-01 
 2.14384820e-03 -2.12922682e-01  2.14384820e-03 -2.25661439e-01  2.14384820e-03 -3.99548095e-01 
 2.14884820e-03 -2.22280040e-01  2.14884820e-03 -2.34829156e-01  2.14884820e-03 -4.13181995e-01 
 2.15384820e-03 -2.31202422e-01  2.15384820e-03 -2.43557087e-01  2.15384820e-03 -4.26127581e-01 
 2.15884820e-03 -2.39680693e-01  2.15884820e-03 -2.51836346e-01  2.15884820e-03 -4.38385742e-01 
 2.16384820e-03 -2.47706270e-01  2.16384820e-03 -2.59658604e-01  2.16384820e-03 -4.49930759e-01 
 2.16884820e-03 -2.55270639e-01  2.16884820e-03 -2.67015604e-01  2.16884820e-03 -4.60764022e-01 
 2.17384820e-03 -2.62365850e-01  2.17384820e-03 -2.73899661e-01  2.17384820e-03 -4.70861279e-01 
 2.17884820e-03 -2.68984720e-01  2.17884820e-03 -2.80303855e-01  2.17884820e-03 -4.80225512e-01 
 2.18384820e-03 -2.75120252e-01  2.18384820e-03 -2.86221459e-01  2.18384820e-03 -4.88834412e-01 
 2.18884820e-03 -2.80765802e-01  2.18884820e-03 -2.91646103e-01  2.18884820e-03 -4.96691358e-01 
 2.19384820e-03 -2.85915553e-01  2.19384820e-03 -2.96572245e-01  2.19384820e-03 -5.03776300e-01 
 2.19884820e-03 -2.90564099e-01  2.19884820e-03 -3.00994757e-01  2.19884820e-03 -5.10094099e-01 
 2.20384820e-03 -2.94706244e-01  2.20384820e-03 -3.04908726e-01  2.20384820e-03 -5.15626097e-01 
 2.20884820e-03 -2.98337532e-01  2.20884820e-03 -3.08309977e-01  2.20884820e-03 -5.20378197e-01 
 2.21384820e-03 -3.01454147e-01  2.21384820e-03 -3.11194980e-01  2.21384820e-03 -5.24334273e-01 
 2.21884820e-03 -3.04052473e-01  2.21884820e-03 -3.13560405e-01  2.21884820e-03 -5.27501122e-01 
 2.22384820e-03 -3.06129450e-01  2.22384820e-03 -3.15403482e-01  2.22384820e-03 -5.29864175e-01 
 2.22884820e-03 -3.07682809e-01  2.22884820e-03 -3.16722228e-01  2.22884820e-03 -5.31431898e-01 
 2.23384820e-03 -3.08710589e-01  2.23384820e-03 -3.17514974e-01  2.23384820e-03 -5.32191793e-01 
 2.23884820e-03 -3.09211209e-01  2.23884820e-03 -3.17780428e-01  2.23884820e-03 -5.32153003e-01 
 2.24384820e-03 -3.09183886e-01  2.24384820e-03 -3.17518098e-01  2.24384820e-03 -5.31305191e-01 
 2.24884820e-03 -3.08628333e-01  2.24884820e-03 -3.16727988e-01  2.24884820e-03 -5.29659116e-01 
 2.25384820e-03 -3.07544531e-01  2.25384820e-03 -3.15410368e-01  2.25384820e-03 -5.27205961e-01 
 2.25884820e-03 -3.05933154e-01  2.25884820e-03 -3.13566202e-01  2.25884820e-03 -5.23957590e-01 
 2.26384820e-03 -3.03795542e-01  2.26384820e-03 -3.11197118e-01  2.26384820e-03 -5.19907596e-01 
 2.26884820e-03 -3.01133305e-01  2.26884820e-03 -3.08305013e-01  2.26884820e-03 -5.15068929e-01 
 2.27384820e-03 -2.97948577e-01  2.27384820e-03 -3.04892307e-01  2.27384820e-03 -5.09436708e-01 
 2.27884820e-03 -2.94244242e-01  2.27884820e-03 -3.00962168e-01  2.27884820e-03 -5.03025484e-01 
 2.28384820e-03 -2.90023559e-01  2.28384820e-03 -2.96518136e-01  2.28384820e-03 -4.95832403e-01 
 2.28884820e-03 -2.85290148e-01  2.28884820e-03 -2.91564110e-01  2.28884820e-03 -4.87872803e-01 
 2.29384820e-03 -2.80048357e-01  2.29384820e-03 -2.86104716e-01  2.29384820e-03 -4.79145777e-01 
 2.29884820e-03 -2.74303048e-01  2.29884820e-03 -2.80145089e-01  2.29884820e-03 -4.69668234e-01 
 2.30384820e-03 -2.68059362e-01  2.30384820e-03 -2.73690641e-01  2.30384820e-03 -4.59440751e-01 
 2.30884820e-03 -2.61323045e-01  2.30884820e-03 -2.66747385e-01  2.30884820e-03 -4.48481263e-01 
 2.31384820e-03 -2.54100477e-01  2.31384820e-03 -2.59321963e-01  2.31384820e-03 -4.36792496e-01 
 2.31884820e-03 -2.46398319e-01  2.31884820e-03 -2.51421298e-01  2.31884820e-03 -4.24393472e-01 
 2.32384820e-03 -2.38223683e-01  2.32384820e-03 -2.43052756e-01  2.32384820e-03 -4.11288276e-01 
 2.32884820e-03 -2.29584350e-01  2.32884820e-03 -2.34224367e-01  2.32884820e-03 -3.97497324e-01 
 2.33384820e-03 -2.20488464e-01  2.33384820e-03 -2.24944525e-01  2.33384820e-03 -3.83026519e-01 
 2.33884820e-03 -2.10944483e-01  2.33884820e-03 -2.15221926e-01  2.33884820e-03 -3.67897003e-01 
 2.34384820e-03 -2.00961475e-01  2.34384820e-03 -2.05065874e-01  2.34384820e-03 -3.52116301e-01 
 2.34884820e-03 -1.90548980e-01  2.34884820e-03 -1.94486141e-01  2.34884820e-03 -3.35706916e-01 
 2.35384820e-03 -1.79716776e-01  2.35384820e-03 -1.83492728e-01  2.35384820e-03 -3.18677662e-01 
 2.35884820e-03 -1.68475126e-01  2.35884820e-03 -1.72096118e-01  2.35884820e-03 -3.01051851e-01 
 2.36384820e-03 -1.56834836e-01  2.36384820e-03 -1.60307330e-01  2.36384820e-03 -2.82840060e-01 
 2.36884820e-03 -1.44806958e-01  2.36884820e-03 -1.48137620e-01  2.36884820e-03 -2.64066520e-01 
 2.37384820e-03 -1.32402878e-01  2.37384820e-03 -1.35598577e-01  2.37384820e-03 -2.44742875e-01 
 2.37884820e-03 -1.19634525e-01  2.37884820e-03 -1.22702321e-01  2.37884820e-03 -2.24894411e-01 
 2.38384820e-03 -1.06514133e-01  2.38384820e-03 -1.09461273e-01  2.38384820e-03 -2.04534240e-01 
 2.38884820e-03 -9.30541526e-02  2.38884820e-03 -9.58880621e-02  2.38884820e-03 -1.83688167e-01 
 2.39384820e-03 -7.92674961e-02  2.39384820e-03 -8.19957736e-02  2.39384820e-03 -1.62370499e-01 
 2.39884820e-03 -6.51674536e-02  2.39884820e-03 -6.77978614e-02  2.39884820e-03 -1.40608051e-01 
 2.40384820e-03 -5.07674688e-02  2.40384820e-03 -5.33079262e-02  2.40384820e-03 -1.18416093e-01 
 2.40884820e-03 -3.60813205e-02  2.40884820e-03 -3.85398957e-02  2.40884820e-03 -9.58219188e-02 
 2.41384820e-03 -2.11231970e-02  2.41384820e-03 -2.35080994e-02  2.41384820e-03 -7.28420741e-02 
 2.41884820e-03 -5.90744438e-03  2.41884820e-03 -8.22701643e-03  2.41884820e-03 -4.95044606e-02 
 2.42384820e-03  9.55139466e-03  2.42384820e-03  7.28868550e-03  2.42384820e-03 -2.58262957e-02 
 2.42884820e-03  2.52383973e-02  2.42884820e-03  2.30239669e-02  2.42884820e-03 -1.83610276e-03 
 2.43384820e-03  4.11384405e-02  2.43384820e-03  3.89635967e-02  2.43384820e-03  2.24478899e-02 
 2.43884820e-03  5.72363113e-02  2.43884820e-03  5.50922621e-02  2.43884820e-03  4.69969657e-02 
 2.44384820e-03  7.35165069e-02  2.44384820e-03  7.13943692e-02  2.44384820e-03  7.17922040e-02 
 2.44884820e-03  8.99632833e-02  2.44884820e-03  8.78540918e-02  2.44884820e-03  9.68043243e-02 
 2.45384820e-03  1.06560858e-01  2.45384820e-03  1.04455574e-01  2.45384820e-03  1.22013868e-01 
 2.45884820e-03  1.23293285e-01  2.45884820e-03  1.21182804e-01  2.45884820e-03  1.47391490e-01 
 2.46384820e-03  1.40144372e-01  2.46384820e-03  1.38019536e-01  2.46384820e-03  1.72917007e-01 
 2.46884820e-03  1.57097890e-01  2.46884820e-03  1.54949491e-01  2.46884820e-03  1.98560873e-01 
 2.47384820e-03  1.74137568e-01  2.47384820e-03  1.71956364e-01  2.47384820e-03  2.24302695e-01 
 2.47884820e-03  1.91246942e-01  2.47884820e-03  1.89023659e-01  2.47884820e-03  2.50112798e-01 
 2.48384820e-03  2.08409479e-01  2.48384820e-03  2.06134826e-01  2.48384820e-03  2.75970300e-01 
 2.48884820e-03  2.25608703e-01  2.48884820e-03  2.23273376e-01  2.48884820e-03  3.01845734e-01 
 2.49384820e-03  2.42828032e-01  2.49384820e-03  2.40422728e-01  2.49384820e-03  3.27718062e-01 
 2.49884820e-03  2.60050804e-01  2.49884820e-03  2.57566226e-01  2.49884820e-03  3.53557753e-01 
 2.50384820e-03  2.77260451e-01  2.50384820e-03  2.74687321e-01  2.50384820e-03  3.79343710e-01 
 2.50884820e-03  2.94440423e-01  2.50884820e-03  2.91769486e-01  2.50884820e-03  4.05046789e-01 
 2.51384820e-03  3.11574098e-01  2.51384820e-03  3.08796137e-01  2.51384820e-03  4.30645742e-01 
 2.51884820e-03  3.28644955e-01  2.51884820e-03  3.25750796e-01  2.51884820e-03  4.56111677e-01 
 2.52384820e-03  3.45636600e-01  2.52384820e-03  3.42617121e-01  2.52384820e-03  4.81423620e-01 
 2.52884820e-03  3.62532625e-01  2.52884820e-03  3.59378768e-01  2.52884820e-03  5.06553062e-01 
 2.53384820e-03  3.79316708e-01  2.53384820e-03  3.76019486e-01  2.53384820e-03  5.31479074e-01 
 2.53884820e-03  3.95972728e-01  2.53884820e-03  3.92523232e-01  2.53884820e-03  5.56173778e-01 
 2.54384820e-03  4.12484649e-01  2.54384820e-03  4.08874059e-01  2.54384820e-03  5.80616622e-01 
 2.54884820e-03  4.28836510e-01  2.54884820e-03  4.25056105e-01  2.54884820e-03  6.04780168e-01 
 2.55384820e-03  4.45012589e-01  2.55384820e-03  4.41053752e-01  2.55384820e-03  6.28644283e-01 
 2.55884820e-03  4.60997352e-01  2.55884820e-03  4.56851581e-01  2.55884820e-03  6.52182365e-01 
 2.56384820e-03  4.76775369e-01  2.56384820e-03  4.72434283e-01  2.56384820e-03  6.75374674e-01 
 2.56884820e-03  4.92331449e-01  2.56884820e-03  4.87786800e-01  2.56884820e-03  6.98195308e-01 
 2.57384820e-03  5.07650678e-01  2.57384820e-03  5.02894356e-01  2.57384820e-03  7.20625265e-01 
 2.57884820e-03  5.22718312e-01  2.57884820e-03  5.17742352e-01  2.57884820e-03  7.42639496e-01 
 2.58384820e-03  5.37519831e-01  2.58384820e-03  5.32316426e-01  2.58384820e-03  7.64219551e-01 
 2.58884820e-03  5.52041058e-01  2.58884820e-03  5.46602560e-01  2.58884820e-03  7.85341413e-01 
 2.59384820e-03  5.66268064e-01  2.59384820e-03  5.60586997e-01  2.59384820e-03  8.05987481e-01 
 2.59884820e-03  5.80187152e-01  2.59884820e-03  5.74256216e-01  2.59884820e-03  8.26134638e-01 
 2.60384820e-03  5.93784989e-01  2.60384820e-03  5.87597069e-01  2.60384820e-03  8.45766139e-01 
 2.60884820e-03  6.07048579e-01  2.60884820e-03  6.00596750e-01  2.60884820e-03  8.64860091e-01 
 2.61384820e-03  6.19965188e-01  2.61384820e-03  6.13242724e-01  2.61384820e-03  8.83400618e-01 
 2.61884820e-03  6.32522442e-01  2.61884820e-03  6.25522821e-01  2.61884820e-03  9.01366922e-01 
 2.62384820e-03  6.44708377e-01  2.62384820e-03  6.37425289e-01  2.62384820e-03  9.18744254e-01 
 2.62884820e-03  6.56511345e-01  2.62884820e-03  6.48938697e-01  2.62884820e-03  9.35513069e-01 
 2.63384820e-03  6.67920053e-01  2.63384820e-03  6.60051973e-01  2.63384820e-03  9.51659590e-01 
 2.63884820e-03  6.78923657e-01  2.63884820e-03  6.70754504e-01  2.63884820e-03  9.67188961e-01 
 2.64384820e-03  6.89511702e-01  2.64384820e-03  6.81036069e-01  2.64384820e-03  9.82022747e-01 
 2.64884820e-03  6.99674088e-01  2.64884820e-03  6.90886807e-01  2.64884820e-03  9.96223688e-01 
 2.65384820e-03  7.09401179e-01  2.65384820e-03  7.00297327e-01  2.65384820e-03  1.00970675e+00 
 2.65884820e-03  7.18683794e-01  2.65884820e-03  7.09258698e-01  2.65884820e-03  1.02252918e+00 
 2.66384820e-03  7.27513134e-01  2.66384820e-03  7.17762375e-01  2.66384820e-03  1.03460926e+00 
 2.66884820e-03  7.35880856e-01  2.66884820e-03  7.25800273e-01  2.66884820e-03  1.04600357e+00 
 2.67384820e-03  7.43779121e-01  2.67384820e-03  7.33364814e-01  2.67384820e-03  1.05663382e+00 
 2.67884820e-03  7.51200516e-01  2.67884820e-03  7.40448855e-01  2.67884820e-03  1.06655615e+00 
 2.68384820e-03  7.58138073e-01  2.68384820e-03  7.47045695e-01  2.68384820e-03  1.07569550e+00 
 2.68884820e-03  7.64585351e-01  2.68884820e-03  7.53149166e-01  2.68884820e-03  1.08410765e+00 
 2.69384820e-03  7.70536391e-01  2.69384820e-03  7.58753586e-01  2.69384820e-03  1.09172094e+00 
 2.69884820e-03  7.75985673e-01  2.69884820e-03  7.63853714e-01  2.69884820e-03  1.09859078e+00 
 2.70384820e-03  7.80928207e-01  2.70384820e-03  7.68444840e-01  2.70384820e-03  1.10464877e+00 
 2.70884820e-03  7.85359527e-01  2.70884820e-03  7.72522782e-01  2.70884820e-03  1.10995020e+00 
 2.71384820e-03  7.89275627e-01  2.71384820e-03  7.76083820e-01  2.71384820e-03  1.11442991e+00 
 2.71884820e-03  7.92673009e-01  2.71884820e-03  7.79124743e-01  2.71884820e-03  1.11814297e+00 
 2.72384820e-03  7.95548731e-01  2.72384820e-03  7.81642896e-01  2.72384820e-03  1.12102755e+00 
 2.72884820e-03  7.97900340e-01  2.72884820e-03  7.83636117e-01  2.72884820e-03  1.12313866e+00 
 2.73384820e-03  7.99725873e-01  2.73384820e-03  7.85102730e-01  2.73384820e-03  1.12441758e+00 
 2.73884820e-03  8.01023925e-01  2.73884820e-03  7.86041624e-01  2.73884820e-03  1.12491934e+00 
 2.74384820e-03  8.01793616e-01  2.74384820e-03  7.86452208e-01  2.74384820e-03  1.12458845e+00 
 2.74884820e-03  8.02034545e-01  2.74884820e-03  7.86334372e-01  2.74884820e-03  1.12347991e+00 
 2.75384820e-03  8.01746855e-01  2.75384820e-03  7.85688549e-01  2.75384820e-03  1.12154132e+00 
 2.75884820e-03  8.00931236e-01  2.75884820e-03  7.84515719e-01  2.75884820e-03  1.11882782e+00 
 2.76384820e-03  7.99588865e-01  2.76384820e-03  7.82817346e-01  2.76384820e-03  1.11529009e+00 
 2.76884820e-03  7.97721431e-01  2.76884820e-03  7.80595409e-01  2.76884820e-03  1.11098329e+00 
 2.77384820e-03  7.95331180e-01  2.77384820e-03  7.77852439e-01  2.77384820e-03  1.10586119e+00 
 2.77884820e-03  7.92420856e-01  2.77884820e-03  7.74591464e-01  2.77884820e-03  1.09997911e+00 
 2.78384820e-03  7.88993692e-01  2.78384820e-03  7.70815997e-01  2.78384820e-03  1.09329371e+00 
 2.78884820e-03  7.85053459e-01  2.78884820e-03  7.66530092e-01  2.78884820e-03  1.08586047e+00 
 2.79384820e-03  7.80604444e-01  2.79384820e-03  7.61738310e-01  2.79384820e-03  1.07763902e+00 
 2.79884820e-03  7.75651400e-01  2.79884820e-03  7.56445680e-01  2.79884820e-03  1.06868496e+00 
 2.80384820e-03  7.70199591e-01  2.80384820e-03  7.50657736e-01  2.80384820e-03  1.05896071e+00 
 2.80884820e-03  7.64254798e-01  2.80884820e-03  7.44380526e-01  2.80884820e-03  1.04852208e+00 
 2.81384820e-03  7.57823261e-01  2.81384820e-03  7.37620555e-01  2.81384820e-03  1.03733429e+00 
 2.81884820e-03  7.50911692e-01  2.81884820e-03  7.30384793e-01  2.81884820e-03  1.02545325e+00 
 2.82384820e-03  7.43527307e-01  2.82384820e-03  7.22680714e-01  2.82384820e-03  1.01284686e+00 
 2.82884820e-03  7.35677780e-01  2.82884820e-03  7.14516241e-01  2.82884820e-03  9.99571251e-01 
 2.83384820e-03  7.27371218e-01  2.83384820e-03  7.05899727e-01  2.83384820e-03  9.85596879e-01 
 2.83884820e-03  7.18616204e-01  2.83884820e-03  6.96839997e-01  2.83884820e-03  9.70979984e-01 
 2.84384820e-03  7.09421771e-01  2.84384820e-03  6.87346321e-01  2.84384820e-03  9.55693609e-01 
 2.84884820e-03  6.99797358e-01  2.84884820e-03  6.77428368e-01  2.84884820e-03  9.39794078e-01 
 2.85384820e-03  6.89752837e-01  2.85384820e-03  6.67096234e-01  2.85384820e-03  9.23267182e-01 
 2.85884820e-03  6.79298515e-01  2.85884820e-03  6.56360446e-01  2.85884820e-03  9.06157333e-01 
 2.86384820e-03  6.68445084e-01  2.86384820e-03  6.45231909e-01  2.86384820e-03  8.88427948e-01 
 2.86884820e-03  6.57203619e-01  2.86884820e-03  6.33721905e-01  2.86884820e-03  8.70167206e-01 
 2.87384820e-03  6.45585604e-01  2.87384820e-03  6.21842117e-01  2.87384820e-03  8.51324108e-01 
 2.87884820e-03  6.33602890e-01  2.87884820e-03  6.09604590e-01  2.87884820e-03  8.31985515e-01 
 2.88384820e-03  6.21267663e-01  2.88384820e-03  5.97021697e-01  2.88384820e-03  8.12103859e-01 
 2.88884820e-03  6.08592478e-01  2.88884820e-03  5.84106171e-01  2.88884820e-03  7.91764648e-01 
 2.89384820e-03  5.95590233e-01  2.89384820e-03  5.70871084e-01  2.89384820e-03  7.70923670e-01 
 2.89884820e-03  5.82274127e-01  2.89884820e-03  5.57329798e-01  2.89884820e-03  7.49665080e-01 
 2.90384820e-03  5.68657671e-01  2.90384820e-03  5.43495983e-01  2.90384820e-03  7.27947781e-01 
 2.90884820e-03  5.54754694e-01  2.90884820e-03  5.29383615e-01  2.90884820e-03  7.05854622e-01 
 2.91384820e-03  5.40579291e-01  2.91384820e-03  5.15006932e-01  2.91384820e-03  6.83347505e-01 
 2.91884820e-03  5.26145816e-01  2.91884820e-03  5.00380420e-01  2.91884820e-03  6.60507893e-01 
 2.92384820e-03  5.11468896e-01  2.92384820e-03  4.85518833e-01  2.92384820e-03  6.37300523e-01 
 2.92884820e-03  4.96563400e-01  2.92884820e-03  4.70437156e-01  2.92884820e-03  6.13805526e-01 
 2.93384820e-03  4.81444400e-01  2.93384820e-03  4.55150569e-01  2.93384820e-03  5.89990273e-01 
 2.93884820e-03  4.66127193e-01  2.93884820e-03  4.39674470e-01  2.93884820e-03  5.65933500e-01 
 2.94384820e-03  4.50627282e-01  2.94384820e-03  4.24024453e-01  2.94384820e-03  5.41605113e-01 
 2.94884820e-03  4.34960332e-01  2.94884820e-03  4.08216264e-01  2.94884820e-03  5.17082432e-01 
 2.95384820e-03  4.19142172e-01  2.95384820e-03  3.92265808e-01  2.95384820e-03  4.92337672e-01 
 2.95884820e-03  4.03188798e-01  2.95884820e-03  3.76189144e-01  2.95884820e-03  4.67446741e-01 
 2.96384820e-03  3.87116329e-01  2.96384820e-03  3.60002449e-01  2.96384820e-03  4.42384044e-01 
 2.96884820e-03  3.70940990e-01  2.96884820e-03  3.43721994e-01  2.96884820e-03  4.17223989e-01 
 2.97384820e-03  3.54679124e-01  2.97384820e-03  3.27364160e-01  2.97384820e-03  3.91943000e-01 
 2.97884820e-03  3.38347161e-01  2.97884820e-03  3.10945406e-01  2.97884820e-03  3.66614007e-01 
 2.98384820e-03  3.21961582e-01  2.98384820e-03  2.94482233e-01  2.98384820e-03  3.41215270e-01 
 2.98884820e-03  3.05538930e-01  2.98884820e-03  2.77991195e-01  2.98884820e-03  3.15818158e-01 
 2.99384820e-03  2.89095796e-01  2.99384820e-03  2.61488883e-01  2.99384820e-03  2.90402657e-01 
 2.99884820e-03  2.72648776e-01  2.99884820e-03  2.44991888e-01  2.99884820e-03  2.65038546e-01 
 3.00384820e-03  2.56214467e-01  3.00384820e-03  2.28516788e-01  3.00384820e-03  2.39707327e-01 
 3.00884820e-03  2.39809468e-01  3.00884820e-03  2.12080157e-01  3.00884820e-03  2.14477165e-01 
 3.01384820e-03  2.23450345e-01  3.01384820e-03  1.95698527e-01  3.01384820e-03  1.89330963e-01 
 3.01884820e-03  2.07153604e-01  3.01884820e-03  1.79388359e-01  3.01884820e-03  1.64335184e-01 
 3.02384820e-03  1.90935704e-01  3.02384820e-03  1.63166060e-01  3.02384820e-03  1.39473965e-01 
 3.02884820e-03  1.74813029e-01  3.02884820e-03  1.47047952e-01  3.02884820e-03  1.14812071e-01 
 3.03384820e-03  1.58801856e-01  3.03384820e-03  1.31050240e-01  3.03384820e-03  9.03347099e-02 
 3.03884820e-03  1.42918353e-01  3.03884820e-03  1.15189014e-01  3.03884820e-03  6.61048601e-02 
 3.04384820e-03  1.27178576e-01  3.04384820e-03  9.94802413e-02  3.04384820e-03  4.21086916e-02 
 3.04884820e-03  1.11598428e-01  3.04884820e-03  8.39397270e-02  3.04884820e-03  1.84073656e-02 
 3.05384820e-03  9.61936473e-02  3.05384820e-03  6.85831056e-02  3.05384820e-03 -5.01217461e-03 
 3.05884820e-03  8.09798147e-02  3.05884820e-03  5.34258427e-02  3.05884820e-03 -2.80906214e-02 
 3.06384820e-03  6.59723178e-02  3.06384820e-03  3.84832039e-02  3.06384820e-03 -5.08403590e-02 
 3.06884820e-03  5.11863299e-02  3.06884820e-03  2.37702322e-02  3.06884820e-03 -7.32040135e-02 
 3.07384820e-03  3.66368150e-02  3.07384820e-03  9.30175281e-03  3.07384820e-03 -9.51934491e-02 
 3.07884820e-03  2.23385082e-02  3.07884820e-03 -4.90764576e-03  3.07884820e-03 -1.16753229e-01 
 3.08384820e-03  8.30588476e-03  3.08384820e-03 -1.88436424e-02  3.08384820e-03 -1.37894836e-01 
 3.08884820e-03 -5.44684009e-03  3.08884820e-03 -3.24921842e-02  3.08884820e-03 -1.58564852e-01 
 3.09384820e-03 -1.89057178e-02  3.09384820e-03 -4.58394918e-02  3.09384820e-03 -1.78774474e-01 
 3.09884820e-03 -3.20570976e-02  3.09884820e-03 -5.88720915e-02  3.09884820e-03 -1.98472327e-01 
 3.10384820e-03 -4.48876375e-02  3.10384820e-03 -7.15768252e-02  3.10384820e-03 -2.17669483e-01 
 3.10884820e-03 -5.73843021e-02  3.10884820e-03 -8.39408485e-02  3.10884820e-03 -2.36316644e-01 
 3.11384820e-03 -6.95343866e-02  3.11384820e-03 -9.59516543e-02  3.11384820e-03 -2.54424841e-01 
 3.11884820e-03 -8.13255378e-02  3.11884820e-03 -1.07597094e-01  3.11884820e-03 -2.71946914e-01 
 3.12384820e-03 -9.27457505e-02  3.12384820e-03 -1.18865373e-01  3.12384820e-03 -2.88893980e-01 
 3.12884820e-03 -1.03783380e-01  3.12884820e-03 -1.29745063e-01  3.12884820e-03 -3.05221020e-01 
 3.13384820e-03 -1.14427170e-01  3.13384820e-03 -1.40225131e-01  3.13384820e-03 -3.20939345e-01 
 3.13884820e-03 -1.24666252e-01  3.13884820e-03 -1.50294937e-01  3.13884820e-03 -3.36006139e-01 
 3.14384820e-03 -1.34490147e-01  3.14384820e-03 -1.59944236e-01  3.14384820e-03 -3.50432982e-01 
 3.14884820e-03 -1.43888793e-01  3.14884820e-03 -1.69163206e-01  3.14884820e-03 -3.64179275e-01 
 3.15384820e-03 -1.52852553e-01  3.15384820e-03 -1.77942454e-01  3.15384820e-03 -3.77256991e-01 
 3.15884820e-03 -1.61372210e-01  3.15884820e-03 -1.86273013e-01  3.15884820e-03 -3.89627767e-01 
 3.16384820e-03 -1.69438986e-01  3.16384820e-03 -1.94146359e-01  3.16384820e-03 -4.01304030e-01 
 3.16884820e-03 -1.77044559e-01  3.16884820e-03 -2.01554426e-01  3.16884820e-03 -4.12249690e-01 
 3.17384820e-03 -1.84181057e-01  3.17384820e-03 -2.08489605e-01  3.17384820e-03 -4.22477724e-01 
 3.17884820e-03 -1.90841065e-01  3.17884820e-03 -2.14944749e-01  3.17884820e-03 -4.31954307e-01 
 3.18384820e-03 -1.97017647e-01  3.18384820e-03 -2.20913190e-01  3.18384820e-03 -4.40693035e-01 
 3.18884820e-03 -2.02704346e-01  3.18884820e-03 -2.26388743e-01  3.18884820e-03 -4.48662384e-01 
 3.19384820e-03 -2.07895178e-01  3.19384820e-03 -2.31365701e-01  3.19384820e-03 -4.55876627e-01 
 3.19884820e-03 -2.12584654e-01  3.19884820e-03 -2.35838855e-01  3.19884820e-03 -4.62306527e-01 
 3.20384820e-03 -2.16767787e-01  3.20384820e-03 -2.39803495e-01  3.20384820e-03 -4.67967116e-01 
 3.20884820e-03 -2.20440080e-01  3.20884820e-03 -2.43255411e-01  3.20884820e-03 -4.72831452e-01 
 3.21384820e-03 -2.23597541e-01  3.21384820e-03 -2.46190894e-01  3.21384820e-03 -4.76915350e-01 
 3.21884820e-03 -2.26236693e-01  3.21884820e-03 -2.48606755e-01  3.21884820e-03 -4.80194171e-01 
 3.22384820e-03 -2.28354568e-01  3.22384820e-03 -2.50500313e-01  3.22384820e-03 -4.82684580e-01 
 3.22884820e-03 -2.29948706e-01  3.22884820e-03 -2.51869397e-01  3.22884820e-03 -4.84364210e-01 
 3.23384820e-03 -2.31017172e-01  3.23384820e-03 -2.52712363e-01  3.23384820e-03 -4.85250605e-01 
 3.23884820e-03 -2.31558551e-01  3.23884820e-03 -2.53028085e-01  3.23884820e-03 -4.85323681e-01 
 3.24384820e-03 -2.31571940e-01  3.24384820e-03 -2.52815952e-01  3.24384820e-03 -4.84601889e-01 
 3.24884820e-03 -2.31056963e-01  3.24884820e-03 -2.52075875e-01  3.24884820e-03 -4.83067386e-01 
 3.25384820e-03 -2.30013766e-01  3.25384820e-03 -2.50808295e-01  3.25384820e-03 -4.80739572e-01 
 3.25884820e-03 -2.28443016e-01  3.25884820e-03 -2.49014164e-01  3.25884820e-03 -4.77602829e-01 
 3.26384820e-03 -2.26345896e-01  3.26384820e-03 -2.46694956e-01  3.26384820e-03 -4.73677500e-01 
 3.26884820e-03 -2.23724115e-01  3.26884820e-03 -2.43852667e-01  3.26884820e-03 -4.68950168e-01 
 3.27384820e-03 -2.20579899e-01  3.27384820e-03 -2.40489808e-01  3.27384820e-03 -4.63442149e-01 
 3.27884820e-03 -2.16915986e-01  3.27884820e-03 -2.36609400e-01  3.27884820e-03 -4.57142172e-01 
 3.28384820e-03 -2.12735629e-01  3.28384820e-03 -2.32214978e-01  3.28384820e-03 -4.50072522e-01 
 3.28884820e-03 -2.08042594e-01  3.28884820e-03 -2.27310589e-01  3.28884820e-03 -4.42224054e-01 
 3.29384820e-03 -2.02841148e-01  3.29384820e-03 -2.21900776e-01  3.29384820e-03 -4.33620011e-01 
 3.29884820e-03 -1.97136061e-01  3.29884820e-03 -2.15990582e-01  3.29884820e-03 -4.24253314e-01 
 3.30384820e-03 -1.90932605e-01  3.30384820e-03 -2.09585550e-01  3.30384820e-03 -4.14148168e-01 
 3.30884820e-03 -1.84236540e-01  3.30884820e-03 -2.02691707e-01  3.30884820e-03 -4.03299513e-01 
 3.31384820e-03 -1.77054110e-01  3.31384820e-03 -1.95315561e-01  3.31384820e-03 -3.91732483e-01 
 3.31884820e-03 -1.69392043e-01  3.31884820e-03 -1.87464099e-01  3.31884820e-03 -3.79443981e-01 
 3.32384820e-03 -1.61257542e-01  3.32384820e-03 -1.79144780e-01  3.32384820e-03 -3.66460062e-01 
 3.32884820e-03 -1.52658271e-01  3.32884820e-03 -1.70365518e-01  3.32884820e-03 -3.52779521e-01 
 3.33384820e-03 -1.43602355e-01  3.33384820e-03 -1.61134685e-01  3.33384820e-03 -3.38429295e-01 
 3.33884820e-03 -1.34098375e-01  3.33884820e-03 -1.51461101e-01  3.33884820e-03 -3.23410017e-01 
 3.34384820e-03 -1.24155346e-01  3.34384820e-03 -1.41354020e-01  3.34384820e-03 -3.07749471e-01 
 3.34884820e-03 -1.13782721e-01  3.34884820e-03 -1.30823123e-01  3.34884820e-03 -2.91450043e-01 
 3.35384820e-03 -1.02990379e-01  3.35384820e-03 -1.19878514e-01  3.35384820e-03 -2.74540332e-01 
 3.35884820e-03 -9.17886088e-02  3.35884820e-03 -1.08530702e-01  3.35884820e-03 -2.57024407e-01 
 3.36384820e-03 -8.01881051e-02  3.36384820e-03 -9.67905929e-02  3.36384820e-03 -2.38931620e-01 
 3.36884820e-03 -6.81999576e-02  3.36884820e-03 -8.46694838e-02  3.36884820e-03 -2.20267645e-01 
 3.37384820e-03 -5.58356395e-02  3.37384820e-03 -7.21790474e-02  3.37384820e-03 -2.01062548e-01 
 3.37884820e-03 -4.31069915e-02  3.37884820e-03 -5.93313177e-02  3.37884820e-03 -1.81323513e-01 
 3.38384820e-03 -3.00262164e-02  3.38384820e-03 -4.61386837e-02  3.38384820e-03 -1.61081256e-01 
 3.38884820e-03 -1.66058666e-02  3.38884820e-03 -3.26138772e-02  3.38884820e-03 -1.40344396e-01 
 3.39384820e-03 -2.85882691e-03  3.39384820e-03 -1.87699545e-02  3.39384820e-03 -1.19144237e-01 
 3.39884820e-03  1.12016959e-02  3.39884820e-03 -4.62028721e-03  3.39884820e-03 -9.74907261e-02 
 3.40384820e-03  2.55621820e-02  3.40384820e-03  9.82144819e-03  3.40384820e-03 -7.54156962e-02 
 3.40884820e-03  4.02088171e-02  3.40884820e-03  2.45412882e-02  3.40884820e-03 -5.29303381e-02 
 3.41384820e-03  5.51275065e-02  3.41384820e-03  3.95249971e-02  3.41384820e-03 -3.00669302e-02 
 3.41884820e-03  7.03038841e-02  3.41884820e-03  5.47580753e-02  3.41884820e-03 -6.83780624e-03 
 3.42384820e-03  8.57233285e-02  3.42384820e-03  7.02257769e-02  3.42384820e-03  1.67243716e-02 
 3.42884820e-03  1.01370982e-01  3.42884820e-03  8.59131269e-02  3.42884820e-03  4.06062327e-02 
 3.43384820e-03  1.17231759e-01  3.43384820e-03  1.01804932e-01  3.43384820e-03  6.47748166e-02 
 3.43884820e-03  1.33290362e-01  3.43884820e-03  1.17885796e-01  3.43884820e-03  8.92158100e-02 
 3.44384820e-03  1.49531301e-01  3.44384820e-03  1.34140136e-01  3.44384820e-03  1.13896032e-01 
 3.44884820e-03  1.65938906e-01  3.44884820e-03  1.50552200e-01  3.44884820e-03  1.38800343e-01 
 3.45384820e-03  1.82497340e-01  3.45384820e-03  1.67106077e-01  3.45384820e-03  1.63895420e-01 
 3.45884820e-03  1.99190617e-01  3.45884820e-03  1.83785717e-01  3.45884820e-03  1.89165395e-01 
 3.46384820e-03  2.16002620e-01  3.46384820e-03  2.00574949e-01  3.46384820e-03  2.14576898e-01 
 3.46884820e-03  2.32917114e-01  3.46884820e-03  2.17457488e-01  3.46884820e-03  2.40113445e-01 
 3.47384820e-03  2.49917760e-01  3.47384820e-03  2.34416958e-01  3.47384820e-03  2.65741696e-01 
 3.47884820e-03  2.66988138e-01  3.47884820e-03  2.51436912e-01  3.47884820e-03  2.91444659e-01 
 3.48384820e-03  2.84111756e-01  3.48384820e-03  2.68500837e-01  3.48384820e-03  3.17189121e-01 
 3.48884820e-03  3.01272071e-01  3.48884820e-03  2.85592179e-01  3.48884820e-03  3.42957688e-01 
 3.49384820e-03  3.18452501e-01  3.49384820e-03  3.02694356e-01  3.49384820e-03  3.68717359e-01 
 3.49884820e-03  3.35636448e-01  3.49884820e-03  3.19790777e-01  3.49884820e-03  3.94450454e-01 
 3.50384820e-03  3.52807307e-01  3.50384820e-03  3.36864854e-01  3.50384820e-03  4.20124273e-01 
 3.50884820e-03  3.69948487e-01  3.50884820e-03  3.53900022e-01  3.50884820e-03  4.45720954e-01 
 3.51384820e-03  3.87043426e-01  3.51384820e-03  3.70879754e-01  3.51384820e-03  4.71208192e-01 
 3.51884820e-03  4.04075608e-01  3.51884820e-03  3.87787579e-01  3.51884820e-03  4.96568056e-01 
 3.52384820e-03  4.21028577e-01  3.52384820e-03  4.04607092e-01  3.52384820e-03  5.21768718e-01 
 3.52884820e-03  4.37885957e-01  3.52884820e-03  4.21321981e-01  3.52884820e-03  5.46792286e-01 
 3.53384820e-03  4.54631467e-01  3.53384820e-03  4.37916035e-01  3.53384820e-03  5.71607508e-01 
 3.53884820e-03  4.71248932e-01  3.53884820e-03  4.54373159e-01  3.53884820e-03  5.96196629e-01 
 3.54384820e-03  4.87722306e-01  3.54384820e-03  4.70677396e-01  3.54384820e-03  6.20529059e-01 
 3.54884820e-03  5.04035687e-01  3.54884820e-03  4.86812941e-01  3.54884820e-03  6.44587292e-01 
 3.55384820e-03  5.20173327e-01  3.55384820e-03  5.02764151e-01  3.55384820e-03  6.68341485e-01 
 3.55884820e-03  5.36119652e-01  3.55884820e-03  5.18515567e-01  3.55884820e-03  6.91774479e-01 
 3.56384820e-03  5.51859279e-01  3.56384820e-03  5.34051927e-01  3.56384820e-03  7.14857265e-01 
 3.56884820e-03  5.67377028e-01  3.56884820e-03  5.49358183e-01  3.56884820e-03  7.37573135e-01 
 3.57384820e-03  5.82657934e-01  3.57384820e-03  5.64419510e-01  3.57384820e-03  7.59893993e-01 
 3.57884820e-03  5.97687272e-01  3.57884820e-03  5.79221327e-01  3.57884820e-03  7.81803676e-01 
 3.58384820e-03  6.12450559e-01  3.58384820e-03  5.93749308e-01  3.58384820e-03  8.03275089e-01 
 3.58884820e-03  6.26933579e-01  3.58884820e-03  6.07989398e-01  3.58884820e-03  8.24292705e-01 
 3.59384820e-03  6.41122389e-01  3.59384820e-03  6.21927824e-01  3.59384820e-03  8.44830501e-01 
 3.59884820e-03  6.55003340e-01  3.59884820e-03  6.35551112e-01  3.59884820e-03  8.64873683e-01 
 3.60384820e-03  6.68563082e-01  3.60384820e-03  6.48846100e-01  3.60384820e-03  8.84397378e-01 
 3.60884820e-03  6.81788584e-01  3.60884820e-03  6.61799947e-01  3.60884820e-03  9.03387601e-01 
 3.61384820e-03  6.94667147e-01  3.61384820e-03  6.74400150e-01  3.61384820e-03  9.21821636e-01 
 3.61884820e-03  7.07186411e-01  3.61884820e-03  6.86634556e-01  3.61884820e-03  9.39714971e-01 
 3.62384820e-03  7.19334371e-01  3.62384820e-03  6.98491369e-01  3.62384820e-03  9.56954321e-01 
 3.62884820e-03  7.31099389e-01  3.62884820e-03  7.09959169e-01  3.62884820e-03  9.73649511e-01 
 3.63384820e-03  7.42470205e-01  3.63384820e-03  7.21026919e-01  3.63384820e-03  9.89659289e-01 
 3.63884820e-03  7.53435947e-01  3.63884820e-03  7.31683976e-01  3.63884820e-03  1.00509116e+00 
 3.64384820e-03  7.63986142e-01  3.64384820e-03  7.41920101e-01  3.64384820e-03  1.01980859e+00 
 3.64884820e-03  7.74110729e-01  3.64884820e-03  7.51725473e-01  3.64884820e-03  1.03391693e+00 
 3.65384820e-03  7.83800066e-01  3.65384820e-03  7.61090695e-01  3.65384820e-03  1.04728435e+00 
 3.65884820e-03  7.93044940e-01  3.65884820e-03  7.70006801e-01  3.65884820e-03  1.06001418e+00 
 3.66384820e-03  8.01836575e-01  3.66384820e-03  7.78465273e-01  3.66384820e-03  1.07197925e+00 
 3.66884820e-03  8.10166645e-01  3.66884820e-03  7.86458041e-01  3.66884820e-03  1.08328102e+00 
 3.67384820e-03  8.18027278e-01  3.67384820e-03  7.93977496e-01  3.67384820e-03  1.09379692e+00 
 3.67884820e-03  8.25411065e-01  3.67884820e-03  8.01016494e-01  3.67884820e-03  1.10362669e+00 
 3.68384820e-03  8.32311067e-01  3.68384820e-03  8.07568367e-01  3.68384820e-03  1.11265235e+00 
 3.68884820e-03  8.38720824e-01  3.68884820e-03  8.13626928e-01  3.68884820e-03  1.12097201e+00 
 3.69384820e-03  8.44634356e-01  3.69384820e-03  8.19186474e-01  3.69384820e-03  1.12847221e+00 
 3.69884820e-03  8.50046178e-01  3.69884820e-03  8.24241796e-01  3.69884820e-03  1.13524959e+00 
 3.70384820e-03  8.54951295e-01  3.70384820e-03  8.28788183e-01  3.70384820e-03  1.14119515e+00 
 3.70884820e-03  8.59345215e-01  3.70884820e-03  8.32821423e-01  3.70884820e-03  1.14640416e+00 
 3.71384820e-03  8.63223948e-01  3.71384820e-03  8.36337815e-01  3.71384820e-03  1.15077202e+00 
 3.71884820e-03  8.66584014e-01  3.71884820e-03  8.39334165e-01  3.71884820e-03  1.15439276e+00 
 3.72384820e-03  8.69422444e-01  3.72384820e-03  8.41807791e-01  3.72384820e-03  1.15716611e+00 
 3.72884820e-03  8.71736784e-01  3.72884820e-03  8.43756528e-01  3.72884820e-03  1.15918492e+00 
 3.73384820e-03  8.73525096e-01  3.73384820e-03  8.45178730e-01  3.73384820e-03  1.16035322e+00 
 3.73884820e-03  8.74785963e-01  3.73884820e-03  8.46073269e-01  3.73884820e-03  1.16076278e+00 
 3.74384820e-03  8.75518486e-01  3.74384820e-03  8.46439537e-01  3.74384820e-03  1.16032183e+00 
 3.74884820e-03  8.75722289e-01  3.74884820e-03  8.46277449e-01  3.74884820e-03  1.15912115e+00 
 3.75384820e-03  8.75397516e-01  3.75384820e-03  8.45587439e-01  3.75384820e-03  1.15707312e+00 
 3.75884820e-03  8.74544835e-01  3.75884820e-03  8.44370464e-01  3.75884820e-03  1.15426756e+00 
 3.76384820e-03  8.73165432e-01  3.76384820e-03  8.42627999e-01  3.76384820e-03  1.15062093e+00 
 3.76884820e-03  8.71261014e-01  3.76884820e-03  8.40362039e-01  3.76884820e-03  1.14622219e+00 
 3.77384820e-03  8.68833806e-01  3.77384820e-03  8.37575095e-01  3.77384820e-03  1.14099176e+00 
 3.77884820e-03  8.65886549e-01  3.77884820e-03  8.34270190e-01  3.77884820e-03  1.13501781e+00 
 3.78384820e-03  8.62422496e-01  3.78384820e-03  8.30450860e-01  3.78384820e-03  1.12822465e+00 
 3.78884820e-03  8.58445411e-01  3.78884820e-03  8.26121150e-01  3.78884820e-03  1.12069967e+00 
 3.79384820e-03  8.53959563e-01  3.79384820e-03  8.21285604e-01  3.79384820e-03  1.11237099e+00 
 3.79884820e-03  8.48969724e-01  3.79884820e-03  8.15949270e-01  3.79884820e-03  1.10332527e+00 
 3.80384820e-03  8.43481164e-01  3.80384820e-03  8.10117685e-01  3.80384820e-03  1.09349435e+00 
 3.80884820e-03  8.37499642e-01  3.80884820e-03  8.03796880e-01  3.80884820e-03  1.08296419e+00 
 3.81384820e-03  8.31031405e-01  3.81384820e-03  7.96993363e-01  3.81384820e-03  1.07167025e+00 
 3.81884820e-03  8.24083182e-01  3.81884820e-03  7.89714124e-01  3.81884820e-03  1.05969780e+00 
 3.82384820e-03  8.16662172e-01  3.82384820e-03  7.81966616e-01  3.82384820e-03  1.04698581e+00 
 3.82884820e-03  8.08776044e-01  3.82884820e-03  7.73758760e-01  3.82884820e-03  1.03361889e+00 
 3.83384820e-03  8.00432922e-01  3.83384820e-03  7.65098926e-01  3.83384820e-03  1.01953943e+00 
 3.83884820e-03  7.91641385e-01  3.83884820e-03  7.55995935e-01  3.83884820e-03  1.00483138e+00 
 3.84384820e-03  7.82410451e-01  3.84384820e-03  7.46459039e-01  3.84384820e-03  9.89440421e-01 
 3.84884820e-03  7.72749573e-01  3.84884820e-03  7.36497924e-01  3.84884820e-03  9.73449851e-01 
 3.85384820e-03  7.62668628e-01  3.85384820e-03  7.26122691e-01  3.85384820e-03  9.56808547e-01 
 3.85884820e-03  7.52177907e-01  3.85884820e-03  7.15343849e-01  3.85884820e-03  9.39599132e-01 
 3.86384820e-03  7.41288105e-01  3.86384820e-03  7.04172309e-01  3.86384820e-03  9.21773559e-01 
 3.86884820e-03  7.30010313e-01  3.86884820e-03  6.92619365e-01  3.86884820e-03  9.03413777e-01 
 3.87384820e-03  7.18356002e-01  3.87384820e-03  6.80696689e-01  3.87384820e-03  8.84486346e-01 
 3.87884820e-03  7.06337014e-01  3.87884820e-03  6.68416318e-01  3.87884820e-03  8.65059408e-01 
 3.88384820e-03  6.93965554e-01  3.88384820e-03  6.55790643e-01  3.88384820e-03  8.45072969e-01 
 3.88884820e-03  6.81254172e-01  3.88884820e-03  6.42832392e-01  3.88884820e-03  8.24645459e-01 
 3.89384820e-03  6.68215754e-01  3.89384820e-03  6.29554624e-01  3.89384820e-03  8.03700297e-01 
 3.89884820e-03  6.54863508e-01  3.89884820e-03  6.15970712e-01  3.89884820e-03  7.82353431e-01 
 3.90384820e-03  6.41210954e-01  3.90384820e-03  6.02094332e-01  3.90384820e-03  7.60532555e-01 
 3.90884820e-03  6.27271904e-01  3.90884820e-03  5.87939447e-01  3.90884820e-03  7.38351172e-01 
 3.91384820e-03  6.13060457e-01  3.91384820e-03  5.73520295e-01  3.91384820e-03  7.15741046e-01 
 3.91884820e-03  5.98590977e-01  3.91884820e-03  5.58851376e-01  3.91884820e-03  6.92813268e-01 
 3.92384820e-03  5.83878086e-01  3.92384820e-03  5.43947435e-01  3.92384820e-03  6.69503475e-01 
 3.92884820e-03  5.68936642e-01  3.92884820e-03  5.28823448e-01  3.92884820e-03  6.45920364e-01 
 3.93384820e-03  5.53781732e-01  3.93384820e-03  5.13494610e-01  3.93384820e-03  6.22003247e-01 
 3.93884820e-03  5.38428652e-01  3.93884820e-03  4.97976317e-01  3.93884820e-03  5.97858445e-01 
 3.94384820e-03  5.22892892e-01  3.94384820e-03  4.82284151e-01  3.94384820e-03  5.73428744e-01 
 3.94884820e-03  5.07190126e-01  3.94884820e-03  4.66433866e-01  3.94884820e-03  5.48818101e-01 
 3.95384820e-03  4.91336188e-01  3.95384820e-03  4.50441374e-01  3.95384820e-03  5.23972582e-01 
 3.95884820e-03  4.75347064e-01  3.95884820e-03  4.34322723e-01  3.95884820e-03  4.98993780e-01 
 3.96384820e-03  4.59238873e-01  3.96384820e-03  4.18094088e-01  3.96384820e-03  4.73830848e-01 
 3.96884820e-03  4.43027851e-01  3.96884820e-03  4.01771752e-01  3.96884820e-03  4.48583016e-01 
 3.97384820e-03  4.26730335e-01  3.97384820e-03  3.85372091e-01  3.97384820e-03  4.23202330e-01 
 3.97884820e-03  4.10362746e-01  3.97884820e-03  3.68911555e-01  3.97884820e-03  3.97785653e-01 
 3.98384820e-03  3.93941577e-01  3.98384820e-03  3.52406656e-01  3.98384820e-03  3.72287732e-01 
 3.98884820e-03  3.77483372e-01  3.98884820e-03  3.35873949e-01  3.98884820e-03  3.46803053e-01 
 3.99384820e-03  3.61004710e-01  3.99384820e-03  3.19330015e-01  3.99384820e-03  3.21288878e-01 
 3.99884820e-03  3.44522193e-01  3.99884820e-03  3.02791447e-01  3.99884820e-03  2.95837303e-01 
 4.00384820e-03  3.28052425e-01  4.00384820e-03  2.86274834e-01  4.00384820e-03  2.70407919e-01 
 4.00884820e-03  3.11611997e-01  4.00884820e-03  2.69796740e-01  4.00884820e-03  2.45090417e-01 
 4.01384820e-03  2.95217471e-01  4.01384820e-03  2.53373692e-01  4.01384820e-03  2.19846536e-01 
 4.01884820e-03  2.78885365e-01  4.01884820e-03  2.37022165e-01  4.01884820e-03  1.94763541e-01 
 4.02384820e-03  2.62632132e-01  4.02384820e-03  2.20758560e-01  4.02384820e-03  1.69805142e-01 
 4.02884820e-03  2.46474151e-01  4.02884820e-03  2.04599192e-01  4.02884820e-03  1.45056156e-01 
 4.03384820e-03  2.30427705e-01  4.03384820e-03  1.88560273e-01  4.03384820e-03  1.20482090e-01 
 4.03884820e-03  2.14508965e-01  4.03884820e-03  1.72657897e-01  4.03884820e-03  9.61652920e-02 
 4.04384820e-03  1.98733979e-01  4.04384820e-03  1.56908021e-01  4.04384820e-03  7.20728928e-02 
 4.04884820e-03  1.83118650e-01  4.04884820e-03  1.41326453e-01  4.04884820e-03  4.82847501e-02 
 4.05384820e-03  1.67678726e-01  4.05384820e-03  1.25928835e-01  4.05384820e-03  2.47694517e-02 
 4.05884820e-03  1.52429781e-01  4.05884820e-03  1.10730626e-01  4.05884820e-03  1.60433941e-03 
 4.06384820e-03  1.37387198e-01  4.06384820e-03  9.57470876e-02  4.06384820e-03 -2.12407035e-02 
 4.06884820e-03  1.22566159e-01  4.06884820e-03  8.09932714e-02  4.06884820e-03 -4.36908747e-02 
 4.07384820e-03  1.07981627e-01  4.07384820e-03  6.64840008e-02  4.07384820e-03 -6.57751523e-02 
 4.07884820e-03  9.36483291e-02  4.07884820e-03  5.22338576e-02  4.07884820e-03 -8.74212987e-02 
 4.08384820e-03  7.95807470e-02  4.08384820e-03  3.82571682e-02  4.08384820e-03 -1.08657305e-01 
 4.08884820e-03  6.57930987e-02  4.08884820e-03  2.45679888e-02  4.08884820e-03 -1.29413521e-01 
 4.09384820e-03  5.22993258e-02  4.09384820e-03  1.11800915e-02  4.09384820e-03 -1.49717098e-01 
 4.09884820e-03  3.91130799e-02  4.09884820e-03 -1.89304891e-03  4.09884820e-03 -1.69500996e-01 
 4.10384820e-03  2.62477092e-02  4.10384820e-03 -1.46382684e-02  4.10384820e-03 -1.88791667e-01 
 4.10884820e-03  1.37162445e-02  4.10884820e-03 -2.70427270e-02  4.10884820e-03 -2.07524701e-01 
 4.11384820e-03  1.53138746e-03  4.11384820e-03 -3.90939211e-02  4.11384820e-03 -2.25725986e-01 
 4.11884820e-03 -1.02945027e-02  4.11884820e-03 -5.07796955e-02  4.11884820e-03 -2.43333763e-01 
 4.12384820e-03 -2.17494212e-02  4.12384820e-03 -6.20882564e-02  4.12384820e-03 -2.60373485e-01 
 4.12884820e-03 -3.28217296e-02  4.12884820e-03 -7.30081823e-02  4.12884820e-03 -2.76786058e-01 
 4.13384820e-03 -4.35001669e-02  4.13384820e-03 -8.35284350e-02  4.13384820e-03 -2.92596623e-01 
 4.13884820e-03 -5.37738612e-02  4.13884820e-03 -9.36383712e-02  4.13884820e-03 -3.07748765e-01 
 4.14384820e-03 -6.36323402e-02  4.14384820e-03 -1.03327753e-01  4.14384820e-03 -3.22267431e-01 
 4.14884820e-03 -7.30655415e-02  4.14884820e-03 -1.12586757e-01  4.14884820e-03 -3.36098898e-01 
 4.15384820e-03 -8.20638224e-02  4.15384820e-03 -1.21405985e-01  4.15384820e-03 -3.49268024e-01 
 4.15884820e-03 -9.06179697e-02  4.15884820e-03 -1.29776474e-01  4.15884820e-03 -3.61723784e-01 
 4.16384820e-03 -9.87192088e-02  4.16384820e-03 -1.37689703e-01  4.16384820e-03 -3.73491055e-01 
 4.16884820e-03 -1.06359212e-01  4.16884820e-03 -1.45137601e-01  4.16884820e-03 -3.84521514e-01 
 4.17384820e-03 -1.13530107e-01  4.17384820e-03 -1.52112560e-01  4.17384820e-03 -3.94840149e-01 
 4.17884820e-03 -1.20224484e-01  4.17884820e-03 -1.58607435e-01  4.17884820e-03 -4.04401341e-01 
 4.18384820e-03 -1.26435405e-01  4.18384820e-03 -1.64615558e-01  4.18384820e-03 -4.13230278e-01 
 4.18884820e-03 -1.32156409e-01  4.18884820e-03 -1.70130740e-01  4.18884820e-03 -4.21284039e-01 
 4.19384820e-03 -1.37381517e-01  4.19384820e-03 -1.75147279e-01  4.19384820e-03 -4.28588096e-01 
 4.19884820e-03 -1.42105241e-01  4.19884820e-03 -1.79659966e-01  4.19884820e-03 -4.35102218e-01 
 4.20384820e-03 -1.46322588e-01  4.20384820e-03 -1.83664087e-01  4.20384820e-03 -4.40852231e-01 
 4.20884820e-03 -1.50029065e-01  4.20884820e-03 -1.87155434e-01  4.20884820e-03 -4.45800585e-01 
 4.21384820e-03 -1.53220681e-01  4.21384820e-03 -1.90130301e-01  4.21384820e-03 -4.49973527e-01 
 4.21884820e-03 -1.55893957e-01  4.21884820e-03 -1.92585494e-01  4.21884820e-03 -4.53336168e-01 
 4.22384820e-03 -1.58045923e-01  4.22384820e-03 -1.94518333e-01  4.22384820e-03 -4.55915236e-01 
 4.22884820e-03 -1.59674125e-01  4.22884820e-03 -1.95926652e-01  4.22884820e-03 -4.57678481e-01 
 4.23384820e-03 -1.60776625e-01  4.23384820e-03 -1.96808804e-01  4.23384820e-03 -4.58653164e-01 
 4.23884820e-03 -1.61352004e-01  4.23884820e-03 -1.97163659e-01  4.23884820e-03 -4.58809648e-01 
 4.24384820e-03 -1.61399365e-01  4.24384820e-03 -1.96990611e-01  4.24384820e-03 -4.58175767e-01 
 4.24884820e-03 -1.60918330e-01  4.24884820e-03 -1.96289573e-01  4.24884820e-03 -4.56724468e-01 
 4.25384820e-03 -1.59909044e-01  4.25384820e-03 -1.95060979e-01  4.25384820e-03 -4.54484197e-01 
 4.25884820e-03 -1.58372173e-01  4.25884820e-03 -1.93305786e-01  4.25884820e-03 -4.51430444e-01 
 4.26384820e-03 -1.56308905e-01  4.26384820e-03 -1.91025468e-01  4.26384820e-03 -4.47592295e-01 
 4.26884820e-03 -1.53720945e-01  4.26884820e-03 -1.88222019e-01  4.26884820e-03 -4.42947745e-01 
 4.27384820e-03 -1.50610518e-01  4.27384820e-03 -1.84897949e-01  4.27384820e-03 -4.37526539e-01 
 4.27884820e-03 -1.46980365e-01  4.27884820e-03 -1.81056284e-01  4.27884820e-03 -4.31309130e-01 
 4.28384820e-03 -1.42833739e-01  4.28384820e-03 -1.76700557e-01  4.28384820e-03 -4.24325939e-01 
 4.28884820e-03 -1.38174403e-01  4.28884820e-03 -1.71834811e-01  4.28884820e-03 -4.16559820e-01 
 4.29384820e-03 -1.33006626e-01  4.29384820e-03 -1.66463593e-01  4.29384820e-03 -4.08041879e-01 
 4.29884820e-03 -1.27335181e-01  4.29884820e-03 -1.60591948e-01  4.29884820e-03 -3.98757318e-01 
 4.30384820e-03 -1.21165335e-01  4.30384820e-03 -1.54225414e-01  4.30384820e-03 -3.88737923e-01 
 4.30884820e-03 -1.14502848e-01  4.30884820e-03 -1.47370020e-01  4.30884820e-03 -3.77971181e-01 
 4.31384820e-03 -1.07353969e-01  4.31384820e-03 -1.40032276e-01  4.31384820e-03 -3.66489554e-01 
 4.31884820e-03 -9.97254226e-02  4.31884820e-03 -1.32219168e-01  4.31884820e-03 -3.54282748e-01 
 4.32384820e-03 -9.16244107e-02  4.32384820e-03 -1.23938153e-01  4.32384820e-03 -3.41383883e-01 
 4.32884820e-03 -8.30585999e-02  4.32884820e-03 -1.15197147e-01  4.32884820e-03 -3.27784816e-01 
 4.33384820e-03 -7.40361161e-02  4.33384820e-03 -1.06004523e-01  4.33384820e-03 -3.13519304e-01 
 4.33884820e-03 -6.45655358e-02  4.33884820e-03 -9.63690987e-02  4.33884820e-03 -2.98581276e-01 
 4.34384820e-03 -5.46558781e-02  4.34384820e-03 -8.63001287e-02  4.34384820e-03 -2.83005102e-01 
 4.34884820e-03 -4.43165953e-02  4.34884820e-03 -7.58072961e-02  4.34884820e-03 -2.66786702e-01 
 4.35384820e-03 -3.35575642e-02  4.35384820e-03 -6.49007022e-02  4.35384820e-03 -2.49961026e-01 
 4.35884820e-03 -2.23890756e-02  4.35884820e-03 -5.35908568e-02  4.35884820e-03 -2.32525901e-01 
 4.36384820e-03 -1.08218248e-02  4.36384820e-03 -4.18886680e-02  4.36384820e-03 -2.14516816e-01 
 4.36884820e-03  1.13309926e-03  4.36884820e-03 -2.98054311e-02  4.36884820e-03 -1.95933416e-01 
 4.37384820e-03  1.34642250e-02  4.37384820e-03 -1.73528177e-02  4.37384820e-03 -1.76811686e-01 
 4.37884820e-03  2.61597093e-02  4.37884820e-03 -4.54286408e-03  4.37884820e-03 -1.57152998e-01 
 4.38384820e-03  3.92073494e-02  4.38384820e-03  8.61204070e-03  4.38384820e-03 -1.36993782e-01 
 4.38884820e-03  5.25945949e-02  4.38884820e-03  2.20991670e-02  4.38884820e-03 -1.16337040e-01 
 4.39384820e-03  6.63085599e-02  4.39384820e-03  3.59054571e-02  4.39384820e-03 -9.52195924e-02 
 4.39884820e-03  8.03360361e-02  4.39884820e-03  5.00175382e-02  4.39884820e-03 -7.36459715e-02 
 4.40384820e-03  9.46635057e-02  4.40384820e-03  6.44217355e-02  4.40384820e-03 -5.16533304e-02 
 4.40884820e-03  1.09277155e-01  4.40884820e-03  7.91040857e-02  4.40884820e-03 -2.92476290e-02 
 4.41384820e-03  1.24162886e-01  4.41384820e-03  9.40503510e-02  4.41384820e-03 -6.46628831e-03 
 4.41884820e-03  1.39306334e-01  4.41884820e-03  1.09246033e-01  4.41884820e-03  1.66834083e-02 
 4.42384820e-03  1.54692880e-01  4.42384820e-03  1.24676387e-01  4.42384820e-03  4.01638400e-02 
 4.42884820e-03  1.70307664e-01  4.42884820e-03  1.40326435e-01  4.42884820e-03  6.39665071e-02 
 4.43384820e-03  1.86135599e-01  4.43384820e-03  1.56180986e-01  4.43384820e-03  8.80536600e-02 
 4.43884820e-03  2.02161391e-01  4.43884820e-03  1.72224643e-01  4.43884820e-03  1.12415693e-01 
 4.44384820e-03  2.18369549e-01  4.44384820e-03  1.88441823e-01  4.44384820e-03  1.37014801e-01 
 4.44884820e-03  2.34744400e-01  4.44884820e-03  2.04816774e-01  4.44884820e-03  1.61840383e-01 
 4.45384820e-03  2.51270109e-01  4.45384820e-03  2.21333585e-01  4.45384820e-03  1.86854657e-01 
 4.45884820e-03  2.67930692e-01  4.45884820e-03  2.37976207e-01  4.45884820e-03  2.12046140e-01 
 4.46384820e-03  2.84710029e-01  4.46384820e-03  2.54728465e-01  4.46384820e-03  2.37377152e-01 
 4.46884820e-03  3.01591885e-01  4.46884820e-03  2.71574078e-01  4.46884820e-03  2.62835440e-01 
 4.47384820e-03  3.18559924e-01  4.47384820e-03  2.88496671e-01  4.47384820e-03  2.88383509e-01 
 4.47884820e-03  3.35597723e-01  4.47884820e-03  3.05479792e-01  4.47884820e-03  3.14008449e-01 
 4.48384820e-03  3.52688791e-01  4.48384820e-03  3.22506932e-01  4.48384820e-03  3.39673034e-01 
 4.48884820e-03  3.69816584e-01  4.48884820e-03  3.39561535e-01  4.48884820e-03  3.65363814e-01 
 4.49384820e-03  3.86964523e-01  4.49384820e-03  3.56627020e-01  4.49384820e-03  3.91043915e-01 
 4.49884820e-03  4.04116006e-01  4.49884820e-03  3.73686795e-01  4.49884820e-03  4.16699458e-01 
 4.50384820e-03  4.21254430e-01  4.50384820e-03  3.90724273e-01  4.50384820e-03  4.42294009e-01 
 4.50884820e-03  4.38363205e-01  4.50884820e-03  4.07722888e-01  4.50884820e-03  4.67813376e-01 
 4.51384820e-03  4.55425767e-01  4.51384820e-03  4.24666113e-01  4.51384820e-03  4.93221647e-01 
 4.51884820e-03  4.72425600e-01  4.51884820e-03  4.41537476e-01  4.51884820e-03  5.18504432e-01 
 4.52384820e-03  4.89346250e-01  4.52384820e-03  4.58320576e-01  4.52384820e-03  5.43626427e-01 
 4.52884820e-03  5.06171339e-01  4.52884820e-03  4.74999097e-01  4.52884820e-03  5.68573156e-01 
 4.53384820e-03  5.22884586e-01  4.53384820e-03  4.91556828e-01  4.53384820e-03  5.93310006e-01 
 4.53884820e-03  5.39469817e-01  4.53884820e-03  5.07977677e-01  4.53884820e-03  6.17822525e-01 
 4.54384820e-03  5.55910987e-01  4.54384820e-03  5.24245684e-01  4.54384820e-03  6.42076880e-01 
 4.54884820e-03  5.72192191e-01  4.54884820e-03  5.40345044e-01  4.54884820e-03  6.66058749e-01 
 4.55384820e-03  5.88297683e-01  4.55384820e-03  5.56260116e-01  4.55384820e-03  6.89735160e-01 
 4.55884820e-03  6.04211889e-01  4.55884820e-03  5.71975439e-01  4.55884820e-03  7.13092029e-01 
 4.56384820e-03  6.19919426e-01  4.56384820e-03  5.87475754e-01  4.56384820e-03  7.36097325e-01 
 4.56884820e-03  6.35405111e-01  4.56884820e-03  6.02746008e-01  4.56884820e-03  7.58737308e-01 
 4.57384820e-03  6.50653984e-01  4.57384820e-03  6.17771380e-01  4.57384820e-03  7.80980966e-01 
 4.57884820e-03  6.65651316e-01  4.57884820e-03  6.32537288e-01  4.57884820e-03  8.02815002e-01 
 4.58384820e-03  6.80382626e-01  4.58384820e-03  6.47029404e-01  4.58384820e-03  8.24209503e-01 
 4.58884820e-03  6.94833697e-01  4.58884820e-03  6.61233675e-01  4.58884820e-03  8.45151710e-01 
 4.59384820e-03  7.08990587e-01  4.59384820e-03  6.75136329e-01  4.59384820e-03  8.65612882e-01 
 4.59884820e-03  7.22839644e-01  4.59884820e-03  6.88723890e-01  4.59884820e-03  8.85582747e-01 
 4.60384820e-03  7.36367522e-01  4.60384820e-03  7.01983195e-01  4.60384820e-03  9.05061470e-01 
 4.60884820e-03  7.49561189e-01  4.60884820e-03  7.14901405e-01  4.60884820e-03  9.23944990e-01 
 4.61384820e-03  7.62407944e-01  4.61384820e-03  7.27466016e-01  4.61384820e-03  9.42332470e-01 
 4.61884820e-03  7.74895428e-01  4.61884820e-03  7.39664875e-01  4.61884820e-03  9.60089752e-01 
 4.62384820e-03  7.87011637e-01  4.62384820e-03  7.51486186e-01  4.62384820e-03  9.77313825e-01 
 4.62884820e-03  7.98744932e-01  4.62884820e-03  7.62918530e-01  4.62884820e-03  9.93874920e-01 
 4.63384820e-03  8.10084052e-01  4.63384820e-03  7.73950869e-01  4.63384820e-03  1.00986801e+00 
 4.63884820e-03  8.21018127e-01  4.63884820e-03  7.84572559e-01  4.63884820e-03  1.02516769e+00 
 4.64384820e-03  8.31536683e-01  4.64384820e-03  7.94773363e-01  4.64384820e-03  1.03986707e+00 
 4.64884820e-03  8.41629660e-01  4.64884820e-03  8.04543459e-01  4.64884820e-03  1.05384508e+00 
 4.65384820e-03  8.51287413e-01  4.65384820e-03  8.13873449e-01  4.65384820e-03  1.06719313e+00 
 4.65884820e-03  8.60500732e-01  4.65884820e-03  8.22754368e-01  4.65884820e-03  1.07979445e+00 
 4.66384820e-03  8.69260840e-01  4.66384820e-03  8.31177698e-01  4.66384820e-03  1.09173886e+00 
 4.66884820e-03  8.77559411e-01  4.66884820e-03  8.39135368e-01  4.66884820e-03  1.10291389e+00 
 4.67384820e-03  8.85388572e-01  4.67384820e-03  8.46619770e-01  4.67384820e-03  1.11340791e+00 
 4.67884820e-03  8.92740916e-01  4.67884820e-03  8.53623760e-01  4.67884820e-03  1.12311267e+00 
 4.68384820e-03  8.99609502e-01  4.68384820e-03  8.60140670e-01  4.68384820e-03  1.13211524e+00 
 4.68884820e-03  9.05987870e-01  4.68884820e-03  8.66164311e-01  4.68884820e-03  1.14031158e+00 
 4.69384820e-03  9.11870043e-01  4.69384820e-03  8.71688982e-01  4.69384820e-03  1.14778754e+00 
 4.69884820e-03  9.17250532e-01  4.69884820e-03  8.76709473e-01  4.69884820e-03  1.15444325e+00 
 4.70384820e-03  9.22124344e-01  4.70384820e-03  8.81221073e-01  4.70384820e-03  1.16036345e+00 
 4.70884820e-03  9.26486987e-01  4.70884820e-03  8.85219572e-01  4.70884820e-03  1.16545239e+00 
 4.71384820e-03  9.30334470e-01  4.71384820e-03  8.88701267e-01  4.71384820e-03  1.16979383e+00 
 4.71884820e-03  9.33663315e-01  4.71884820e-03  8.91662962e-01  4.71884820e-03  1.17329606e+00 
 4.72384820e-03  9.36470550e-01  4.72384820e-03  8.94101979e-01  4.72384820e-03  1.17604193e+00 
 4.72884820e-03  9.38753724e-01  4.72884820e-03  8.96016151e-01  4.72884820e-03  1.17794377e+00 
 4.73384820e-03  9.40510897e-01  4.73384820e-03  8.97403831e-01  4.73384820e-03  1.17908359e+00 
 4.73884820e-03  9.41740652e-01  4.73884820e-03  8.98263892e-01  4.73884820e-03  1.17937767e+00 
 4.74384820e-03  9.42442091e-01  4.74384820e-03  8.98595727e-01  4.74384820e-03  1.17890727e+00 
 4.74884820e-03  9.42614837e-01  4.74884820e-03  8.98399249e-01  4.74884820e-03  1.17759258e+00 
 4.75384820e-03  9.42259035e-01  4.75384820e-03  8.97674893e-01  4.75384820e-03  1.17551415e+00 
 4.75884820e-03  9.41375352e-01  4.75884820e-03  8.96423616e-01  4.75884820e-03  1.17259600e+00 
 4.76384820e-03  9.39964975e-01  4.76384820e-03  8.94646893e-01  4.76384820e-03  1.16891807e+00 
 4.76884820e-03  9.38029610e-01  4.76884820e-03  8.92346718e-01  4.76884820e-03  1.16440813e+00 
 4.77384820e-03  9.35571482e-01  4.77384820e-03  8.89525601e-01  4.77384820e-03  1.15914553e+00 
 4.77884820e-03  9.32593332e-01  4.77884820e-03  8.86186569e-01  4.77884820e-03  1.15306173e+00 
 4.78384820e-03  9.29098414e-01  4.78384820e-03  8.82333155e-01  4.78384820e-03  1.14623556e+00 
 4.78884820e-03  9.25090491e-01  4.78884820e-03  8.77969404e-01  4.78884820e-03  1.13860206e+00 
 4.79384820e-03  9.20573833e-01  4.79384820e-03  8.73099861e-01  4.79384820e-03  1.13023955e+00 
 4.79884820e-03  9.15553211e-01  4.79884820e-03  8.67729572e-01  4.79884820e-03  1.12108661e+00 
 4.80384820e-03  9.10033894e-01  4.80384820e-03  8.61864077e-01  4.80384820e-03  1.11122108e+00 
 4.80884820e-03  9.04021642e-01  4.80884820e-03  8.55509404e-01  4.80884820e-03  1.10058497e+00 
 4.81384820e-03  8.97522704e-01  4.81384820e-03  8.48672063e-01  4.81384820e-03  1.08925566e+00 
 4.81884820e-03  8.90543805e-01  4.81884820e-03  8.41359042e-01  4.81884820e-03  1.07717848e+00 
 4.82384820e-03  8.83092148e-01  4.82384820e-03  8.33577797e-01  4.82384820e-03  1.06443039e+00 
 4.82884820e-03  8.75175398e-01  4.82884820e-03  8.25336245e-01  4.82884820e-03  1.05095996e+00 
 4.83384820e-03  8.66801683e-01  4.83384820e-03  8.16642760e-01  4.83384820e-03  1.03684371e+00 
 4.83884820e-03  8.57979578e-01  4.83884820e-03  8.07506158e-01  4.83884820e-03  1.02203332e+00 
 4.84384820e-03  8.48718104e-01  4.84384820e-03  7.97935697e-01  4.84384820e-03  1.00660489e+00 
 4.84884820e-03  8.39026713e-01  4.84884820e-03  7.87941058e-01  4.84884820e-03  9.90513145e-01 
 4.85384820e-03  8.28915282e-01  4.85384820e-03  7.77532344e-01  4.85384820e-03  9.73833710e-01 
 4.85884820e-03  8.18394102e-01  4.85884820e-03  7.66720065e-01  4.85884820e-03  9.56524249e-01 
 4.86384820e-03  8.07473868e-01  4.86384820e-03  7.55515129e-01  4.86384820e-03  9.38659918e-01 
 4.86884820e-03  7.96165670e-01  4.86884820e-03  7.43928832e-01  4.86884820e-03  9.20201193e-01 
 4.87384820e-03  7.84480980e-01  4.87384820e-03  7.31972847e-01  4.87384820e-03  9.01222744e-01 
 4.87884820e-03  7.72431640e-01  4.87884820e-03  7.19659209e-01  4.87884820e-03  8.81687742e-01 
 4.88384820e-03  7.60029855e-01  4.88384820e-03  7.07000308e-01  4.88384820e-03  8.61670346e-01 
 4.88884820e-03  7.47288174e-01  4.88884820e-03  6.94008875e-01  4.88884820e-03  8.41153493e-01 
 4.89384820e-03  7.34219484e-01  4.89384820e-03  6.80697967e-01  4.89384820e-03  8.20178395e-01 
 4.89884820e-03  7.20836993e-01  4.89884820e-03  6.67080957e-01  4.89884820e-03  7.98725468e-01 
 4.90384820e-03  7.07154220e-01  4.90384820e-03  6.53171522e-01  4.90384820e-03  7.76873559e-01 
 4.90884820e-03  6.93184978e-01  4.90884820e-03  6.38983623e-01  4.90884820e-03  7.54587668e-01 
 4.91384820e-03  6.78943365e-01  4.91384820e-03  6.24531501e-01  4.91384820e-03  7.31945461e-01 
 4.91884820e-03  6.64443747e-01  4.91884820e-03  6.09829653e-01  4.91884820e-03  7.08914683e-01 
 4.92384820e-03  6.49700743e-01  4.92384820e-03  5.94892824e-01  4.92384820e-03  6.85571803e-01 
 4.92884820e-03  6.34729213e-01  4.92884820e-03  5.79735993e-01  4.92884820e-03  6.61887155e-01 
 4.93384820e-03  6.19544244e-01  4.93384820e-03  5.64374352e-01  4.93384820e-03  6.37935988e-01 
 4.93884820e-03  6.04161130e-01  4.93884820e-03  5.48823298e-01  4.93884820e-03  6.13691069e-01 
 4.94384820e-03  5.88595364e-01  4.94384820e-03  5.33098413e-01  4.94384820e-03  5.89226396e-01 
 4.94884820e-03  5.72862618e-01  4.94884820e-03  5.17215452e-01  4.94884820e-03  5.64517014e-01 
 4.95384820e-03  5.56978726e-01  4.95384820e-03  5.01190324e-01  4.95384820e-03  5.39635641e-01 
 4.95884820e-03  5.40959675e-01  4.95884820e-03  4.85039079e-01  4.95884820e-03  5.14559439e-01 
 4.96384820e-03  5.24821583e-01  4.96384820e-03  4.68777893e-01  4.96384820e-03  4.89359809e-01 
 4.96884820e-03  5.08580686e-01  4.96884820e-03  4.52423047e-01  4.96884820e-03  4.64015876e-01 
 4.97384820e-03  4.92253321e-01  4.97384820e-03  4.35990917e-01  4.97384820e-03  4.38597685e-01 
 4.97884820e-03  4.75855910e-01  4.97884820e-03  4.19497955e-01  4.97884820e-03  4.13086168e-01 
 4.98384820e-03  4.59404945e-01  4.98384820e-03  4.02960670e-01  4.98384820e-03  3.87549970e-01 
 4.98884820e-03  4.42916970e-01  4.98884820e-03  3.86395619e-01  4.98884820e-03  3.61971676e-01 
 4.99384820e-03  4.26408565e-01  4.99384820e-03  3.69819382e-01  4.99384820e-03  3.36418488e-01 
 4.99884820e-03  4.09896330e-01  4.99884820e-03  3.53248554e-01  4.99884820e-03  3.10874488e-01 
 5.00384820e-03  3.93396871e-01  5.00384820e-03  3.36699720e-01  5.00384820e-03  2.85405387e-01 
 5.00884820e-03  3.76926777e-01  5.00884820e-03  3.20189447e-01  5.00884820e-03  2.59996617e-01 
 5.01384820e-03  3.60502612e-01  5.01384820e-03  3.03734263e-01  5.01384820e-03  2.34712347e-01 
 5.01884820e-03  3.44140892e-01  5.01884820e-03  2.87350639e-01  5.01884820e-03  2.09539207e-01 
 5.02384820e-03  3.27858073e-01  5.02384820e-03  2.71054979e-01  5.02384820e-03  1.84539777e-01 
 5.02884820e-03  3.11670530e-01  5.02884820e-03  2.54863597e-01  5.02884820e-03  1.59701739e-01 
 5.03384820e-03  2.95594548e-01  5.03384820e-03  2.38792705e-01  5.03384820e-03  1.35086031e-01 
 5.03884820e-03  2.79646299e-01  5.03884820e-03  2.22858397e-01  5.03884820e-03  1.10681242e-01 
 5.04384820e-03  2.63841829e-01  5.04384820e-03  2.07076630e-01  5.04384820e-03  8.65466183e-02 
 5.04884820e-03  2.48197043e-01  5.04884820e-03  1.91463213e-01  5.04884820e-03  6.26715166e-02 
 5.05384820e-03  2.32727688e-01  5.05384820e-03  1.76033785e-01  5.05384820e-03  3.91134386e-02 
 5.05884820e-03  2.17449336e-01  5.05884820e-03  1.60803807e-01  5.05884820e-03  1.58623706e-02 
 5.06384820e-03  2.02377373e-01  5.06384820e-03  1.45788541e-01  5.06384820e-03 -7.02598003e-03 
 5.06884820e-03  1.87526980e-01  5.06884820e-03  1.31003038e-01  5.06884820e-03 -2.95611309e-02 
 5.07384820e-03  1.72913119e-01  5.07384820e-03  1.16462121e-01  5.07384820e-03 -5.16892190e-02 
 5.07884820e-03  1.58550519e-01  5.07884820e-03  1.02180372e-01  5.07884820e-03 -7.34193955e-02 
 5.08384820e-03  1.44453660e-01  5.08384820e-03  8.81721172e-02  5.08384820e-03 -9.46996901e-02 
 5.08884820e-03  1.30636760e-01  5.08884820e-03  7.44514130e-02  5.08884820e-03 -1.15539012e-01 
 5.09384820e-03  1.17113761e-01  5.09384820e-03  6.10320314e-02  5.09384820e-03 -1.35887332e-01 
 5.09884820e-03  1.03898315e-01  5.09884820e-03  4.79274472e-02  5.09884820e-03 -1.55753437e-01 
 5.10384820e-03  9.10037700e-02  5.10384820e-03  3.51508241e-02  5.10384820e-03 -1.75089281e-01 
 5.10884820e-03  7.84431564e-02  5.10884820e-03  2.27150022e-02  5.10884820e-03 -1.93903647e-01 
 5.11384820e-03  6.62291759e-02  5.11384820e-03  1.06324853e-02  5.11384820e-03 -2.12150514e-01 
 5.11884820e-03  5.43741879e-02  5.11884820e-03 -1.08457190e-03  5.11884820e-03 -2.29838771e-01 
 5.12384820e-03  4.28901970e-02  5.12384820e-03 -1.24243754e-02  5.12384820e-03 -2.46924461e-01 
 5.12884820e-03  3.17888417e-02  5.12884820e-03 -2.33755036e-02  5.12884820e-03 -2.63416685e-01 
 5.13384820e-03  2.10813830e-02  5.13384820e-03 -3.39269186e-02  5.13384820e-03 -2.79273584e-01 
 5.13884820e-03  1.07786926e-02  5.13884820e-03 -4.40679772e-02  5.13884820e-03 -2.94504570e-01 
 5.14384820e-03  8.91242997e-04  5.14384820e-03 -5.37884412e-02  5.14384820e-03 -3.09069917e-01 
 5.14884820e-03 -8.57090348e-03  5.14884820e-03 -6.30784876e-02  5.14884820e-03 -3.22979439e-01 
 5.15384820e-03 -1.75981043e-02  5.15384820e-03 -7.19287185e-02  5.15384820e-03 -3.36195574e-01 
 5.15884820e-03 -2.61811461e-02  5.15884820e-03 -8.03301700e-02  5.15884820e-03 -3.48728623e-01 
 5.16384820e-03 -3.43112544e-02  5.16384820e-03 -8.82743212e-02  5.16384820e-03 -3.60543211e-01 
 5.16884820e-03 -4.19801015e-02  5.16884820e-03 -9.57531027e-02  5.16884820e-03 -3.71650211e-01 
 5.17384820e-03 -4.91798150e-02  5.17384820e-03 -1.02758905e-01  5.17384820e-03 -3.82016455e-01 
 5.17884820e-03 -5.59029859e-02  5.17884820e-03 -1.09284584e-01  5.17884820e-03 -3.91653459e-01 
 5.18384820e-03 -6.21426754e-02  5.18384820e-03 -1.15323471e-01  5.18384820e-03 -4.00530277e-01 
 5.18884820e-03 -6.78924221e-02  5.18884820e-03 -1.20869377e-01  5.18884820e-03 -4.08659141e-01 
 5.19384820e-03 -7.31462480e-02  5.19384820e-03 -1.25916602e-01  5.19384820e-03 -4.16011335e-01 
 5.19884820e-03 -7.78986651e-02  5.19884820e-03 -1.30459934e-01  5.19884820e-03 -4.22599867e-01 
 5.20384820e-03 -8.21446798e-02  5.20384820e-03 -1.34494661e-01  5.20384820e-03 -4.28398259e-01 
 5.20884820e-03 -8.58797988e-02  5.20884820e-03 -1.38016574e-01  5.20884820e-03 -4.33420347e-01 
 5.21384820e-03 -8.91000330e-02  5.21384820e-03 -1.41021969e-01  5.21384820e-03 -4.37641893e-01 
 5.21884820e-03 -9.18019015e-02  5.21884820e-03 -1.43507650e-01  5.21884820e-03 -4.41077608e-01 
 5.22384820e-03 -9.39824351e-02  5.22384820e-03 -1.45470938e-01  5.22384820e-03 -4.43705491e-01 
 5.22884820e-03 -9.56391794e-02  5.22884820e-03 -1.46909667e-01  5.22884820e-03 -4.45541167e-01 
 5.23384820e-03 -9.67701968e-02  5.23384820e-03 -1.47822189e-01  5.23384820e-03 -4.46564860e-01 
 5.23884820e-03 -9.73740688e-02  5.23884820e-03 -1.48207375e-01  5.23884820e-03 -4.46793146e-01 
 5.24384820e-03 -9.74498972e-02  5.24384820e-03 -1.48064619e-01  5.24384820e-03 -4.46208459e-01 
 5.24884820e-03 -9.69973051e-02  5.24884820e-03 -1.47393834e-01  5.24884820e-03 -4.44828349e-01 
 5.25384820e-03 -9.60164372e-02  5.25384820e-03 -1.46195455e-01  5.25384820e-03 -4.42637440e-01 
 5.25884820e-03 -9.45079596e-02  5.25884820e-03 -1.44470437e-01  5.25884820e-03 -4.39654277e-01 
 5.26384820e-03 -9.24730593e-02  5.26384820e-03 -1.42220255e-01  5.26384820e-03 -4.35865647e-01 
 5.26884820e-03 -8.99134430e-02  5.26884820e-03 -1.39446904e-01  5.26884820e-03 -4.31291101e-01 
 5.27384820e-03 -8.68313352e-02  5.27384820e-03 -1.36152894e-01  5.27384820e-03 -4.25919558e-01 
 5.27884820e-03 -8.32294762e-02  5.27884820e-03 -1.32341248e-01  5.27884820e-03 -4.19771581e-01 
 5.28384820e-03 -7.91111194e-02  5.28384820e-03 -1.28015503e-01  5.28384820e-03 -4.12838183e-01 
 5.28884820e-03 -7.44800282e-02  5.28884820e-03 -1.23179700e-01  5.28884820e-03 -4.05140939e-01 
 5.29384820e-03 -6.93404718e-02  5.29384820e-03 -1.17838386e-01  5.29384820e-03 -3.96672912e-01 
 5.29884820e-03 -6.36972217e-02  5.29884820e-03 -1.11996606e-01  5.29884820e-03 -3.87456679e-01 
 5.30384820e-03 -5.75555462e-02  5.30384820e-03 -1.05659900e-01  5.30384820e-03 -3.77487307e-01 
 5.30884820e-03 -5.09212060e-02  5.30884820e-03 -9.88342946e-02  5.30884820e-03 -3.66788359e-01 
 5.31384820e-03 -4.38004478e-02  5.31384820e-03 -9.15263006e-02  5.31384820e-03 -3.55356853e-01 
 5.31884820e-03 -3.61999988e-02  5.31884820e-03 -8.37429046e-02  5.31884820e-03 -3.43217318e-01 
 5.32384820e-03 -2.81270595e-02  5.32384820e-03 -7.54915624e-02  5.32384820e-03 -3.30368663e-01 
 5.32884820e-03 -1.95892968e-02  5.32884820e-03 -6.67801919e-02  5.32884820e-03 -3.16836355e-01 
 5.33384820e-03 -1.05948365e-02  5.33384820e-03 -5.76171650e-02  5.33384820e-03 -3.02621132e-01 
 5.33884820e-03 -1.15225536e-03  5.33884820e-03 -4.80112994e-02  5.33884820e-03 -2.87749363e-01 
 5.34384820e-03  8.72942768e-03  5.34384820e-03 -3.79718500e-02  5.34384820e-03 -2.72223546e-01 
 5.34884820e-03  1.90407601e-02  5.34884820e-03 -2.75084999e-02  5.34884820e-03 -2.56070916e-01 
 5.35384820e-03  2.97718654e-02  5.35384820e-03 -1.66313503e-02  5.35384820e-03 -2.39295657e-01 
 5.35884820e-03  4.09124524e-02  5.35884820e-03 -5.35091135e-03  5.35884820e-03 -2.21925822e-01 
 5.36384820e-03  5.24518259e-02  5.36384820e-03  6.32190904e-03  5.36384820e-03 -2.03967204e-01 
 5.36884820e-03  6.43788970e-02  5.36884820e-03  1.83758154e-02  5.36884820e-03 -1.85448624e-01 
 5.37384820e-03  7.66821941e-02  5.37384820e-03  3.07991362e-02  5.37384820e-03 -1.66377405e-01 
 5.37884820e-03  8.93498740e-02  5.37884820e-03  4.35798351e-02  5.37884820e-03 -1.46783077e-01 
 5.38384820e-03  1.02369734e-01  5.38384820e-03  5.67055230e-02  5.38384820e-03 -1.26674405e-01 
 5.38884820e-03  1.15729223e-01  5.38884820e-03  7.01634701e-02  5.38884820e-03 -1.06081572e-01 
 5.39384820e-03  1.29415457e-01  5.39384820e-03  8.39406187e-02  5.39384820e-03 -8.50146945e-02 
 5.39884820e-03  1.43415225e-01  5.39884820e-03  9.80235960e-02  5.39884820e-03 -6.35045412e-02 
 5.40384820e-03  1.57715011e-01  5.40384820e-03  1.12398727e-01  5.40384820e-03 -4.15624886e-02 
 5.40884820e-03  1.72301001e-01  5.40884820e-03  1.27052049e-01  5.40884820e-03 -1.92198217e-02 
 5.41384820e-03  1.87159097e-01  5.41384820e-03  1.41969323e-01  5.41384820e-03  3.51091943e-03 
 5.41884820e-03  2.02274934e-01  5.41884820e-03  1.57136051e-01  5.41884820e-03  2.65980063e-02 
 5.42384820e-03  2.17633893e-01  5.42384820e-03  1.72537489e-01  5.42384820e-03  5.00278343e-02 
 5.42884820e-03  2.33221113e-01  5.42884820e-03  1.88158659e-01  5.42884820e-03  7.37683083e-02 
 5.43384820e-03  2.49021510e-01  5.43384820e-03  2.03984368e-01  5.43384820e-03  9.78048602e-02 
 5.43884820e-03  2.65019786e-01  5.43884820e-03  2.19999221e-01  5.43884820e-03  1.22105109e-01 
 5.44384820e-03  2.81200453e-01  5.44384820e-03  2.36187634e-01  5.44384820e-03  1.46653625e-01 
 5.44884820e-03  2.97547837e-01  5.44884820e-03  2.52533855e-01  5.44884820e-03  1.71417824e-01 
 5.45384820e-03  3.14046102e-01  5.45384820e-03  2.69021974e-01  5.45384820e-03  1.96381522e-01 
 5.45884820e-03  3.30679265e-01  5.45884820e-03  2.85635941e-01  5.45884820e-03  2.21512016e-01 
 5.46384820e-03  3.47431207e-01  5.46384820e-03  3.02359581e-01  5.46384820e-03  2.46792473e-01 
 5.46884820e-03  3.64285691e-01  5.46884820e-03  3.19176613e-01  5.46884820e-03  2.72190159e-01 
 5.47384820e-03  3.81226382e-01  5.47384820e-03  3.36070661e-01  5.47384820e-03  2.97687700e-01 
 5.47884820e-03  3.98236856e-01  5.47884820e-03  3.53025276e-01  5.47884820e-03  3.23252418e-01 
 5.48384820e-03  4.15300624e-01  5.48384820e-03  3.70023945e-01  5.48384820e-03  3.48866509e-01 
 5.48884820e-03  4.32401140e-01  5.48884820e-03  3.87050115e-01  5.48884820e-03  3.74497440e-01 
 5.49384820e-03  4.49521826e-01  5.49384820e-03  4.04087203e-01  5.49384820e-03  4.00127084e-01 
 5.49884820e-03  4.66646080e-01  5.49884820e-03  4.21118619e-01  5.49884820e-03  4.25723146e-01 
 5.50384820e-03  4.83757298e-01  5.50384820e-03  4.38127773e-01  5.50384820e-03  4.51267283e-01 
 5.50884820e-03  5.00838890e-01  5.50884820e-03  4.55098102e-01  5.50884820e-03  4.76727529e-01 
 5.51384820e-03  5.17874294e-01  5.51384820e-03  4.72013078e-01  5.51384820e-03  5.02085436e-01 
 5.51884820e-03  5.34846992e-01  5.51884820e-03  4.88856228e-01  5.51884820e-03  5.27309454e-01 
 5.52384820e-03  5.51740531e-01  5.52384820e-03  5.05611152e-01  5.52384820e-03  5.52381138e-01 
 5.52884820e-03  5.68538533e-01  5.52884820e-03  5.22261533e-01  5.52884820e-03  5.77269448e-01 
 5.53384820e-03  5.85224715e-01  5.53384820e-03  5.38791161e-01  5.53384820e-03  6.01956045e-01 
 5.53884820e-03  6.01782906e-01  5.53884820e-03  5.55183942e-01  5.53884820e-03  6.26410489e-01 
 5.54384820e-03  6.18197058e-01  5.54384820e-03  5.71423919e-01  5.54384820e-03  6.50614653e-01 
 5.54884820e-03  6.34451269e-01  5.54884820e-03  5.87495284e-01  5.54884820e-03  6.74538784e-01 
 5.55384820e-03  6.50529790e-01  5.55384820e-03  6.03382398e-01  5.55384820e-03  6.98165071e-01 
 5.55884820e-03  6.66417049e-01  5.55884820e-03  6.19069800e-01  5.55884820e-03  7.21464534e-01 
 5.56384820e-03  6.82097662e-01  5.56384820e-03  6.34542229e-01  5.56384820e-03  7.44419777e-01 
 5.56884820e-03  6.97556447e-01  5.56884820e-03  6.49784635e-01  5.56884820e-03  7.67002681e-01 
 5.57384820e-03  7.12778443e-01  5.57384820e-03  6.64782194e-01  5.57384820e-03  7.89196361e-01 
 5.57884820e-03  7.27748922e-01  5.57884820e-03  6.79520324e-01  5.57884820e-03  8.10973640e-01 
 5.58384820e-03  7.42453402e-01  5.58384820e-03  6.93984700e-01  5.58384820e-03  8.32318240e-01 
 5.58884820e-03  7.56877665e-01  5.58884820e-03  7.08161266e-01  5.58884820e-03  8.53217113e-01 
 5.59384820e-03  7.71007772e-01  5.59384820e-03  7.22036250e-01  5.59384820e-03  8.73639175e-01 
 5.59884820e-03  7.84830069e-01  5.59884820e-03  7.35596178e-01  5.59884820e-03  8.93539718e-01 
 5.60384820e-03  7.98331209e-01  5.60384820e-03  7.48827887e-01  5.60384820e-03  9.12947710e-01 
 5.60884820e-03  8.11498162e-01  5.60884820e-03  7.61718535e-01  5.60884820e-03  9.31796103e-01 
 5.61384820e-03  8.24318226e-01  5.61384820e-03  7.74255621e-01  5.61384820e-03  9.50113548e-01 
 5.61884820e-03  8.36779043e-01  5.61884820e-03  7.86426990e-01  5.61884820e-03  9.67835408e-01 
 5.62384820e-03  8.48868606e-01  5.62384820e-03  7.98220848e-01  5.62384820e-03  9.84990129e-01 
 5.62884820e-03  8.60575280e-01  5.62884820e-03  8.09625774e-01  5.62884820e-03  1.00151552e+00 
 5.63384820e-03  8.71887802e-01  5.63384820e-03  8.20630730e-01  5.63384820e-03  1.01743992e+00 
 5.63884820e-03  8.82795301e-01  5.63884820e-03  8.31225073e-01  5.63884820e-03  1.03270363e+00 
 5.64384820e-03  8.93287305e-01  5.64384820e-03  8.41398566e-01  5.64384820e-03  1.04733498e+00 
 5.64884820e-03  9.03353752e-01  5.64884820e-03  8.51141386e-01  5.64884820e-03  1.06127676e+00 
 5.65384820e-03  9.12984999e-01  5.65384820e-03  8.60444135e-01  5.65384820e-03  1.07455742e+00 
 5.65884820e-03  9.22171834e-01  5.65884820e-03  8.69297849e-01  5.65884820e-03  1.08712227e+00 
 5.66384820e-03  9.30905481e-01  5.66384820e-03  8.77694009e-01  5.66384820e-03  1.09899992e+00 
 5.66884820e-03  9.39177615e-01  5.66884820e-03  8.85624545e-01  5.66884820e-03  1.11013823e+00 
 5.67384820e-03  9.46980361e-01  5.67384820e-03  8.93081848e-01  5.67384820e-03  1.12056610e+00 
 5.67884820e-03  9.54306313e-01  5.67884820e-03  9.00058774e-01  5.67884820e-03  1.13023394e+00 
 5.68384820e-03  9.61148530e-01  5.68384820e-03  9.06548655e-01  5.68384820e-03  1.13917096e+00 
 5.68884820e-03  9.67500552e-01  5.68884820e-03  9.12545303e-01  5.68884820e-03  1.14733017e+00 
 5.69384820e-03  9.73356401e-01  5.69384820e-03  9.18043016e-01  5.69384820e-03  1.15474117e+00 
 5.69884820e-03  9.78710590e-01  5.69884820e-03  9.23036584e-01  5.69884820e-03  1.16135954e+00 
 5.70384820e-03  9.83558124e-01  5.70384820e-03  9.27521296e-01  5.70384820e-03  1.16721537e+00 
 5.70884820e-03  9.87894511e-01  5.70884820e-03  9.31492942e-01  5.70884820e-03  1.17226678e+00 
 5.71384820e-03  9.91715762e-01  5.71384820e-03  9.34947818e-01  5.71384820e-03  1.17654440e+00 
 5.71884820e-03  9.95018397e-01  5.71884820e-03  9.37882731e-01  5.71884820e-03  1.18000893e+00 
 5.72384820e-03  9.97799445e-01  5.72384820e-03  9.40294999e-01  5.72384820e-03  1.18269155e+00 
 5.72884820e-03  1.00005645e+00  5.72884820e-03  9.42182457e-01  5.72884820e-03  1.18455551e+00 
 5.73384820e-03  1.00178749e+00  5.73384820e-03  9.43543459e-01  5.73384820e-03  1.18563263e+00 
 5.73884820e-03  1.00299112e+00  5.73884820e-03  9.44376877e-01  5.73884820e-03  1.18588867e+00 
 5.74384820e-03  1.00366646e+00  5.74384820e-03  9.44682102e-01  5.74384820e-03  1.18535610e+00 
 5.74884820e-03  1.00381314e+00  5.74884820e-03  9.44459050e-01  5.74884820e-03  1.18400322e+00 
 5.75384820e-03  1.00343128e+00  5.75384820e-03  9.43708154e-01  5.75384820e-03  1.18186314e+00 
 5.75884820e-03  1.00252157e+00  5.75884820e-03  9.42430371e-01  5.75884820e-03  1.17890667e+00 
 5.76384820e-03  1.00108519e+00  5.76384820e-03  9.40627177e-01  5.76384820e-03  1.17516761e+00 
 5.76884820e-03  9.99123836e-01  5.76884820e-03  9.38300566e-01  5.76884820e-03  1.17061920e+00 
 5.77384820e-03  9.96639746e-01  5.77384820e-03  9.35453048e-01  5.77384820e-03  1.16529598e+00 
 5.77884820e-03  9.93635657e-01  5.77884820e-03  9.32087649e-01  5.77884820e-03  1.15917360e+00 
 5.78384820e-03  9.90114822e-01  5.78384820e-03  9.28207902e-01  5.78384820e-03  1.15228729e+00 
 5.78884820e-03  9.86081005e-01  5.78884820e-03  9.23817852e-01  5.78884820e-03  1.14461509e+00 
 5.79384820e-03  9.81538474e-01  5.79384820e-03  9.18922045e-01  5.79384820e-03  1.13619294e+00 
 5.79884820e-03  9.76492002e-01  5.79884820e-03  9.13525527e-01  5.79884820e-03  1.12700119e+00 
 5.80384820e-03  9.70946858e-01  5.80384820e-03  9.07633836e-01  5.80384820e-03  1.11707650e+00 
 5.80884820e-03  9.64908801e-01  5.80884820e-03  9.01253001e-01  5.80884820e-03  1.10640147e+00 
 5.81384820e-03  9.58384079e-01  5.81384820e-03  8.94389533e-01  5.81384820e-03  1.09501346e+00 
 5.81884820e-03  9.51379420e-01  5.81884820e-03  8.87050419e-01  5.81884820e-03  1.08289728e+00 
 5.82384820e-03  9.43902024e-01  5.82384820e-03  8.79243114e-01  5.82384820e-03  1.07009096e+00 
 5.82884820e-03  9.35959558e-01  5.82884820e-03  8.70975537e-01  5.82884820e-03  1.05658144e+00 
 5.83384820e-03  9.27560148e-01  5.83384820e-03  8.62256061e-01  5.83384820e-03  1.04240740e+00 
 5.83884820e-03  9.18712372e-01  5.83884820e-03  8.53093503e-01  5.83884820e-03  1.02755785e+00 
 5.84384820e-03  9.09425248e-01  5.84384820e-03  8.43497118e-01  5.84384820e-03  1.01207208e+00 
 5.84884820e-03  8.99708229e-01  5.84884820e-03  8.33476590e-01  5.84884820e-03  9.95941095e-01 
 5.85384820e-03  8.89571192e-01  5.85384820e-03  8.23042020e-01  5.85384820e-03  9.79204762e-01 
 5.85884820e-03  8.79024428e-01  5.85884820e-03  8.12203919e-01  5.85884820e-03  9.61855992e-01 
 5.86384820e-03  8.68078633e-01  5.86384820e-03  8.00973195e-01  5.86384820e-03  9.43935193e-01 
 5.86884820e-03  8.56744895e-01  5.86884820e-03  7.89361144e-01  5.86884820e-03  9.25437100e-01 
 5.87384820e-03  8.45034688e-01  5.87384820e-03  7.77379438e-01  5.87384820e-03  9.06402605e-01 
 5.87884820e-03  8.32959853e-01  5.87884820e-03  7.65040113e-01  5.87884820e-03  8.86828182e-01 
 5.88384820e-03  8.20532593e-01  5.88384820e-03  7.52355559e-01  5.88384820e-03  8.66755154e-01 
 5.88884820e-03  8.07765461e-01  5.88884820e-03  7.39338506e-01  5.88884820e-03  8.46181642e-01 
 5.89384820e-03  7.94671341e-01  5.89384820e-03  7.26002011e-01  5.89384820e-03  8.25149340e-01 
 5.89884820e-03  7.81263442e-01  5.89884820e-03  7.12359449e-01  5.89884820e-03  8.03669254e-01 
 5.90384820e-03  7.67555283e-01  5.90384820e-03  6.98424494e-01  5.90384820e-03  7.81775979e-01 
 5.90884820e-03  7.53560677e-01  5.90884820e-03  6.84211109e-01  5.90884820e-03  7.59437297e-01 
 5.91384820e-03  7.39293722e-01  5.91384820e-03  6.69733534e-01  5.91384820e-03  7.36753703e-01 
 5.91884820e-03  7.24768783e-01  5.91884820e-03  6.55006267e-01  5.91884820e-03  7.13670513e-01 
 5.92384820e-03  7.10000480e-01  5.92384820e-03  6.40044052e-01  5.92384820e-03  6.90286231e-01 
 5.92884820e-03  6.95003674e-01  5.92884820e-03  6.24861868e-01  5.92884820e-03  6.66549543e-01 
 5.93384820e-03  6.79793449e-01  5.93384820e-03  6.09474907e-01  5.93384820e-03  6.42556966e-01 
 5.93884820e-03  6.64385103e-01  5.93884820e-03  5.93898567e-01  5.93884820e-03  6.18260371e-01 
 5.94384820e-03  6.48794125e-01  5.94384820e-03  5.78148428e-01  5.94384820e-03  5.93754286e-01 
 5.94884820e-03  6.33036188e-01  5.94884820e-03  5.62240247e-01  5.94884820e-03  5.68993586e-01 
 5.95384820e-03  6.17127128e-01  5.95384820e-03  5.46189931e-01  5.95384820e-03  5.44070804e-01 
 5.95884820e-03  6.01082930e-01  5.95884820e-03  5.30013533e-01  5.95884820e-03  5.18943634e-01 
 5.96384820e-03  5.84919713e-01  5.96384820e-03  5.13727225e-01  5.96384820e-03  4.93702605e-01 
 5.96884820e-03  5.68653713e-01  5.96884820e-03  4.97347291e-01  5.96884820e-03  4.68308048e-01 
 5.97384820e-03  5.52301266e-01  5.97384820e-03  4.80890105e-01  5.97384820e-03  4.42848473e-01 
 5.97884820e-03  5.35878794e-01  5.97884820e-03  4.64372120e-01  5.97884820e-03  4.17286670e-01 
 5.98384820e-03  5.19402790e-01  5.98384820e-03  4.47809845e-01  5.98384820e-03  3.91709107e-01 
 5.98884820e-03  5.02889798e-01  5.98884820e-03  4.31219837e-01  5.98884820e-03  3.66080860e-01 
 5.99384820e-03  4.86356397e-01  5.99384820e-03  4.14618676e-01  5.99384820e-03  3.40486331e-01 
 5.99884820e-03  4.69819188e-01  5.99884820e-03  3.98022955e-01  5.99884820e-03  3.14892703e-01 
 6.00384820e-03  4.53294775e-01  6.00384820e-03  3.81449263e-01  6.00384820e-03  2.89382291e-01 
 6.00884820e-03  4.36799750e-01  6.00884820e-03  3.64914163e-01  6.00884820e-03  2.63924214e-01 
 6.01384820e-03  4.20350675e-01  6.01384820e-03  3.48434185e-01  6.01384820e-03  2.38598666e-01 
 6.01884820e-03  4.03964066e-01  6.01884820e-03  3.32025800e-01  6.01884820e-03  2.13376534e-01 
 6.02384820e-03  3.87656379e-01  6.02384820e-03  3.15705411e-01  6.02384820e-03  1.88335865e-01 
 6.02884820e-03  3.71443991e-01  6.02884820e-03  2.99489332e-01  6.02884820e-03  1.63449144e-01 
 6.03384820e-03  3.55343184e-01  6.03384820e-03  2.83393776e-01  6.03384820e-03  1.38792239e-01 
 6.03884820e-03  3.39370132e-01  6.03884820e-03  2.67434836e-01  6.03884820e-03  1.14339071e-01 
 6.04384820e-03  3.23540880e-01  6.04384820e-03  2.51628470e-01  6.04384820e-03  9.01632982e-02 
 6.04884820e-03  3.07871333e-01  6.04884820e-03  2.35990486e-01  6.04884820e-03  6.62401166e-02 
 6.05384820e-03  2.92377238e-01  6.05384820e-03  2.20536523e-01  6.05384820e-03  4.26409397e-02 
 6.05884820e-03  2.77074168e-01  6.05884820e-03  2.05282043e-01  6.05884820e-03  1.93420862e-02 
 6.06384820e-03  2.61977508e-01  6.06384820e-03  1.90242306e-01  6.06384820e-03 -3.58730879e-03 
 6.06884820e-03  2.47102439e-01  6.06884820e-03  1.75432365e-01  6.06884820e-03 -2.61699556e-02 
 6.07384820e-03  2.32463923e-01  6.07384820e-03  1.60867042e-01  6.07384820e-03 -4.83390301e-02 
 6.07884820e-03  2.18076688e-01  6.07884820e-03  1.46560919e-01  6.07884820e-03 -7.01164174e-02 
 6.08384820e-03  2.03955217e-01  6.08384820e-03  1.32528322e-01  6.08384820e-03 -9.14376369e-02 
 6.08884820e-03  1.90113725e-01  6.08884820e-03  1.18783308e-01  6.08884820e-03 -1.12323889e-01 
 6.09384820e-03  1.76566156e-01  6.09384820e-03  1.05339648e-01  6.09384820e-03 -1.32713069e-01 
 6.09884820e-03  1.63326161e-01  6.09884820e-03  9.22108175e-02  6.09884820e-03 -1.52625828e-01 
 6.10384820e-03  1.50407087e-01  6.10384820e-03  7.94099801e-02  6.10384820e-03 -1.72002463e-01 
 6.10884820e-03  1.37821966e-01  6.10884820e-03  6.69499758e-02  6.10884820e-03 -1.90863211e-01 
 6.11384820e-03  1.25583499e-01  6.11384820e-03  5.48433082e-02  6.11384820e-03 -2.09150799e-01 
 6.11884820e-03  1.13704046e-01  6.11884820e-03  4.31021321e-02  6.11884820e-03 -2.26885170e-01 
 6.12384820e-03  1.02195610e-01  6.12384820e-03  3.17382414e-02  6.12384820e-03 -2.44011507e-01 
 6.12884820e-03  9.10698315e-02  6.12884820e-03  2.07630578e-02  6.12884820e-03 -2.60549579e-01 
 6.13384820e-03  8.03379701e-02  6.13384820e-03  1.01876189e-02  6.13384820e-03 -2.76447048e-01 
 6.13884820e-03  7.00108980e-02  6.13884820e-03  2.25681052e-05  6.13884820e-03 -2.91723622e-01 
 6.14384820e-03  6.00990875e-02  6.14384820e-03 -9.72185654e-03  6.14384820e-03 -3.06329460e-01 
 6.14884820e-03  5.06126010e-02  6.14884820e-03 -1.90358321e-02  6.14884820e-03 -3.20284314e-01 
 6.15384820e-03  4.15610810e-02  6.15384820e-03 -2.79099606e-02  6.15384820e-03 -3.33540856e-01 
 6.15884820e-03  3.29537407e-02  6.15884820e-03 -3.63352782e-02  6.15884820e-03 -3.46118983e-01 
 6.16384820e-03  2.47993548e-02  6.16384820e-03 -4.43032641e-02  6.16384820e-03 -3.57973894e-01 
 6.16884820e-03  1.71062509e-02  6.16884820e-03 -5.18058490e-02  6.16884820e-03 -3.69125723e-01 
 6.17384820e-03  9.88230125e-03  6.17384820e-03 -5.88354228e-02  6.17384820e-03 -3.79532202e-01 
 6.17884820e-03  3.13491496e-03  6.17884820e-03 -6.53848426e-02  6.17884820e-03 -3.89213788e-01 
 6.18384820e-03 -3.12896924e-03  6.18384820e-03 -7.14474391e-02  6.18384820e-03 -3.98130753e-01 
 6.18884820e-03 -8.90288990e-03  6.18884820e-03 -7.70170240e-02  6.18884820e-03 -4.06303955e-01 
 6.19384820e-03 -1.41808692e-02  6.19384820e-03 -8.20878951e-02  6.19384820e-03 -4.13696204e-01 
 6.19884820e-03 -1.89574189e-02  6.19884820e-03 -8.66548430e-02  6.19884820e-03 -4.20328834e-01 
 6.20384820e-03 -2.32275457e-02  6.20384820e-03 -9.07131553e-02  6.20384820e-03 -4.26167187e-01 
 6.20884820e-03 -2.69867562e-02  6.20884820e-03 -9.42586218e-02  6.20884820e-03 -4.31233136e-01 
 6.21384820e-03 -3.02310613e-02  6.21384820e-03 -9.72875388e-02  6.21384820e-03 -4.35494547e-01 
 6.21884820e-03 -3.29569801e-02  6.21884820e-03 -9.97967119e-02  6.21884820e-03 -4.38973890e-01 
 6.22384820e-03 -3.51615435e-02  6.22384820e-03 -1.01783460e-01  6.22384820e-03 -4.41641539e-01 
 6.22884820e-03 -3.68422971e-02  6.22884820e-03 -1.03245619e-01  6.22884820e-03 -4.43520611e-01 
 6.23384820e-03 -3.79973032e-02  6.23384820e-03 -1.04181539e-01  6.23384820e-03 -4.44583972e-01 
 6.23884820e-03 -3.86251435e-02  6.23884820e-03 -1.04590094e-01  6.23884820e-03 -4.44855426e-01 
 6.24384820e-03 -3.87249198e-02  6.24384820e-03 -1.04470675e-01  6.24384820e-03 -4.44310304e-01 
 6.24884820e-03 -3.82962550e-02  6.24884820e-03 -1.03823196e-01  6.24884820e-03 -4.42973136e-01 
 6.25384820e-03 -3.73392941e-02  6.25384820e-03 -1.02648092e-01  6.25384820e-03 -4.40821690e-01 
 6.25884820e-03 -3.58547031e-02  6.25884820e-03 -1.00946319e-01  6.25884820e-03 -4.37881245e-01 
 6.26384820e-03 -3.38436690e-02  6.26384820e-03 -9.87193511e-02  6.26384820e-03 -4.34131972e-01 
 6.26884820e-03 -3.13078985e-02  6.26884820e-03 -9.59691833e-02  6.26884820e-03 -4.29599925e-01 
 6.27384820e-03 -2.82496161e-02  6.27384820e-03 -9.26983256e-02  6.27384820e-03 -4.24267633e-01 
 6.27884820e-03 -2.46715623e-02  6.27884820e-03 -8.89098023e-02  6.27884820e-03 -4.18161936e-01 
 6.28384820e-03 -2.05769904e-02  6.28384820e-03 -8.46071485e-02  6.28384820e-03 -4.11267682e-01 
 6.28884820e-03 -1.59696637e-02  6.28884820e-03 -7.97944069e-02  6.28884820e-03 -4.03612502e-01 
 6.29384820e-03 -1.08538517e-02  6.29384820e-03 -7.44761238e-02  6.29384820e-03 -3.95183510e-01 
 6.29884820e-03 -5.23432560e-03  6.29884820e-03 -6.86573443e-02  6.29884820e-03 -3.86009127e-01 
 6.30384820e-03  8.83646006e-04  6.30384820e-03 -6.23436077e-02  6.30384820e-03 -3.76078679e-01 
 6.30884820e-03  7.49430258e-03  6.30884820e-03 -5.55409419e-02  6.30884820e-03 -3.65421371e-01 
 6.31384820e-03  1.45913972e-02  6.31384820e-03 -4.82558571e-02  6.31384820e-03 -3.54028676e-01 
 6.31884820e-03  2.21682029e-02  6.31884820e-03 -4.04953400e-02  6.31884820e-03 -3.41930573e-01 
 6.32384820e-03  3.02175191e-02  6.32384820e-03 -3.22668466e-02  6.32384820e-03 -3.29120616e-01 
 6.32884820e-03  3.87316788e-02  6.32884820e-03 -2.35782945e-02  6.32884820e-03 -3.15629533e-01 
 6.33384820e-03  4.77025561e-02  6.33384820e-03 -1.44380559e-02  6.33384820e-03 -3.01452894e-01 
 6.33884820e-03  5.71215744e-02  6.33884820e-03 -4.85494843e-03  6.33884820e-03 -2.86622144e-01 
 6.34384820e-03  6.69797146e-02  6.34384820e-03  5.16177286e-03  6.34384820e-03 -2.71134797e-01 
 6.34884820e-03  7.72675243e-02  6.34884820e-03  1.56024250e-02  6.34884820e-03 -2.55022983e-01 
 6.35384820e-03  8.79751268e-02  6.35384820e-03  2.64569066e-02  6.35384820e-03 -2.38286077e-01 
 6.35884820e-03  9.90922311e-02  6.35884820e-03  3.77147076e-02  6.35884820e-03 -2.20956858e-01 
 6.36384820e-03  1.10608142e-01  6.36384820e-03  4.93649199e-02  6.36384820e-03 -2.03036475e-01 
 6.36884820e-03  1.22511770e-01  6.36884820e-03  6.13962483e-02  6.36884820e-03 -1.84558313e-01 
 6.37384820e-03  1.34791644e-01  6.37384820e-03  7.37970209e-02  6.37384820e-03 -1.65525210e-01 
 6.37884820e-03  1.47435921e-01  6.37884820e-03  8.65552014e-02  6.37884820e-03 -1.45971103e-01 
 6.38384820e-03  1.60432398e-01  6.38384820e-03  9.96584007e-02  6.38384820e-03 -1.25900428e-01 
 6.38884820e-03  1.73768525e-01  6.38884820e-03  1.13093889e-01  6.38884820e-03 -1.05347621e-01 
 6.39384820e-03  1.87431415e-01  6.39384820e-03  1.26848609e-01  6.39384820e-03 -8.43186200e-02 
 6.39884820e-03  2.01407860e-01  6.39884820e-03  1.40909187e-01  6.39884820e-03 -6.28482994e-02 
 6.40384820e-03  2.15684342e-01  6.40384820e-03  1.55261948e-01  6.40384820e-03 -4.09440024e-02 
 6.40884820e-03  2.30247048e-01  6.40884820e-03  1.69892930e-01  6.40884820e-03 -1.86409767e-02 
 6.41384820e-03  2.45081880e-01  6.41384820e-03  1.84787894e-01  6.41384820e-03  4.05213056e-03 
 6.41884820e-03  2.60174473e-01  6.41884820e-03  1.99932341e-01  6.41884820e-03  2.70997662e-02 
 6.42384820e-03  2.75510208e-01  6.42384820e-03  2.15311527e-01  6.42384820e-03  5.04920828e-02 
 6.42884820e-03  2.91074223e-01  6.42884820e-03  2.30910475e-01  6.42884820e-03  7.41932938e-02 
 6.43384820e-03  3.06851435e-01  6.43384820e-03  2.46713992e-01  6.43384820e-03  9.81924577e-02 
 6.43884820e-03  3.22826546e-01  6.43884820e-03  2.62706682e-01  6.43884820e-03  1.22453629e-01 
 6.44384820e-03  3.38984067e-01  6.44384820e-03  2.78872962e-01  6.44384820e-03  1.46964882e-01 
 6.44884820e-03  3.55308325e-01  6.44884820e-03  2.95197079e-01  6.44884820e-03  1.71690189e-01 
 6.45384820e-03  3.71783484e-01  6.45384820e-03  3.11663123e-01  6.45384820e-03  1.96616748e-01 
 6.45884820e-03  3.88393560e-01  6.45884820e-03  3.28255044e-01  6.45884820e-03  2.21708534e-01 
 6.46384820e-03  4.05122435e-01  6.46384820e-03  3.44956668e-01  6.46384820e-03  2.46951977e-01 
 6.46884820e-03  4.21953871e-01  6.46884820e-03  3.61751713e-01  6.46884820e-03  2.72311136e-01 
 6.47384820e-03  4.38871534e-01  6.47384820e-03  3.78623803e-01  6.47384820e-03  2.97771789e-01 
 6.47884820e-03  4.55859000e-01  6.47884820e-03  3.95556489e-01  6.47884820e-03  3.23298162e-01 
 6.48384820e-03  4.72899779e-01  6.48384820e-03  4.12533258e-01  6.48384820e-03  3.48875490e-01 
 6.48884820e-03  4.89977326e-01  6.48884820e-03  4.29537557e-01  6.48884820e-03  3.74468255e-01 
 6.49384820e-03  5.07075061e-01  6.49384820e-03  4.46552805e-01  6.49384820e-03  4.00061263e-01 
 6.49884820e-03  5.24176385e-01  6.49884820e-03  4.63562407e-01  6.49884820e-03  4.25619336e-01 
 6.50384820e-03  5.41264692e-01  6.50384820e-03  4.80549778e-01  6.50384820e-03  4.51126965e-01 
 6.50884820e-03  5.58323393e-01  6.50884820e-03  4.97498352e-01  6.50884820e-03  4.76549399e-01 
 6.51384820e-03  5.75335924e-01  6.51384820e-03  5.14391602e-01  6.51384820e-03  5.01870925e-01 
 6.51884820e-03  5.92285769e-01  6.51884820e-03  5.31213056e-01  6.51884820e-03  5.27057307e-01 
 6.52384820e-03  6.09156475e-01  6.52384820e-03  5.47946311e-01  6.52384820e-03  5.52092737e-01 
 6.52884820e-03  6.25931662e-01  6.52884820e-03  5.64575053e-01  6.52884820e-03  5.76943585e-01 
 6.53384820e-03  6.42595050e-01  6.53384820e-03  5.81083070e-01  6.53384820e-03  6.01594057e-01 
 6.53884820e-03  6.59130465e-01  6.53884820e-03  5.97454270e-01  6.53884820e-03  6.26011211e-01 
 6.54384820e-03  6.75521861e-01  6.54384820e-03  6.13672694e-01  6.54384820e-03  6.50179378e-01 
 6.54884820e-03  6.91753334e-01  6.54884820e-03  6.29722535e-01  6.54884820e-03  6.74066391e-01 
 6.55384820e-03  7.07809138e-01  6.55384820e-03  6.45588153e-01  6.55384820e-03  6.97656810e-01 
 6.55884820e-03  7.23673699e-01  6.55884820e-03  6.61254088e-01  6.55884820e-03  7.20919325e-01 
 6.56384820e-03  7.39331633e-01  6.56384820e-03  6.76705078e-01  6.56384820e-03  7.43838830e-01 
 6.56884820e-03  7.54767758e-01  6.56884820e-03  6.91926073e-01  6.56884820e-03  7.66384955e-01 
 6.57384820e-03  7.69967113e-01  6.57384820e-03  7.06902250e-01  6.57384820e-03  7.88543025e-01 
 6.57884820e-03  7.84914970e-01  6.57884820e-03  7.21619027e-01  6.57884820e-03  8.10290218e-01 
 6.58384820e-03  7.99596847e-01  6.58384820e-03  7.36062079e-01  6.58384820e-03  8.31624641e-01 
 6.58884820e-03  8.13998527e-01  6.58884820e-03  7.50217348e-01  6.58884820e-03  8.52448308e-01 
 6.59384820e-03  8.28106069e-01  6.59384820e-03  7.64071065e-01  6.59384820e-03  8.72848872e-01 
 6.59884820e-03  8.41905821e-01  6.59884820e-03  7.77609753e-01  6.59884820e-03  8.92699478e-01 
 6.60384820e-03  8.55384435e-01  6.60384820e-03  7.90820250e-01  6.60384820e-03  9.12085719e-01 
 6.60884820e-03  8.68528881e-01  6.60884820e-03  8.03689715e-01  6.60884820e-03  9.30884718e-01 
 6.61384820e-03  8.81326457e-01  6.61384820e-03  8.16205646e-01  6.61384820e-03  9.49180169e-01 
 6.61884820e-03  8.93764804e-01  6.61884820e-03  8.28355888e-01  6.61884820e-03  9.66853166e-01 
 6.62384820e-03  9.05831918e-01  6.62384820e-03  8.40128647e-01  6.62384820e-03  9.83985661e-01 
 6.62884820e-03  9.17516160e-01  6.62884820e-03  8.51512502e-01  6.62884820e-03  1.00046271e+00 
 6.63384820e-03  9.28806270e-01  6.63384820e-03  8.62496416e-01  6.63384820e-03  1.01636467e+00 
 6.63884820e-03  9.39691376e-01  6.63884820e-03  8.73069744e-01  6.63884820e-03  1.03158054e+00 
 6.64384820e-03  9.50161006e-01  6.64384820e-03  8.83222251e-01  6.64384820e-03  1.04618923e+00 
 6.64884820e-03  9.60205097e-01  6.64884820e-03  8.92944112e-01  6.64884820e-03  1.06008368e+00 
 6.65384820e-03  9.69814008e-01  6.65384820e-03  9.02225931e-01  6.65384820e-03  1.07334147e+00 
 6.65884820e-03  9.78978525e-01  6.65884820e-03  9.11058743e-01  6.65884820e-03  1.08585947e+00 
 6.66384820e-03  9.87689873e-01  6.66384820e-03  9.19434028e-01  6.66384820e-03  1.09771407e+00 
 6.66884820e-03  9.95939727e-01  6.66884820e-03  9.27343717e-01  6.66884820e-03  1.10880602e+00 
 6.67384820e-03  1.00372021e+00  6.67384820e-03  9.34780200e-01  6.67384820e-03  1.11921064e+00 
 6.67884820e-03  1.01102392e+00  6.67884820e-03  9.41736335e-01  6.67884820e-03  1.12883258e+00 
 6.68384820e-03  1.01784391e+00  6.68384820e-03  9.48205453e-01  6.68384820e-03  1.13774619e+00 
 6.68884820e-03  1.02417373e+00  6.68884820e-03  9.54181365e-01  6.68884820e-03  1.14585995e+00 
 6.69384820e-03  1.03000739e+00  6.69384820e-03  9.59658369e-01  6.69384820e-03  1.15324738e+00 
 6.69884820e-03  1.03533942e+00  6.69884820e-03  9.64631257e-01  6.69884820e-03  1.15982075e+00 
 6.70384820e-03  1.04016480e+00  6.70384820e-03  9.69095316e-01  6.70384820e-03  1.16565284e+00 
 6.70884820e-03  1.04447906e+00  6.70884820e-03  9.73046337e-01  6.70884820e-03  1.17065970e+00 
 6.71384820e-03  1.04827820e+00  6.71384820e-03  9.76480615e-01  6.71384820e-03  1.17491344e+00 
 6.71884820e-03  1.05155874e+00  6.71884820e-03  9.79394957e-01  6.71884820e-03  1.17833384e+00 
 6.72384820e-03  1.05431771e+00  6.72384820e-03  9.81786682e-01  6.72384820e-03  1.18099243e+00 
 6.72884820e-03  1.05655267e+00  6.72884820e-03  9.83653626e-01  6.72884820e-03  1.18281270e+00 
 6.73384820e-03  1.05826166e+00  6.73384820e-03  9.84994139e-01  6.73384820e-03  1.18386564e+00 
 6.73884820e-03  1.05944328e+00  6.73884820e-03  9.85807096e-01  6.73884820e-03  1.18407841e+00 
 6.74384820e-03  1.06009662e+00  6.74384820e-03  9.86091888e-01  6.74384820e-03  1.18352154e+00 
 6.74884820e-03  1.06022131e+00  6.74884820e-03  9.85848430e-01  6.74884820e-03  1.18212578e+00 
 6.75384820e-03  1.05981750e+00  6.75384820e-03  9.85077155e-01  6.75384820e-03  1.17996130e+00 
 6.75884820e-03  1.05888584e+00  6.75884820e-03  9.83779021e-01  6.75884820e-03  1.17696234e+00 
 6.76384820e-03  1.05742753e+00  6.76384820e-03  9.81955503e-01  6.76384820e-03  1.17319875e+00 
 6.76884820e-03  1.05544427e+00  6.76884820e-03  9.79608595e-01  6.76884820e-03  1.16860827e+00 
 6.77384820e-03  1.05293829e+00  6.77384820e-03  9.76740807e-01  6.77384820e-03  1.16326041e+00 
 6.77884820e-03  1.04991233e+00  6.77884820e-03  9.73355164e-01  6.77884820e-03  1.15709632e+00 
 6.78384820e-03  1.04636965e+00  6.78384820e-03  9.69455202e-01  6.78384820e-03  1.15018528e+00 
 6.78884820e-03  1.04231400e+00  6.78884820e-03  9.65044964e-01  6.78884820e-03  1.14247176e+00 
 6.79384820e-03  1.03774965e+00  6.79384820e-03  9.60128995e-01  6.79384820e-03  1.13402478e+00 
 6.79884820e-03  1.03268138e+00  6.79884820e-03  9.54712341e-01  6.79884820e-03  1.12479207e+00 
 6.80384820e-03  1.02711446e+00  6.80384820e-03  9.48800543e-01  6.80384820e-03  1.11484246e+00 
 6.80884820e-03  1.02105464e+00  6.80884820e-03  9.42399627e-01  6.80884820e-03  1.10412684e+00 
 6.81384820e-03  1.01450818e+00  6.81384820e-03  9.35516105e-01  6.81384820e-03  1.09271383e+00 
 6.81884820e-03  1.00748179e+00  6.81884820e-03  9.28156964e-01  6.81884820e-03  1.08055742e+00 
 6.82384820e-03  9.99982691e-01  6.82384820e-03  9.20329659e-01  6.82384820e-03  1.06772602e+00 
 6.82884820e-03  9.92018538e-01  6.82884820e-03  9.12042109e-01  6.82884820e-03  1.05417662e+00 
 6.83384820e-03  9.83597459e-01  6.83384820e-03  9.03302686e-01  6.83384820e-03  1.03997743e+00 
 6.83884820e-03  9.74728032e-01  6.83884820e-03  8.94120207e-01  6.83884820e-03  1.02508834e+00 
 6.84384820e-03  9.65419275e-01  6.84384820e-03  8.84503929e-01  6.84384820e-03  1.00957735e+00 
 6.84884820e-03  9.55680642e-01  6.84884820e-03  8.74463534e-01  6.84884820e-03  9.93407163e-01 
 6.85384820e-03  9.45522008e-01  6.85384820e-03  8.64009125e-01  6.85384820e-03  9.76645553e-01 
 6.85884820e-03  9.34953666e-01  6.85884820e-03  8.53151210e-01  6.85884820e-03  9.59257914e-01 
 6.86384820e-03  9.23986311e-01  6.86384820e-03  8.41900700e-01  6.86384820e-03  9.41311782e-01 
 6.86884820e-03  9.12631031e-01  6.86884820e-03  8.30268888e-01  6.86884820e-03  9.22775145e-01 
 6.87384820e-03  9.00899299e-01  6.87384820e-03  8.18267448e-01  6.87384820e-03  9.03715267e-01 
 6.87884820e-03  8.88802958e-01  6.87884820e-03  8.05908416e-01  6.87884820e-03  8.84102620e-01 
 6.88384820e-03  8.76354211e-01  6.88384820e-03  7.93204180e-01  6.88384820e-03  8.64004163e-01 
 6.88884820e-03  8.63565609e-01  6.88884820e-03  7.80167473e-01  6.88884820e-03  8.43392742e-01 
 6.89384820e-03  8.50450037e-01  6.89384820e-03  7.66811350e-01  6.89384820e-03  8.22334970e-01 
 6.89884820e-03  8.37020705e-01  6.89884820e-03  7.53149186e-01  6.89884820e-03  8.00805952e-01 
 6.90384820e-03  8.23291130e-01  6.90384820e-03  7.39194655e-01  6.90384820e-03  7.78871914e-01 
 6.90884820e-03  8.09275126e-01  6.90884820e-03  7.24961721e-01  6.90884820e-03  7.56532466e-01 
 6.91384820e-03  7.94986791e-01  6.91384820e-03  7.10464623e-01  6.91384820e-03  7.33803538e-01 
 6.91884820e-03  7.80440490e-01  6.91884820e-03  6.95717859e-01  6.91884820e-03  7.10702819e-01 
 6.92384820e-03  7.65650843e-01  6.92384820e-03  6.80736174e-01  6.92384820e-03  6.87273823e-01 
 6.92884820e-03  7.50632710e-01  6.92884820e-03  6.65534545e-01  6.92884820e-03  6.63519263e-01 
 6.93384820e-03  7.35401177e-01  6.93384820e-03  6.50128166e-01  6.93384820e-03  6.39482575e-01 
 6.93884820e-03  7.19971540e-01  6.93884820e-03  6.34532433e-01  6.93884820e-03  6.15167780e-01 
 6.94384820e-03  7.04359290e-01  6.94384820e-03  6.18762928e-01  6.94384820e-03  5.90618170e-01 
 6.94884820e-03  6.88580098e-01  6.94884820e-03  6.02835406e-01  6.94884820e-03  5.65838958e-01 
 6.95384820e-03  6.72649801e-01  6.95384820e-03  5.86765777e-01  6.95384820e-03  5.40873222e-01 
 6.95884820e-03  6.56584384e-01  6.95884820e-03  5.70570089e-01  6.95884820e-03  5.15727243e-01 
 6.96384820e-03  6.40399966e-01  6.96384820e-03  5.54264519e-01  6.96384820e-03  4.90443814e-01 
 6.96884820e-03  6.24112781e-01  6.96884820e-03  5.37865348e-01  6.96884820e-03  4.65030166e-01 
 6.97384820e-03  6.07739168e-01  6.97384820e-03  5.21388952e-01  6.97384820e-03  4.39528730e-01 
 6.97884820e-03  5.91295548e-01  6.97884820e-03  5.04851782e-01  6.97884820e-03  4.13947568e-01 
 6.98384820e-03  5.74798414e-01  6.98384820e-03  4.88270349e-01  6.98384820e-03  3.88328670e-01 
 6.98884820e-03  5.58264308e-01  6.98884820e-03  4.71661207e-01  6.98884820e-03  3.62680808e-01 
 6.99384820e-03  5.41709812e-01  6.99384820e-03  4.55040938e-01  6.99384820e-03  3.37045455e-01 
 6.99884820e-03  5.25151525e-01  6.99884820e-03  4.38426136e-01  6.99884820e-03  3.11431970e-01 
 7.00384820e-03  5.08606053e-01  7.00384820e-03  4.21833387e-01  7.00384820e-03  2.85881232e-01 
 7.00884820e-03  4.92089985e-01  7.00884820e-03  4.05279258e-01  7.00884820e-03  2.60403068e-01 
 7.01384820e-03  4.75619885e-01  7.01384820e-03  3.88780274e-01  7.01384820e-03  2.35037679e-01 
 7.01884820e-03  4.59212269e-01  7.01884820e-03  3.72352910e-01  7.01884820e-03  2.09795243e-01 
 7.02384820e-03  4.42883593e-01  7.02384820e-03  3.56013567e-01  7.02384820e-03  1.84715203e-01 
 7.02884820e-03  4.26650232e-01  7.02884820e-03  3.39778560e-01  7.02884820e-03  1.59807973e-01 
 7.03384820e-03  4.10528471e-01  7.03384820e-03  3.23664102e-01  7.03384820e-03  1.35112157e-01 
 7.03884820e-03  3.94534481e-01  7.03884820e-03  3.07686284e-01  7.03884820e-03  1.10638286e-01 
 7.04384820e-03  3.78684310e-01  7.04384820e-03  2.91861066e-01  7.04384820e-03  8.64240490e-02 
 7.04884820e-03  3.62993861e-01  7.04884820e-03  2.76204255e-01  7.04884820e-03  6.24799809e-02 
 7.05384820e-03  3.47478881e-01  7.05384820e-03  2.60731492e-01  7.05384820e-03  3.88427761e-02 
 7.05884820e-03  3.32154944e-01  7.05884820e-03  2.45458236e-01  7.05884820e-03  1.55228632e-02 
 7.06384820e-03  3.17037434e-01  7.06384820e-03  2.30399749e-01  7.06384820e-03 -7.44413489e-03 
 7.06884820e-03  3.02141532e-01  7.06884820e-03  2.15571082e-01  7.06884820e-03 -3.00480039e-02 
 7.07384820e-03  2.87482201e-01  7.07384820e-03  2.00987059e-01  7.07384820e-03 -5.22542672e-02 
 7.07884820e-03  2.73074169e-01  7.07884820e-03  1.86662261e-01  7.07884820e-03 -7.40530299e-02 
 7.08384820e-03  2.58931917e-01  7.08384820e-03  1.72611015e-01  7.08384820e-03 -9.54110342e-02 
 7.08884820e-03  2.45069663e-01  7.08884820e-03  1.58847376e-01  7.08884820e-03 -1.16318806e-01 
 7.09384820e-03  2.31501348e-01  7.09384820e-03  1.45385117e-01  7.09384820e-03 -1.36744376e-01 
 7.09884820e-03  2.18240624e-01  7.09884820e-03  1.32237713e-01  7.09884820e-03 -1.56678789e-01 
 7.10384820e-03  2.05300840e-01  7.10384820e-03  1.19418326e-01  7.10384820e-03 -1.76091431e-01 
 7.10884820e-03  1.92695025e-01  7.10884820e-03  1.06939798e-01  7.10884820e-03 -1.94973958e-01 
 7.11384820e-03  1.80435882e-01  7.11384820e-03  9.48146309e-02  7.11384820e-03 -2.13297178e-01 
 7.11884820e-03  1.68535769e-01  7.11884820e-03  8.30549806e-02  7.11884820e-03 -2.31053446e-01 
 7.12384820e-03  1.57006691e-01  7.12384820e-03  7.16726407e-02  7.12384820e-03 -2.48215049e-01 
 7.12884820e-03  1.45860288e-01  7.12884820e-03  6.06790327e-02  7.12884820e-03 -2.64775128e-01 
 7.13384820e-03  1.35107818e-01  7.13384820e-03  5.00851944e-02  7.13384820e-03 -2.80707506e-01 
 7.13884820e-03  1.24760156e-01  7.13884820e-03  3.99017690e-02  7.13884820e-03 -2.96006188e-01 
 7.14384820e-03  1.14827772e-01  7.14384820e-03  3.01389946e-02  7.14384820e-03 -3.10646586e-01 
 7.14884820e-03  1.05320729e-01  7.14884820e-03  2.08066940e-02  7.14884820e-03 -3.24623642e-01 
 7.15384820e-03  9.62486700e-02  7.15384820e-03  1.19142653e-02  7.15384820e-03 -3.37914403e-01 
 7.15884820e-03  8.76208076e-02  7.15884820e-03  3.47067216e-03  7.15884820e-03 -3.50514820e-01 
 7.16384820e-03  7.94459168e-02  7.16384820e-03 -4.51556458e-03  7.16384820e-03 -3.62403618e-01 
 7.16884820e-03  7.17323250e-02  7.16884820e-03 -1.20363756e-02  7.16884820e-03 -3.73577816e-01 
 7.17384820e-03  6.44879045e-02  7.17384820e-03 -1.90841509e-02  7.17384820e-03 -3.84017856e-01 
 7.17884820e-03  5.77200644e-02  7.17884820e-03 -2.56517476e-02  7.17884820e-03 -3.93721885e-01 
 7.18384820e-03  5.14357434e-02  7.18384820e-03 -3.17324965e-02  7.18384820e-03 -4.02672093e-01 
 7.18884820e-03  4.56414029e-02  7.18884820e-03 -3.73202092e-02  7.18884820e-03 -4.10867805e-01 
 7.19384820e-03  4.03430208e-02  7.19384820e-03 -4.24091836e-02  7.19384820e-03 -4.18292987e-01 
 7.19884820e-03  3.55460852e-02  7.19884820e-03 -4.69942102e-02  7.19884820e-03 -4.24948186e-01 
 7.20384820e-03  3.12555895e-02  7.20384820e-03 -5.10705769e-02  7.20384820e-03 -4.30819168e-01 
 7.20884820e-03  2.74760271e-02  7.20884820e-03 -5.46340734e-02  7.20884820e-03 -4.35907742e-01 
 7.21384820e-03  2.42113870e-02  7.21384820e-03 -5.76809959e-02  7.21384820e-03 -4.40201484e-01 
 7.21884820e-03  2.14651500e-02  7.21884820e-03 -6.02081502e-02  7.21884820e-03 -4.43703500e-01 
 7.22384820e-03  1.92402853e-02  7.22384820e-03 -6.22128554e-02  7.22384820e-03 -4.46403190e-01 
 7.22884820e-03  1.75392474e-02  7.22884820e-03 -6.36929461e-02  7.22884820e-03 -4.48304979e-01 
 7.23384820e-03  1.63639737e-02  7.23384820e-03 -6.46467749e-02  7.23384820e-03 -4.49400096e-01 
 7.23884820e-03  1.57158827e-02  7.23884820e-03 -6.50732135e-02  7.23884820e-03 -4.49694304e-01 
 7.24384820e-03  1.55958725e-02  7.24384820e-03 -6.49716544e-02  7.24384820e-03 -4.49180660e-01 
 7.24884820e-03  1.60043201e-02  7.24884820e-03 -6.43420112e-02  7.24884820e-03 -4.47866279e-01 
 7.25384820e-03  1.69410808e-02  7.25384820e-03 -6.31847187e-02  7.25384820e-03 -4.45746038e-01 
 7.25884820e-03  1.84054883e-02  7.25884820e-03 -6.15007326e-02  7.25884820e-03 -4.42828407e-01 
 7.26384820e-03  2.03963556e-02  7.26384820e-03 -5.92915283e-02  7.26384820e-03 -4.39110073e-01 
 7.26884820e-03  2.29119760e-02  7.26884820e-03 -5.65590997e-02  7.26884820e-03 -4.34600862e-01 
 7.27384820e-03  2.59501250e-02  7.27384820e-03 -5.33059571e-02  7.27384820e-03 -4.29299247e-01 
 7.27884820e-03  2.95080622e-02  7.27884820e-03 -4.95351248e-02  7.27884820e-03 -4.23216405e-01 
 7.28384820e-03  3.35825342e-02  7.28384820e-03 -4.52501381e-02  7.28384820e-03 -4.16352572e-01 
 7.28884820e-03  3.81697776e-02  7.28884820e-03 -4.04550397e-02  7.28884820e-03 -4.08720261e-01 
 7.29384820e-03  4.32655230e-02  7.29384820e-03 -3.51543758e-02  7.29384820e-03 -4.00321438e-01 
 7.29884820e-03  4.88649991e-02  7.29884820e-03 -2.93531917e-02  7.29884820e-03 -3.91169933e-01 
 7.30384820e-03  5.49629374e-02  7.30384820e-03 -2.30570266e-02  7.30384820e-03 -3.81269408e-01 
 7.30884820e-03  6.15535772e-02  7.30884820e-03 -1.62719083e-02  7.30884820e-03 -3.70634984e-01 
 7.31384820e-03  6.86306717e-02  7.31384820e-03 -9.00434737e-03  7.31384820e-03 -3.59271971e-01 
 7.31884820e-03  7.61874938e-02  7.31884820e-03 -1.26133036e-03  7.31884820e-03 -3.47196752e-01 
 7.32384820e-03  8.42168429e-02  7.32384820e-03  6.94968680e-03  7.32384820e-03 -3.34416241e-01 
 7.32884820e-03  9.27110521e-02  7.32884820e-03  1.56207862e-02  7.32884820e-03 -3.20948040e-01 
 7.33384820e-03  1.01661995e-01  7.33384820e-03  2.47435960e-02  7.33384820e-03 -3.06800613e-01 
 7.33884820e-03  1.11061096e-01  7.33884820e-03  3.43092982e-02  7.33884820e-03 -2.91992740e-01 
 7.34384820e-03  1.20899336e-01  7.34384820e-03  4.43086379e-02  7.34384820e-03 -2.76534377e-01 
 7.34884820e-03  1.31167261e-01  7.34884820e-03  5.47319321e-02  7.34884820e-03 -2.60445430e-01 
 7.35384820e-03  1.41854995e-01  7.35384820e-03  6.55690792e-02  7.35384820e-03 -2.43737284e-01 
 7.35884820e-03  1.52952248e-01  7.35884820e-03  7.68095693e-02  7.35884820e-03 -2.26430919e-01 
 7.36384820e-03  1.64448323e-01  7.36384820e-03  8.84424943e-02  7.36384820e-03 -2.08539077e-01 
 7.36884820e-03  1.76332133e-01  7.36884820e-03  1.00456559e-01  7.36884820e-03 -1.90083752e-01 
 7.37384820e-03  1.88592205e-01  7.37384820e-03  1.12840091e-01  7.37384820e-03 -1.71078974e-01 
 7.37884820e-03  2.01216696e-01  7.37884820e-03  1.25581055e-01  7.37884820e-03 -1.51547684e-01 
 7.38384820e-03  2.14193403e-01  7.38384820e-03  1.38667060e-01  7.38384820e-03 -1.31505123e-01 
 7.38884820e-03  2.27509776e-01  7.38884820e-03  1.52085378e-01  7.38884820e-03 -1.10975110e-01 
 7.39384820e-03  2.41152929e-01  7.39384820e-03  1.65822951e-01  7.39384820e-03 -8.99740144e-02 
 7.39884820e-03  2.55109654e-01  7.39884820e-03  1.79866406e-01  7.39884820e-03 -6.85264635e-02 
 7.40384820e-03  2.69366432e-01  7.40384820e-03  1.94202067e-01  7.40384820e-03 -4.66498664e-02 
 7.40884820e-03  2.83909450e-01  7.40884820e-03  2.08815971e-01  7.40884820e-03 -2.43695821e-02 
 7.41384820e-03  2.98724610e-01  7.41384820e-03  2.23693881e-01  7.41384820e-03 -1.70397337e-03 
 7.41884820e-03  3.13797548e-01  7.41884820e-03  2.38821298e-01  7.41884820e-03  2.13209516e-02 
 7.42384820e-03  3.29113643e-01  7.42384820e-03  2.54183477e-01  7.42384820e-03  4.46859678e-02 
 7.42884820e-03  3.44658035e-01  7.42884820e-03  2.69765441e-01  7.42884820e-03  6.83645016e-02 
 7.43384820e-03  3.60415640e-01  7.43384820e-03  2.85551997e-01  7.43384820e-03  9.23365598e-02 
 7.43884820e-03  3.76371161e-01  7.43884820e-03  3.01527748e-01  7.43884820e-03  1.16575090e-01 
 7.44384820e-03  3.92509106e-01  7.44384820e-03  3.17677114e-01  7.44384820e-03  1.41059428e-01 
 7.44884820e-03  4.08813806e-01  7.44884820e-03  3.33984338e-01  7.44884820e-03  1.65762133e-01 
 7.45384820e-03  4.25269423e-01  7.45384820e-03  3.50433513e-01  7.45384820e-03  1.90661966e-01 
 7.45884820e-03  4.41859973e-01  7.45884820e-03  3.67008588e-01  7.45884820e-03  2.15731190e-01 
 7.46384820e-03  4.58569338e-01  7.46384820e-03  3.83693390e-01  7.46384820e-03  2.40948093e-01 
 7.46884820e-03  4.75381281e-01  7.46884820e-03  4.00471634e-01  7.46884820e-03  2.66284733e-01 
 7.47384820e-03  4.92279466e-01  7.47384820e-03  4.17326948e-01  7.47384820e-03  2.91719029e-01 
 7.47884820e-03  5.09247470e-01  7.47884820e-03  4.34242879e-01  7.47884820e-03  3.17222927e-01 
 7.48384820e-03  5.26268803e-01  7.48384820e-03  4.51202917e-01  7.48384820e-03  3.42774078e-01 
 7.48884820e-03  5.43326920e-01  7.48884820e-03  4.68190507e-01  7.48884820e-03  3.68344415e-01 
 7.49384820e-03  5.60405242e-01  7.49384820e-03  4.85189069e-01  7.49384820e-03  3.93911424e-01 
 7.49884820e-03  5.77487168e-01  7.49884820e-03  5.02182008e-01  7.49884820e-03  4.19447118e-01 
 7.50384820e-03  5.94556094e-01  7.50384820e-03  5.19152738e-01  7.50384820e-03  4.44928922e-01 
 7.50884820e-03  6.11595428e-01  7.50884820e-03  5.36084695e-01  7.50884820e-03  4.70329028e-01 
 7.51384820e-03  6.28588610e-01  7.51384820e-03  5.52961350e-01  7.51384820e-03  4.95624901e-01 
 7.51884820e-03  6.45519122e-01  7.51884820e-03  5.69766231e-01  7.51884820e-03  5.20789007e-01 
 7.52384820e-03  6.62370509e-01  7.52384820e-03  5.86482936e-01  7.52384820e-03  5.45798955e-01 
 7.52884820e-03  6.79126395e-01  7.52884820e-03  6.03095151e-01  7.52884820e-03  5.70627581e-01 
 7.53384820e-03  6.95770496e-01  7.53384820e-03  6.19586663e-01  7.53384820e-03  5.95252737e-01 
 7.53884820e-03  7.12286641e-01  7.53884820e-03  6.35941381e-01  7.53884820e-03  6.19647726e-01 
 7.54384820e-03  7.28658783e-01  7.54384820e-03  6.52143345e-01  7.54384820e-03  6.43790743e-01 
 7.54884820e-03  7.44871018e-01  7.54884820e-03  6.68176749e-01  7.54884820e-03  6.67655648e-01 
 7.55384820e-03  7.60907599e-01  7.55384820e-03  6.84025952e-01  7.55384820e-03  6.91221079e-01 
 7.55884820e-03  7.76752953e-01  7.55884820e-03  6.99675495e-01  7.55884820e-03  7.14461545e-01 
 7.56384820e-03  7.92391695e-01  7.56384820e-03  7.15110115e-01  7.56384820e-03  7.37356223e-01 
 7.56884820e-03  8.07808645e-01  7.56884820e-03  7.30314763e-01  7.56884820e-03  7.59880359e-01 
 7.57384820e-03  8.22988841e-01  7.57384820e-03  7.45274615e-01  7.57384820e-03  7.82039564e-01 
 7.57884820e-03  8.37917553e-01  7.57884820e-03  7.59975089e-01  7.57884820e-03  8.03746055e-01 
 7.58384820e-03  8.52580303e-01  7.58384820e-03  7.74401860e-01  7.58384820e-03  8.25042079e-01 
 7.58884820e-03  8.66962871e-01  7.58884820e-03  7.88540871e-01  7.58884820e-03  8.45857578e-01 
 7.59384820e-03  8.81051316e-01  7.59384820e-03  8.02378351e-01  7.59384820e-03  8.66220277e-01 
 7.59884820e-03  8.94831987e-01  7.59884820e-03  8.15900825e-01  7.59884820e-03  8.86062406e-01 
 7.60384820e-03  9.08291536e-01  7.60384820e-03  8.29095130e-01  7.60384820e-03  9.05411303e-01 
 7.60884820e-03  9.21416932e-01  7.60884820e-03  8.41948426e-01  7.60884820e-03  9.24201527e-01 
 7.61384820e-03  9.34195474e-01  7.61384820e-03  8.54448210e-01  7.61384820e-03  9.42460143e-01 
 7.61884820e-03  9.46614803e-01  7.61884820e-03  8.66582326e-01  7.61884820e-03  9.60124079e-01 
 7.62384820e-03  9.58662914e-01  7.62384820e-03  8.78338982e-01  7.62384820e-03  9.77220236e-01 
 7.62884820e-03  9.70328169e-01  7.62884820e-03  8.89706756e-01  7.62884820e-03  9.93687946e-01 
 7.63384820e-03  9.81599308e-01  7.63384820e-03  9.00674610e-01  7.63384820e-03  1.00955405e+00 
 7.63884820e-03  9.92465457e-01  7.63884820e-03  9.11231901e-01  7.63884820e-03  1.02476032e+00 
 7.64384820e-03  1.00291615e+00  7.64384820e-03  9.21368392e-01  7.64384820e-03  1.03933364e+00 
 7.64884820e-03  1.01294131e+00  7.64884820e-03  9.31074260e-01  7.64884820e-03  1.05321823e+00 
 7.65384820e-03  1.02253131e+00  7.65384820e-03  9.40340107e-01  7.65384820e-03  1.06644111e+00 
 7.65884820e-03  1.03167694e+00  7.65884820e-03  9.49156969e-01  7.65884820e-03  1.07894900e+00 
 7.66384820e-03  1.04036941e+00  7.66384820e-03  9.57516327e-01  7.66384820e-03  1.09076915e+00 
 7.66884820e-03  1.04860040e+00  7.66884820e-03  9.65410110e-01  7.66884820e-03  1.10185075e+00 
 7.67384820e-03  1.05636204e+00  7.67384820e-03  9.72830709e-01  7.67384820e-03  1.11222137e+00 
 7.67884820e-03  1.06364691e+00  7.67884820e-03  9.79770981e-01  7.67884820e-03  1.12183274e+00 
 7.68384820e-03  1.07044809e+00  7.68384820e-03  9.86224258e-01  7.68384820e-03  1.13071278e+00 
 7.68884820e-03  1.07675911e+00  7.68884820e-03  9.92184351e-01  7.68884820e-03  1.13881575e+00 
 7.69384820e-03  1.08257398e+00  7.69384820e-03  9.97645558e-01  7.69384820e-03  1.14617002e+00 
 7.69884820e-03  1.08788723e+00  7.69884820e-03  1.00260267e+00  7.69884820e-03  1.15273240e+00 
 7.70384820e-03  1.09269386e+00  7.70384820e-03  1.00705098e+00  7.70384820e-03  1.15853175e+00 
 7.70884820e-03  1.09698938e+00  7.70884820e-03  1.01098626e+00  7.70884820e-03  1.16352742e+00 
 7.71384820e-03  1.10076980e+00  7.71384820e-03  1.01440483e+00  7.71384820e-03  1.16774883e+00 
 7.71884820e-03  1.10403163e+00  7.71884820e-03  1.01730348e+00  7.71884820e-03  1.17115784e+00 
 7.72384820e-03  1.10677191e+00  7.72384820e-03  1.01967954e+00  7.72384820e-03  1.17378450e+00 
 7.72884820e-03  1.10898819e+00  7.72884820e-03  1.02153084e+00  7.72884820e-03  1.17559320e+00 
 7.73384820e-03  1.11067852e+00  7.73384820e-03  1.02285573e+00  7.73384820e-03  1.17661460e+00 
 7.73884820e-03  1.11184149e+00  7.73884820e-03  1.02365308e+00  7.73884820e-03  1.17681562e+00 
 7.74384820e-03  1.11247620e+00  7.74384820e-03  1.02392229e+00  7.74384820e-03  1.17622759e+00 
 7.74884820e-03  1.11258227e+00  7.74884820e-03  1.02366327e+00  7.74884820e-03  1.17481991e+00 
 7.75384820e-03  1.11215985e+00  7.75384820e-03  1.02287646e+00  7.75384820e-03  1.17262464e+00 
 7.75884820e-03  1.11120961e+00  7.75884820e-03  1.02156281e+00  7.75884820e-03  1.16961361e+00 
 7.76384820e-03  1.10973273e+00  7.76384820e-03  1.01972379e+00  7.76384820e-03  1.16581960e+00 
 7.76884820e-03  1.10773091e+00  7.76884820e-03  1.01736141e+00  7.76884820e-03  1.16121687e+00 
 7.77384820e-03  1.10520639e+00  7.77384820e-03  1.01447817e+00  7.77384820e-03  1.15583895e+00 
 7.77884820e-03  1.10216191e+00  7.77884820e-03  1.01107709e+00  7.77884820e-03  1.14966248e+00 
 7.78384820e-03  1.09860071e+00  7.78384820e-03  1.00716172e+00  7.78384820e-03  1.14272173e+00 
 7.78884820e-03  1.09452656e+00  7.78884820e-03  1.00273609e+00  7.78884820e-03  1.13499568e+00 
 7.79384820e-03  1.08994373e+00  7.79384820e-03  9.97804750e-01  7.79384820e-03  1.12651933e+00 
 7.79884820e-03  1.08485700e+00  7.79884820e-03  9.92372749e-01  7.79884820e-03  1.11727396e+00 
 7.80384820e-03  1.07927163e+00  7.80384820e-03  9.86445623e-01  7.80384820e-03  1.10729532e+00 
 7.80884820e-03  1.07319337e+00  7.80884820e-03  9.80029402e-01  7.80884820e-03  1.09656691e+00 
 7.81384820e-03  1.06662849e+00  7.81384820e-03  9.73130595e-01  7.81384820e-03  1.08512520e+00 
 7.81884820e-03  1.05958370e+00  7.81884820e-03  9.65756190e-01  7.81884820e-03  1.07295588e+00 
 7.82384820e-03  1.05206621e+00  7.82384820e-03  9.57913642e-01  7.82384820e-03  1.06009610e+00 
 7.82884820e-03  1.04408368e+00  7.82884820e-03  9.49610870e-01  7.82884820e-03  1.04653366e+00 
 7.83384820e-03  1.03564424e+00  7.83384820e-03  9.40856246e-01  7.83384820e-03  1.03230641e+00 
 7.83884820e-03  1.02675647e+00  7.83884820e-03  9.31658587e-01  7.83884820e-03  1.01740418e+00 
 7.84384820e-03  1.01742938e+00  7.84384820e-03  9.22027150e-01  7.84384820e-03  1.00186544e+00 
 7.84884820e-03  1.00767243e+00  7.84884820e-03  9.11971617e-01  7.84884820e-03  9.85682003e-01 
 7.85384820e-03  9.97495496e-01  7.85384820e-03  9.01502090e-01  7.85384820e-03  9.68892943e-01 
 7.85884820e-03  9.86908868e-01  7.85884820e-03  8.90629079e-01  7.85884820e-03  9.51491958e-01 
 7.86384820e-03  9.75923242e-01  7.86384820e-03  8.79363493e-01  7.86384820e-03  9.33518674e-01 
 7.86884820e-03  9.64549706e-01  7.86884820e-03  8.67716626e-01  7.86884820e-03  9.14968597e-01 
 7.87384820e-03  9.52799733e-01  7.87384820e-03  8.55700152e-01  7.87384820e-03  8.95881858e-01 
 7.87884820e-03  9.40685166e-01  7.87884820e-03  8.43326106e-01  7.87884820e-03  8.76255682e-01 
 7.88384820e-03  9.28218207e-01  7.88384820e-03  8.30606878e-01  7.88384820e-03  8.56130651e-01 
 7.88884820e-03  9.15411408e-01  7.88884820e-03  8.17555198e-01  7.88884820e-03  8.35505615e-01 
 7.89384820e-03  9.02277655e-01  7.89384820e-03  8.04184124e-01  7.89384820e-03  8.14421551e-01 
 7.89884820e-03  8.88830155e-01  7.89884820e-03  7.90507029e-01  7.89884820e-03  7.92878838e-01 
 7.90384820e-03  8.75082427e-01  7.90384820e-03  7.76537588e-01  7.90384820e-03  7.70918782e-01 
 7.90884820e-03  8.61048286e-01  7.90884820e-03  7.62289764e-01  7.90884820e-03  7.48543196e-01 
 7.91384820e-03  8.46741828e-01  7.91384820e-03  7.47777797e-01  7.91384820e-03  7.25800070e-01 
 7.91884820e-03  8.32177419e-01  7.91884820e-03  7.33016184e-01  7.91884820e-03  7.02706881e-01 
 7.92384820e-03  8.17369679e-01  7.92384820e-03  7.18019670e-01  7.92384820e-03  6.79231429e-01 
 7.92884820e-03  8.02333468e-01  7.92884820e-03  7.02803234e-01  7.92884820e-03  6.55483548e-01 
 7.93384820e-03  7.87083871e-01  7.93384820e-03  6.87382067e-01  7.93384820e-03  6.31401433e-01 
 7.93884820e-03  7.71636184e-01  7.93884820e-03  6.71771567e-01  7.93884820e-03  6.07092501e-01 
 7.94384820e-03  7.56005900e-01  7.94384820e-03  6.55987316e-01  7.94384820e-03  5.82498461e-01 
 7.94884820e-03  7.40208688e-01  7.94884820e-03  6.40045068e-01  7.94884820e-03  5.57724327e-01 
 7.95384820e-03  7.24260386e-01  7.95384820e-03  6.23960733e-01  7.95384820e-03  5.32715124e-01 
 7.95884820e-03  7.08176978e-01  7.95884820e-03  6.07750360e-01  7.95884820e-03  5.07573469e-01 
 7.96384820e-03  6.91974584e-01  7.96384820e-03  5.91430124e-01  7.96384820e-03  4.82247508e-01 
 7.96884820e-03  6.75669438e-01  7.96884820e-03  5.75016309e-01  7.96884820e-03  4.56837458e-01 
 7.97384820e-03  6.59277878e-01  7.97384820e-03  5.58525288e-01  7.97384820e-03  4.31294395e-01 
 7.97884820e-03  6.42816326e-01  7.97884820e-03  5.41973513e-01  7.97884820e-03  4.05716134e-01 
 7.98384820e-03  6.26301274e-01  7.98384820e-03  5.25377495e-01  7.98384820e-03  3.80056485e-01 
 7.98884820e-03  6.09749265e-01  7.98884820e-03  5.08753789e-01  7.98884820e-03  3.54410854e-01 
 7.99384820e-03  5.93176880e-01  7.99384820e-03  4.92118977e-01  7.99384820e-03  3.28735599e-01 
 7.99884820e-03  5.76600719e-01  7.99884820e-03  4.75489650e-01  7.99884820e-03  3.03123702e-01 
 8.00384820e-03  5.60037387e-01  8.00384820e-03  4.58882398e-01  8.00384820e-03  2.77533885e-01 
 8.00884820e-03  5.43503474e-01  8.00884820e-03  4.42313784e-01  8.00884820e-03  2.52056690e-01 
 8.01384820e-03  5.27015543e-01  8.01384820e-03  4.25800337e-01  8.01384820e-03  2.26653018e-01 
 8.01884820e-03  5.10590111e-01  8.01884820e-03  4.09358529e-01  8.01884820e-03  2.01410959e-01 
 8.02384820e-03  4.94243633e-01  8.02384820e-03  3.93004762e-01  8.02384820e-03  1.76293409e-01 
 8.02884820e-03  4.77992485e-01  8.02884820e-03  3.76755352e-01  8.02884820e-03  1.51385985e-01 
 8.03384820e-03  4.61852951e-01  8.03384820e-03  3.60626509e-01  8.03384820e-03  1.26653407e-01 
 8.03884820e-03  4.45841202e-01  8.03884820e-03  3.44634328e-01  8.03884820e-03  1.02178795e-01 
 8.04384820e-03  4.29973287e-01  8.04384820e-03  3.28794766e-01  8.04384820e-03  7.79285214e-02 
 8.04884820e-03  4.14265108e-01  8.04884820e-03  3.13123630e-01  8.04884820e-03  5.39831872e-02 
 8.05384820e-03  3.98732412e-01  8.05384820e-03  2.97636562e-01  8.05384820e-03  3.03106491e-02 
 8.05884820e-03  3.83390774e-01  8.05884820e-03  2.82349021e-01  8.05884820e-03  6.98896625e-03 
 8.06384820e-03  3.68255577e-01  8.06384820e-03  2.67276270e-01  8.06384820e-03 -1.60126834e-02 
 8.06884820e-03  3.53342003e-01  8.06884820e-03  2.52433358e-01  8.06884820e-03 -3.86188058e-02 
 8.07384820e-03  3.38665014e-01  8.07384820e-03  2.37835110e-01  8.07384820e-03 -6.08590596e-02 
 8.07884820e-03  3.24239338e-01  8.07884820e-03  2.23496106e-01  8.07884820e-03 -8.26605393e-02 
 8.08384820e-03  3.10079456e-01  8.08384820e-03  2.09430674e-01  8.08384820e-03 -1.04051893e-01 
 8.08884820e-03  2.96199587e-01  8.08884820e-03  1.95652869e-01  8.08884820e-03 -1.24962826e-01 
 8.09384820e-03  2.82613671e-01  8.09384820e-03  1.82176463e-01  8.09384820e-03 -1.45421125e-01 
 8.09884820e-03  2.69335360e-01  8.09884820e-03  1.69014932e-01  8.09884820e-03 -1.65359125e-01 
 8.10384820e-03  2.56378003e-01  8.10384820e-03  1.56181438e-01  8.10384820e-03 -1.84803892e-01 
 8.10884820e-03  2.43754629e-01  8.10884820e-03  1.43688821e-01  8.10884820e-03 -2.03690416e-01 
 8.11384820e-03  2.31477942e-01  8.11384820e-03  1.31549586e-01  8.11384820e-03 -2.22045175e-01 
 8.11884820e-03  2.19560299e-01  8.11884820e-03  1.19775887e-01  8.11884820e-03 -2.39805831e-01 
 8.12384820e-03  2.08013705e-01  8.12384820e-03  1.08379518e-01  8.12384820e-03 -2.56998406e-01 
 8.12884820e-03  1.96849800e-01  8.12884820e-03  9.73719001e-02  8.12884820e-03 -2.73563248e-01 
 8.13384820e-03  1.86079843e-01  8.13384820e-03  8.67640714e-02  8.13384820e-03 -2.89526047e-01 
 8.13884820e-03  1.75714707e-01  8.13884820e-03  7.65666750e-02  8.13884820e-03 -3.04829851e-01 
 8.14384820e-03  1.65764863e-01  8.14384820e-03  6.67899490e-02  8.14384820e-03 -3.19500135e-01 
 8.14884820e-03  1.56240375e-01  8.14884820e-03  5.74437162e-02  8.14884820e-03 -3.33482656e-01 
 8.15384820e-03  1.47150885e-01  8.15384820e-03  4.85373745e-02  8.15384820e-03 -3.46802786e-01 
 8.15884820e-03  1.38505605e-01  8.15884820e-03  4.00798878e-02  8.15884820e-03 -3.59408996e-01 
 8.16384820e-03  1.30313311e-01  8.16384820e-03  3.20797768e-02  8.16384820e-03 -3.71326658e-01 
 8.16884820e-03  1.22582330e-01  8.16884820e-03  2.45451108e-02  8.16884820e-03 -3.82506964e-01 
 8.17384820e-03  1.15320534e-01  8.17384820e-03  1.74834997e-02  8.17384820e-03 -3.92975380e-01 
 8.17884820e-03  1.08535333e-01  8.17884820e-03  1.09020865e-02  8.17884820e-03 -4.02685817e-01 
 8.18384820e-03  1.02233665e-01  8.18384820e-03  4.80754028e-03  8.18384820e-03 -4.11663926e-01 
 8.18884820e-03  9.64219915e-02  8.18884820e-03 -7.93950483e-04  8.18884820e-03 -4.19866333e-01 
 8.19384820e-03  9.11062902e-02  8.19384820e-03 -5.89668392e-03  8.19384820e-03 -4.27318954e-01 
 8.19884820e-03  8.62920494e-02  8.19884820e-03 -1.04954504e-02  8.19884820e-03 -4.33981124e-01 
 8.20384820e-03  8.19842624e-02  8.20384820e-03 -1.45855378e-02  8.20384820e-03 -4.39879097e-01 
 8.20884820e-03  7.81874226e-02  8.20884820e-03 -1.81627360e-02  8.20884820e-03 -4.44974902e-01 
 8.21384820e-03  7.49055191e-02  8.21384820e-03 -2.12233411e-02  8.21384820e-03 -4.49295202e-01 
 8.21884820e-03  7.21420326e-02  8.21884820e-03 -2.37641590e-02  8.21884820e-03 -4.52804699e-01 
 8.22384820e-03  6.98999322e-02  8.22384820e-03 -2.57825088e-02  8.22384820e-03 -4.55530523e-01 
 8.22884820e-03  6.81816725e-02  8.22884820e-03 -2.72762251e-02  8.22884820e-03 -4.57440031e-01 
 8.23384820e-03  6.69891909e-02  8.23384820e-03 -2.82436604e-02  8.23384820e-03 -4.58560871e-01 
 8.23884820e-03  6.63239058e-02  8.23884820e-03 -2.86836867e-02  8.23884820e-03 -4.58863026e-01 
 8.24384820e-03  6.61867154e-02  8.24384820e-03 -2.85956963e-02  8.24384820e-03 -4.58374706e-01 
 8.24884820e-03  6.65779966e-02  8.24884820e-03 -2.79796030e-02  8.24884820e-03 -4.57068489e-01 
 8.25384820e-03  6.74976047e-02  8.25384820e-03 -2.68358416e-02  8.25384820e-03 -4.54973182e-01 
 8.25884820e-03  6.89448733e-02  8.25884820e-03 -2.51653676e-02  8.25884820e-03 -4.52063922e-01 
 8.26384820e-03  7.09186156e-02  8.26384820e-03 -2.29696566e-02  8.26384820e-03 -4.48370144e-01 
 8.26884820e-03  7.34171248e-02  8.26884820e-03 -2.02507025e-02  8.26884820e-03 -4.43869501e-01 
 8.27384820e-03  7.64381763e-02  8.27384820e-03 -1.70110157e-02  8.27384820e-03 -4.38592075e-01 
 8.27884820e-03  7.99790297e-02  8.27884820e-03 -1.32536205e-02  8.27884820e-03 -4.32517987e-01 
 8.28384820e-03  8.40364316e-02  8.28384820e-03 -8.98205203e-03  8.28384820e-03 -4.25677985e-01 
 8.28884820e-03  8.86066186e-02  8.28884820e-03 -4.20035320e-03  8.28884820e-03 -4.18054606e-01 
 8.29384820e-03  9.36853214e-02  8.29384820e-03  1.08692980e-03  8.29384820e-03 -4.09679266e-01 
 8.29884820e-03  9.92677685e-02  8.29884820e-03  6.87475169e-03  8.29884820e-03 -4.00536863e-01 
 8.30384820e-03  1.05348691e-01  8.30384820e-03  1.31575732e-02  8.30384820e-03 -3.90659482e-01 
 8.30884820e-03  1.11922330e-01  8.30884820e-03  1.99293664e-02  8.30884820e-03 -3.80034318e-01 
 8.31384820e-03  1.18982436e-01  8.31384820e-03  2.71836210e-02  8.31384820e-03 -3.68694121e-01 
 8.31884820e-03  1.26522284e-01  8.31884820e-03  3.49133501e-02  8.31884820e-03 -3.56628315e-01 
 8.32384820e-03  1.34534672e-01  8.32384820e-03  4.31110980e-02  8.32384820e-03 -3.43870298e-01 
 8.32884820e-03  1.43011934e-01  8.32884820e-03  5.17689466e-02  8.32884820e-03 -3.30411653e-01 
 8.33384820e-03  1.51945944e-01  8.33384820e-03  6.08785241e-02  8.33384820e-03 -3.16286409e-01 
 8.33884820e-03  1.61328125e-01  8.33884820e-03  7.04310125e-02  8.33884820e-03 -3.01488228e-01 
 8.34384820e-03  1.71149458e-01  8.34384820e-03  8.04171568e-02  8.34384820e-03 -2.86051743e-01 
 8.34884820e-03  1.81400490e-01  8.34884820e-03  9.08272740e-02  8.34884820e-03 -2.69972617e-01 
 8.35384820e-03  1.92071345e-01  8.35384820e-03  1.01651263e-01  8.35384820e-03 -2.53286053e-01 
 8.35884820e-03  2.03151732e-01  8.35884820e-03  1.12878613e-01  8.35884820e-03 -2.35989630e-01 
 8.36384820e-03  2.14630956e-01  8.36384820e-03  1.24498416e-01  8.36384820e-03 -2.18119081e-01 
 8.36884820e-03  2.26497927e-01  8.36884820e-03  1.36499377e-01  8.36884820e-03 -1.99673813e-01 
 8.37384820e-03  2.38741173e-01  8.37384820e-03  1.48869824e-01  8.37384820e-03 -1.80690047e-01 
 8.37884820e-03  2.51348852e-01  8.37884820e-03  1.61597720e-01  8.37884820e-03 -1.61168922e-01 
 8.38384820e-03  2.64308761e-01  8.38384820e-03  1.74670678e-01  8.38384820e-03 -1.41147098e-01 
 8.38884820e-03  2.77608349e-01  8.38884820e-03  1.88075965e-01  8.38884820e-03 -1.20627352e-01 
 8.39384820e-03  2.91234731e-01  8.39384820e-03  2.01800526e-01  8.39384820e-03 -9.96467258e-02 
 8.39884820e-03  3.05174698e-01  8.39884820e-03  2.15830986e-01  8.39884820e-03 -7.82095362e-02 
 8.40384820e-03  3.19414731e-01  8.40384820e-03  2.30153672e-01  8.40384820e-03 -5.63531483e-02 
 8.40884820e-03  3.33941018e-01  8.40884820e-03  2.44754619e-01  8.40884820e-03 -3.40833146e-02 
 8.41384820e-03  3.48739460e-01  8.41384820e-03  2.59619589e-01  8.41384820e-03 -1.14376607e-02 
 8.41884820e-03  3.63795693e-01  8.41884820e-03  2.74734085e-01  8.41884820e-03  1.15767302e-02 
 8.42384820e-03  3.79095097e-01  8.42384820e-03  2.90083360e-01  8.42384820e-03  3.49220396e-02 
 8.42884820e-03  3.94622812e-01  8.42884820e-03  3.05652439e-01  8.42884820e-03  5.85899614e-02 
 8.43384820e-03  4.10363752e-01  8.43384820e-03  3.21426127e-01  8.43384820e-03  8.25425551e-02 
 8.43884820e-03  4.26302621e-01  8.43884820e-03  3.37389030e-01  8.43884820e-03  1.06770401e-01 
 8.44384820e-03  4.42423930e-01  8.44384820e-03  3.53525564e-01  8.44384820e-03  1.31235511e-01 
 8.44884820e-03  4.58712005e-01  8.44884820e-03  3.69819975e-01  8.44884820e-03  1.55927464e-01 
 8.45384820e-03  4.75151011e-01  8.45384820e-03  3.86256355e-01  8.45384820e-03  1.80808300e-01 
 8.45884820e-03  4.91724963e-01  8.45884820e-03  4.02818653e-01  8.45884820e-03  2.05866708e-01 
 8.46384820e-03  5.08417742e-01  8.46384820e-03  4.19490694e-01  8.46384820e-03  2.31064840e-01 
 8.46884820e-03  5.25213114e-01  8.46884820e-03  4.36256197e-01  8.46884820e-03  2.56390607e-01 
 8.47384820e-03  5.42094740e-01  8.47384820e-03  4.53098787e-01  8.47384820e-03  2.81806351e-01 
 8.47884820e-03  5.59046200e-01  8.47884820e-03  4.70002012e-01  8.47884820e-03  3.07299324e-01 
 8.48384820e-03  5.76051001e-01  8.48384820e-03  4.86949362e-01  8.48384820e-03  3.32832138e-01 
 8.48884820e-03  5.93092599e-01  8.48884820e-03  5.03924282e-01  8.48884820e-03  3.58391501e-01 
 8.49384820e-03  6.10154416e-01  8.49384820e-03  5.20910191e-01  8.49384820e-03  3.83940383e-01 
 8.49884820e-03  6.27219849e-01  8.49884820e-03  5.37890495e-01  8.49884820e-03  4.09465059e-01 
 8.50384820e-03  6.44272296e-01  8.50384820e-03  5.54848609e-01  8.50384820e-03  4.34928942e-01 
 8.50884820e-03  6.61295164e-01  8.50884820e-03  5.71767966e-01  8.50884820e-03  4.60317989e-01 
 8.51384820e-03  6.78271893e-01  8.51384820e-03  5.88632039e-01  8.51384820e-03  4.85596142e-01 
 8.51884820e-03  6.95185965e-01  8.51884820e-03  6.05424356e-01  8.51884820e-03  5.10749153e-01 
 8.52384820e-03  7.12020926e-01  8.52384820e-03  6.22128515e-01  8.52384820e-03  5.35741577e-01 
 8.52884820e-03  7.28760398e-01  8.52884820e-03  6.38728201e-01  8.52884820e-03  5.60559075e-01 
 8.53384820e-03  7.45388099e-01  8.53384820e-03  6.55207202e-01  8.53384820e-03  5.85166901e-01 
 8.53884820e-03  7.61887856e-01  8.53884820e-03  6.71549425e-01  8.53884820e-03  6.09550733e-01 
 8.54384820e-03  7.78243623e-01  8.54384820e-03  6.87738914e-01  8.54384820e-03  6.33676607e-01 
 8.54884820e-03  7.94439497e-01  8.54884820e-03  7.03759859e-01  8.54884820e-03  6.57530329e-01 
 8.55384820e-03  8.10459729e-01  8.55384820e-03  7.19596621e-01  8.55384820e-03  6.81078802e-01 
 8.55884820e-03  8.26288748e-01  8.55884820e-03  7.35233740e-01  8.55884820e-03  7.04308064e-01 
 8.56384820e-03  8.41911168e-01  8.56384820e-03  7.50655954e-01  8.56384820e-03  7.27185962e-01 
 8.56884820e-03  8.57311809e-01  8.56884820e-03  7.65848213e-01  8.56884820e-03  7.49735259e-01 
 8.57384820e-03  8.72475708e-01  8.57384820e-03  7.80795694e-01  8.57384820e-03  7.71819487e-01 
 8.57884820e-03  8.87388137e-01  8.57884820e-03  7.95483814e-01  8.57884820e-03  7.93558486e-01 
 8.58384820e-03  9.02034616e-01  8.58384820e-03  8.09898248e-01  8.58384820e-03  8.14794939e-01 
 8.58884820e-03  9.16400926e-01  8.58884820e-03  8.24024940e-01  8.58884820e-03  8.35641732e-01 
 8.59384820e-03  9.30473127e-01  8.59384820e-03  8.37850118e-01  8.59384820e-03  8.55946216e-01 
 8.59884820e-03  9.44237566e-01  8.59884820e-03  8.51360308e-01  8.59884820e-03  8.75818459e-01 
 8.60384820e-03  9.57680896e-01  8.60384820e-03  8.64542345e-01  8.60384820e-03  8.95110460e-01 
 8.60884820e-03  9.70790086e-01  8.60884820e-03  8.77383391e-01  8.60884820e-03  9.13929654e-01 
 8.61384820e-03  9.83552435e-01  8.61384820e-03  8.89870942e-01  8.61384820e-03  9.32132659e-01 
 8.61884820e-03  9.95955584e-01  8.61884820e-03  9.01992843e-01  8.61884820e-03  9.49824454e-01 
 8.62384820e-03  1.00798753e+00  8.62384820e-03  9.13737300e-01  8.62384820e-03  9.66866251e-01 
 8.62884820e-03  1.01963663e+00  8.62884820e-03  9.25092892e-01  8.62884820e-03  9.83360743e-01 
 8.63384820e-03  1.03089162e+00  8.63384820e-03  9.36048582e-01  8.63384820e-03  9.99173707e-01 
 8.63884820e-03  1.04174165e+00  8.63884820e-03  9.46593727e-01  8.63884820e-03  1.01440571e+00 
 8.64384820e-03  1.05217622e+00  8.64384820e-03  9.56718088e-01  8.64384820e-03  1.02892707e+00 
 8.64884820e-03  1.06218528e+00  8.64884820e-03  9.66411843e-01  8.64884820e-03  1.04283638e+00 
 8.65384820e-03  1.07175919e+00  8.65384820e-03  9.75665594e-01  8.65384820e-03  1.05600846e+00 
 8.65884820e-03  1.08088874e+00  8.65884820e-03  9.84470378e-01  8.65884820e-03  1.06854009e+00 
 8.66384820e-03  1.08956514e+00  8.66384820e-03  9.92817673e-01  8.66384820e-03  1.08031056e+00 
 8.66884820e-03  1.09778008e+00  8.66884820e-03  1.00069941e+00  8.66884820e-03  1.09141495e+00 
 8.67384820e-03  1.10552568e+00  8.67384820e-03  1.00810798e+00  8.67384820e-03  1.10173698e+00 
 8.67884820e-03  1.11279453e+00  8.67884820e-03  1.01503624e+00  8.67884820e-03  1.11137021e+00 
 8.68384820e-03  1.11957969e+00  8.68384820e-03  1.02147753e+00  8.68384820e-03  1.12020272e+00 
 8.68884820e-03  1.12587471e+00  8.68884820e-03  1.02742564e+00  8.68884820e-03  1.12832666e+00 
 8.69384820e-03  1.13167360e+00  8.69384820e-03  1.03287489e+00  8.69384820e-03  1.13563445e+00 
 8.69884820e-03  1.13697087e+00  8.69884820e-03  1.03782006e+00  8.69884820e-03  1.14221692e+00 
 8.70384820e-03  1.14176154e+00  8.70384820e-03  1.04225644e+00  8.70384820e-03  1.14797080e+00 
 8.70884820e-03  1.14604110e+00  8.70884820e-03  1.04617982e+00  8.70884820e-03  1.15298571e+00 
 8.71384820e-03  1.14980558e+00  8.71384820e-03  1.04958649e+00  8.71384820e-03  1.15716263e+00 
 8.71884820e-03  1.15305149e+00  8.71884820e-03  1.05247327e+00  8.71884820e-03  1.16059007e+00 
 8.72384820e-03  1.15577585e+00  8.72384820e-03  1.05483747e+00  8.72384820e-03  1.16317320e+00 
 8.72884820e-03  1.15797623e+00  8.72884820e-03  1.05667692e+00  8.72884820e-03  1.16499952e+00 
 8.73384820e-03  1.15965067e+00  8.73384820e-03  1.05798999e+00  8.73384820e-03  1.16597834e+00 
 8.73884820e-03  1.16079777e+00  8.73884820e-03  1.05877553e+00  8.73884820e-03  1.16619620e+00 
 8.74384820e-03  1.16141661e+00  8.74384820e-03  1.05903295e+00  8.74384820e-03  1.16556650e+00 
 8.74884820e-03  1.16150684e+00  8.74884820e-03  1.05876215e+00  8.74884820e-03  1.16417493e+00 
 8.75384820e-03  1.16106858e+00  8.75384820e-03  1.05796358e+00  8.75384820e-03  1.16193886e+00 
 8.75884820e-03  1.16010251e+00  8.75884820e-03  1.05663819e+00  8.75884820e-03  1.15894321e+00 
 8.76384820e-03  1.15860982e+00  8.76384820e-03  1.05478745e+00  8.76384820e-03  1.15510927e+00 
 8.76884820e-03  1.15659220e+00  8.76884820e-03  1.05241335e+00  8.76884820e-03  1.15052122e+00 
 8.77384820e-03  1.15405190e+00  8.77384820e-03  1.04951842e+00  8.77384820e-03  1.14510422e+00 
 8.77884820e-03  1.15099163e+00  8.77884820e-03  1.04610567e+00  8.77884820e-03  1.13894174e+00 
 8.78384820e-03  1.14741467e+00  8.78384820e-03  1.04217863e+00  8.78384820e-03  1.13196272e+00 
 8.78884820e-03  1.14332478e+00  8.78884820e-03  1.03774136e+00  8.78884820e-03  1.12425000e+00 
 8.79384820e-03  1.13872621e+00  8.79384820e-03  1.03279840e+00  8.79384820e-03  1.11573619e+00 
 8.79884820e-03  1.13362375e+00  8.79884820e-03  1.02735478e+00  8.79884820e-03  1.10650352e+00 
 8.80384820e-03  1.12802266e+00  8.80384820e-03  1.02141607e+00  8.80384820e-03  1.09648818e+00 
 8.80884820e-03  1.12192871e+00  8.80884820e-03  1.01498827e+00  8.80884820e-03  1.08577185e+00 
 8.81384820e-03  1.11534814e+00  8.81384820e-03  1.00807790e+00  8.81384820e-03  1.07429421e+00 
 8.81884820e-03  1.10828767e+00  8.81884820e-03  1.00069195e+00  8.81884820e-03  1.06213635e+00 
 8.82384820e-03  1.10075452e+00  8.82384820e-03  9.92837873e-01  8.82384820e-03  1.04924138e+00 
 8.82884820e-03  1.09275634e+00  8.82884820e-03  9.84523589e-01  8.82884820e-03  1.03568984e+00 
 8.83384820e-03  1.08430126e+00  8.83384820e-03  9.75757469e-01  8.83384820e-03  1.02142811e+00 
 8.83884820e-03  1.07539786e+00  8.83884820e-03  9.66548331e-01  8.83884820e-03  1.00653620e+00 
 8.84384820e-03  1.06605516e+00  8.84384820e-03  9.56905431e-01  8.84384820e-03  9.90963691e-01 
 8.84884820e-03  1.05628261e+00  8.84884820e-03  9.46838451e-01  8.84884820e-03  9.74790034e-01 
 8.85384820e-03  1.04609008e+00  8.85384820e-03  9.36357493e-01  8.85384820e-03  9.57967886e-01 
 8.85884820e-03  1.03548788e+00  8.85884820e-03  9.25473068e-01  8.85884820e-03  9.40576149e-01 
 8.86384820e-03  1.02448668e+00  8.86384820e-03  9.14196083e-01  8.86384820e-03  9.22570443e-01 
 8.86884820e-03  1.01309760e+00  8.86884820e-03  9.02537834e-01  8.86884820e-03  9.04029100e-01 
 8.87384820e-03  1.00133208e+00  8.87384820e-03  8.90509994e-01  8.87384820e-03  8.84910589e-01 
 8.87884820e-03  9.89201986e-01  8.87884820e-03  8.78124598e-01  8.87884820e-03  8.65292649e-01 
 8.88384820e-03  9.76719511e-01  8.88384820e-03  8.65394036e-01  8.88384820e-03  8.45136480e-01 
 8.88884820e-03  9.63897208e-01  8.88884820e-03  8.52331038e-01  8.88884820e-03  8.24519199e-01 
 8.89384820e-03  9.50747962e-01  8.89384820e-03  8.38948662e-01  8.89384820e-03  8.03404613e-01 
 8.89884820e-03  9.37284983e-01  8.89884820e-03  8.25260281e-01  8.89884820e-03  7.81869189e-01 
 8.90384820e-03  9.23521788e-01  8.90384820e-03  8.11279571e-01  8.90384820e-03  7.59879214e-01 
 8.90884820e-03  9.09472191e-01  8.90884820e-03  7.97020494e-01  8.90884820e-03  7.37510464e-01 
 8.91384820e-03  8.95150290e-01  8.91384820e-03  7.82497288e-01  8.91384820e-03  7.14731582e-01 
 8.91884820e-03  8.80570450e-01  8.91884820e-03  7.67724454e-01  8.91884820e-03  6.91617613e-01 
 8.92384820e-03  8.65747290e-01  8.92384820e-03  7.52716735e-01  8.92384820e-03  6.68178407e-01 
 8.92884820e-03  8.50695672e-01  8.92884820e-03  7.37489108e-01  8.92884820e-03  6.44374147e-01 
 8.93384820e-03  8.35430680e-01  8.93384820e-03  7.22056768e-01  8.93384820e-03  6.20325152e-01 
 8.93884820e-03  8.19967611e-01  8.93884820e-03  7.06435110e-01  8.93884820e-03  5.95961480e-01 
 8.94384820e-03  8.04321955e-01  8.94384820e-03  6.90639716e-01  8.94384820e-03  5.71399089e-01 
 8.94884820e-03  7.88509385e-01  8.94884820e-03  6.74686341e-01  8.94884820e-03  5.46571799e-01 
 8.95384820e-03  7.72545736e-01  8.95384820e-03  6.58590895e-01  8.95384820e-03  5.21592828e-01 
 8.95884820e-03  7.56446994e-01  8.95884820e-03  6.42369428e-01  8.95884820e-03  4.96399548e-01 
 8.96384820e-03  7.40229277e-01  8.96384820e-03  6.26038113e-01  8.96384820e-03  4.71102453e-01 
 8.96884820e-03  7.23908820e-01  8.96884820e-03  6.09613234e-01  8.96884820e-03  4.45642260e-01 
 8.97384820e-03  7.07501962e-01  8.97384820e-03  5.93111166e-01  8.97384820e-03  4.20126747e-01 
 8.97884820e-03  6.91025124e-01  8.97884820e-03  5.76548359e-01  8.97884820e-03  3.94499772e-01 
 8.98384820e-03  6.74494797e-01  8.98384820e-03  5.59941325e-01  8.98384820e-03  3.68866405e-01 
 8.98884820e-03  6.57927525e-01  8.98884820e-03  5.43306618e-01  8.98884820e-03  3.43173445e-01 
 8.99384820e-03  6.41339890e-01  8.99384820e-03  5.26660821e-01  8.99384820e-03  3.17523250e-01 
 8.99884820e-03  6.24748490e-01  8.99884820e-03  5.10020525e-01  8.99884820e-03  2.91865362e-01 
 9.00384820e-03  6.08169931e-01  9.00384820e-03  4.93402319e-01  9.00384820e-03  2.66299427e-01 
 9.00884820e-03  5.91620803e-01  9.00884820e-03  4.76822767e-01  9.00884820e-03  2.40777535e-01 
 9.01384820e-03  5.75117670e-01  9.01384820e-03  4.60298398e-01  9.01384820e-03  2.15396611e-01 
 9.01884820e-03  5.58677047e-01  9.01884820e-03  4.43845683e-01  9.01884820e-03  1.90111104e-01 
 9.02384820e-03  5.42315389e-01  9.02384820e-03  4.27481025e-01  9.02384820e-03  1.65015210e-01 
 9.02884820e-03  5.26049074e-01  9.02884820e-03  4.11220738e-01  9.02884820e-03  1.40065547e-01 
 9.03384820e-03  5.09894384e-01  9.03384820e-03  3.95081035e-01  9.03384820e-03  1.15353573e-01 
 9.03884820e-03  4.93867492e-01  9.03884820e-03  3.79078009e-01  9.03884820e-03  9.08378919e-02 
 9.04384820e-03  4.77984445e-01  9.04384820e-03  3.63227617e-01  9.04384820e-03  6.66072078e-02 
 9.04884820e-03  4.62261146e-01  9.04884820e-03  3.47545668e-01  9.04884820e-03  4.26219357e-02 
 9.05384820e-03  4.46713342e-01  9.05384820e-03  3.32047801e-01  9.05384820e-03  1.89680107e-02 
 9.05884820e-03  4.31356608e-01  9.05884820e-03  3.16749477e-01  9.05884820e-03 -4.39251642e-03 
 9.06384820e-03  4.16206326e-01  9.06384820e-03  3.01665958e-01  9.06384820e-03 -2.73764933e-02 
 9.06884820e-03  4.01277680e-01  9.06884820e-03  2.86812293e-01  9.06884820e-03 -5.00204021e-02 
 9.07384820e-03  3.86585630e-01  9.07384820e-03  2.72203307e-01  9.07384820e-03 -7.22438888e-02 
 9.07884820e-03  3.72144905e-01  9.07884820e-03  2.57853582e-01  9.07884820e-03 -9.40821317e-02 
 9.08384820e-03  3.57969985e-01  9.08384820e-03  2.43777443e-01  9.08384820e-03 -1.15457590e-01 
 9.08884820e-03  3.44075090e-01  9.08884820e-03  2.29988947e-01  9.08884820e-03 -1.36404297e-01 
 9.09384820e-03  3.30474160e-01  9.09384820e-03  2.16501865e-01  9.09384820e-03 -1.56847539e-01 
 9.09884820e-03  3.17180847e-01  9.09884820e-03  2.03329673e-01  9.09884820e-03 -1.76820356e-01 
 9.10384820e-03  3.04208499e-01  9.10384820e-03  1.90485533e-01  9.10384820e-03 -1.96250876e-01 
 9.10884820e-03  2.91570147e-01  9.10884820e-03  1.77982286e-01  9.10884820e-03 -2.15171289e-01 
 9.11384820e-03  2.79278492e-01  9.11384820e-03  1.65832436e-01  9.11384820e-03 -2.33512579e-01 
 9.11884820e-03  2.67345893e-01  9.11884820e-03  1.54048137e-01  9.11884820e-03 -2.51306228e-01 
 9.12384820e-03  2.55784356e-01  9.12384820e-03  1.42641183e-01  9.12384820e-03 -2.68486083e-01 
 9.12884820e-03  2.44605518e-01  9.12884820e-03  1.31622995e-01  9.12884820e-03 -2.85083051e-01 
 9.13384820e-03  2.33820641e-01  9.13384820e-03  1.21004611e-01  9.13384820e-03 -3.01033851e-01 
 9.13884820e-03  2.23440595e-01  9.13884820e-03  1.10796675e-01  9.13884820e-03 -3.16368942e-01 
 9.14384820e-03  2.13475855e-01  9.14384820e-03  1.01009425e-01  9.14384820e-03 -3.31027921e-01 
 9.14884820e-03  2.03936481e-01  9.14884820e-03  9.16526823e-02  9.14884820e-03 -3.45040918e-01 
 9.15384820e-03  1.94832116e-01  9.15384820e-03  8.27358461e-02  9.15384820e-03 -3.58350409e-01 
 9.15884820e-03  1.86171974e-01  9.15884820e-03  7.42678798e-02  9.15884820e-03 -3.70986309e-01 
 9.16384820e-03  1.77964829e-01  9.16384820e-03  6.62573043e-02  9.16384820e-03 -3.82893976e-01 
 9.16884820e-03  1.70219008e-01  9.16884820e-03  5.87121886e-02  9.16884820e-03 -3.94103211e-01 
 9.17384820e-03  1.62942385e-01  9.17384820e-03  5.16401429e-02  9.17384820e-03 -4.04562248e-01 
 9.17884820e-03  1.56142367e-01  9.17884820e-03  4.50483099e-02  9.17884820e-03 -4.14300879e-01 
 9.18384820e-03  1.49825894e-01  9.18384820e-03  3.89433588e-02  9.18384820e-03 -4.23270204e-01 
 9.18884820e-03  1.43999427e-01  9.18884820e-03  3.33314781e-02  9.18884820e-03 -4.31500092e-01 
 9.19384820e-03  1.38668944e-01  9.19384820e-03  2.82183696e-02  9.19384820e-03 -4.38944501e-01 
 9.19884820e-03  1.33839933e-01  9.19884820e-03  2.36092429e-02  9.19884820e-03 -4.45633462e-01 
 9.20384820e-03  1.29517387e-01  9.20384820e-03  1.95088100e-02  9.20384820e-03 -4.51523773e-01 
 9.20884820e-03  1.25705799e-01  9.20884820e-03  1.59212813e-02  9.20884820e-03 -4.56645701e-01 
 9.21384820e-03  1.22409160e-01  9.21384820e-03  1.28503604e-02  9.21384820e-03 -4.60958867e-01 
 9.21884820e-03  1.19630949e-01  9.21884820e-03  1.02992414e-02  9.21884820e-03 -4.64493840e-01 
 9.22384820e-03  1.17374135e-01  9.22384820e-03  8.27060537e-03  9.22384820e-03 -4.67213039e-01 
 9.22884820e-03  1.15641174e-01  9.22884820e-03  6.76661750e-03  9.22884820e-03 -4.69147398e-01 
 9.23384820e-03  1.14434002e-01  9.23384820e-03  5.78892533e-03  9.23384820e-03 -4.70262101e-01 
 9.23884820e-03  1.13754038e-01  9.23884820e-03  5.33865692e-03  9.23884820e-03 -4.70588500e-01 
 9.24384820e-03  1.13602180e-01  9.24384820e-03  5.41641979e-03  9.24384820e-03 -4.70094512e-01 
 9.24884820e-03  1.13978805e-01  9.24884820e-03  6.02230031e-03  9.24884820e-03 -4.68811952e-01 
 9.25384820e-03  1.14883768e-01  9.25384820e-03  7.15586361e-03  9.25384820e-03 -4.66711429e-01 
 9.25884820e-03  1.16316404e-01  9.25884820e-03  8.81615405e-03  9.25884820e-03 -4.63825257e-01 
 9.26384820e-03  1.18275524e-01  9.26384820e-03  1.10016961e-02  9.26384820e-03 -4.60126697e-01 
 9.26884820e-03  1.20759422e-01  9.26884820e-03  1.37104958e-02  9.26884820e-03 -4.55648590e-01 
 9.27384820e-03  1.23765874e-01  9.27384820e-03  1.69400428e-02  9.27384820e-03 -4.50366798e-01 
 9.27884820e-03  1.27292140e-01  9.27884820e-03  2.06873128e-02  9.27884820e-03 -4.44314713e-01 
 9.28384820e-03  1.31334965e-01  9.28384820e-03  2.49487705e-02  9.28384820e-03 -4.37470746e-01 
 9.28884820e-03  1.35890586e-01  9.28884820e-03  2.97203731e-02  9.28884820e-03 -4.29868852e-01 
 9.29384820e-03  1.40954735e-01  9.29384820e-03  3.49975744e-02  9.29384820e-03 -4.21489931e-01 
 9.29884820e-03  1.46522639e-01  9.29884820e-03  4.07753290e-02  9.29884820e-03 -4.12368511e-01 
 9.30384820e-03  1.52589030e-01  9.30384820e-03  4.70480977e-02  9.30384820e-03 -4.02487918e-01 
 9.30884820e-03  1.59148148e-01  9.30884820e-03  5.38098526e-02  9.30884820e-03 -3.91883252e-01 
 9.31384820e-03  1.66193745e-01  9.31384820e-03  6.10540832e-02  9.31384820e-03 -3.80540198e-01 
 9.31884820e-03  1.73719095e-01  9.31884820e-03  6.87738028e-02  9.31884820e-03 -3.68494418e-01 
 9.32384820e-03  1.81716996e-01  9.32384820e-03  7.69615554e-02  9.32384820e-03 -3.55733883e-01 
 9.32884820e-03  1.90179783e-01  9.32884820e-03  8.56094233e-02  9.32884820e-03 -3.42294809e-01 
 9.33384820e-03  1.99099328e-01  9.33384820e-03  9.47090342e-02  9.33384820e-03 -3.28167373e-01 
 9.33884820e-03  2.08467056e-01  9.33884820e-03  1.04251570e-01  9.33884820e-03 -3.13388320e-01 
 9.34384820e-03  2.18273947e-01  9.34384820e-03  1.14227777e-01  9.34384820e-03 -2.97949956e-01 
 9.34884820e-03  2.28510548e-01  9.34884820e-03  1.24627971e-01  9.34884820e-03 -2.81889529e-01 
 9.35384820e-03  2.39166983e-01  9.35384820e-03  1.35442050e-01  9.35384820e-03 -2.65201386e-01 
 9.35884820e-03  2.50232962e-01  9.35884820e-03  1.46659505e-01  9.35884820e-03 -2.47923245e-01 
 9.36384820e-03  2.61697788e-01  9.36384820e-03  1.58269427e-01  9.36384820e-03 -2.30051406e-01 
 9.36884820e-03  2.73550372e-01  9.36884820e-03  1.70260521e-01  9.36884820e-03 -2.11624017e-01 
 9.37384820e-03  2.85779243e-01  9.37384820e-03  1.82621116e-01  9.37384820e-03 -1.92639235e-01 
 9.37884820e-03  2.98372558e-01  9.37884820e-03  1.95339174e-01  9.37884820e-03 -1.73135598e-01 
 9.38384820e-03  3.11318114e-01  9.38384820e-03  2.08402307e-01  9.38384820e-03 -1.53113023e-01 
 9.38884820e-03  3.24603360e-01  9.38884820e-03  2.21797785e-01  9.38884820e-03 -1.32610385e-01 
 9.39384820e-03  3.38215411e-01  9.39384820e-03  2.35512550e-01  9.39384820e-03 -1.11629262e-01 
 9.39884820e-03  3.52141058e-01  9.39884820e-03  2.49533229e-01  9.39884820e-03 -9.02088117e-02 
 9.40384820e-03  3.66366782e-01  9.40384820e-03  2.63846146e-01  9.40384820e-03 -6.83521689e-02 
 9.40884820e-03  3.80878771e-01  9.40884820e-03  2.78437340e-01  9.40884820e-03 -4.60987173e-02 
 9.41384820e-03  3.95662926e-01  9.41384820e-03  2.93292571e-01  9.41384820e-03 -2.34530408e-02 
 9.41884820e-03  4.10704884e-01  9.41884820e-03  3.08397341e-01  9.41884820e-03 -4.54685064e-04 
 9.42384820e-03  4.25990023e-01  9.42384820e-03  3.23736905e-01  9.42384820e-03  2.28904248e-02 
 9.42884820e-03  4.41503483e-01  9.42884820e-03  3.39296286e-01  9.42884820e-03  4.65426481e-02 
 9.43384820e-03  4.57230181e-01  9.43384820e-03  3.55060291e-01  9.43384820e-03  7.04948294e-02 
 9.43884820e-03  4.73154818e-01  9.43884820e-03  3.71013524e-01  9.43884820e-03  9.47073037e-02 
 9.44384820e-03  4.89261906e-01  9.44384820e-03  3.87140402e-01  9.44384820e-03  1.19171798e-01 
 9.44884820e-03  5.05535771e-01  9.44884820e-03  4.03425172e-01  9.44884820e-03  1.43848696e-01 
 9.45384820e-03  5.21960578e-01  9.45384820e-03  4.19851924e-01  9.45384820e-03  1.68728722e-01 
 9.45884820e-03  5.38520342e-01  9.45884820e-03  4.36404607e-01  9.45884820e-03  1.93772385e-01 
 9.46384820e-03  5.55198944e-01  9.46384820e-03  4.53067049e-01  9.46384820e-03  2.18969520e-01 
 9.46884820e-03  5.71980149e-01  9.46884820e-03  4.69822966e-01  9.46884820e-03  2.44280841e-01 
 9.47384820e-03  5.88847620e-01  9.47384820e-03  4.86655983e-01  9.47384820e-03  2.69695411e-01 
 9.47884820e-03  6.05784935e-01  9.47884820e-03  5.03549650e-01  9.47884820e-03  2.95174227e-01 
 9.48384820e-03  6.22775602e-01  9.48384820e-03  5.20487455e-01  9.48384820e-03  3.20705699e-01 
 9.48884820e-03  6.39803078e-01  9.48884820e-03  5.37452844e-01  9.48884820e-03  3.46251188e-01 
 9.49384820e-03  6.56850782e-01  9.49384820e-03  5.54429235e-01  9.49384820e-03  3.71798565e-01 
 9.49884820e-03  6.73902115e-01  9.49884820e-03  5.71400036e-01  9.49884820e-03  3.97309642e-01 
 9.50384820e-03  6.90940471e-01  9.50384820e-03  5.88348660e-01  9.50384820e-03  4.22771865e-01 
 9.50884820e-03  7.07949260e-01  9.50884820e-03  6.05258541e-01  9.50884820e-03  4.48147580e-01 
 9.51384820e-03  7.24911920e-01  9.51384820e-03  6.22113152e-01  9.51384820e-03  4.73423926e-01 
 9.51884820e-03  7.41811934e-01  9.51884820e-03  6.38896020e-01  9.51884820e-03  4.98563864e-01 
 9.52384820e-03  7.58632847e-01  9.52384820e-03  6.55590744e-01  9.52384820e-03  5.23554341e-01 
 9.52884820e-03  7.75358283e-01  9.52884820e-03  6.72181008e-01  9.52884820e-03  5.48359018e-01 
 9.53384820e-03  7.91971959e-01  9.53384820e-03  6.88650602e-01  9.53384820e-03  5.72964762e-01 
 9.53884820e-03  8.08457701e-01  9.53884820e-03  7.04983431e-01  9.53884820e-03  5.97336019e-01 
 9.54384820e-03  8.24799464e-01  9.54384820e-03  7.21163539e-01  9.54384820e-03  6.21459685e-01 
 9.54884820e-03  8.40981344e-01  9.54884820e-03  7.37175117e-01  9.54884820e-03  6.45301071e-01 
 9.55384820e-03  8.56987594e-01  9.55384820e-03  7.53002525e-01  9.55384820e-03  6.68847213e-01 
 9.55884820e-03  8.72802641e-01  9.55884820e-03  7.68630305e-01  9.55884820e-03  6.92064370e-01 
 9.56384820e-03  8.88411100e-01  9.56384820e-03  7.84043192e-01  9.56384820e-03  7.14980379e-01 
 9.56884820e-03  9.03797790e-01  9.56884820e-03  7.99226138e-01  9.56884820e-03  7.37441208e-01 
 9.57384820e-03  9.18947749e-01  9.57384820e-03  8.14164319e-01  9.57384820e-03  7.59594518e-01 
 9.57884820e-03  9.33846249e-01  9.57884820e-03  8.28843153e-01  9.57884820e-03  7.81251212e-01 
 9.58384820e-03  9.48478810e-01  9.58384820e-03  8.43248315e-01  9.58384820e-03  8.02554677e-01 
 9.58884820e-03  9.62831212e-01  9.58884820e-03  8.57365748e-01  9.58884820e-03  8.23321318e-01 
 9.59384820e-03  9.76889516e-01  9.59384820e-03  8.71181680e-01  9.59384820e-03  8.43690801e-01 
 9.59884820e-03  9.90640068e-01  9.59884820e-03  8.84682637e-01  9.59884820e-03  8.63484989e-01 
 9.60384820e-03  1.00406952e+00  9.60384820e-03  8.97855456e-01  9.60384820e-03  8.82840034e-01 
 9.60884820e-03  1.01716485e+00  9.60884820e-03  9.10687296e-01  9.60884820e-03  9.01583211e-01 
 9.61384820e-03  1.02991334e+00  9.61384820e-03  9.23165654e-01  9.61384820e-03  9.19847362e-01 
 9.61884820e-03  1.04230265e+00  9.61884820e-03  9.35278376e-01  9.61884820e-03  9.37465122e-01 
 9.62384820e-03  1.05432076e+00  9.62384820e-03  9.47013667e-01  9.62384820e-03  9.54566221e-01 
 9.62884820e-03  1.06595603e+00  9.62884820e-03  9.58360107e-01  9.62884820e-03  9.70988607e-01 
 9.63384820e-03  1.07719722e+00  9.63384820e-03  9.69306658e-01  9.63384820e-03  9.86859081e-01 
 9.63884820e-03  1.08803344e+00  9.63884820e-03  9.79842677e-01  9.63884820e-03  1.00202086e+00 
 9.64384820e-03  1.09845422e+00  9.64384820e-03  9.89957925e-01  9.64384820e-03  1.01659799e+00 
 9.64884820e-03  1.10844950e+00  9.64884820e-03  9.99642581e-01  9.64884820e-03  1.03043889e+00 
 9.65384820e-03  1.11800964e+00  9.65384820e-03  1.00888725e+00  9.65384820e-03  1.04366506e+00 
 9.65884820e-03  1.12712543e+00  9.65884820e-03  1.01768296e+00  9.65884820e-03  1.05613006e+00 
 9.66384820e-03  1.13578808e+00  9.66384820e-03  1.02602119e+00  9.66384820e-03  1.06795296e+00 
 9.66884820e-03  1.14398928e+00  9.66884820e-03  1.03389388e+00  9.66884820e-03  1.07899245e+00 
 9.67384820e-03  1.15172115e+00  9.67384820e-03  1.04129342e+00  9.67384820e-03  1.08936533e+00 
 9.67884820e-03  1.15897628e+00  9.67884820e-03  1.04821266e+00  9.67884820e-03  1.09893533e+00 
 9.68384820e-03  1.16574774e+00  9.68384820e-03  1.05464494e+00  9.68384820e-03  1.10781714e+00 
 9.68884820e-03  1.17202906e+00  9.68884820e-03  1.06058406e+00  9.68884820e-03  1.11587949e+00 
 9.69384820e-03  1.17781426e+00  9.69384820e-03  1.06602433e+00  9.69384820e-03  1.12323508e+00 
 9.69884820e-03  1.18309786e+00  9.69884820e-03  1.07096053e+00  9.69884820e-03  1.12975755e+00 
 9.70384820e-03  1.18787486e+00  9.70384820e-03  1.07538795e+00  9.70384820e-03  1.13555776e+00 
 9.70884820e-03  1.19214077e+00  9.70884820e-03  1.07930239e+00  9.70884820e-03  1.14051422e+00 
 9.71384820e-03  1.19589160e+00  9.71384820e-03  1.08270013e+00  9.71384820e-03  1.14473605e+00 
 9.71884820e-03  1.19912387e+00  9.71884820e-03  1.08557799e+00  9.71884820e-03  1.14810655e+00 
 9.72384820e-03  1.20183462e+00  9.72384820e-03  1.08793329e+00  9.72384820e-03  1.15073322e+00 
 9.72884820e-03  1.20402138e+00  9.72884820e-03  1.08976385e+00  9.72884820e-03  1.15250406e+00 
 9.73384820e-03  1.20568222e+00  9.73384820e-03  1.09106804e+00  9.73384820e-03  1.15352507e+00 
 9.73884820e-03  1.20681572e+00  9.73884820e-03  1.09184472e+00  9.73884820e-03  1.15368889e+00 
 9.74384820e-03  1.20742098e+00  9.74384820e-03  1.09209328e+00  9.74384820e-03  1.15310009e+00 
 9.74884820e-03  1.20749763e+00  9.74884820e-03  1.09181365e+00  9.74884820e-03  1.15165585e+00 
 9.75384820e-03  1.20704582e+00  9.75384820e-03  1.09100625e+00  9.75384820e-03  1.14945942e+00 
 9.75884820e-03  1.20606619e+00  9.75884820e-03  1.08967204e+00  9.75884820e-03  1.14641245e+00 
 9.76384820e-03  1.20455996e+00  9.76384820e-03  1.08781250e+00  9.76384820e-03  1.14261692e+00 
 9.76884820e-03  1.20252881e+00  9.76884820e-03  1.08542962e+00  9.76884820e-03  1.13797887e+00 
 9.77384820e-03  1.19997499e+00  9.77384820e-03  1.08252591e+00  9.77384820e-03  1.13259908e+00 
 9.77884820e-03  1.19690121e+00  9.77884820e-03  1.07910440e+00  9.77884820e-03  1.12638789e+00 
 9.78384820e-03  1.19331075e+00  9.78384820e-03  1.07516862e+00  9.78384820e-03  1.11944493e+00 
 9.78884820e-03  1.18920736e+00  9.78884820e-03  1.07072261e+00  9.78884820e-03  1.11168473e+00 
 9.79384820e-03  1.18459532e+00  9.79384820e-03  1.06577092e+00  9.79384820e-03  1.10320586e+00 
 9.79884820e-03  1.17947939e+00  9.79884820e-03  1.06031860e+00  9.79884820e-03  1.09392692e+00 
 9.80384820e-03  1.17386484e+00  9.80384820e-03  1.05437118e+00  9.80384820e-03  1.08394544e+00 
 9.80884820e-03  1.16775744e+00  9.80884820e-03  1.04793470e+00  9.80884820e-03  1.07318401e+00 
 9.81384820e-03  1.16116343e+00  9.81384820e-03  1.04101566e+00  9.81384820e-03  1.06173916e+00 
 9.81884820e-03  1.15408953e+00  9.81884820e-03  1.03362105e+00  9.81884820e-03  1.04953737e+00 
 9.82384820e-03  1.14654296e+00  9.82384820e-03  1.02575832e+00  9.82384820e-03  1.03667416e+00 
 9.82884820e-03  1.13853137e+00  9.82884820e-03  1.01743540e+00  9.82884820e-03  1.02307979e+00 
 9.83384820e-03  1.13006289e+00  9.83384820e-03  1.00866066e+00  9.83384820e-03  1.00884883e+00 
 9.83884820e-03  1.12114611e+00  9.83884820e-03  9.99442912e-01  9.83884820e-03  9.93915178e-01 
 9.84384820e-03  1.11179003e+00  9.84384820e-03  9.89791415e-01  9.84384820e-03  9.78372470e-01 
 9.84884820e-03  1.10200411e+00  9.84884820e-03  9.79715850e-01  9.84884820e-03  9.62158124e-01 
 9.85384820e-03  1.09179823e+00  9.85384820e-03  9.69226320e-01  9.85384820e-03  9.45364840e-01 
 9.85884820e-03  1.08118267e+00  9.85884820e-03  9.58333335e-01  9.85884820e-03  9.27933441e-01 
 9.86384820e-03  1.07016814e+00  9.86384820e-03  9.47047803e-01  9.86384820e-03  9.09955688e-01 
 9.86884820e-03  1.05876573e+00  9.86884820e-03  9.35381019e-01  9.86884820e-03  8.91375684e-01 
 9.87384820e-03  1.04698689e+00  9.87384820e-03  9.23344657e-01  9.87384820e-03  8.72284241e-01 
 9.87884820e-03  1.03484349e+00  9.87884820e-03  9.10950751e-01  9.87884820e-03  8.52628614e-01 
 9.88384820e-03  1.02234772e+00  9.88384820e-03  8.98211692e-01  9.88384820e-03  8.32498652e-01 
 9.88884820e-03  1.00951213e+00  9.88884820e-03  8.85140209e-01  9.88884820e-03  8.11844633e-01 
 9.89384820e-03  9.96349606e-01  9.89384820e-03  8.71749360e-01  9.89384820e-03  7.90755420e-01 
 9.89884820e-03  9.82873360e-01  9.89884820e-03  8.58052519e-01  9.89884820e-03  7.69184180e-01 
 9.90384820e-03  9.69096907e-01  9.90384820e-03  8.44063360e-01  9.90384820e-03  7.47218768e-01 
 9.90884820e-03  9.55034063e-01  9.90884820e-03  8.29795848e-01  9.90884820e-03  7.24815101e-01 
 9.91384820e-03  9.40698925e-01  9.91384820e-03  8.15264219e-01  9.91384820e-03  7.02059997e-01 
 9.91884820e-03  9.26105858e-01  9.91884820e-03  8.00482973e-01  9.91884820e-03  6.78911984e-01 
 9.92384820e-03  9.11269481e-01  9.92384820e-03  7.85466856e-01  9.92384820e-03  6.55456809e-01 
 9.92884820e-03  8.96204656e-01  9.92884820e-03  7.70230843e-01  9.92884820e-03  6.31692861e-01 
 9.93384820e-03  8.80926467e-01  9.93384820e-03  7.54790128e-01  9.93384820e-03  6.07597593e-01 
 9.93884820e-03  8.65450210e-01  9.93884820e-03  7.39160108e-01  9.93884820e-03  5.83268999e-01 
 9.94384820e-03  8.49791377e-01  9.94384820e-03  7.23356365e-01  9.94384820e-03  5.58661811e-01 
 9.94884820e-03  8.33965639e-01  9.94884820e-03  7.07394653e-01  9.94884820e-03  5.33868248e-01 
 9.95384820e-03  8.17988833e-01  9.95384820e-03  6.91290882e-01  9.95384820e-03  5.08845906e-01 
 9.95884820e-03  8.01876943e-01  9.95884820e-03  6.75061101e-01  9.95884820e-03  4.83685050e-01 
 9.96384820e-03  7.85646088e-01  9.96384820e-03  6.58721486e-01  9.96384820e-03  4.58345961e-01 
 9.96884820e-03  7.69312504e-01  9.96884820e-03  6.42288318e-01  9.96884820e-03  4.32916935e-01 
 9.97384820e-03  7.52892527e-01  9.97384820e-03  6.25777973e-01  9.97384820e-03  4.07360760e-01 
 9.97884820e-03  7.36402581e-01  9.97884820e-03  6.09206902e-01  9.97884820e-03  3.81763743e-01 
 9.98384820e-03  7.19859156e-01  9.98384820e-03  5.92591616e-01  9.98384820e-03  3.56091000e-01 
 9.98884820e-03  7.03278796e-01  9.98884820e-03  5.75948669e-01  9.98884820e-03  3.30426830e-01 
 9.99384820e-03  6.86678082e-01  9.99384820e-03  5.59294643e-01  9.99384820e-03  3.04738502e-01 
 9.99884820e-03  6.70073614e-01  9.99884820e-03  5.42646131e-01  9.99884820e-03  2.79108279e-01 
 1.00038482e-02  6.53481996e-01  1.00038482e-02  5.26019721e-01  1.00038482e-02  2.53505414e-01 
 1.00088482e-02  6.36919819e-01  1.00088482e-02  5.09431977e-01  1.00088482e-02  2.28010102e-01 
 1.00138482e-02  6.20403646e-01  1.00138482e-02  4.92899428e-01  1.00138482e-02  2.02593409e-01 
 1.00188482e-02  6.03949994e-01  1.00188482e-02  4.76438545e-01  1.00188482e-02  1.77333437e-01 
 1.00238482e-02  5.87575317e-01  1.00238482e-02  4.60065730e-01  1.00238482e-02  1.52202896e-01 
 1.00288482e-02  5.71295992e-01  1.00288482e-02  4.43797299e-01  1.00288482e-02  1.27277762e-01 
 1.00338482e-02  5.55128302e-01  1.00338482e-02  4.27649464e-01  1.00338482e-02  1.02532226e-01 
 1.00388482e-02  5.39088420e-01  1.00388482e-02  4.11638318e-01  1.00388482e-02  7.80401015e-02 
 1.00438482e-02  5.23192392e-01  1.00438482e-02  3.95779818e-01  1.00438482e-02  5.37769049e-02 
 1.00488482e-02  5.07456122e-01  1.00488482e-02  3.80089772e-01  1.00488482e-02  2.98142538e-02 
 1.00538482e-02  4.91895357e-01  1.00538482e-02  3.64583821e-01  1.00538482e-02  6.12883009e-03 
 1.00588482e-02  4.76525671e-01  1.00588482e-02  3.49277424e-01  1.00588482e-02 -1.72099777e-02 
 1.00638482e-02  4.61362449e-01  1.00638482e-02  3.34185844e-01  1.00638482e-02 -4.02244731e-02 
 1.00688482e-02  4.46420870e-01  1.00688482e-02  3.19324130e-01  1.00688482e-02 -6.28475314e-02 
 1.00738482e-02  4.31715898e-01  1.00738482e-02  3.04707107e-01  1.00738482e-02 -8.51005891e-02 
 1.00788482e-02  4.17262260e-01  1.00788482e-02  2.90349357e-01  1.00788482e-02 -1.06918819e-01 
 1.00838482e-02  4.03074438e-01  1.00838482e-02  2.76265204e-01  1.00838482e-02 -1.28322932e-01 
 1.00888482e-02  3.89166649e-01  1.00888482e-02  2.62468706e-01  1.00888482e-02 -1.49250432e-01 
 1.00938482e-02  3.75552836e-01  1.00938482e-02  2.48973634e-01  1.00938482e-02 -1.69721444e-01 
 1.00988482e-02  3.62246649e-01  1.00988482e-02  2.35793463e-01  1.00988482e-02 -1.89675831e-01 
 1.01038482e-02  3.49261437e-01  1.01038482e-02  2.22941357e-01  1.01038482e-02 -2.09133264e-01 
 1.01088482e-02  3.36610230e-01  1.01088482e-02  2.10430155e-01  1.01088482e-02 -2.28035996e-01 
 1.01138482e-02  3.24305730e-01  1.01138482e-02  1.98272362e-01  1.01138482e-02 -2.46403371e-01 
 1.01188482e-02  3.12360296e-01  1.01188482e-02  1.86480131e-01  1.01188482e-02 -2.64180061e-01 
 1.01238482e-02  3.00785933e-01  1.01238482e-02  1.75065257e-01  1.01238482e-02 -2.81385200e-01 
 1.01288482e-02  2.89594279e-01  1.01288482e-02  1.64039161e-01  1.01288482e-02 -2.97965903e-01 
 1.01338482e-02  2.78796595e-01  1.01338482e-02  1.53412881e-01  1.01338482e-02 -3.13941212e-01 
 1.01388482e-02  2.68403753e-01  1.01388482e-02  1.43197060e-01  1.01388482e-02 -3.29260708e-01 
 1.01438482e-02  2.58426225e-01  1.01438482e-02  1.33401936e-01  1.01438482e-02 -3.43943447e-01 
 1.01488482e-02  2.48874073e-01  1.01488482e-02  1.24037332e-01  1.01488482e-02 -3.57941492e-01 
 1.01538482e-02  2.39756940e-01  1.01538482e-02  1.15112645e-01  1.01538482e-02 -3.71274020e-01 
 1.01588482e-02  2.31084039e-01  1.01588482e-02  1.06636840e-01  1.01588482e-02 -3.83895590e-01 
 1.01638482e-02  2.22864145e-01  1.01638482e-02  9.86184378e-02  1.01638482e-02 -3.95825592e-01 
 1.01688482e-02  2.15105584e-01  1.01688482e-02  9.10655065e-02  1.01688482e-02 -4.07021094e-01 
 1.01738482e-02  2.07816231e-01  1.01738482e-02  8.39856567e-02  1.01738482e-02 -4.17501790e-01 
 1.01788482e-02  2.01003492e-01  1.01788482e-02  7.73860311e-02  1.01788482e-02 -4.27227262e-01 
 1.01838482e-02  1.94674308e-01  1.01838482e-02  7.12732989e-02  1.01838482e-02 -4.36217590e-01 
 1.01888482e-02  1.88835139e-01  1.01888482e-02  6.56536486e-02  1.01888482e-02 -4.44434874e-01 
 1.01938482e-02  1.83491964e-01  1.01938482e-02  6.05327819e-02  1.01938482e-02 -4.51899652e-01 
 1.01988482e-02  1.78650270e-01  1.01988482e-02  5.59159083e-02  1.01988482e-02 -4.58576543e-01 
 1.02038482e-02  1.74315051e-01  1.02038482e-02  5.18077402e-02  1.02038482e-02 -4.64486609e-01 
 1.02088482e-02  1.70490799e-01  1.02088482e-02  4.82124875e-02  1.02088482e-02 -4.69596980e-01 
 1.02138482e-02  1.67181505e-01  1.02138482e-02  4.51338540e-02  1.02138482e-02 -4.73929307e-01 
 1.02188482e-02  1.64390649e-01  1.02188482e-02  4.25750339e-02  1.02188482e-02 -4.77453218e-01 
 1.02238482e-02  1.62121200e-01  1.02238482e-02  4.05387080e-02  1.02238482e-02 -4.80191004e-01 
 1.02288482e-02  1.60375613e-01  1.02288482e-02  3.90270417e-02  1.02288482e-02 -4.82114776e-01 
 1.02338482e-02  1.59155824e-01  1.02338482e-02  3.80416823e-02  1.02338482e-02 -4.83247510e-01 
 1.02388482e-02  1.58463252e-01  1.02388482e-02  3.75837581e-02  1.02388482e-02 -4.83563780e-01 
 1.02438482e-02  1.58298797e-01  1.02438482e-02  3.76538764e-02  1.02438482e-02 -4.83087286e-01 
 1.02488482e-02  1.58662833e-01  1.02488482e-02  3.82521237e-02  1.02488482e-02 -4.81795036e-01 
 1.02538482e-02  1.59555217e-01  1.02538482e-02  3.93780650e-02  1.02538482e-02 -4.79711487e-01 
 1.02588482e-02  1.60975282e-01  1.02588482e-02  4.10307447e-02  1.02588482e-02 -4.76816049e-01 
 1.02638482e-02  1.62921842e-01  1.02638482e-02  4.32086872e-02  1.02638482e-02 -4.73133959e-01 
 1.02688482e-02  1.65393189e-01  1.02688482e-02  4.59098986e-02  1.02688482e-02 -4.68646994e-01 
 1.02738482e-02  1.68387099e-01  1.02738482e-02  4.91318685e-02  1.02738482e-02 -4.63381184e-01 
 1.02788482e-02  1.71900832e-01  1.02788482e-02  5.28715727e-02  1.02788482e-02 -4.57320633e-01 
 1.02838482e-02  1.75931134e-01  1.02838482e-02  5.71254757e-02  1.02838482e-02 -4.50492176e-01 
 1.02888482e-02  1.80474241e-01  1.02888482e-02  6.18895347e-02  1.02888482e-02 -4.42882192e-01 
 1.02938482e-02  1.85525885e-01  1.02938482e-02  6.71592036e-02  1.02938482e-02 -4.34518325e-01 
 1.02988482e-02  1.91081294e-01  1.02988482e-02  7.29294370e-02  1.02988482e-02 -4.25389178e-01 
 1.03038482e-02  1.97135199e-01  1.03038482e-02  7.91946955e-02  1.03038482e-02 -4.15523197e-01 
 1.03088482e-02  2.03681840e-01  1.03088482e-02  8.59489513e-02  1.03088482e-02 -4.04911153e-01 
 1.03138482e-02  2.10714970e-01  1.03138482e-02  9.31856940e-02  1.03138482e-02 -3.93582280e-01 
 1.03188482e-02  2.18227861e-01  1.03188482e-02  1.00897937e-01  1.03188482e-02 -3.81529458e-01 
 1.03238482e-02  2.26213313e-01  1.03238482e-02  1.09078224e-01  1.03238482e-02 -3.68782691e-01 
 1.03288482e-02  2.34663660e-01  1.03288482e-02  1.17718637e-01  1.03288482e-02 -3.55336896e-01 
 1.03338482e-02  2.43570775e-01  1.03338482e-02  1.26810804e-01  1.03338482e-02 -3.41222825e-01 
 1.03388482e-02  2.52926081e-01  1.03388482e-02  1.36345907e-01  1.03388482e-02 -3.26437362e-01 
 1.03438482e-02  2.62720559e-01  1.03438482e-02  1.46314692e-01  1.03438482e-02 -3.11011974e-01 
 1.03488482e-02  2.72944758e-01  1.03488482e-02  1.56707475e-01  1.03488482e-02 -2.94945434e-01 
 1.03538482e-02  2.83588799e-01  1.03538482e-02  1.67514154e-01  1.03538482e-02 -2.78269891e-01 
 1.03588482e-02  2.94642393e-01  1.03588482e-02  1.78724221e-01  1.03588482e-02 -2.60985923e-01 
 1.03638482e-02  3.06094843e-01  1.03638482e-02  1.90326765e-01  1.03638482e-02 -2.43126317e-01 
 1.03688482e-02  3.17935061e-01  1.03688482e-02  2.02310492e-01  1.03688482e-02 -2.24693376e-01 
 1.03738482e-02  3.30151576e-01  1.03738482e-02  2.14663731e-01  1.03738482e-02 -2.05720475e-01 
 1.03788482e-02  3.42732543e-01  1.03788482e-02  2.27374444e-01  1.03788482e-02 -1.86211549e-01 
 1.03838482e-02  3.55665760e-01  1.03838482e-02  2.40430243e-01  1.03838482e-02 -1.66200512e-01 
 1.03888482e-02  3.68938676e-01  1.03888482e-02  2.53818397e-01  1.03888482e-02 -1.45692838e-01 
 1.03938482e-02  3.82538406e-01  1.03938482e-02  2.67525850e-01  1.03938482e-02 -1.24722920e-01 
 1.03988482e-02  3.96451741e-01  1.03988482e-02  2.81539227e-01  1.03988482e-02 -1.03297678e-01 
 1.04038482e-02  4.10665163e-01  1.04038482e-02  2.95844853e-01  1.04038482e-02 -8.14519186e-02 
 1.04088482e-02  4.25164858e-01  1.04088482e-02  3.10428767e-01  1.04088482e-02 -5.91939083e-02 
 1.04138482e-02  4.39936730e-01  1.04138482e-02  3.25276729e-01  1.04138482e-02 -3.65588031e-02 
 1.04188482e-02  4.54966412e-01  1.04188482e-02  3.40374240e-01  1.04188482e-02 -1.35561127e-02 
 1.04238482e-02  4.70239284e-01  1.04238482e-02  3.55706556e-01  1.04238482e-02  9.77872822e-03 
 1.04288482e-02  4.85740488e-01  1.04288482e-02  3.71258701e-01  1.04288482e-02  3.34350713e-02 
 1.04338482e-02  5.01454937e-01  1.04338482e-02  3.87015479e-01  1.04338482e-02  5.73772770e-02 
 1.04388482e-02  5.17367336e-01  1.04388482e-02  4.02961496e-01  1.04388482e-02  8.15936649e-02 
 1.04438482e-02  5.33462193e-01  1.04438482e-02  4.19081170e-01  1.04438482e-02  1.06048468e-01 
 1.04488482e-02  5.49723837e-01  1.04488482e-02  4.35358746e-01  1.04488482e-02  1.30729082e-01 
 1.04538482e-02  5.66136433e-01  1.04538482e-02  4.51778314e-01  1.04538482e-02  1.55599692e-01 
 1.04588482e-02  5.82683993e-01  1.04588482e-02  4.68323825e-01  1.04588482e-02  1.80646881e-01 
 1.04638482e-02  5.99350402e-01  1.04638482e-02  4.84979105e-01  1.04638482e-02  2.05834868e-01 
 1.04688482e-02  6.16119422e-01  1.04688482e-02  5.01727870e-01  1.04688482e-02  2.31149533e-01 
 1.04738482e-02  6.32974717e-01  1.04738482e-02  5.18553746e-01  1.04738482e-02  2.56555214e-01 
 1.04788482e-02  6.49899865e-01  1.04788482e-02  5.35440283e-01  1.04788482e-02  2.82037202e-01 
 1.04838482e-02  6.66878374e-01  1.04838482e-02  5.52370968e-01  1.04838482e-02  3.07560036e-01 
 1.04888482e-02  6.83893701e-01  1.04888482e-02  5.69329248e-01  1.04888482e-02  3.33108529e-01 
 1.04938482e-02  7.00929265e-01  1.04938482e-02  5.86298541e-01  1.04938482e-02  3.58647512e-01 
 1.04988482e-02  7.17968466e-01  1.04988482e-02  6.03262254e-01  1.04988482e-02  3.84161433e-01 
 1.05038482e-02  7.34994700e-01  1.05038482e-02  6.20203801e-01  1.05038482e-02  4.09615500e-01 
 1.05088482e-02  7.51991376e-01  1.05088482e-02  6.37106614e-01  1.05088482e-02  4.34993906e-01 
 1.05138482e-02  7.68941931e-01  1.05138482e-02  6.53954169e-01  1.05138482e-02  4.60262325e-01 
 1.05188482e-02  7.85829850e-01  1.05188482e-02  6.70729991e-01  1.05188482e-02  4.85404808e-01 
 1.05238482e-02  8.02638676e-01  1.05238482e-02  6.87417680e-01  1.05238482e-02  5.10387581e-01 
 1.05288482e-02  8.19352034e-01  1.05288482e-02  7.04000919e-01  1.05288482e-02  5.35194663e-01 
 1.05338482e-02  8.35953641e-01  1.05338482e-02  7.20463498e-01  1.05338482e-02  5.59792921e-01 
 1.05388482e-02  8.52427323e-01  1.05388482e-02  7.36789324e-01  1.05388482e-02  5.84166448e-01 
 1.05438482e-02  8.68757035e-01  1.05438482e-02  7.52962438e-01  1.05438482e-02  6.08282837e-01 
 1.05488482e-02  8.84926873e-01  1.05488482e-02  7.68967033e-01  1.05488482e-02  6.32126365e-01 
 1.05538482e-02  9.00921089e-01  1.05538482e-02  7.84787468e-01  1.05538482e-02  6.55665436e-01 
 1.05588482e-02  9.16724111e-01  1.05588482e-02  8.00408285e-01  1.05588482e-02  6.78924671e-01 
 1.05638482e-02  9.32320554e-01  1.05638482e-02  8.15814221e-01  1.05638482e-02  7.01754643e-01 
 1.05688482e-02  9.47695237e-01  1.05688482e-02  8.30990225e-01  1.05688482e-02  7.24295108e-01 
 1.05738482e-02  9.62833198e-01  1.05738482e-02  8.45921475e-01  1.05738482e-02  7.46365081e-01 
 1.05788482e-02  9.77719709e-01  1.05788482e-02  8.60593388e-01  1.05788482e-02  7.68099160e-01 
 1.05838482e-02  9.92340289e-01  1.05838482e-02  8.74991639e-01  1.05838482e-02  7.89321585e-01 
 1.05888482e-02  1.00668072e+00  1.05888482e-02  8.89102171e-01  1.05888482e-02  8.10163423e-01 
 1.05938482e-02  1.02072706e+00  1.05938482e-02  9.02911213e-01  1.05938482e-02  8.30454101e-01 
 1.05988482e-02  1.03446566e+00  1.05988482e-02  9.16405290e-01  1.05988482e-02  8.50321360e-01 
 1.06038482e-02  1.04788317e+00  1.06038482e-02  9.29571240e-01  1.06038482e-02  8.69599773e-01 
 1.06088482e-02  1.06096655e+00  1.06088482e-02  9.42396220e-01  1.06088482e-02  8.88413956e-01 
 1.06138482e-02  1.07370312e+00  1.06138482e-02  9.54867729e-01  1.06138482e-02  9.06603587e-01 
 1.06188482e-02  1.08608051e+00  1.06188482e-02  9.66973612e-01  1.06188482e-02  9.24290347e-01 
 1.06238482e-02  1.09808670e+00  1.06238482e-02  9.78702075e-01  1.06238482e-02  9.41318981e-01 
 1.06288482e-02  1.10971008e+00  1.06288482e-02  9.90041697e-01  1.06288482e-02  9.57808417e-01 
 1.06338482e-02  1.12093937e+00  1.06338482e-02  1.00098144e+00  1.06338482e-02  9.73608425e-01 
 1.06388482e-02  1.13176371e+00  1.06388482e-02  1.01151066e+00  1.06388482e-02  9.88835356e-01 
 1.06438482e-02  1.14217261e+00  1.06438482e-02  1.02161912e+00  1.06438482e-02  1.00334396e+00 
 1.06488482e-02  1.15215603e+00  1.06488482e-02  1.03129700e+00  1.06488482e-02  1.01724818e+00 
 1.06538482e-02  1.16170431e+00  1.06538482e-02  1.04053489e+00  1.06538482e-02  1.03040771e+00 
 1.06588482e-02  1.17080824e+00  1.06588482e-02  1.04932385e+00  1.06588482e-02  1.04293424e+00 
 1.06638482e-02  1.17945906e+00  1.06638482e-02  1.05765534e+00  1.06638482e-02  1.05469235e+00 
 1.06688482e-02  1.18764843e+00  1.06688482e-02  1.06552129e+00  1.06688482e-02  1.06579163e+00 
 1.06738482e-02  1.19536847e+00  1.06738482e-02  1.07291410e+00  1.06738482e-02  1.07610150e+00 
 1.06788482e-02  1.20261179e+00  1.06788482e-02  1.07982662e+00  1.06788482e-02  1.08572961e+00 
 1.06838482e-02  1.20937144e+00  1.06838482e-02  1.08625219e+00  1.06838482e-02  1.09455015e+00 
 1.06888482e-02  1.21564096e+00  1.06888482e-02  1.09218462e+00  1.06888482e-02  1.10266896e+00 
 1.06938482e-02  1.22141437e+00  1.06938482e-02  1.09761819e+00  1.06938482e-02  1.10996497e+00 
 1.06988482e-02  1.22668619e+00  1.06988482e-02  1.10254772e+00  1.06988482e-02  1.11654231e+00 
 1.07038482e-02  1.23145142e+00  1.07038482e-02  1.10696847e+00  1.07038482e-02  1.12228459e+00 
 1.07088482e-02  1.23570556e+00  1.07088482e-02  1.11087625e+00  1.07088482e-02  1.12729437e+00 
 1.07138482e-02  1.23944464e+00  1.07138482e-02  1.11426735e+00  1.07138482e-02  1.13145987e+00 
 1.07188482e-02  1.24266517e+00  1.07188482e-02  1.11713857e+00  1.07188482e-02  1.13488219e+00 
 1.07238482e-02  1.24536417e+00  1.07238482e-02  1.11948724e+00  1.07238482e-02  1.13745408e+00 
 1.07288482e-02  1.24753920e+00  1.07288482e-02  1.12131119e+00  1.07288482e-02  1.13927528e+00 
 1.07338482e-02  1.24918832e+00  1.07338482e-02  1.12260877e+00  1.07338482e-02  1.14024303e+00 
 1.07388482e-02  1.25031011e+00  1.07388482e-02  1.12337885e+00  1.07388482e-02  1.14045578e+00 
 1.07438482e-02  1.25090367e+00  1.07438482e-02  1.12362083e+00  1.07438482e-02  1.13981519e+00 
 1.07488482e-02  1.25096863e+00  1.07488482e-02  1.12333462e+00  1.07488482e-02  1.13841851e+00 
 1.07538482e-02  1.25050512e+00  1.07538482e-02  1.12252065e+00  1.07538482e-02  1.13617172e+00 
 1.07588482e-02  1.24951382e+00  1.07588482e-02  1.12117988e+00  1.07588482e-02  1.13317097e+00 
 1.07638482e-02  1.24799592e+00  1.07638482e-02  1.11931379e+00  1.07638482e-02  1.12932648e+00 
 1.07688482e-02  1.24595311e+00  1.07688482e-02  1.11692438e+00  1.07688482e-02  1.12473334e+00 
 1.07738482e-02  1.24338763e+00  1.07738482e-02  1.11401414e+00  1.07738482e-02  1.11930595e+00 
 1.07788482e-02  1.24030221e+00  1.07788482e-02  1.11058610e+00  1.07788482e-02  1.11313841e+00 
 1.07838482e-02  1.23670011e+00  1.07838482e-02  1.10664381e+00  1.07838482e-02  1.10614916e+00 
 1.07888482e-02  1.23258510e+00  1.07888482e-02  1.10219130e+00  1.07888482e-02  1.09843138e+00 
 1.07938482e-02  1.22796143e+00  1.07938482e-02  1.09723313e+00  1.07938482e-02  1.08990750e+00 
 1.07988482e-02  1.22283389e+00  1.07988482e-02  1.09177432e+00  1.07988482e-02  1.08066979e+00 
 1.08038482e-02  1.21720774e+00  1.08038482e-02  1.08582044e+00  1.08038482e-02  1.07064455e+00 
 1.08088482e-02  1.21108875e+00  1.08088482e-02  1.07937749e+00  1.08088482e-02  1.05992320e+00 
 1.08138482e-02  1.20448315e+00  1.08138482e-02  1.07245200e+00  1.08138482e-02  1.04843580e+00 
 1.08188482e-02  1.19739768e+00  1.08188482e-02  1.06505095e+00  1.08188482e-02  1.03627295e+00 
 1.08238482e-02  1.18983954e+00  1.08238482e-02  1.05718179e+00  1.08238482e-02  1.02336838e+00 
 1.08288482e-02  1.18181639e+00  1.08288482e-02  1.04885245e+00  1.08288482e-02  1.00981186e+00 
 1.08338482e-02  1.17333636e+00  1.08338482e-02  1.04007130e+00  1.08338482e-02  9.95540684e-01 
 1.08388482e-02  1.16440803e+00  1.08388482e-02  1.03084715e+00  1.08388482e-02  9.80643824e-01 
 1.08438482e-02  1.15504041e+00  1.08438482e-02  1.02118925e+00  1.08438482e-02  9.65062014e-01 
 1.08488482e-02  1.14524297e+00  1.08488482e-02  1.01110731e+00  1.08488482e-02  9.48883429e-01 
 1.08538482e-02  1.13502557e+00  1.08538482e-02  1.00061140e+00  1.08538482e-02  9.32052130e-01 
 1.08588482e-02  1.12439850e+00  1.08588482e-02  9.89712052e-01  1.08588482e-02  9.14655490e-01 
 1.08638482e-02  1.11337247e+00  1.08638482e-02  9.78420166e-01  1.08638482e-02  8.96640779e-01 
 1.08688482e-02  1.10195856e+00  1.08688482e-02  9.66747037e-01  1.08688482e-02  8.78094561e-01 
 1.08738482e-02  1.09016825e+00  1.08738482e-02  9.54704338e-01  1.08738482e-02  8.58967189e-01 
 1.08788482e-02  1.07801337e+00  1.08788482e-02  9.42304106e-01  1.08788482e-02  8.39344403e-01 
 1.08838482e-02  1.06550613e+00  1.08838482e-02  9.29558730e-01  1.08838482e-02  8.19179513e-01 
 1.08888482e-02  1.05265908e+00  1.08888482e-02  9.16480940e-01  1.08888482e-02  7.98557416e-01 
 1.08938482e-02  1.03948510e+00  1.08938482e-02  9.03083794e-01  1.08938482e-02  7.77434250e-01 
 1.08988482e-02  1.02599741e+00  1.08988482e-02  8.89380664e-01  1.08988482e-02  7.55894041e-01 
 1.09038482e-02  1.01220952e+00  1.09038482e-02  8.75385227e-01  1.09038482e-02  7.33895622e-01 
 1.09088482e-02  9.98135251e-01  1.09088482e-02  8.61111445e-01  1.09088482e-02  7.11522120e-01 
 1.09138482e-02  9.83788694e-01  1.09138482e-02  8.46573556e-01  1.09138482e-02  6.88734931e-01 
 1.09188482e-02  9.69184216e-01  1.09188482e-02  8.31786060e-01  1.09188482e-02  6.65616244e-01 
 1.09238482e-02  9.54336437e-01  1.09238482e-02  8.16763701e-01  1.09238482e-02  6.42129880e-01 
 1.09288482e-02  9.39260217e-01  1.09288482e-02  8.01521456e-01  1.09288482e-02  6.18357051e-01 
 1.09338482e-02  9.23970642e-01  1.09338482e-02  7.86074520e-01  1.09338482e-02  5.94303788e-01 
 1.09388482e-02  9.08483007e-01  1.09388482e-02  7.70438287e-01  1.09388482e-02  5.69933543e-01 
 1.09438482e-02  8.92812805e-01  1.09438482e-02  7.54628340e-01  1.09438482e-02  5.45365140e-01 
 1.09488482e-02  8.76975706e-01  1.09488482e-02  7.38660433e-01  1.09488482e-02  5.20531369e-01 
 1.09538482e-02  8.60987546e-01  1.09538482e-02  7.22550477e-01  1.09538482e-02  4.95546460e-01 
 1.09588482e-02  8.44864311e-01  1.09588482e-02  7.06314521e-01  1.09588482e-02  4.70346791e-01 
 1.09638482e-02  8.28622119e-01  1.09638482e-02  6.89968739e-01  1.09638482e-02  4.45043832e-01 
 1.09688482e-02  8.12277206e-01  1.09688482e-02  6.73529414e-01  1.09688482e-02  4.19577341e-01 
 1.09738482e-02  7.95845909e-01  1.09738482e-02  6.57012921e-01  1.09738482e-02  3.94056038e-01 
 1.09788482e-02  7.79344651e-01  1.09788482e-02  6.40435712e-01  1.09788482e-02  3.68422857e-01 
 1.09838482e-02  7.62789921e-01  1.09838482e-02  6.23814296e-01  1.09838482e-02  3.42783774e-01 
 1.09888482e-02  7.46198265e-01  1.09888482e-02  6.07165229e-01  1.09888482e-02  3.17084697e-01 
 1.09938482e-02  7.29586263e-01  1.09938482e-02  5.90505092e-01  1.09938482e-02  2.91428860e-01 
 1.09988482e-02  7.12970515e-01  1.09988482e-02  5.73850479e-01  1.09988482e-02  2.65764944e-01 
 1.10038482e-02  6.96367625e-01  1.10038482e-02  5.57217976e-01  1.10038482e-02  2.40193441e-01 
 1.10088482e-02  6.79794185e-01  1.10088482e-02  5.40624149e-01  1.10088482e-02  2.14665611e-01 
 1.10138482e-02  6.63266757e-01  1.10138482e-02  5.24085526e-01  1.10138482e-02  1.89279194e-01 
 1.10188482e-02  6.46801856e-01  1.10188482e-02  5.07618578e-01  1.10188482e-02  1.63987836e-01 
 1.10238482e-02  6.30415940e-01  1.10238482e-02  4.91239707e-01  1.10238482e-02  1.38886523e-01 
 1.10288482e-02  6.14125383e-01  1.10288482e-02  4.74965230e-01  1.10288482e-02  1.13931098e-01 
 1.10338482e-02  5.97946470e-01  1.10338482e-02  4.58811358e-01  1.10338482e-02  8.92137776e-02 
 1.10388482e-02  5.81895373e-01  1.10388482e-02  4.42794183e-01  1.10388482e-02  6.46924216e-02 
 1.10438482e-02  5.65988138e-01  1.10438482e-02  4.26929663e-01  1.10438482e-02  4.04564659e-02 
 1.10488482e-02  5.50240669e-01  1.10488482e-02  4.11233607e-01  1.10488482e-02  1.64656051e-02 
 1.10538482e-02  5.34668713e-01  1.10538482e-02  3.95721655e-01  1.10538482e-02 -7.19351773e-03 
 1.10588482e-02  5.19287844e-01  1.10588482e-02  3.80409266e-01  1.10588482e-02 -3.05595473e-02 
 1.10638482e-02  5.04113446e-01  1.10638482e-02  3.65311703e-01  1.10638482e-02 -5.35486483e-02 
 1.10688482e-02  4.89160700e-01  1.10688482e-02  3.50444015e-01  1.10688482e-02 -7.61979740e-02 
 1.10738482e-02  4.74444569e-01  1.10738482e-02  3.35821028e-01  1.10738482e-02 -9.84265111e-02 
 1.10788482e-02  4.59979780e-01  1.10788482e-02  3.21457321e-01  1.10788482e-02 -1.20270086e-01 
 1.10838482e-02  4.45780815e-01  1.10838482e-02  3.07367222e-01  1.10838482e-02 -1.41650521e-01 
 1.10888482e-02  4.31861891e-01  1.10888482e-02  2.93564785e-01  1.10888482e-02 -1.62602475e-01 
 1.10938482e-02  4.18236950e-01  1.10938482e-02  2.80063785e-01  1.10938482e-02 -1.83050621e-01 
 1.10988482e-02  4.04919644e-01  1.10988482e-02  2.66877694e-01  1.10988482e-02 -2.03028601e-01 
 1.11038482e-02  3.91923321e-01  1.11038482e-02  2.54019676e-01  1.11038482e-02 -2.22463951e-01 
 1.11088482e-02  3.79261010e-01  1.11088482e-02  2.41502573e-01  1.11088482e-02 -2.41389444e-01 
 1.11138482e-02  3.66945415e-01  1.11138482e-02  2.29338886e-01  1.11138482e-02 -2.59735491e-01 
 1.11188482e-02  3.54988894e-01  1.11188482e-02  2.17540771e-01  1.11188482e-02 -2.77534137e-01 
 1.11238482e-02  3.43403451e-01  1.11238482e-02  2.06120022e-01  1.11238482e-02 -2.94718675e-01 
 1.11288482e-02  3.32200726e-01  1.11288482e-02  1.95088059e-01  1.11288482e-02 -3.11320557e-01 
 1.11338482e-02  3.21391978e-01  1.11338482e-02  1.84455921e-01  1.11338482e-02 -3.27275968e-01 
 1.11388482e-02  3.10988080e-01  1.11388482e-02  1.74234252e-01  1.11388482e-02 -3.42615891e-01 
 1.11438482e-02  3.00999504e-01  1.11438482e-02  1.64433288e-01  1.11438482e-02 -3.57279408e-01 
 1.11488482e-02  2.91436312e-01  1.11488482e-02  1.55062853e-01  1.11488482e-02 -3.71297154e-01 
 1.11538482e-02  2.82308147e-01  1.11538482e-02  1.46132344e-01  1.11538482e-02 -3.84611111e-01 
 1.11588482e-02  2.73624221e-01  1.11588482e-02  1.37650726e-01  1.11588482e-02 -3.97251680e-01 
 1.11638482e-02  2.65393310e-01  1.11638482e-02  1.29626518e-01  1.11638482e-02 -4.09163739e-01 
 1.11688482e-02  2.57623742e-01  1.11688482e-02  1.22067791e-01  1.11688482e-02 -4.20377562e-01 
 1.11738482e-02  2.50323387e-01  1.11738482e-02  1.14982154e-01  1.11738482e-02 -4.30840921e-01 
 1.11788482e-02  2.43499656e-01  1.11788482e-02  1.08376751e-01  1.11788482e-02 -4.40584059e-01 
 1.11838482e-02  2.37159487e-01  1.11838482e-02  1.02258249e-01  1.11838482e-02 -4.49557632e-01 
 1.11888482e-02  2.31309341e-01  1.11888482e-02  9.66328377e-02  1.11888482e-02 -4.57791947e-01 
 1.11938482e-02  2.25955196e-01  1.11938482e-02  9.15062190e-02  1.11938482e-02 -4.65240533e-01 
 1.11988482e-02  2.21102540e-01  1.11988482e-02  8.68836022e-02  1.11988482e-02 -4.71933842e-01 
 1.12038482e-02  2.16756367e-01  1.12038482e-02  8.27696994e-02  1.12038482e-02 -4.77828257e-01 
 1.12088482e-02  2.12921170e-01  1.12088482e-02  7.91687208e-02  1.12088482e-02 -4.82954455e-01 
 1.12138482e-02  2.09600937e-01  1.12138482e-02  7.60843701e-02  1.12138482e-02 -4.87271652e-01 
 1.12188482e-02  2.06799151e-01  1.12188482e-02  7.35198415e-02  1.12188482e-02 -4.90810817e-01 
 1.12238482e-02  2.04518779e-01  1.12238482e-02  7.14778157e-02  1.12238482e-02 -4.93533976e-01 
 1.12288482e-02  2.02762276e-01  1.12288482e-02  6.99604581e-02  1.12288482e-02 -4.95472447e-01 
 1.12338482e-02  2.01531581e-01  1.12338482e-02  6.89694161e-02  1.12338482e-02 -4.96591040e-01 
 1.12388482e-02  2.00828110e-01  1.12388482e-02  6.85058179e-02  1.12388482e-02 -4.96921473e-01 
 1.12438482e-02  2.00652762e-01  1.12438482e-02  6.85702708e-02  1.12438482e-02 -4.96431304e-01 
 1.12488482e-02  2.01005915e-01  1.12488482e-02  6.91628613e-02  1.12488482e-02 -4.95152700e-01 
 1.12538482e-02  2.01887422e-01  1.12538482e-02  7.02831544e-02  1.12538482e-02 -4.93055925e-01 
 1.12588482e-02  2.03296619e-01  1.12588482e-02  7.19301945e-02  1.12588482e-02 -4.90173633e-01 
 1.12638482e-02  2.05232318e-01  1.12638482e-02  7.41025060e-02  1.12638482e-02 -4.86478749e-01 
 1.12688482e-02  2.07692812e-01  1.12688482e-02  7.67980949e-02  1.12688482e-02 -4.82004445e-01 
 1.12738482e-02  2.10675877e-01  1.12738482e-02  8.00144509e-02  1.12738482e-02 -4.76726259e-01 
 1.12788482e-02  2.14178772e-01  1.12788482e-02  8.37485496e-02  1.12788482e-02 -4.70677902e-01 
 1.12838482e-02  2.18198244e-01  1.12838482e-02  8.79968557e-02  1.12838482e-02 -4.63837469e-01 
 1.12888482e-02  2.22730529e-01  1.12888482e-02  9.27553264e-02  1.12888482e-02 -4.56239226e-01 
 1.12938482e-02  2.27771358e-01  1.12938482e-02  9.80194153e-02  1.12938482e-02 -4.47863770e-01 
 1.12988482e-02  2.33315960e-01  1.12988482e-02  1.03784077e-01  1.12988482e-02 -4.38745926e-01 
 1.13038482e-02  2.39359065e-01  1.13038482e-02  1.10043773e-01  1.13038482e-02 -4.28868729e-01 
 1.13088482e-02  2.45894915e-01  1.13088482e-02  1.16792474e-01  1.13088482e-02 -4.18267563e-01 
 1.13138482e-02  2.52917260e-01  1.13138482e-02  1.24023671e-01  1.13138482e-02 -4.06927833e-01 
 1.13188482e-02  2.60419375e-01  1.13188482e-02  1.31730376e-01  1.13188482e-02 -3.94885480e-01 
 1.13238482e-02  2.68394059e-01  1.13238482e-02  1.39905133e-01  1.13238482e-02 -3.82128200e-01 
 1.13288482e-02  2.76833644e-01  1.13288482e-02  1.48540026e-01  1.13288482e-02 -3.68692477e-01 
 1.13338482e-02  2.85730005e-01  1.13338482e-02  1.57626681e-01  1.13338482e-02 -3.54568227e-01 
 1.13388482e-02  2.95074565e-01  1.13388482e-02  1.67156280e-01  1.13388482e-02 -3.39792451e-01 
 1.13438482e-02  3.04858306e-01  1.13438482e-02  1.77119569e-01  1.13438482e-02 -3.24357204e-01 
 1.13488482e-02  3.15071773e-01  1.13488482e-02  1.87506865e-01  1.13488482e-02 -3.08299981e-01 
 1.13538482e-02  3.25705092e-01  1.13538482e-02  1.98308065e-01  1.13538482e-02 -2.91614885e-01 
 1.13588482e-02  3.36747970e-01  1.13588482e-02  2.09512661e-01  1.13588482e-02 -2.74339875e-01 
 1.13638482e-02  3.48189712e-01  1.13638482e-02  2.21109743e-01  1.13638482e-02 -2.56471014e-01 
 1.13688482e-02  3.60019229e-01  1.13688482e-02  2.33088017e-01  1.13688482e-02 -2.38046683e-01 
 1.13738482e-02  3.72225050e-01  1.13738482e-02  2.45435809e-01  1.13738482e-02 -2.19064811e-01 
 1.13788482e-02  3.84795332e-01  1.13788482e-02  2.58141085e-01  1.13788482e-02 -1.99564159e-01 
 1.13838482e-02  3.97717871e-01  1.13838482e-02  2.71191455e-01  1.13838482e-02 -1.79544425e-01 
 1.13888482e-02  4.10980117e-01  1.13888482e-02  2.84574189e-01  1.13888482e-02 -1.59044700e-01 
 1.13938482e-02  4.24569184e-01  1.13938482e-02  2.98276228e-01  1.13938482e-02 -1.38066349e-01 
 1.13988482e-02  4.38471864e-01  1.13988482e-02  3.12284201e-01  1.13988482e-02 -1.16648740e-01 
 1.14038482e-02  4.52674638e-01  1.14038482e-02  3.26584432e-01  1.14038482e-02 -9.47948020e-02 
 1.14088482e-02  4.67163693e-01  1.14088482e-02  3.41162958e-01  1.14088482e-02 -7.25441201e-02 
 1.14138482e-02  4.81924932e-01  1.14138482e-02  3.56005540e-01  1.14138482e-02 -4.99010803e-02 
 1.14188482e-02  4.96943988e-01  1.14188482e-02  3.71097680e-01  1.14188482e-02 -2.69054231e-02 
 1.14238482e-02  5.12206243e-01  1.14238482e-02  3.86424633e-01  1.14238482e-02 -3.56288233e-03 
 1.14288482e-02  5.27696837e-01  1.14288482e-02  4.01971422e-01  1.14288482e-02  2.00867134e-02 
 1.14338482e-02  5.43400683e-01  1.14338482e-02  4.17722854e-01  1.14338482e-02  4.40363930e-02 
 1.14388482e-02  5.59302486e-01  1.14388482e-02  4.33663532e-01  1.14388482e-02  6.82463102e-02 
 1.14438482e-02  5.75386755e-01  1.14438482e-02  4.49777875e-01  1.14438482e-02  9.27083700e-02 
 1.14488482e-02  5.91637819e-01  1.14488482e-02  4.66050129e-01  1.14488482e-02  1.17382781e-01 
 1.14538482e-02  6.08039841e-01  1.14538482e-02  4.82464383e-01  1.14538482e-02  1.42260440e-01 
 1.14588482e-02  6.24576836e-01  1.14588482e-02  4.99004588e-01  1.14588482e-02  1.67301685e-01 
 1.14638482e-02  6.41232686e-01  1.14638482e-02  5.15654569e-01  1.14638482e-02  1.92496520e-01 
 1.14688482e-02  6.57991156e-01  1.14688482e-02  5.32398044e-01  1.14688482e-02  2.17805493e-01 
 1.14738482e-02  6.74835907e-01  1.14738482e-02  5.49218639e-01  1.14738482e-02  2.43217829e-01 
 1.14788482e-02  6.91750519e-01  1.14788482e-02  5.66099901e-01  1.14788482e-02  2.68694367e-01 
 1.14838482e-02  7.08718499e-01  1.14838482e-02  5.83025321e-01  1.14838482e-02  2.94223671e-01 
 1.14888482e-02  7.25723305e-01  1.14888482e-02  5.99978343e-01  1.14888482e-02  3.19766951e-01 
 1.14938482e-02  7.42748355e-01  1.14938482e-02  6.16942387e-01  1.14938482e-02  3.45312226e-01 
 1.14988482e-02  7.59777049e-01  1.14988482e-02  6.33900858e-01  1.14988482e-02  3.70821162e-01 
 1.15038482e-02  7.76792784e-01  1.15038482e-02  6.50837171e-01  1.15038482e-02  3.96281350e-01 
 1.15088482e-02  7.93778968e-01  1.15088482e-02  6.67734759e-01  1.15088482e-02  4.21654992e-01 
 1.15138482e-02  8.10719039e-01  1.15138482e-02  6.84577096e-01  1.15138482e-02  4.46929367e-01 
 1.15188482e-02  8.27596481e-01  1.15188482e-02  7.01347708e-01  1.15188482e-02  4.72067301e-01 
 1.15238482e-02  8.44394838e-01  1.15238482e-02  7.18030195e-01  1.15238482e-02  4.97055873e-01 
 1.15288482e-02  8.61097733e-01  1.15288482e-02  7.34608241e-01  1.15288482e-02  5.21858614e-01 
 1.15338482e-02  8.77688884e-01  1.15338482e-02  7.51065634e-01  1.15338482e-02  5.46462518e-01 
 1.15388482e-02  8.94152119e-01  1.15388482e-02  7.67386281e-01  1.15388482e-02  5.70831906e-01 
 1.15438482e-02  9.10471391e-01  1.15438482e-02  7.83554225e-01  1.15438482e-02  5.94953796e-01 
 1.15488482e-02  9.26630795e-01  1.15488482e-02  7.99553658e-01  1.15488482e-02  6.18793380e-01 
 1.15538482e-02  9.42614586e-01  1.15538482e-02  8.15368940e-01  1.15538482e-02  6.42374026e-01 
 1.15588482e-02  9.58407189e-01  1.15588482e-02  8.30984610e-01  1.15588482e-02  6.65559042e-01 
 1.15638482e-02  9.73993221e-01  1.15638482e-02  8.46385407e-01  1.15638482e-02  6.88462335e-01 
 1.15688482e-02  9.89357500e-01  1.15688482e-02  8.61556281e-01  1.15688482e-02  7.10932077e-01 
 1.15738482e-02  1.00448506e+00  1.15738482e-02  8.76482408e-01  1.15738482e-02  7.33073372e-01 
 1.15788482e-02  1.01936119e+00  1.15788482e-02  8.91149206e-01  1.15788482e-02  7.54738750e-01 
 1.15838482e-02  1.03397138e+00  1.15838482e-02  9.05542350e-01  1.15838482e-02  7.76030555e-01 
 1.15888482e-02  1.04830144e+00  1.15888482e-02  9.19647783e-01  1.15888482e-02  7.96805658e-01 
 1.15938482e-02  1.06233741e+00  1.15938482e-02  9.33451734e-01  1.15938482e-02  8.17163829e-01 
 1.15988482e-02  1.07606565e+00  1.15988482e-02  9.46940727e-01  1.15988482e-02  8.36966265e-01 
 1.16038482e-02  1.08947280e+00  1.16038482e-02  9.60101601e-01  1.16038482e-02  8.56310338e-01 
 1.16088482e-02  1.10254585e+00  1.16088482e-02  9.72921513e-01  1.16088482e-02  8.75061556e-01 
 1.16138482e-02  1.11527207e+00  1.16138482e-02  9.85387962e-01  1.16138482e-02  8.93315065e-01 
 1.16188482e-02  1.12763913e+00  1.16188482e-02  9.97488792e-01  1.16188482e-02  9.10940669e-01 
 1.16238482e-02  1.13963500e+00  1.16238482e-02  1.00921221e+00  1.16238482e-02  9.28031449e-01 
 1.16288482e-02  1.15124806e+00  1.16288482e-02  1.02054679e+00  1.16288482e-02  9.44461486e-01 
 1.16338482e-02  1.16246704e+00  1.16338482e-02  1.03148151e+00  1.16338482e-02  9.60321957e-01 
 1.16388482e-02  1.17328107e+00  1.16388482e-02  1.04200571e+00  1.16388482e-02  9.75491199e-01 
 1.16438482e-02  1.18367968e+00  1.16438482e-02  1.05210915e+00  1.16438482e-02  9.90058633e-01 
 1.16488482e-02  1.19365281e+00  1.16488482e-02  1.06178202e+00  1.16488482e-02  1.00390683e+00 
 1.16538482e-02  1.20319081e+00  1.16538482e-02  1.07101492e+00  1.16538482e-02  1.01712360e+00 
 1.16588482e-02  1.21228447e+00  1.16588482e-02  1.07979889e+00  1.16588482e-02  1.02959572e+00 
 1.16638482e-02  1.22092502e+00  1.16638482e-02  1.08812539e+00  1.16638482e-02  1.04140952e+00 
 1.16688482e-02  1.22910412e+00  1.16688482e-02  1.09598637e+00  1.16688482e-02  1.05245596e+00 
 1.16738482e-02  1.23681392e+00  1.16738482e-02  1.10337421e+00  1.16738482e-02  1.06282003e+00 
 1.16788482e-02  1.24404699e+00  1.16788482e-02  1.11028177e+00  1.16788482e-02  1.07239682e+00 
 1.16838482e-02  1.25079640e+00  1.16838482e-02  1.11670239e+00  1.16838482e-02  1.08127011e+00 
 1.16888482e-02  1.25705569e+00  1.16888482e-02  1.12262987e+00  1.16888482e-02  1.08933909e+00 
 1.16938482e-02  1.26281887e+00  1.16938482e-02  1.12805851e+00  1.16938482e-02  1.09668642e+00 
 1.16988482e-02  1.26808047e+00  1.16988482e-02  1.13298310e+00  1.16988482e-02  1.10321538e+00 
 1.17038482e-02  1.27283549e+00  1.17038482e-02  1.13739894e+00  1.17038482e-02  1.10900761e+00 
 1.17088482e-02  1.27707944e+00  1.17088482e-02  1.14130180e+00  1.17088482e-02  1.11397042e+00 
 1.17138482e-02  1.28080832e+00  1.17138482e-02  1.14468799e+00  1.17138482e-02  1.11818453e+00 
 1.17188482e-02  1.28401866e+00  1.17188482e-02  1.14755432e+00  1.17188482e-02  1.12156124e+00 
 1.17238482e-02  1.28670748e+00  1.17238482e-02  1.14989809e+00  1.17238482e-02  1.12418044e+00 
 1.17288482e-02  1.28887234e+00  1.17288482e-02  1.15171715e+00  1.17288482e-02  1.12595736e+00 
 1.17338482e-02  1.29051129e+00  1.17338482e-02  1.15300985e+00  1.17338482e-02  1.12697116e+00 
 1.17388482e-02  1.29162291e+00  1.17388482e-02  1.15377507e+00  1.17388482e-02  1.12714093e+00 
 1.17438482e-02  1.29220632e+00  1.17438482e-02  1.15401218e+00  1.17438482e-02  1.12654516e+00 
 1.17488482e-02  1.29226113e+00  1.17488482e-02  1.15372112e+00  1.17488482e-02  1.12510675e+00 
 1.17538482e-02  1.29178748e+00  1.17538482e-02  1.15290230e+00  1.17538482e-02  1.12290359e+00 
 1.17588482e-02  1.29078605e+00  1.17588482e-02  1.15155670e+00  1.17588482e-02  1.11986234e+00 
 1.17638482e-02  1.28925802e+00  1.17638482e-02  1.14968578e+00  1.17638482e-02  1.11606031e+00 
 1.17688482e-02  1.28720510e+00  1.17688482e-02  1.14729153e+00  1.17688482e-02  1.11142787e+00 
 1.17738482e-02  1.28462950e+00  1.17738482e-02  1.14437648e+00  1.17738482e-02  1.10604182e+00 
 1.17788482e-02  1.28153398e+00  1.17788482e-02  1.14094363e+00  1.17788482e-02  1.09983612e+00 
 1.17838482e-02  1.27792179e+00  1.17838482e-02  1.13699654e+00  1.17838482e-02  1.09288712e+00 
 1.17888482e-02  1.27379668e+00  1.17888482e-02  1.13253924e+00  1.17888482e-02  1.08513232e+00 
 1.17938482e-02  1.26916293e+00  1.17938482e-02  1.12757627e+00  1.17938482e-02  1.07664762e+00 
 1.17988482e-02  1.26402532e+00  1.17988482e-02  1.12211269e+00  1.17988482e-02  1.06737398e+00 
 1.18038482e-02  1.25838910e+00  1.18038482e-02  1.11615402e+00  1.18038482e-02  1.05738689e+00 
 1.18088482e-02  1.25226004e+00  1.18088482e-02  1.10970631e+00  1.18088482e-02  1.04663067e+00 
 1.18138482e-02  1.24564438e+00  1.18138482e-02  1.10277606e+00  1.18138482e-02  1.03518043e+00 
 1.18188482e-02  1.23854886e+00  1.18188482e-02  1.09537026e+00  1.18188482e-02  1.02298374e+00 
 1.18238482e-02  1.23098068e+00  1.18238482e-02  1.08749636e+00  1.18238482e-02  1.01011535e+00 
 1.18288482e-02  1.22294750e+00  1.18288482e-02  1.07916228e+00  1.18288482e-02  9.96526000e-01 
 1.18338482e-02  1.21445744e+00  1.18338482e-02  1.07037640e+00  1.18338482e-02  9.82290056e-01 
 1.18388482e-02  1.20551909e+00  1.18388482e-02  1.06114753e+00  1.18388482e-02  9.67361347e-01 
 1.18438482e-02  1.19614146e+00  1.18438482e-02  1.05148492e+00  1.18438482e-02  9.51813850e-01 
 1.18488482e-02  1.18633400e+00  1.18488482e-02  1.04139827e+00  1.18488482e-02  9.35604369e-01 
 1.18538482e-02  1.17610660e+00  1.18538482e-02  1.03089766e+00  1.18538482e-02  9.18806488e-01 
 1.18588482e-02  1.16546955e+00  1.18588482e-02  1.01999362e+00  1.18588482e-02  9.01379879e-01 
 1.18638482e-02  1.15443353e+00  1.18638482e-02  1.00869705e+00  1.18638482e-02  8.83397719e-01 
 1.18688482e-02  1.14300964e+00  1.18688482e-02  9.97019239e-01  1.18688482e-02  8.64822433e-01 
 1.18738482e-02  1.13120935e+00  1.18738482e-02  9.84971869e-01  1.18738482e-02  8.45726768e-01 
 1.18788482e-02  1.11904450e+00  1.18788482e-02  9.72566973e-01  1.18788482e-02  8.26075790e-01 
 1.18838482e-02  1.10652730e+00  1.18838482e-02  9.59816940e-01  1.18838482e-02  8.05941789e-01 
 1.18888482e-02  1.09367030e+00  1.18888482e-02  9.46734501e-01  1.18888482e-02  7.85292353e-01 
 1.18938482e-02  1.08048638e+00  1.18938482e-02  9.33332712e-01  1.18938482e-02  7.64199279e-01 
 1.18988482e-02  1.06698875e+00  1.18988482e-02  9.19624947e-01  1.18988482e-02  7.42632561e-01 
 1.19038482e-02  1.05319093e+00  1.19038482e-02  9.05624881e-01  1.19038482e-02  7.20663462e-01 
 1.19088482e-02  1.03910673e+00  1.19088482e-02  8.91346478e-01  1.19088482e-02  6.98264258e-01 
 1.19138482e-02  1.02475026e+00  1.19138482e-02  8.76803976e-01  1.19138482e-02  6.75505638e-01 
 1.19188482e-02  1.01013587e+00  1.19188482e-02  8.62011873e-01  1.19188482e-02  6.52362032e-01 
 1.19238482e-02  9.95278182e-01  1.19238482e-02  8.46984914e-01  1.19238482e-02  6.28903508e-01 
 1.19288482e-02  9.80192065e-01  1.19288482e-02  8.31738077e-01  1.19288482e-02  6.05106525e-01 
 1.19338482e-02  9.64892598e-01  1.19338482e-02  8.16286554e-01  1.19338482e-02  5.81043622e-01 
 1.19388482e-02  9.49395079e-01  1.19388482e-02  8.00645743e-01  1.19388482e-02  5.56722841e-01 
 1.19438482e-02  9.33714999e-01  1.19438482e-02  7.84831225e-01  1.19438482e-02  5.32109195e-01 
 1.19488482e-02  9.17868029e-01  1.19488482e-02  7.68858754e-01  1.19488482e-02  5.07323250e-01 
 1.19538482e-02  9.01870005e-01  1.19538482e-02  7.52744241e-01  1.19538482e-02  4.82294752e-01 
 1.19588482e-02  8.85736912e-01  1.19588482e-02  7.36503734e-01  1.19588482e-02  4.57141327e-01 
 1.19638482e-02  8.69484870e-01  1.19638482e-02  7.20153409e-01  1.19638482e-02  4.31796376e-01 
 1.19688482e-02  8.53130113e-01  1.19688482e-02  7.03709548e-01  1.19688482e-02  4.06374604e-01 
 1.19738482e-02  8.36688979e-01  1.19738482e-02  6.87188526e-01  1.19738482e-02  3.80812851e-01 
 1.19788482e-02  8.20177889e-01  1.19788482e-02  6.70606795e-01  1.19788482e-02  3.55222917e-01 
 1.19838482e-02  8.03613336e-01  1.19838482e-02  6.53980864e-01  1.19838482e-02  3.29544873e-01 
 1.19888482e-02  7.87011863e-01  1.19888482e-02  6.37327289e-01  1.19888482e-02  3.03887623e-01 
 1.19938482e-02  7.70390051e-01  1.19938482e-02  6.20662651e-01  1.19938482e-02  2.78194264e-01 
 1.19988482e-02  7.53764499e-01  1.19988482e-02  6.04003543e-01  1.19988482e-02  2.52570806e-01 
 1.20038482e-02  7.37151812e-01  1.20038482e-02  5.87366553e-01  1.20038482e-02  2.26963168e-01 
 1.20088482e-02  7.20568582e-01  1.20088482e-02  5.70768246e-01  1.20088482e-02  2.01474473e-01 
 1.20138482e-02  7.04031369e-01  1.20138482e-02  5.54225149e-01  1.20138482e-02  1.76053263e-01 
 1.20188482e-02  6.87556692e-01  1.20188482e-02  5.37753734e-01  1.20188482e-02  1.50799766e-01 
 1.20238482e-02  6.71161005e-01  1.20238482e-02  5.21370405e-01  1.20238482e-02  1.25664954e-01 
 1.20288482e-02  6.54860686e-01  1.20288482e-02  5.05091475e-01  1.20288482e-02  1.00746160e-01 
 1.20338482e-02  6.38672015e-01  1.20338482e-02  4.88933156e-01  1.20338482e-02  7.59965924e-02 
 1.20388482e-02  6.22611168e-01  1.20388482e-02  4.72911543e-01  1.20388482e-02  5.15106803e-02 
 1.20438482e-02  6.06694189e-01  1.20438482e-02  4.57042591e-01  1.20438482e-02  2.72436848e-02 
 1.20488482e-02  5.90936983e-01  1.20488482e-02  4.41342110e-01  1.20488482e-02  3.28712329e-03 
 1.20538482e-02  5.75355297e-01  1.20538482e-02  4.25825739e-01  1.20538482e-02 -2.04018729e-02 
 1.20588482e-02  5.59964704e-01  1.20588482e-02  4.10508939e-01  1.20588482e-02 -4.37347076e-02 
 1.20638482e-02  5.44780589e-01  1.20638482e-02  3.95406971e-01  1.20638482e-02 -6.67525555e-02 
 1.20688482e-02  5.29818132e-01  1.20688482e-02  3.80534886e-01  1.20688482e-02 -8.93697515e-02 
 1.20738482e-02  5.15092297e-01  1.20738482e-02  3.65907507e-01  1.20738482e-02 -1.11625948e-01 
 1.20788482e-02  5.00617811e-01  1.20788482e-02  3.51539416e-01  1.20788482e-02 -1.33438420e-01 
 1.20838482e-02  4.86409155e-01  1.20838482e-02  3.37444939e-01  1.20838482e-02 -1.54845464e-01 
 1.20888482e-02  4.72480547e-01  1.20888482e-02  3.23638133e-01  1.20888482e-02 -1.75767307e-01 
 1.20938482e-02  4.58845929e-01  1.20938482e-02  3.10132768e-01  1.20938482e-02 -1.96241046e-01 
 1.20988482e-02  4.45518952e-01  1.20988482e-02  2.96942320e-01  1.20988482e-02 -2.16189871e-01 
 1.21038482e-02  4.32512964e-01  1.21038482e-02  2.84079953e-01  1.21038482e-02 -2.35649834e-01 
 1.21088482e-02  4.19840996e-01  1.21088482e-02  2.71558505e-01  1.21088482e-02 -2.54547095e-01 
 1.21138482e-02  4.07515749e-01  1.21138482e-02  2.59390482e-01  1.21138482e-02 -2.72916808e-01 
 1.21188482e-02  3.95549583e-01  1.21188482e-02  2.47588036e-01  1.21188482e-02 -2.90688111e-01 
 1.21238482e-02  3.83954502e-01  1.21238482e-02  2.36162964e-01  1.21238482e-02 -3.07895402e-01 
 1.21288482e-02  3.72742145e-01  1.21288482e-02  2.25126684e-01  1.21288482e-02 -3.24470799e-01 
 1.21338482e-02  3.61923772e-01  1.21338482e-02  2.14490237e-01  1.21338482e-02 -3.40448078e-01 
 1.21388482e-02  3.51510256e-01  1.21388482e-02  2.04264264e-01  1.21388482e-02 -3.55762345e-01 
 1.21438482e-02  3.41512067e-01  1.21438482e-02  1.94459003e-01  1.21438482e-02 -3.70446876e-01 
 1.21488482e-02  3.31939270e-01  1.21488482e-02  1.85084278e-01  1.21488482e-02 -3.84439765e-01 
 1.21538482e-02  3.22801506e-01  1.21538482e-02  1.76149486e-01  1.21538482e-02 -3.97773912e-01 
 1.21588482e-02  3.14107988e-01  1.21588482e-02  1.67663591e-01  1.21588482e-02 -4.10390393e-01 
 1.21638482e-02  3.05867491e-01  1.21638482e-02  1.59635114e-01  1.21638482e-02 -4.22321847e-01 
 1.21688482e-02  2.98088343e-01  1.21688482e-02  1.52072123e-01  1.21688482e-02 -4.33512324e-01 
 1.21738482e-02  2.90778415e-01  1.21738482e-02  1.44982229e-01  1.21738482e-02 -4.43994308e-01 
 1.21788482e-02  2.83945117e-01  1.21788482e-02  1.38372575e-01  1.21788482e-02 -4.53714816e-01 
 1.21838482e-02  2.77595388e-01  1.21838482e-02  1.32249830e-01  1.21838482e-02 -4.62706272e-01 
 1.21888482e-02  2.71735688e-01  1.21888482e-02  1.26620182e-01  1.21888482e-02 -4.70918649e-01 
 1.21938482e-02  2.66371996e-01  1.21938482e-02  1.21489333e-01  1.21938482e-02 -4.78384399e-01 
 1.21988482e-02  2.61509799e-01  1.21988482e-02  1.16862492e-01  1.21988482e-02 -4.85056436e-01 
 1.22038482e-02  2.57154092e-01  1.22038482e-02  1.12744372e-01  1.22038482e-02 -4.90967322e-01 
 1.22088482e-02  2.53309367e-01  1.22088482e-02  1.09139183e-01  1.22088482e-02 -4.96072890e-01 
 1.22138482e-02  2.49979613e-01  1.22138482e-02  1.06050628e-01  1.22138482e-02 -5.00405889e-01 
 1.22188482e-02  2.47168311e-01  1.22188482e-02  1.03481901e-01  1.22188482e-02 -5.03925043e-01 
 1.22238482e-02  2.44878431e-01  1.22238482e-02  1.01435684e-01  1.22238482e-02 -5.06663356e-01 
 1.22288482e-02  2.43112426e-01  1.22288482e-02  9.99141422e-02  1.22288482e-02 -5.08582414e-01 
 1.22338482e-02  2.41872234e-01  1.22338482e-02  9.89189221e-02  1.22338482e-02 -5.09715536e-01 
 1.22388482e-02  2.41159274e-01  1.22388482e-02  9.84511523e-02  1.22388482e-02 -5.10027132e-01 
 1.22438482e-02  2.40974444e-01  1.22438482e-02  9.85114401e-02  1.22438482e-02 -5.09550888e-01 
 1.22488482e-02  2.41318120e-01  1.22488482e-02  9.90998718e-02  1.22488482e-02 -5.08254002e-01 
 1.22538482e-02  2.42190157e-01  1.22538482e-02  1.00216013e-01  1.22538482e-02 -5.06170568e-01 
 1.22588482e-02  2.43589890e-01  1.22588482e-02  1.01858907e-01  1.22588482e-02 -5.03270530e-01 
 1.22638482e-02  2.45516131e-01  1.22638482e-02  1.04027079e-01  1.22638482e-02 -4.99588423e-01 
 1.22688482e-02  2.47967174e-01  1.22688482e-02  1.06718535e-01  1.22688482e-02 -4.95096889e-01 
 1.22738482e-02  2.50940794e-01  1.22738482e-02  1.09930765e-01  1.22738482e-02 -4.89830936e-01 
 1.22788482e-02  2.54434251e-01  1.22788482e-02  1.13660743e-01  1.22788482e-02 -4.83765846e-01 
 1.22838482e-02  2.58444291e-01  1.22838482e-02  1.17904936e-01  1.22838482e-02 -4.76937119e-01 
 1.22888482e-02  2.62967150e-01  1.22888482e-02  1.22659299e-01  1.22888482e-02 -4.69322624e-01 
 1.22938482e-02  2.67998560e-01  1.22938482e-02  1.27919288e-01  1.22938482e-02 -4.60958365e-01 
 1.22988482e-02  2.73533749e-01  1.22988482e-02  1.33679855e-01  1.22988482e-02 -4.51824731e-01 
 1.23038482e-02  2.79567448e-01  1.23038482e-02  1.39935463e-01  1.23038482e-02 -4.41958239e-01 
 1.23088482e-02  2.86093896e-01  1.23088482e-02  1.46680082e-01  1.23088482e-02 -4.31341730e-01 
 1.23138482e-02  2.93106848e-01  1.23138482e-02  1.53907203e-01  1.23138482e-02 -4.20012230e-01 
 1.23188482e-02  3.00599575e-01  1.23188482e-02  1.61609839e-01  1.23188482e-02 -4.07954963e-01 
 1.23238482e-02  3.08564877e-01  1.23238482e-02  1.69780534e-01  1.23238482e-02 -3.95207455e-01 
 1.23288482e-02  3.16995087e-01  1.23288482e-02  1.78411370e-01  1.23288482e-02 -3.81757232e-01 
 1.23338482e-02  3.25882080e-01  1.23338482e-02  1.87493975e-01  1.23338482e-02 -3.67642309e-01 
 1.23388482e-02  3.35217277e-01  1.23388482e-02  1.97019531e-01  1.23388482e-02 -3.52852434e-01 
 1.23438482e-02  3.44991661e-01  1.23438482e-02  2.06978783e-01  1.23438482e-02 -3.37426085e-01 
 1.23488482e-02  3.55195779e-01  1.23488482e-02  2.17362047e-01  1.23488482e-02 -3.21355148e-01 
 1.23538482e-02  3.65819753e-01  1.23538482e-02  2.28159223e-01  1.23538482e-02 -3.04678536e-01 
 1.23588482e-02  3.76853294e-01  1.23588482e-02  2.39359800e-01  1.23588482e-02 -2.87390182e-01 
 1.23638482e-02  3.88285705e-01  1.23638482e-02  2.50952870e-01  1.23638482e-02 -2.69529404e-01 
 1.23688482e-02  4.00105897e-01  1.23688482e-02  2.62927137e-01  1.23688482e-02 -2.51092087e-01 
 1.23738482e-02  4.12302399e-01  1.23738482e-02  2.75270930e-01  1.23738482e-02 -2.32117911e-01 
 1.23788482e-02  4.24863368e-01  1.23788482e-02  2.87972212e-01  1.23788482e-02 -2.12604618e-01 
 1.23838482e-02  4.37776601e-01  1.23838482e-02  3.01018595e-01  1.23838482e-02 -1.92592205e-01 
 1.23888482e-02  4.51029547e-01  1.23888482e-02  3.14397347e-01  1.23888482e-02 -1.72080172e-01 
 1.23938482e-02  4.64609320e-01  1.23938482e-02  3.28095412e-01  1.23938482e-02 -1.51108780e-01 
 1.23988482e-02  4.78502712e-01  1.23988482e-02  3.42099416e-01  1.23988482e-02 -1.29679183e-01 
 1.24038482e-02  4.92696205e-01  1.24038482e-02  3.56395684e-01  1.24038482e-02 -1.07831854e-01 
 1.24088482e-02  5.07175985e-01  1.24088482e-02  3.70970253e-01  1.24088482e-02 -8.55694924e-02 
 1.24138482e-02  5.21927954e-01  1.24138482e-02  3.85808885e-01  1.24138482e-02 -6.29327240e-02 
 1.24188482e-02  5.36937748e-01  1.24188482e-02  4.00897081e-01  1.24188482e-02 -3.99256838e-02 
 1.24238482e-02  5.52190746e-01  1.24238482e-02  4.16220097e-01  1.24238482e-02 -1.65890874e-02 
 1.24288482e-02  5.67672089e-01  1.24288482e-02  4.31762954e-01  1.24288482e-02  7.07160483e-03 
 1.24338482e-02  5.83366691e-01  1.24338482e-02  4.47510460e-01  1.24338482e-02  3.10156562e-02 
 1.24388482e-02  5.99259256e-01  1.24388482e-02  4.63447219e-01  1.24388482e-02  5.52363942e-02 
 1.24438482e-02  6.15334293e-01  1.24438482e-02  4.79557649e-01  1.24438482e-02  7.96931314e-02 
 1.24488482e-02  6.31576130e-01  1.24488482e-02  4.95825995e-01  1.24488482e-02  1.04378098e-01 
 1.24538482e-02  6.47968933e-01  1.24538482e-02  5.12236348e-01  1.24538482e-02  1.29250729e-01 
 1.24588482e-02  6.64496714e-01  1.24588482e-02  5.28772658e-01  1.24588482e-02  1.54302274e-01 
 1.24638482e-02  6.81143357e-01  1.24638482e-02  5.45418750e-01  1.24638482e-02  1.79492367e-01 
 1.24688482e-02  6.97892625e-01  1.24688482e-02  5.62158343e-01  1.24688482e-02  2.04811393e-01 
 1.24738482e-02  7.14728181e-01  1.24738482e-02  5.78975060e-01  1.24738482e-02  2.30219264e-01 
 1.24788482e-02  7.31633604e-01  1.24788482e-02  5.95852452e-01  1.24788482e-02  2.55705617e-01 
 1.24838482e-02  7.48592401e-01  1.24838482e-02  6.12774007e-01  1.24838482e-02  2.81230723e-01 
 1.24888482e-02  7.65588030e-01  1.24888482e-02  6.29723170e-01  1.24888482e-02  3.06783589e-01 
 1.24938482e-02  7.82603909e-01  1.24938482e-02  6.46683361e-01  1.24938482e-02  3.32324926e-01 
 1.24988482e-02  7.99623439e-01  1.24988482e-02  6.63637986e-01  1.24988482e-02  3.57843228e-01 
 1.25038482e-02  8.16630015e-01  1.25038482e-02  6.80570458e-01  1.25038482e-02  3.83299726e-01 
 1.25088482e-02  8.33607047e-01  1.25088482e-02  6.97464211e-01  1.25088482e-02  4.08682522e-01 
 1.25138482e-02  8.50537971e-01  1.25138482e-02  7.14302719e-01  1.25138482e-02  4.33953451e-01 
 1.25188482e-02  8.67406272e-01  1.25188482e-02  7.31069509e-01  1.25188482e-02  4.59100334e-01 
 1.25238482e-02  8.84195495e-01  1.25238482e-02  7.47748179e-01  1.25238482e-02  4.84085693e-01 
 1.25288482e-02  9.00889262e-01  1.25288482e-02  7.64322414e-01  1.25288482e-02  5.08897187e-01 
 1.25338482e-02  9.17471291e-01  1.25338482e-02  7.80776003e-01  1.25338482e-02  5.33498104e-01 
 1.25388482e-02  9.33925409e-01  1.25388482e-02  7.97092851e-01  1.25388482e-02  5.57876055e-01 
 1.25438482e-02  9.50235571e-01  1.25438482e-02  8.13257002e-01  1.25438482e-02  5.81995178e-01 
 1.25488482e-02  9.66385871e-01  1.25488482e-02  8.29252648e-01  1.25488482e-02  6.05873143e-01 
 1.25538482e-02  9.82360564e-01  1.25538482e-02  8.45064148e-01  1.25538482e-02  6.29397480e-01 
 1.25588482e-02  9.98144075e-01  1.25588482e-02  8.60676044e-01  1.25588482e-02  6.52637949e-01 
 1.25638482e-02  1.01372102e+00  1.25638482e-02  8.76073072e-01  1.25638482e-02  6.75492289e-01 
 1.25688482e-02  1.02907622e+00  1.25688482e-02  8.91240182e-01  1.25688482e-02  6.98016033e-01 
 1.25738482e-02  1.04419471e+00  1.25738482e-02  9.06162551e-01  1.25738482e-02  7.20109839e-01 
 1.25788482e-02  1.05906176e+00  1.25788482e-02  9.20825598e-01  1.25788482e-02  7.41827809e-01 
 1.25838482e-02  1.07366290e+00  1.25838482e-02  9.35214996e-01  1.25838482e-02  7.63073547e-01 
 1.25888482e-02  1.08798390e+00  1.25888482e-02  9.49316689e-01  1.25888482e-02  7.83899872e-01 
 1.25938482e-02  1.10201082e+00  1.25938482e-02  9.63116906e-01  1.25938482e-02  8.04213359e-01 
 1.25988482e-02  1.11573001e+00  1.25988482e-02  9.76602172e-01  1.25988482e-02  8.24065685e-01 
 1.26038482e-02  1.12912813e+00  1.26038482e-02  9.89759323e-01  1.26038482e-02  8.43366418e-01 
 1.26088482e-02  1.14219214e+00  1.26088482e-02  1.00257552e+00  1.26088482e-02  8.62166233e-01 
 1.26138482e-02  1.15490934e+00  1.26138482e-02  1.01503826e+00  1.26138482e-02  8.80377711e-01 
 1.26188482e-02  1.16726738e+00  1.26188482e-02  1.02713538e+00  1.26188482e-02  8.98050653e-01 
 1.26238482e-02  1.17925424e+00  1.26238482e-02  1.03885510e+00  1.26238482e-02  9.15100674e-01 
 1.26288482e-02  1.19085829e+00  1.26288482e-02  1.05018599e+00  1.26288482e-02  9.31576828e-01 
 1.26338482e-02  1.20206826e+00  1.26338482e-02  1.06111702e+00  1.26338482e-02  9.47397775e-01 
 1.26388482e-02  1.21287330e+00  1.26388482e-02  1.07163754e+00  1.26388482e-02  9.62611946e-01 
 1.26438482e-02  1.22326292e+00  1.26438482e-02  1.08173731e+00  1.26438482e-02  9.77141059e-01 
 1.26488482e-02  1.23322706e+00  1.26488482e-02  1.09140651e+00  1.26488482e-02  9.91033030e-01 
 1.26538482e-02  1.24275608e+00  1.26538482e-02  1.10063574e+00  1.26538482e-02  1.00421265e+00 
 1.26588482e-02  1.25184077e+00  1.26588482e-02  1.10941604e+00  1.26588482e-02  1.01672742e+00 
 1.26638482e-02  1.26047235e+00  1.26638482e-02  1.11773890e+00  1.26638482e-02  1.02850521e+00 
 1.26688482e-02  1.26864250e+00  1.26688482e-02  1.12559623e+00  1.26688482e-02  1.03959321e+00 
 1.26738482e-02  1.27634334e+00  1.26738482e-02  1.13298043e+00  1.26738482e-02  1.04992237e+00 
 1.26788482e-02  1.28356746e+00  1.26788482e-02  1.13988436e+00  1.26788482e-02  1.05953967e+00 
 1.26838482e-02  1.29030792e+00  1.26838482e-02  1.14630134e+00  1.26838482e-02  1.06837912e+00 
 1.26888482e-02  1.29655828e+00  1.26888482e-02  1.15222520e+00  1.26888482e-02  1.07648758e+00 
 1.26938482e-02  1.30231253e+00  1.26938482e-02  1.15765022e+00  1.26938482e-02  1.08380212e+00 
 1.26988482e-02  1.30756521e+00  1.26988482e-02  1.16257120e+00  1.26988482e-02  1.09036955e+00 
 1.27038482e-02  1.31231131e+00  1.27038482e-02  1.16698343e+00  1.27038482e-02  1.09613001e+00 
 1.27088482e-02  1.31654634e+00  1.27088482e-02  1.17088269e+00  1.27088482e-02  1.10113032e+00 
 1.27138482e-02  1.32026631e+00  1.27138482e-02  1.17426528e+00  1.27138482e-02  1.10531365e+00 
 1.27188482e-02  1.32346774e+00  1.27188482e-02  1.17712802e+00  1.27188482e-02  1.10872691e+00 
 1.27238482e-02  1.32614767e+00  1.27238482e-02  1.17946821e+00  1.27238482e-02  1.11131629e+00 
 1.27288482e-02  1.32830364e+00  1.27288482e-02  1.18128369e+00  1.27288482e-02  1.11312886e+00 
 1.27338482e-02  1.32993370e+00  1.27338482e-02  1.18257282e+00  1.27338482e-02  1.11411377e+00 
 1.27388482e-02  1.33103645e+00  1.27388482e-02  1.18333446e+00  1.27388482e-02  1.11431829e+00 
 1.27438482e-02  1.33161099e+00  1.27438482e-02  1.18356801e+00  1.27438482e-02  1.11369453e+00 
 1.27488482e-02  1.33165693e+00  1.27488482e-02  1.18327339e+00  1.27488482e-02  1.11229001e+00 
 1.27538482e-02  1.33117442e+00  1.27538482e-02  1.18245103e+00  1.27538482e-02  1.11005975e+00 
 1.27588482e-02  1.33016413e+00  1.27588482e-02  1.18110187e+00  1.27588482e-02  1.10705154e+00 
 1.27638482e-02  1.32862725e+00  1.27638482e-02  1.17922741e+00  1.27638482e-02  1.10322328e+00 
 1.27688482e-02  1.32656548e+00  1.27688482e-02  1.17682963e+00  1.27688482e-02  1.09862306e+00 
 1.27738482e-02  1.32398105e+00  1.27738482e-02  1.17391105e+00  1.27738482e-02  1.09321161e+00 
 1.27788482e-02  1.32087670e+00  1.27788482e-02  1.17047468e+00  1.27788482e-02  1.08703734e+00 
 1.27838482e-02  1.31725568e+00  1.27838482e-02  1.16652407e+00  1.27838482e-02  1.08006376e+00 
 1.27888482e-02  1.31312175e+00  1.27888482e-02  1.16206325e+00  1.27888482e-02  1.07233961e+00 
 1.27938482e-02  1.30847919e+00  1.27938482e-02  1.15709678e+00  1.27938482e-02  1.06383112e+00 
 1.27988482e-02  1.30333276e+00  1.27988482e-02  1.15162970e+00  1.27988482e-02  1.05458738e+00 
 1.28038482e-02  1.29768774e+00  1.28038482e-02  1.14566754e+00  1.28038482e-02  1.04457726e+00 
 1.28088482e-02  1.29154988e+00  1.28088482e-02  1.13921634e+00  1.28088482e-02  1.03385022e+00 
 1.28138482e-02  1.28492543e+00  1.28138482e-02  1.13228260e+00  1.28138482e-02  1.02237769e+00 
 1.28188482e-02  1.27782113e+00  1.28188482e-02  1.12487332e+00  1.28188482e-02  1.01020947e+00 
 1.28238482e-02  1.27024416e+00  1.28238482e-02  1.11699595e+00  1.28238482e-02  9.97319527e-01 
 1.28288482e-02  1.26220220e+00  1.28288482e-02  1.10865840e+00  1.28288482e-02  9.83757957e-01 
 1.28338482e-02  1.25370338e+00  1.28338482e-02  1.09986905e+00  1.28338482e-02  9.69501169e-01 
 1.28388482e-02  1.24475626e+00  1.28388482e-02  1.09063672e+00  1.28388482e-02  9.54599569e-01 
 1.28438482e-02  1.23536987e+00  1.28438482e-02  1.08097067e+00  1.28438482e-02  9.39031915e-01 
 1.28488482e-02  1.22555367e+00  1.28488482e-02  1.07088056e+00  1.28488482e-02  9.22848892e-01 
 1.28538482e-02  1.21531752e+00  1.28538482e-02  1.06037652e+00  1.28538482e-02  9.06031524e-01 
 1.28588482e-02  1.20467172e+00  1.28588482e-02  1.04946904e+00  1.28588482e-02  8.88630742e-01 
 1.28638482e-02  1.19362697e+00  1.28638482e-02  1.03816904e+00  1.28638482e-02  8.70629745e-01 
 1.28688482e-02  1.18219435e+00  1.28688482e-02  1.02648780e+00  1.28688482e-02  8.52079672e-01 
 1.28738482e-02  1.17038534e+00  1.28738482e-02  1.01443701e+00  1.28738482e-02  8.32965803e-01 
 1.28788482e-02  1.15821177e+00  1.28788482e-02  1.00202870e+00  1.28788482e-02  8.13339443e-01 
 1.28838482e-02  1.14568586e+00  1.28838482e-02  9.89275262e-01  1.28838482e-02  7.93187853e-01 
 1.28888482e-02  1.13282015e+00  1.28888482e-02  9.76189419e-01  1.28888482e-02  7.72562455e-01 
 1.28938482e-02  1.11962753e+00  1.28938482e-02  9.62784232e-01  1.28938482e-02  7.51452391e-01 
 1.28988482e-02  1.10612120e+00  1.28988482e-02  9.49073074e-01  1.28988482e-02  7.29909147e-01 
 1.29038482e-02  1.09231469e+00  1.29038482e-02  9.35069620e-01  1.29038482e-02  7.07923641e-01 
 1.29088482e-02  1.07822181e+00  1.29088482e-02  9.20787835e-01  1.29088482e-02  6.85547365e-01 
 1.29138482e-02  1.06385666e+00  1.29138482e-02  9.06241955e-01  1.29138482e-02  6.62772904e-01 
 1.29188482e-02  1.04923359e+00  1.29188482e-02  8.91446480e-01  1.29188482e-02  6.39651695e-01 
 1.29238482e-02  1.03436724e+00  1.29238482e-02  8.76416155e-01  1.29238482e-02  6.16177880e-01 
 1.29288482e-02  1.01927246e+00  1.29288482e-02  8.61165957e-01  1.29288482e-02  5.92402778e-01 
 1.29338482e-02  1.00396434e+00  1.29338482e-02  8.45711079e-01  1.29338482e-02  5.68321974e-01 
 1.29388482e-02  9.88458172e-01  1.29388482e-02  8.30066917e-01  1.29388482e-02  5.43996739e-01 
 1.29438482e-02  9.72769447e-01  1.29438482e-02  8.14249054e-01  1.29438482e-02  5.19426277e-01 
 1.29488482e-02  9.56913838e-01  1.29488482e-02  7.98273243e-01  1.29488482e-02  4.94604752e-01 
 1.29538482e-02  9.40907180e-01  1.29538482e-02  7.82155395e-01  1.29538482e-02  4.69618070e-01 
 1.29588482e-02  9.24765460e-01  1.29588482e-02  7.65911559e-01  1.29588482e-02  4.44430436e-01 
 1.29638482e-02  9.08504795e-01  1.29638482e-02  7.49557909e-01  1.29638482e-02  4.19125981e-01 
 1.29688482e-02  8.92141421e-01  1.29688482e-02  7.33110729e-01  1.29688482e-02  3.93671322e-01 
 1.29738482e-02  8.75691675e-01  1.29738482e-02  7.16586393e-01  1.29738482e-02  3.68148792e-01 
 1.29788482e-02  8.59171980e-01  1.29788482e-02  7.00001353e-01  1.29788482e-02  3.42527249e-01 
 1.29838482e-02  8.42598827e-01  1.29838482e-02  6.83372119e-01  1.29838482e-02  3.16887199e-01 
 1.29888482e-02  8.25988759e-01  1.29888482e-02  6.66715245e-01  1.29888482e-02  2.91199573e-01 
 1.29938482e-02  8.09358357e-01  1.29938482e-02  6.50047315e-01  1.29938482e-02  2.65543022e-01 
 1.29988482e-02  7.92724222e-01  1.29988482e-02  6.33384919e-01  1.29988482e-02  2.39890379e-01 
 1.30038482e-02  7.76102957e-01  1.30038482e-02  6.16744646e-01  1.30038482e-02  2.14318406e-01 
 1.30088482e-02  7.59511154e-01  1.30088482e-02  6.00143062e-01  1.30088482e-02  1.88801676e-01 
 1.30138482e-02  7.42965375e-01  1.30138482e-02  5.83596692e-01  1.30138482e-02  1.63415025e-01 
 1.30188482e-02  7.26482137e-01  1.30188482e-02  5.67122010e-01  1.30188482e-02  1.38134604e-01 
 1.30238482e-02  7.10077894e-01  1.30238482e-02  5.50735419e-01  1.30238482e-02  1.13033287e-01 
 1.30288482e-02  6.93769023e-01  1.30288482e-02  5.34453232e-01  1.30288482e-02  8.80886396e-02 
 1.30338482e-02  6.77571808e-01  1.30338482e-02  5.18291662e-01  1.30338482e-02  6.33715387e-02 
 1.30388482e-02  6.61502421e-01  1.30388482e-02  5.02266801e-01  1.30388482e-02  3.88608090e-02 
 1.30438482e-02  6.45576908e-01  1.30438482e-02  4.86394608e-01  1.30438482e-02  1.46252887e-02 
 1.30488482e-02  6.29811174e-01  1.30488482e-02  4.70690890e-01  1.30488482e-02 -9.35509083e-03 
 1.30538482e-02  6.14220965e-01  1.30538482e-02  4.55171288e-01  1.30538482e-02 -3.30135688e-02 
 1.30588482e-02  5.98821854e-01  1.30588482e-02  4.39851262e-01  1.30588482e-02 -5.63692563e-02 
 1.30638482e-02  5.83629227e-01  1.30638482e-02  4.24746073e-01  1.30638482e-02 -7.93575092e-02 
 1.30688482e-02  5.68658265e-01  1.30688482e-02  4.09870771e-01  1.30688482e-02 -1.01996626e-01 
 1.30738482e-02  5.53923928e-01  1.30738482e-02  3.95240181e-01  1.30738482e-02 -1.24224118e-01 
 1.30788482e-02  5.39440947e-01  1.30788482e-02  3.80868885e-01  1.30788482e-02 -1.46057612e-01 
 1.30838482e-02  5.25223800e-01  1.30838482e-02  3.66771207e-01  1.30838482e-02 -1.67436810e-01 
 1.30888482e-02  5.11286708e-01  1.30888482e-02  3.52961204e-01  1.30888482e-02 -1.88378806e-01 
 1.30938482e-02  4.97643610e-01  1.30938482e-02  3.39452649e-01  1.30938482e-02 -2.08825529e-01 
 1.30988482e-02  4.84308159e-01  1.30988482e-02  3.26259015e-01  1.30988482e-02 -2.28793667e-01 
 1.31038482e-02  4.71293703e-01  1.31038482e-02  3.13393466e-01  1.31038482e-02 -2.48227414e-01 
 1.31088482e-02  4.58613272e-01  1.31088482e-02  3.00868843e-01  1.31088482e-02 -2.67143178e-01 
 1.31138482e-02  4.46279568e-01  1.31138482e-02  2.88697649e-01  1.31138482e-02 -2.85487447e-01 
 1.31188482e-02  4.34304950e-01  1.31188482e-02  2.76892038e-01  1.31188482e-02 -3.03276470e-01 
 1.31238482e-02  4.22701422e-01  1.31238482e-02  2.65463804e-01  1.31238482e-02 -3.20459061e-01 
 1.31288482e-02  4.11480624e-01  1.31288482e-02  2.54424369e-01  1.31288482e-02 -3.37051423e-01 
 1.31338482e-02  4.00653815e-01  1.31338482e-02  2.43784771e-01  1.31338482e-02 -3.53004722e-01 
 1.31388482e-02  3.90231868e-01  1.31388482e-02  2.33555652e-01  1.31388482e-02 -3.68335222e-01 
 1.31438482e-02  3.80225255e-01  1.31438482e-02  2.23747250e-01  1.31438482e-02 -3.82996467e-01 
 1.31488482e-02  3.70644037e-01  1.31488482e-02  2.14369389e-01  1.31488482e-02 -3.97004884e-01 
 1.31538482e-02  3.61497859e-01  1.31538482e-02  2.05431466e-01  1.31538482e-02 -4.10316413e-01 
 1.31588482e-02  3.52795932e-01  1.31588482e-02  1.96942445e-01  1.31588482e-02 -4.22947743e-01 
 1.31638482e-02  3.44547032e-01  1.31638482e-02  1.88910846e-01  1.31638482e-02 -4.34857223e-01 
 1.31688482e-02  3.36759485e-01  1.31688482e-02  1.81344740e-01  1.31688482e-02 -4.46061892e-01 
 1.31738482e-02  3.29441165e-01  1.31738482e-02  1.74251734e-01  1.31738482e-02 -4.56522524e-01 
 1.31788482e-02  3.22599479e-01  1.31788482e-02  1.67638974e-01  1.31788482e-02 -4.66256589e-01 
 1.31838482e-02  3.16241368e-01  1.31838482e-02  1.61513127e-01  1.31838482e-02 -4.75227295e-01 
 1.31888482e-02  3.10373291e-01  1.31888482e-02  1.55880382e-01  1.31888482e-02 -4.83452615e-01 
 1.31938482e-02  3.05001228e-01  1.31938482e-02  1.50746441e-01  1.31938482e-02 -4.90898194e-01 
 1.31988482e-02  3.00130665e-01  1.31988482e-02  1.46116514e-01  1.31988482e-02 -4.97582581e-01 
 1.32038482e-02  2.95766597e-01  1.32038482e-02  1.41995312e-01  1.32038482e-02 -5.03473855e-01 
 1.32088482e-02  2.91913516e-01  1.32088482e-02  1.38387045e-01  1.32088482e-02 -5.08591202e-01 
 1.32138482e-02  2.88575413e-01  1.32138482e-02  1.35295418e-01  1.32138482e-02 -5.12905127e-01 
 1.32188482e-02  2.85755766e-01  1.32188482e-02  1.32723624e-01  1.32188482e-02 -5.16435508e-01 
 1.32238482e-02  2.83457546e-01  1.32238482e-02  1.30674345e-01  1.32238482e-02 -5.19155268e-01 
 1.32288482e-02  2.81683207e-01  1.32288482e-02  1.29149745e-01  1.32288482e-02 -5.21085019e-01 
 1.32338482e-02  2.80434687e-01  1.32338482e-02  1.28151472e-01  1.32338482e-02 -5.22200088e-01 
 1.32388482e-02  2.79713403e-01  1.32388482e-02  1.27680654e-01  1.32388482e-02 -5.22521863e-01 
 1.32438482e-02  2.79520254e-01  1.32438482e-02  1.27737898e-01  1.32438482e-02 -5.22028049e-01 
 1.32488482e-02  2.79855617e-01  1.32488482e-02  1.28323291e-01  1.32488482e-02 -5.20740844e-01 
 1.32538482e-02  2.80719347e-01  1.32538482e-02  1.29436398e-01  1.32538482e-02 -5.18640308e-01 
 1.32588482e-02  2.82110777e-01  1.32588482e-02  1.31076264e-01  1.32588482e-02 -5.15749469e-01 
 1.32638482e-02  2.84028722e-01  1.32638482e-02  1.33241412e-01  1.32638482e-02 -5.12050711e-01 
 1.32688482e-02  2.86471473e-01  1.32688482e-02  1.35929848e-01  1.32688482e-02 -5.07567912e-01 
 1.32738482e-02  2.89436806e-01  1.32738482e-02  1.39139063e-01  1.32738482e-02 -5.02285741e-01 
 1.32788482e-02  2.92921981e-01  1.32788482e-02  1.42866032e-01  1.32788482e-02 -4.96228938e-01 
 1.32838482e-02  2.96923745e-01  1.32838482e-02  1.47107219e-01  1.32838482e-02 -4.89384412e-01 
 1.32888482e-02  3.01438334e-01  1.32888482e-02  1.51858582e-01  1.32888482e-02 -4.81777770e-01 
 1.32938482e-02  3.06461478e-01  1.32938482e-02  1.57115575e-01  1.32938482e-02 -4.73398116e-01 
 1.32988482e-02  3.11988406e-01  1.32988482e-02  1.62873151e-01  1.32988482e-02 -4.64271917e-01 
 1.33038482e-02  3.18013850e-01  1.33038482e-02  1.69125773e-01  1.33038482e-02 -4.54390419e-01 
 1.33088482e-02  3.24532049e-01  1.33088482e-02  1.75867411e-01  1.33088482e-02 -4.43780941e-01 
 1.33138482e-02  3.31536756e-01  1.33138482e-02  1.83091555e-01  1.33138482e-02 -4.32436811e-01 
 1.33188482e-02  3.39021244e-01  1.33188482e-02  1.90791219e-01  1.33188482e-02 -4.20386183e-01 
 1.33238482e-02  3.46978311e-01  1.33238482e-02  1.98958947e-01  1.33238482e-02 -4.07624407e-01 
 1.33288482e-02  3.55400293e-01  1.33288482e-02  2.07586820e-01  1.33288482e-02 -3.94180447e-01 
 1.33338482e-02  3.64279061e-01  1.33338482e-02  2.16666467e-01  1.33338482e-02 -3.80051605e-01 
 1.33388482e-02  3.73606040e-01  1.33388482e-02  2.26189069e-01  1.33388482e-02 -3.65267629e-01 
 1.33438482e-02  3.83372210e-01  1.33438482e-02  2.36145372e-01  1.33438482e-02 -3.49827698e-01 
 1.33488482e-02  3.93568120e-01  1.33488482e-02  2.46525692e-01  1.33488482e-02 -3.33762306e-01 
 1.33538482e-02  4.04183891e-01  1.33538482e-02  2.57319929e-01  1.33538482e-02 -3.17072437e-01 
 1.33588482e-02  4.15209234e-01  1.33588482e-02  2.68517571e-01  1.33588482e-02 -2.99789290e-01 
 1.33638482e-02  4.26633452e-01  1.33638482e-02  2.80107711e-01  1.33638482e-02 -2.81915568e-01 
 1.33688482e-02  4.38445457e-01  1.33688482e-02  2.92079052e-01  1.33688482e-02 -2.63483129e-01 
 1.33738482e-02  4.50633777e-01  1.33738482e-02  3.04419925e-01  1.33738482e-02 -2.44496310e-01 
 1.33788482e-02  4.63186568e-01  1.33788482e-02  3.17118291e-01  1.33788482e-02 -2.24987578e-01 
 1.33838482e-02  4.76091629e-01  1.33838482e-02  3.30161761e-01  1.33838482e-02 -2.04962814e-01 
 1.33888482e-02  4.89336408e-01  1.33888482e-02  3.43537607e-01  1.33888482e-02 -1.84455034e-01 
 1.33938482e-02  5.02908020e-01  1.33938482e-02  3.57232769e-01  1.33938482e-02 -1.63471573e-01 
 1.33988482e-02  5.16793255e-01  1.33988482e-02  3.71233875e-01  1.33988482e-02 -1.42045932e-01 
 1.34038482e-02  5.30978596e-01  1.34038482e-02  3.85527250e-01  1.34038482e-02 -1.20186804e-01 
 1.34088482e-02  5.45450229e-01  1.34088482e-02  4.00098930e-01  1.34088482e-02 -9.79281128e-02 
 1.34138482e-02  5.60194058e-01  1.34138482e-02  4.14934678e-01  1.34138482e-02 -7.52798065e-02 
 1.34188482e-02  5.75195715e-01  1.34188482e-02  4.30019995e-01  1.34188482e-02 -5.22761599e-02 
 1.34238482e-02  5.90440583e-01  1.34238482e-02  4.45340135e-01  1.34238482e-02 -2.89282773e-02 
 1.34288482e-02  6.05913799e-01  1.34288482e-02  4.60880122e-01  1.34288482e-02 -5.27071122e-03 
 1.34338482e-02  6.21600281e-01  1.34338482e-02  4.76624762e-01  1.34338482e-02  1.86843837e-02 
 1.34388482e-02  6.37484730e-01  1.34388482e-02  4.92558659e-01  1.34388482e-02  4.29022540e-02 
 1.34438482e-02  6.53551657e-01  1.34438482e-02  5.08666232e-01  1.34438482e-02  6.73698008e-02 
 1.34488482e-02  6.69785389e-01  1.34488482e-02  5.24931726e-01  1.34488482e-02  9.20521491e-02 
 1.34538482e-02  6.86170090e-01  1.34538482e-02  5.41339230e-01  1.34538482e-02  1.16935365e-01 
 1.34588482e-02  7.02689777e-01  1.34588482e-02  5.57872697e-01  1.34588482e-02  1.41984533e-01 
 1.34638482e-02  7.19328329e-01  1.34638482e-02  5.74515950e-01  1.34638482e-02  1.67184992e-01 
 1.34688482e-02  7.36069512e-01  1.34688482e-02  5.91252708e-01  1.34688482e-02  1.92501875e-01 
 1.34738482e-02  7.52896988e-01  1.34738482e-02  6.08066596e-01  1.34738482e-02  2.17919903e-01 
 1.34788482e-02  7.69794336e-01  1.34788482e-02  6.24941162e-01  1.34788482e-02  2.43404338e-01 
 1.34838482e-02  7.86745063e-01  1.34838482e-02  6.41859896e-01  1.34838482e-02  2.68939399e-01 
 1.34888482e-02  8.03732627e-01  1.34888482e-02  6.58806243e-01  1.34888482e-02  2.94490566e-01 
 1.34938482e-02  8.20740446e-01  1.34938482e-02  6.75763621e-01  1.34938482e-02  3.20041662e-01 
 1.34988482e-02  8.37751921e-01  1.34988482e-02  6.92715438e-01  1.34988482e-02  3.45558475e-01 
 1.35038482e-02  8.54750448e-01  1.35038482e-02  7.09645107e-01  1.35038482e-02  3.71024546e-01 
 1.35088482e-02  8.71719435e-01  1.35088482e-02  7.26536061e-01  1.35088482e-02  3.96406056e-01 
 1.35138482e-02  8.88642319e-01  1.35138482e-02  7.43371775e-01  1.35138482e-02  4.21686376e-01 
 1.35188482e-02  9.05502586e-01  1.35188482e-02  7.60135775e-01  1.35188482e-02  4.46832170e-01 
 1.35238482e-02  9.22283779e-01  1.35238482e-02  7.76811659e-01  1.35238482e-02  4.71826747e-01 
 1.35288482e-02  9.38969521e-01  1.35288482e-02  7.93383113e-01  1.35288482e-02  4.96637341e-01 
 1.35338482e-02  9.55543531e-01  1.35338482e-02  8.09833925e-01  1.35338482e-02  5.21247308e-01 
 1.35388482e-02  9.71989634e-01  1.35388482e-02  8.26148001e-01  1.35388482e-02  5.45624543e-01 
 1.35438482e-02  9.88291786e-01  1.35438482e-02  8.42309384e-01  1.35438482e-02  5.69774699e-01 
 1.35488482e-02  1.00443408e+00  1.35488482e-02  8.58302266e-01  1.35488482e-02  5.93620674e-01 
 1.35538482e-02  1.02040077e+00  1.35538482e-02  8.74111007e-01  1.35538482e-02  6.17172302e-01 
 1.35588482e-02  1.03617629e+00  1.35588482e-02  8.89720147e-01  1.35588482e-02  6.40394091e-01 
 1.35638482e-02  1.05174525e+00  1.35638482e-02  9.05114425e-01  1.35638482e-02  6.63275084e-01 
 1.35688482e-02  1.06709246e+00  1.35688482e-02  9.20278789e-01  1.35688482e-02  6.85780795e-01 
 1.35738482e-02  1.08220297e+00  1.35738482e-02  9.35198416e-01  1.35738482e-02  7.07900635e-01 
 1.35788482e-02  1.09706205e+00  1.35788482e-02  9.49858725e-01  1.35788482e-02  7.29601200e-01 
 1.35838482e-02  1.11165522e+00  1.35838482e-02  9.64245390e-01  1.35838482e-02  7.50872372e-01 
 1.35888482e-02  1.12596825e+00  1.35888482e-02  9.78344354e-01  1.35888482e-02  7.71681903e-01 
 1.35938482e-02  1.13998721e+00  1.35938482e-02  9.92141846e-01  1.35938482e-02  7.92020239e-01 
 1.35988482e-02  1.15369845e+00  1.35988482e-02  1.00562439e+00  1.35988482e-02  8.11856365e-01 
 1.36038482e-02  1.16708862e+00  1.36038482e-02  1.01877883e+00  1.36038482e-02  8.31181380e-01 
 1.36088482e-02  1.18014468e+00  1.36088482e-02  1.03159231e+00  1.36088482e-02  8.49965573e-01 
 1.36138482e-02  1.19285395e+00  1.36138482e-02  1.04405234e+00  1.36138482e-02  8.68200780e-01 
 1.36188482e-02  1.20520404e+00  1.36188482e-02  1.05614676e+00  1.36188482e-02  8.85858662e-01 
 1.36238482e-02  1.21718297e+00  1.36238482e-02  1.06786378e+00  1.36238482e-02  9.02931876e-01 
 1.36288482e-02  1.22877910e+00  1.36288482e-02  1.07919198e+00  1.36288482e-02  9.19393516e-01 
 1.36338482e-02  1.23998116e+00  1.36338482e-02  1.09012032e+00  1.36338482e-02  9.35237137e-01 
 1.36388482e-02  1.25077828e+00  1.36388482e-02  1.10063815e+00  1.36388482e-02  9.50437325e-01 
 1.36438482e-02  1.26115999e+00  1.36438482e-02  1.11073524e+00  1.36438482e-02  9.64988604e-01 
 1.36488482e-02  1.27111622e+00  1.36488482e-02  1.12040176e+00  1.36488482e-02  9.78867109e-01 
 1.36538482e-02  1.28063734e+00  1.36538482e-02  1.12962832e+00  1.36538482e-02  9.92068401e-01 
 1.36588482e-02  1.28971414e+00  1.36588482e-02  1.13840595e+00  1.36588482e-02  1.00457021e+00 
 1.36638482e-02  1.29833783e+00  1.36638482e-02  1.14672614e+00  1.36638482e-02  1.01636919e+00 
 1.36688482e-02  1.30650009e+00  1.36688482e-02  1.15458081e+00  1.36688482e-02  1.02744472e+00 
 1.36738482e-02  1.31419304e+00  1.36738482e-02  1.16196236e+00  1.36738482e-02  1.03779461e+00 
 1.36788482e-02  1.32140929e+00  1.36788482e-02  1.16886363e+00  1.36788482e-02  1.04739991e+00 
 1.36838482e-02  1.32814188e+00  1.36838482e-02  1.17527797e+00  1.36838482e-02  1.05625964e+00 
 1.36888482e-02  1.33438437e+00  1.36888482e-02  1.18119918e+00  1.36888482e-02  1.06435656e+00 
 1.36938482e-02  1.34013076e+00  1.36938482e-02  1.18662156e+00  1.36938482e-02  1.07169095e+00 
 1.36988482e-02  1.34537558e+00  1.36988482e-02  1.19153991e+00  1.36988482e-02  1.07824729e+00 
 1.37038482e-02  1.35011383e+00  1.37038482e-02  1.19594950e+00  1.37038482e-02  1.08402717e+00 
 1.37088482e-02  1.35434101e+00  1.37088482e-02  1.19984614e+00  1.37088482e-02  1.08901683e+00 
 1.37138482e-02  1.35805314e+00  1.37138482e-02  1.20322611e+00  1.37138482e-02  1.09321915e+00 
 1.37188482e-02  1.36124674e+00  1.37188482e-02  1.20608622e+00  1.37188482e-02  1.09662219e+00 
 1.37238482e-02  1.36391883e+00  1.37238482e-02  1.20842380e+00  1.37238482e-02  1.09923017e+00 
 1.37288482e-02  1.36606697e+00  1.37288482e-02  1.21023667e+00  1.37288482e-02  1.10103292e+00 
 1.37338482e-02  1.36768921e+00  1.37338482e-02  1.21152319e+00  1.37338482e-02  1.10203604e+00 
 1.37388482e-02  1.36878414e+00  1.37388482e-02  1.21228223e+00  1.37388482e-02  1.10223115e+00 
 1.37438482e-02  1.36935086e+00  1.37438482e-02  1.21251319e+00  1.37438482e-02  1.10162522e+00 
 1.37488482e-02  1.36938900e+00  1.37488482e-02  1.21221597e+00  1.37488482e-02  1.10021168e+00 
 1.37538482e-02  1.36889869e+00  1.37538482e-02  1.21139101e+00  1.37538482e-02  1.09799888e+00 
 1.37588482e-02  1.36788060e+00  1.37588482e-02  1.21003928e+00  1.37588482e-02  1.09498203e+00 
 1.37638482e-02  1.36633593e+00  1.37638482e-02  1.20816223e+00  1.37638482e-02  1.09117087e+00 
 1.37688482e-02  1.36426637e+00  1.37688482e-02  1.20576188e+00  1.37688482e-02  1.08656238e+00 
 1.37738482e-02  1.36167415e+00  1.37738482e-02  1.20284072e+00  1.37738482e-02  1.08116768e+00 
 1.37788482e-02  1.35856202e+00  1.37788482e-02  1.19940178e+00  1.37788482e-02  1.07498550e+00 
 1.37838482e-02  1.35493322e+00  1.37838482e-02  1.19544860e+00  1.37838482e-02  1.06802833e+00 
 1.37888482e-02  1.35079152e+00  1.37888482e-02  1.19098523e+00  1.37888482e-02  1.06029662e+00 
 1.37938482e-02  1.34614120e+00  1.37938482e-02  1.18601619e+00  1.37938482e-02  1.05180421e+00 
 1.37988482e-02  1.34098701e+00  1.37988482e-02  1.18054656e+00  1.37988482e-02  1.04255325e+00 
 1.38038482e-02  1.33533423e+00  1.38038482e-02  1.17458185e+00  1.38038482e-02  1.03255891e+00 
 1.38088482e-02  1.32918862e+00  1.38088482e-02  1.16812810e+00  1.38088482e-02  1.02182497e+00 
 1.38138482e-02  1.32255643e+00  1.38138482e-02  1.16119183e+00  1.38138482e-02  1.01036790e+00 
 1.38188482e-02  1.31544438e+00  1.38188482e-02  1.15378001e+00  1.38188482e-02  9.98193113e-01 
 1.38238482e-02  1.30785968e+00  1.38238482e-02  1.14590010e+00  1.38238482e-02  9.85318320e-01 
 1.38288482e-02  1.29980999e+00  1.38288482e-02  1.13756002e+00  1.38288482e-02  9.71750494e-01 
 1.38338482e-02  1.29130343e+00  1.38338482e-02  1.12876815e+00  1.38338482e-02  9.57508566e-01 
 1.38388482e-02  1.28234860e+00  1.38388482e-02  1.11953330e+00  1.38388482e-02  9.42601015e-01 
 1.38438482e-02  1.27295449e+00  1.38438482e-02  1.10986472e+00  1.38438482e-02  9.27047936e-01 
 1.38488482e-02  1.26313057e+00  1.38488482e-02  1.09977211e+00  1.38488482e-02  9.10859258e-01 
 1.38538482e-02  1.25288672e+00  1.38538482e-02  1.08926555e+00  1.38538482e-02  8.94056189e-01 
 1.38588482e-02  1.24223321e+00  1.38588482e-02  1.07835557e+00  1.38588482e-02  8.76650039e-01 
 1.38638482e-02  1.23118076e+00  1.38638482e-02  1.06705306e+00  1.38638482e-02  8.58663072e-01 
 1.38688482e-02  1.21974045e+00  1.38688482e-02  1.05536933e+00  1.38688482e-02  8.40107912e-01 
 1.38738482e-02  1.20792375e+00  1.38738482e-02  1.04331605e+00  1.38738482e-02  8.21007812e-01 
 1.38788482e-02  1.19574250e+00  1.38788482e-02  1.03090525e+00  1.38788482e-02  8.01376636e-01 
 1.38838482e-02  1.18320890e+00  1.38838482e-02  1.01814932e+00  1.38838482e-02  7.81238561e-01 
 1.38888482e-02  1.17033552e+00  1.38888482e-02  1.00506100e+00  1.38888482e-02  7.60608613e-01 
 1.38938482e-02  1.15713523e+00  1.38938482e-02  9.91653331e-01  1.38938482e-02  7.39511818e-01 
 1.38988482e-02  1.14362123e+00  1.38988482e-02  9.77939699e-01  1.38988482e-02  7.17964282e-01 
 1.39038482e-02  1.12980706e+00  1.39038482e-02  9.63933775e-01  1.39038482e-02  6.95991805e-01 
 1.39088482e-02  1.11570653e+00  1.39088482e-02  9.49649523e-01  1.39088482e-02  6.73611488e-01 
 1.39138482e-02  1.10133372e+00  1.39138482e-02  9.35101181e-01  1.39138482e-02  6.50849823e-01 
 1.39188482e-02  1.08670301e+00  1.39188482e-02  9.20303248e-01  1.39188482e-02  6.27724816e-01 
 1.39238482e-02  1.07182902e+00  1.39238482e-02  9.05270468e-01  1.39238482e-02  6.04263572e-01 
 1.39288482e-02  1.05672660e+00  1.39288482e-02  8.90017819e-01  1.39288482e-02  5.80484909e-01 
 1.39338482e-02  1.04141084e+00  1.39338482e-02  8.74560494e-01  1.39338482e-02  5.56416456e-01 
 1.39388482e-02  1.02589704e+00  1.39388482e-02  8.58913889e-01  1.39388482e-02  5.32077750e-01 
 1.39438482e-02  1.01020069e+00  1.39438482e-02  8.43093586e-01  1.39438482e-02  5.07515386e-01 
 1.39488482e-02  9.94337465e-01  1.39488482e-02  8.27115340e-01  1.39488482e-02  4.82718816e-01 
 1.39538482e-02  9.78323193e-01  1.39538482e-02  8.10995060e-01  1.39538482e-02  4.57716470e-01 
 1.39588482e-02  9.62173862e-01  1.39588482e-02  7.94748796e-01  1.39588482e-02  4.32553086e-01 
 1.39638482e-02  9.45905591e-01  1.39638482e-02  7.78392723e-01  1.39638482e-02  4.07233674e-01 
 1.39688482e-02  9.29534616e-01  1.39688482e-02  7.61943123e-01  1.39688482e-02  3.81802584e-01 
 1.39738482e-02  9.13077274e-01  1.39738482e-02  7.45416371e-01  1.39738482e-02  3.56265779e-01 
 1.39788482e-02  8.96549987e-01  1.39788482e-02  7.28828918e-01  1.39788482e-02  3.30667149e-01 
 1.39838482e-02  8.79969246e-01  1.39838482e-02  7.12197275e-01  1.39838482e-02  3.05013483e-01 
 1.39888482e-02  8.63351596e-01  1.39888482e-02  6.95537997e-01  1.39888482e-02  2.79348137e-01 
 1.39938482e-02  8.46713616e-01  1.39938482e-02  6.78867665e-01  1.39938482e-02  2.53678605e-01 
 1.39988482e-02  8.30071907e-01  1.39988482e-02  6.62202872e-01  1.39988482e-02  2.28047630e-01 
 1.40038482e-02  8.13443074e-01  1.40038482e-02  6.45560206e-01  1.40038482e-02  2.02463292e-01 
 1.40088482e-02  7.96843706e-01  1.40088482e-02  6.28956232e-01  1.40088482e-02  1.76967639e-01 
 1.40138482e-02  7.80290368e-01  1.40138482e-02  6.12407476e-01  1.40138482e-02  1.51569216e-01 
 1.40188482e-02  7.63799574e-01  1.40188482e-02  5.95930412e-01  1.40188482e-02  1.26309303e-01 
 1.40238482e-02  7.47387781e-01  1.40238482e-02  5.79541442e-01  1.40238482e-02  1.01196787e-01 
 1.40288482e-02  7.31071364e-01  1.40288482e-02  5.63256881e-01  1.40288482e-02  7.62720989e-02 
 1.40338482e-02  7.14866608e-01  1.40338482e-02  5.47092939e-01  1.40338482e-02  5.15443512e-02 
 1.40388482e-02  6.98789684e-01  1.40388482e-02  5.31065712e-01  1.40388482e-02  2.70530509e-02 
 1.40438482e-02  6.82856639e-01  1.40438482e-02  5.15191156e-01  1.40438482e-02  2.80741757e-03 
 1.40488482e-02  6.67083377e-01  1.40488482e-02  4.99485078e-01  1.40488482e-02 -2.11540441e-02 
 1.40538482e-02  6.51485644e-01  1.40538482e-02  4.83963120e-01  1.40538482e-02 -4.48221195e-02 
 1.40588482e-02  6.36079015e-01  1.40588482e-02  4.68640741e-01  1.40588482e-02 -6.81593826e-02 
 1.40638482e-02  6.20878874e-01  1.40638482e-02  4.53533203e-01  1.40638482e-02 -9.11567350e-02 
 1.40688482e-02  6.05900402e-01  1.40688482e-02  4.38655557e-01  1.40688482e-02 -1.13777904e-01 
 1.40738482e-02  5.91158560e-01  1.40738482e-02  4.24022626e-01  1.40738482e-02 -1.36014014e-01 
 1.40788482e-02  5.76668078e-01  1.40788482e-02  4.09648992e-01  1.40788482e-02 -1.57830019e-01 
 1.40838482e-02  5.62443436e-01  1.40838482e-02  3.95548980e-01  1.40838482e-02 -1.79217373e-01 
 1.40888482e-02  5.48498852e-01  1.40888482e-02  3.81736647e-01  1.40888482e-02 -2.00142322e-01 
 1.40938482e-02  5.34848267e-01  1.40938482e-02  3.68225765e-01  1.40938482e-02 -2.20596753e-01 
 1.40988482e-02  5.21505334e-01  1.40988482e-02  3.55029809e-01  1.40988482e-02 -2.40548273e-01 
 1.41038482e-02  5.08483400e-01  1.41038482e-02  3.42161941e-01  1.41038482e-02 -2.59989294e-01 
 1.41088482e-02  4.95795495e-01  1.41088482e-02  3.29635002e-01  1.41088482e-02 -2.78888852e-01 
 1.41138482e-02  4.83454322e-01  1.41138482e-02  3.17461496e-01  1.41138482e-02 -2.97239978e-01 
 1.41188482e-02  4.71472239e-01  1.41188482e-02  3.05653577e-01  1.41188482e-02 -3.15013193e-01 
 1.41238482e-02  4.59861252e-01  1.41238482e-02  2.94223039e-01  1.41238482e-02 -3.32202237e-01 
 1.41288482e-02  4.48632998e-01  1.41288482e-02  2.83181303e-01  1.41288482e-02 -3.48779176e-01 
 1.41338482e-02  4.37798738e-01  1.41338482e-02  2.72539407e-01  1.41338482e-02 -3.64738537e-01 
 1.41388482e-02  4.27369344e-01  1.41388482e-02  2.62307994e-01  1.41388482e-02 -3.80053985e-01 
 1.41438482e-02  4.17355289e-01  1.41438482e-02  2.52497303e-01  1.41438482e-02 -3.94720916e-01 
 1.41488482e-02  4.07766634e-01  1.41488482e-02  2.43117155e-01  1.41488482e-02 -4.08714639e-01 
 1.41538482e-02  3.98613023e-01  1.41538482e-02  2.34176949e-01  1.41538482e-02 -4.22031491e-01 
 1.41588482e-02  3.89903667e-01  1.41588482e-02  2.25685649e-01  1.41588482e-02 -4.34648471e-01 
 1.41638482e-02  3.81647342e-01  1.41638482e-02  2.17651774e-01  1.41638482e-02 -4.46562923e-01 
 1.41688482e-02  3.73852376e-01  1.41688482e-02  2.10083395e-01  1.41688482e-02 -4.57753575e-01 
 1.41738482e-02  3.66526640e-01  1.41738482e-02  2.02988122e-01  1.41738482e-02 -4.68218841e-01 
 1.41788482e-02  3.59677544e-01  1.41788482e-02  1.96373096e-01  1.41788482e-02 -4.77939210e-01 
 1.41838482e-02  3.53312026e-01  1.41838482e-02  1.90244988e-01  1.41838482e-02 -4.86914222e-01 
 1.41888482e-02  3.47436547e-01  1.41888482e-02  1.84609986e-01  1.41888482e-02 -4.95126156e-01 
 1.41938482e-02  3.42057086e-01  1.41938482e-02  1.79473790e-01  1.41938482e-02 -5.02575725e-01 
 1.41988482e-02  3.37179131e-01  1.41988482e-02  1.74841612e-01  1.41988482e-02 -5.09247025e-01 
 1.42038482e-02  3.32807674e-01  1.42038482e-02  1.70718163e-01  1.42038482e-02 -5.15141984e-01 
 1.42088482e-02  3.28947209e-01  1.42088482e-02  1.67107652e-01  1.42088482e-02 -5.20246531e-01 
 1.42138482e-02  3.25601725e-01  1.42138482e-02  1.64013785e-01  1.42138482e-02 -5.24563847e-01 
 1.42188482e-02  3.22774703e-01  1.42188482e-02  1.61439755e-01  1.42188482e-02 -5.28081707e-01 
 1.42238482e-02  3.20469112e-01  1.42238482e-02  1.59388242e-01  1.42238482e-02 -5.30804572e-01 
 1.42288482e-02  3.18687407e-01  1.42288482e-02  1.57861412e-01  1.42288482e-02 -5.32722071e-01 
 1.42338482e-02  3.17431524e-01  1.42338482e-02  1.56860913e-01  1.42338482e-02 -5.33839970e-01 
 1.42388482e-02  3.16702882e-01  1.42388482e-02  1.56387873e-01  1.42388482e-02 -5.34149751e-01 
 1.42438482e-02  3.16502380e-01  1.42438482e-02  1.56442898e-01  1.42438482e-02 -5.33658503e-01 
 1.42488482e-02  3.16830393e-01  1.42488482e-02  1.57026076e-01  1.42488482e-02 -5.32359554e-01 
 1.42538482e-02  3.17686778e-01  1.42538482e-02  1.58136971e-01  1.42538482e-02 -5.30261326e-01 
 1.42588482e-02  3.19070869e-01  1.42588482e-02  1.59774627e-01  1.42588482e-02 -5.27358985e-01 
 1.42638482e-02  3.20981477e-01  1.42638482e-02  1.61937570e-01  1.42638482e-02 -5.23662287e-01 
 1.42688482e-02  3.23416896e-01  1.42688482e-02  1.64623805e-01  1.42688482e-02 -5.19168218e-01 
 1.42738482e-02  3.26374902e-01  1.42738482e-02  1.67830822e-01  1.42738482e-02 -5.13887868e-01 
 1.42788482e-02  3.29852755e-01  1.42788482e-02  1.71555596e-01  1.42788482e-02 -5.07820018e-01 
 1.42838482e-02  3.33847200e-01  1.42838482e-02  1.75794592e-01  1.42838482e-02 -5.00977083e-01 
 1.42888482e-02  3.38354474e-01  1.42888482e-02  1.80543767e-01  1.42888482e-02 -4.93359611e-01 
 1.42938482e-02  3.43370309e-01  1.42938482e-02  1.85798575e-01  1.42938482e-02 -4.84981324e-01 
 1.42988482e-02  3.48889931e-01  1.42988482e-02  1.91553970e-01  1.42988482e-02 -4.75844503e-01 
 1.43038482e-02  3.54908074e-01  1.43038482e-02  1.97804414e-01  1.43038482e-02 -4.65964157e-01 
 1.43088482e-02  3.61418976e-01  1.43088482e-02  2.04543878e-01  1.43088482e-02 -4.55344258e-01 
 1.43138482e-02  3.68416390e-01  1.43138482e-02  2.11765852e-01  1.43138482e-02 -4.44001072e-01 
 1.43188482e-02  3.75893590e-01  1.43188482e-02  2.19463348e-01  1.43188482e-02 -4.31940218e-01 
 1.43238482e-02  3.83843374e-01  1.43238482e-02  2.27628912e-01  1.43238482e-02 -4.19179184e-01 
 1.43288482e-02  3.92258076e-01  1.43288482e-02  2.36254624e-01  1.43288482e-02 -4.05725185e-01 
 1.43338482e-02  4.01129569e-01  1.43338482e-02  2.45332114e-01  1.43338482e-02 -3.91596892e-01 
 1.43388482e-02  4.10449277e-01  1.43388482e-02  2.54852563e-01  1.43388482e-02 -3.76803056e-01 
 1.43438482e-02  4.20208181e-01  1.43438482e-02  2.64806715e-01  1.43438482e-02 -3.61363486e-01 
 1.43488482e-02  4.30396828e-01  1.43488482e-02  2.75184888e-01  1.43488482e-02 -3.45288410e-01 
 1.43538482e-02  4.41005341e-01  1.43538482e-02  2.85976981e-01  1.43538482e-02 -3.28598720e-01 
 1.43588482e-02  4.52023430e-01  1.43588482e-02  2.97172483e-01  1.43588482e-02 -3.11306056e-01 
 1.43638482e-02  4.63440399e-01  1.43638482e-02  3.08760486e-01  1.43638482e-02 -2.93432338e-01 
 1.43688482e-02  4.75245159e-01  1.43688482e-02  3.20729694e-01  1.43688482e-02 -2.74990544e-01 
 1.43738482e-02  4.87426238e-01  1.43738482e-02  3.33068436e-01  1.43738482e-02 -2.56003561e-01 
 1.43788482e-02  4.99971793e-01  1.43788482e-02  3.45764675e-01  1.43788482e-02 -2.36485630e-01 
 1.43838482e-02  5.12869621e-01  1.43838482e-02  3.58806022e-01  1.43838482e-02 -2.16460538e-01 
 1.43888482e-02  5.26107172e-01  1.43888482e-02  3.72179747e-01  1.43888482e-02 -1.95943710e-01 
 1.43938482e-02  5.39671560e-01  1.43938482e-02  3.85872793e-01  1.43938482e-02 -1.74959763e-01 
 1.43988482e-02  5.53549576e-01  1.43988482e-02  3.99871785e-01  1.43988482e-02 -1.53525219e-01 
 1.44038482e-02  5.67727702e-01  1.44038482e-02  4.14163050e-01  1.44038482e-02 -1.31665454e-01 
 1.44088482e-02  5.82192124e-01  1.44088482e-02  4.28732623e-01  1.44088482e-02 -1.09397999e-01 
 1.44138482e-02  5.96928746e-01  1.44138482e-02  4.43566267e-01  1.44138482e-02 -8.67489072e-02 
 1.44188482e-02  6.11923201e-01  1.44188482e-02  4.58649483e-01  1.44188482e-02 -6.37366325e-02 
 1.44238482e-02  6.27160870e-01  1.44238482e-02  4.73967526e-01  1.44238482e-02 -4.03878225e-02 
 1.44288482e-02  6.42626893e-01  1.44288482e-02  4.89505419e-01  1.44288482e-02 -1.67217586e-02 
 1.44338482e-02  6.58306184e-01  1.44338482e-02  5.05247969e-01  1.44338482e-02  7.23440126e-03 
 1.44388482e-02  6.74183448e-01  1.44388482e-02  5.21179779e-01  1.44388482e-02  3.14606436e-02 
 1.44438482e-02  6.90243193e-01  1.44438482e-02  5.37285268e-01  1.44438482e-02  5.59293882e-02 
 1.44488482e-02  7.06469748e-01  1.44488482e-02  5.53548681e-01  1.44488482e-02  8.06199875e-02 
 1.44538482e-02  7.22847277e-01  1.44538482e-02  5.69954108e-01  1.44538482e-02  1.05504529e-01 
 1.44588482e-02  7.39359795e-01  1.44588482e-02  5.86485500e-01  1.44588482e-02  1.30561831e-01 
 1.44638482e-02  7.55991183e-01  1.44638482e-02  6.03126683e-01  1.44638482e-02  1.55763741e-01 
 1.44688482e-02  7.72725206e-01  1.44688482e-02  6.19861373e-01  1.44688482e-02  1.81088645e-01 
 1.44738482e-02  7.89545526e-01  1.44738482e-02  6.36673196e-01  1.44738482e-02  2.06508243e-01 
 1.44788482e-02  8.06435722e-01  1.44788482e-02  6.53545701e-01  1.44788482e-02  2.32000591e-01 
 1.44838482e-02  8.23379302e-01  1.44838482e-02  6.70462377e-01  1.44838482e-02  2.57537338e-01 
 1.44888482e-02  8.40359722e-01  1.44888482e-02  6.87406669e-01  1.44888482e-02  2.83096312e-01 
 1.44938482e-02  8.57360402e-01  1.44938482e-02  7.04361996e-01  1.44938482e-02  3.08649206e-01 
 1.44988482e-02  8.74364742e-01  1.44988482e-02  7.21311764e-01  1.44988482e-02  3.34173726e-01 
 1.45038482e-02  8.91356138e-01  1.45038482e-02  7.38239388e-01  1.45038482e-02  3.59641702e-01 
 1.45088482e-02  9.08317998e-01  1.45088482e-02  7.55128300e-01  1.45088482e-02  3.85030823e-01 
 1.45138482e-02  9.25233760e-01  1.45138482e-02  7.71961975e-01  1.45138482e-02  4.10313152e-01 
 1.45188482e-02  9.42086908e-01  1.45188482e-02  7.88723940e-01  1.45188482e-02  4.35466462e-01 
 1.45238482e-02  9.58860987e-01  1.45238482e-02  8.05397792e-01  1.45238482e-02  4.60463150e-01 
 1.45288482e-02  9.75539619e-01  1.45288482e-02  8.21967216e-01  1.45288482e-02  4.85281170e-01 
 1.45338482e-02  9.92106523e-01  1.45338482e-02  8.38416001e-01  1.45338482e-02  5.09893345e-01 
 1.45388482e-02  1.00854552e+00  1.45388482e-02  8.54728055e-01  1.45388482e-02  5.34291090e-01 
 1.45438482e-02  1.02484058e+00  1.45438482e-02  8.70887418e-01  1.45438482e-02  5.58438218e-01 
 1.45488482e-02  1.04097578e+00  1.45488482e-02  8.86878284e-01  1.45488482e-02  5.82275946e-01 
 1.45538482e-02  1.05693539e+00  1.45538482e-02  9.02685011e-01  1.45538482e-02  6.05845242e-01 
 1.45588482e-02  1.07270382e+00  1.45588482e-02  9.18292141e-01  1.45588482e-02  6.29059152e-01 
 1.45638482e-02  1.08826569e+00  1.45638482e-02  9.33684411e-01  1.45638482e-02  6.51957459e-01 
 1.45688482e-02  1.10360583e+00  1.45688482e-02  9.48846771e-01  1.45688482e-02  6.74455649e-01 
 1.45738482e-02  1.11870927e+00  1.45738482e-02  9.63764398e-01  1.45738482e-02  6.96592458e-01 
 1.45788482e-02  1.13356128e+00  1.45788482e-02  9.78422709e-01  1.45788482e-02  7.18285850e-01 
 1.45838482e-02  1.14814738e+00  1.45838482e-02  9.92807379e-01  1.45838482e-02  7.39573656e-01 
 1.45888482e-02  1.16245335e+00  1.45888482e-02  1.00690435e+00  1.45888482e-02  7.60376353e-01 
 1.45938482e-02  1.17646526e+00  1.45938482e-02  1.02069986e+00  1.45938482e-02  7.80730997e-01 
 1.45988482e-02  1.19016945e+00  1.45988482e-02  1.03418042e+00  1.45988482e-02  8.00560619e-01 
 1.46038482e-02  1.20355256e+00  1.46038482e-02  1.04733287e+00  1.46038482e-02  8.19901625e-01 
 1.46088482e-02  1.21660159e+00  1.46088482e-02  1.06014437e+00  1.46088482e-02  8.38679633e-01 
 1.46138482e-02  1.22930381e+00  1.46138482e-02  1.07260243e+00  1.46138482e-02  8.56930524e-01 
 1.46188482e-02  1.24164687e+00  1.46188482e-02  1.08469488e+00  1.46188482e-02  8.74582533e-01 
 1.46238482e-02  1.25361877e+00  1.46238482e-02  1.09640993e+00  1.46238482e-02  8.91671131e-01 
 1.46288482e-02  1.26520787e+00  1.46288482e-02  1.10773616e+00  1.46288482e-02  9.08127200e-01 
 1.46338482e-02  1.27640290e+00  1.46338482e-02  1.11866253e+00  1.46338482e-02  9.23985915e-01 
 1.46388482e-02  1.28719300e+00  1.46388482e-02  1.12917840e+00  1.46388482e-02  9.39180826e-01 
 1.46438482e-02  1.29756769e+00  1.46438482e-02  1.13927353e+00  1.46438482e-02  9.53746918e-01 
 1.46488482e-02  1.30751692e+00  1.46488482e-02  1.14893810e+00  1.46488482e-02  9.67620432e-01 
 1.46538482e-02  1.31703103e+00  1.46538482e-02  1.15816271e+00  1.46538482e-02  9.80836261e-01 
 1.46588482e-02  1.32610082e+00  1.46588482e-02  1.16693839e+00  1.46588482e-02  9.93333356e-01 
 1.46638482e-02  1.33471751e+00  1.46638482e-02  1.17525663e+00  1.46638482e-02  1.00514661e+00 
 1.46688482e-02  1.34287278e+00  1.46688482e-02  1.18310936e+00  1.46688482e-02  1.01621770e+00 
 1.46738482e-02  1.35055874e+00  1.46738482e-02  1.19048897e+00  1.46738482e-02  1.02658160e+00 
 1.46788482e-02  1.35776800e+00  1.46788482e-02  1.19738831e+00  1.46788482e-02  1.03618272e+00 
 1.46838482e-02  1.36449361e+00  1.46838482e-02  1.20380071e+00  1.46838482e-02  1.04505621e+00 
 1.46888482e-02  1.37072912e+00  1.46888482e-02  1.20971999e+00  1.46888482e-02  1.05314921e+00 
 1.46938482e-02  1.37646854e+00  1.46938482e-02  1.21514044e+00  1.46938482e-02  1.06049711e+00 
 1.46988482e-02  1.38170639e+00  1.46988482e-02  1.22005686e+00  1.46988482e-02  1.06704978e+00 
 1.47038482e-02  1.38643767e+00  1.47038482e-02  1.22446454e+00  1.47038482e-02  1.07284293e+00 
 1.47088482e-02  1.39065789e+00  1.47088482e-02  1.22835926e+00  1.47088482e-02  1.07782915e+00 
 1.47138482e-02  1.39436306e+00  1.47138482e-02  1.23173731e+00  1.47138482e-02  1.08204453e+00 
 1.47188482e-02  1.39754970e+00  1.47188482e-02  1.23459551e+00  1.47188482e-02  1.08544437e+00 
 1.47238482e-02  1.40021535e+00  1.47238482e-02  1.23693168e+00  1.47238482e-02  1.08806594e+00 
 1.47288482e-02  1.40236051e+00  1.47288482e-02  1.23874662e+00  1.47288482e-02  1.08987173e+00 
 1.47338482e-02  1.40397066e+00  1.47338482e-02  1.24002609e+00  1.47338482e-02  1.09087973e+00 
 1.47388482e-02  1.40506254e+00  1.47388482e-02  1.24078710e+00  1.47388482e-02  1.09107777e+00 
 1.47438482e-02  1.40561726e+00  1.47438482e-02  1.24101110e+00  1.47438482e-02  1.09047683e+00 
 1.47488482e-02  1.40565225e+00  1.47488482e-02  1.24071578e+00  1.47488482e-02  1.08906613e+00 
 1.47538482e-02  1.40515003e+00  1.47538482e-02  1.23988394e+00  1.47538482e-02  1.08685842e+00 
 1.47588482e-02  1.40412873e+00  1.47588482e-02  1.23853403e+00  1.47588482e-02  1.08384432e+00 
 1.47638482e-02  1.40257223e+00  1.47638482e-02  1.23665020e+00  1.47638482e-02  1.08003835e+00 
 1.47688482e-02  1.40049939e+00  1.47688482e-02  1.23425159e+00  1.47688482e-02  1.07543253e+00 
 1.47738482e-02  1.39790032e+00  1.47738482e-02  1.23132861e+00  1.47738482e-02  1.07005048e+00 
 1.47788482e-02  1.39478239e+00  1.47788482e-02  1.22788891e+00  1.47788482e-02  1.06386730e+00 
 1.47838482e-02  1.39114559e+00  1.47838482e-02  1.22393275e+00  1.47838482e-02  1.05692084e+00 
 1.47888482e-02  1.38699808e+00  1.47888482e-02  1.21946859e+00  1.47888482e-02  1.04918825e+00 
 1.47938482e-02  1.38233979e+00  1.47938482e-02  1.21449662e+00  1.47938482e-02  1.04070645e+00 
 1.47988482e-02  1.37717976e+00  1.47988482e-02  1.20902617e+00  1.47988482e-02  1.03145473e+00 
 1.48038482e-02  1.37151906e+00  1.48038482e-02  1.20305856e+00  1.48038482e-02  1.02147087e+00 
 1.48088482e-02  1.36536759e+00  1.48088482e-02  1.19660398e+00  1.48088482e-02  1.01073630e+00 
 1.48138482e-02  1.35872751e+00  1.48138482e-02  1.18966484e+00  1.48138482e-02  9.99289607e-01 
 1.48188482e-02  1.35160958e+00  1.48188482e-02  1.18225216e+00  1.48188482e-02  9.87114293e-01 
 1.48238482e-02  1.34401703e+00  1.48238482e-02  1.17436942e+00  1.48238482e-02  9.74249775e-01 
 1.48288482e-02  1.33596144e+00  1.48288482e-02  1.16602846e+00  1.48288482e-02  9.60681538e-01 
 1.48338482e-02  1.32744707e+00  1.48338482e-02  1.15723379e+00  1.48338482e-02  9.46449773e-01 
 1.48388482e-02  1.31848631e+00  1.48388482e-02  1.14799804e+00  1.48388482e-02  9.31541922e-01 
 1.48438482e-02  1.30908442e+00  1.48438482e-02  1.13832669e+00  1.48438482e-02  9.15998907e-01 
 1.48488482e-02  1.29925457e+00  1.48488482e-02  1.12823315e+00  1.48488482e-02  8.99810036e-01 
 1.48538482e-02  1.28900296e+00  1.48538482e-02  1.11772386e+00  1.48538482e-02  8.83016926e-01 
 1.48588482e-02  1.27834351e+00  1.48588482e-02  1.10681294e+00  1.48588482e-02  8.65610695e-01 
 1.48638482e-02  1.26728334e+00  1.48638482e-02  1.09550773e+00  1.48638482e-02  8.47633586e-01 
 1.48688482e-02  1.25583705e+00  1.48688482e-02  1.08382304e+00  1.48688482e-02  8.29078446e-01 
 1.48738482e-02  1.24401266e+00  1.48738482e-02  1.07176708e+00  1.48738482e-02  8.09988108e-01 
 1.48788482e-02  1.23182543e+00  1.48788482e-02  1.05935530e+00  1.48788482e-02  7.90357059e-01 
 1.48838482e-02  1.21928418e+00  1.48838482e-02  1.04659672e+00  1.48838482e-02  7.70228645e-01 
 1.48888482e-02  1.20640479e+00  1.48888482e-02  1.03350740e+00  1.48888482e-02  7.49598925e-01 
 1.48938482e-02  1.19319688e+00  1.48938482e-02  1.02009712e+00  1.48938482e-02  7.28511700e-01 
 1.48988482e-02  1.17967687e+00  1.48988482e-02  1.00638247e+00  1.48988482e-02  7.06964490e-01 
 1.49038482e-02  1.16585511e+00  1.49038482e-02  9.92373959e-01  1.49038482e-02  6.85001487e-01 
 1.49088482e-02  1.15174854e+00  1.49088482e-02  9.78088678e-01  1.49088482e-02  6.62621597e-01 
 1.49138482e-02  1.13736817e+00  1.49138482e-02  9.63537773e-01  1.49138482e-02  6.39869314e-01 
 1.49188482e-02  1.12273141e+00  1.49188482e-02  9.48738792e-01  1.49188482e-02  6.16744828e-01 
 1.49238482e-02  1.10784988e+00  1.49238482e-02  9.33703478e-01  1.49238482e-02  5.93292879e-01 
 1.49288482e-02  1.09274141e+00  1.49288482e-02  9.18449768e-01  1.49288482e-02  5.69514833e-01 
 1.49338482e-02  1.07741815e+00  1.49338482e-02  9.02989931e-01  1.49338482e-02  5.45455583e-01 
 1.49388482e-02  1.06189828e+00  1.49388482e-02  8.87342251e-01  1.49388482e-02  5.21117586e-01 
 1.49438482e-02  1.04619445e+00  1.49438482e-02  8.71519464e-01  1.49438482e-02  4.96545809e-01 
 1.49488482e-02  1.03032514e+00  1.49488482e-02  8.55540127e-01  1.49488482e-02  4.71771529e-01 
 1.49538482e-02  1.01430341e+00  1.49538482e-02  8.39417387e-01  1.49538482e-02  4.46772278e-01 
 1.49588482e-02  9.98147990e-01  1.49588482e-02  8.23170021e-01  1.49588482e-02  4.21615634e-01 
 1.49638482e-02  9.81872293e-01  1.49638482e-02  8.06811512e-01  1.49638482e-02  3.96299411e-01 
 1.49688482e-02  9.65495213e-01  1.49688482e-02  7.90360794e-01  1.49688482e-02  3.70874971e-01 
 1.49738482e-02  9.49030472e-01  1.49738482e-02  7.73831631e-01  1.49738482e-02  3.45341448e-01 
 1.49788482e-02  9.32497071e-01  1.49788482e-02  7.57243049e-01  1.49788482e-02  3.19749385e-01 
 1.49838482e-02  9.15908955e-01  1.49838482e-02  7.40609017e-01  1.49838482e-02  2.94099086e-01 
 1.49888482e-02  8.99285180e-01  1.49888482e-02  7.23948597e-01  1.49888482e-02  2.68440226e-01 
 1.49938482e-02  8.82639852e-01  1.49938482e-02  7.07275900e-01  1.49938482e-02  2.42774147e-01 
 1.49988482e-02  8.65992008e-01  1.49988482e-02  6.90609954e-01  1.49988482e-02  2.17149581e-01 
 1.50038482e-02  8.49355850e-01  1.50038482e-02  6.73964943e-01  1.50038482e-02  1.91568773e-01 
 1.50088482e-02  8.32750340e-01  1.50088482e-02  6.57359805e-01  1.50088482e-02  1.66079458e-01 
 1.50138482e-02  8.16189701e-01  1.50138482e-02  6.40808728e-01  1.50138482e-02  1.40684643e-01 
 1.50188482e-02  7.99692754e-01  1.50188482e-02  6.24330488e-01  1.50188482e-02  1.15430996e-01 
 1.50238482e-02  7.83273685e-01  1.50238482e-02  6.07939218e-01  1.50238482e-02  9.03221600e-02 
 1.50288482e-02  7.66951109e-01  1.50288482e-02  5.91653471e-01  1.50288482e-02  6.54036734e-02 
 1.50338482e-02  7.50739098e-01  1.50338482e-02  5.75487250e-01  1.50338482e-02  4.06796746e-02 
 1.50388482e-02  7.34656006e-01  1.50388482e-02  5.59458827e-01  1.50388482e-02  1.61945109e-02 
 1.50438482e-02  7.18715730e-01  1.50438482e-02  5.43582012e-01  1.50438482e-02 -8.04730424e-03 
 1.50488482e-02  7.02936293e-01  1.50488482e-02  5.27874729e-01  1.50488482e-02 -3.20026907e-02 
 1.50538482e-02  6.87331351e-01  1.50538482e-02  5.12350531e-01  1.50538482e-02 -5.56668859e-02 
 1.50588482e-02  6.71918541e-01  1.50588482e-02  4.97026938e-01  1.50588482e-02 -7.89981300e-02 
 1.50638482e-02  6.56711212e-01  1.50638482e-02  4.81917181e-01  1.50638482e-02 -1.01991540e-01 
 1.50688482e-02  6.41726551e-01  1.50688482e-02  4.67038311e-01  1.50688482e-02 -1.24606748e-01 
 1.50738482e-02  6.26977544e-01  1.50738482e-02  4.52403179e-01  1.50738482e-02 -1.46838857e-01 
 1.50788482e-02  6.12480868e-01  1.50788482e-02  4.38028314e-01  1.50788482e-02 -1.68648952e-01 
 1.50838482e-02  5.98249080e-01  1.50838482e-02  4.23926120e-01  1.50838482e-02 -1.90032250e-01 
 1.50888482e-02  5.84298296e-01  1.50888482e-02  4.10112547e-01  1.50888482e-02 -2.10951340e-01 
 1.50938482e-02  5.70640588e-01  1.50938482e-02  3.96599502e-01  1.50938482e-02 -2.31401659e-01 
 1.50988482e-02  5.57291448e-01  1.50988482e-02  3.83402298e-01  1.50988482e-02 -2.51347368e-01 
 1.51038482e-02  5.44262409e-01  1.51038482e-02  3.70532284e-01  1.51038482e-02 -2.70784229e-01 
 1.51088482e-02  5.31568295e-01  1.51088482e-02  3.58004092e-01  1.51088482e-02 -2.89678021e-01 
 1.51138482e-02  5.19220038e-01  1.51138482e-02  3.45828457e-01  1.51138482e-02 -3.08024937e-01 
 1.51188482e-02  5.07231739e-01  1.51188482e-02  3.34019276e-01  1.51188482e-02 -3.25792431e-01 
 1.51238482e-02  4.95613687e-01  1.51238482e-02  3.22586627e-01  1.51238482e-02 -3.42977218e-01 
 1.51288482e-02  4.84379213e-01  1.51288482e-02  3.11543623e-01  1.51288482e-02 -3.59548476e-01 
 1.51338482e-02  4.73537907e-01  1.51338482e-02  3.00899632e-01  1.51338482e-02 -3.75503537e-01 
 1.51388482e-02  4.63102290e-01  1.51388482e-02  2.90666945e-01  1.51388482e-02 -3.90813345e-01 
 1.51438482e-02  4.53081208e-01  1.51438482e-02  2.80854176e-01  1.51438482e-02 -4.05475931e-01 
 1.51488482e-02  4.43486325e-01  1.51488482e-02  2.71472748e-01  1.51488482e-02 -4.19464051e-01 
 1.51538482e-02  4.34325705e-01  1.51538482e-02  2.62530479e-01  1.51538482e-02 -4.32776520e-01 
 1.51588482e-02  4.25610119e-01  1.51588482e-02  2.54037893e-01  1.51588482e-02 -4.45387932e-01 
 1.51638482e-02  4.17346804e-01  1.51638482e-02  2.46001973e-01  1.51638482e-02 -4.57297961e-01 
 1.51688482e-02  4.09545603e-01  1.51688482e-02  2.38432302e-01  1.51688482e-02 -4.68483081e-01 
 1.51738482e-02  4.02212894e-01  1.51738482e-02  2.31334998e-01  1.51738482e-02 -4.78943886e-01 
 1.51788482e-02  3.95357561e-01  1.51788482e-02  2.24718676e-01  1.51788482e-02 -4.88658754e-01 
 1.51838482e-02  3.88985088e-01  1.51838482e-02  2.18588552e-01  1.51838482e-02 -4.97629270e-01 
 1.51888482e-02  3.83103369e-01  1.51888482e-02  2.12952247e-01  1.51888482e-02 -5.05835736e-01 
 1.51938482e-02  3.77716971e-01  1.51938482e-02  2.07814052e-01  1.51938482e-02 -5.13280774e-01 
 1.51988482e-02  3.72832773e-01  1.51988482e-02  2.03180567e-01  1.51988482e-02 -5.19946635e-01 
 1.52038482e-02  3.68454395e-01  1.52038482e-02  1.99055132e-01  1.52038482e-02 -5.25837033e-01 
 1.52088482e-02  3.64587686e-01  1.52088482e-02  1.95443310e-01  1.52088482e-02 -5.30936168e-01 
 1.52138482e-02  3.61235298e-01  1.52138482e-02  1.92347472e-01  1.52138482e-02 -5.35248891e-01 
 1.52188482e-02  3.58402030e-01  1.52188482e-02  1.89772126e-01  1.52188482e-02 -5.38761366e-01 
 1.52238482e-02  3.56089551e-01  1.52238482e-02  1.87718656e-01  1.52238482e-02 -5.41479610e-01 
 1.52288482e-02  3.54301598e-01  1.52288482e-02  1.86190507e-01  1.52288482e-02 -5.43391748e-01 
 1.52338482e-02  3.53038844e-01  1.52338482e-02  1.85188064e-01  1.52338482e-02 -5.44504998e-01 
 1.52388482e-02  3.52303952e-01  1.52388482e-02  1.84713700e-01  1.52388482e-02 -5.44809443e-01 
 1.52438482e-02  3.52096595e-01  1.52438482e-02  1.84766796e-01  1.52438482e-02 -5.44313518e-01 
 1.52488482e-02  3.52418358e-01  1.52488482e-02  1.85348647e-01  1.52488482e-02 -5.43009256e-01 
 1.52538482e-02  3.53267903e-01  1.52538482e-02  1.86457625e-01  1.52538482e-02 -5.40906327e-01 
 1.52588482e-02  3.54645741e-01  1.52588482e-02  1.88093952e-01  1.52588482e-02 -5.37998694e-01 
 1.52638482e-02  3.56549525e-01  1.52638482e-02  1.90254991e-01  1.52638482e-02 -5.34297270e-01 
 1.52688482e-02  3.58978692e-01  1.52688482e-02  1.92939892e-01  1.52688482e-02 -5.29797930e-01 
 1.52738482e-02  3.61929889e-01  1.52738482e-02  1.96145018e-01  1.52738482e-02 -5.24512832e-01 
 1.52788482e-02  3.65401489e-01  1.52788482e-02  1.99868456e-01  1.52788482e-02 -5.18439730e-01 
 1.52838482e-02  3.69389139e-01  1.52838482e-02  2.04105574e-01  1.52838482e-02 -5.11592024e-01 
 1.52888482e-02  3.73890160e-01  1.52888482e-02  2.08853410e-01  1.52888482e-02 -5.03969319e-01 
 1.52938482e-02  3.78899215e-01  1.52938482e-02  2.14106352e-01  1.52938482e-02 -4.95586240e-01 
 1.52988482e-02  3.84412585e-01  1.52988482e-02  2.19860407e-01  1.52988482e-02 -4.86444204e-01 
 1.53038482e-02  3.90423962e-01  1.53038482e-02  2.26108996e-01  1.53038482e-02 -4.76559047e-01 
 1.53088482e-02  3.96928611e-01  1.53088482e-02  2.32847117e-01  1.53088482e-02 -4.65933948e-01 
 1.53138482e-02  4.03919274e-01  1.53138482e-02  2.40067248e-01  1.53138482e-02 -4.54585931e-01 
 1.53188482e-02  4.11390221e-01  1.53188482e-02  2.47763399e-01  1.53188482e-02 -4.42519894e-01 
 1.53238482e-02  4.19333268e-01  1.53238482e-02  2.55927132e-01  1.53238482e-02 -4.29754012e-01 
 1.53288482e-02  4.27741717e-01  1.53288482e-02  2.64551497e-01  1.53288482e-02 -4.16294844e-01 
 1.53338482e-02  4.36606487e-01  1.53338482e-02  2.73627168e-01  1.53338482e-02 -4.02161686e-01 
 1.53388482e-02  4.45919943e-01  1.53388482e-02  2.83146267e-01  1.53388482e-02 -3.87362695e-01 
 1.53438482e-02  4.55672138e-01  1.53438482e-02  2.93098612e-01  1.53438482e-02 -3.71918243e-01 
 1.53488482e-02  4.65854533e-01  1.53488482e-02  3.03475434e-01  1.53488482e-02 -3.55838025e-01 
 1.53538482e-02  4.76456351e-01  1.53538482e-02  3.14265730e-01  1.53538482e-02 -3.39143440e-01 
 1.53588482e-02  4.87468189e-01  1.53588482e-02  3.25459879e-01  1.53588482e-02 -3.21845646e-01 
 1.53638482e-02  4.98878475e-01  1.53638482e-02  3.37046096e-01  1.53638482e-02 -3.03967017e-01 
 1.53688482e-02  5.10676986e-01  1.53688482e-02  3.49013951e-01  1.53688482e-02 -2.85520105e-01 
 1.53738482e-02  5.22851395e-01  1.53738482e-02  3.61350917e-01  1.53738482e-02 -2.66528198e-01 
 1.53788482e-02  5.35390703e-01  1.53788482e-02  3.74045802e-01  1.53788482e-02 -2.47005159e-01 
 1.53838482e-02  5.48281874e-01  1.53838482e-02  3.87085384e-01  1.53838482e-02 -2.26975130e-01 
 1.53888482e-02  5.61513178e-01  1.53888482e-02  4.00457753e-01  1.53888482e-02 -2.06453206e-01 
 1.53938482e-02  5.75070922e-01  1.53938482e-02  4.14149044e-01  1.53938482e-02 -1.85464308e-01 
 1.53988482e-02  5.88942693e-01  1.53988482e-02  4.28146680e-01  1.53988482e-02 -1.64024678e-01 
 1.54038482e-02  6.03114188e-01  1.54038482e-02  4.42436200e-01  1.54038482e-02 -1.42159950e-01 
 1.54088482e-02  6.17572367e-01  1.54088482e-02  4.57004416e-01  1.54088482e-02 -1.19887419e-01 
 1.54138482e-02  6.32302369e-01  1.54138482e-02  4.71836326e-01  1.54138482e-02 -9.72333535e-02 
 1.54188482e-02  6.47290583e-01  1.54188482e-02  4.86918183e-01  1.54188482e-02 -7.42160110e-02 
 1.54238482e-02  6.62521645e-01  1.54238482e-02  5.02234502e-01  1.54238482e-02 -5.08622171e-02 
 1.54288482e-02  6.77981428e-01  1.54288482e-02  5.17771036e-01  1.54288482e-02 -2.71910930e-02 
 1.54338482e-02  6.93654125e-01  1.54338482e-02  5.33511871e-01  1.54338482e-02 -3.22993919e-03 
 1.54388482e-02  7.09525151e-01  1.54388482e-02  5.49442322e-01  1.54388482e-02  2.10013551e-02 
 1.54438482e-02  7.25578314e-01  1.54438482e-02  5.65546106e-01  1.54438482e-02  4.54751032e-02 
 1.54488482e-02  7.41798634e-01  1.54488482e-02  5.81808159e-01  1.54488482e-02  7.01707477e-02 
 1.54538482e-02  7.58169592e-01  1.54538482e-02  5.98211890e-01  1.54538482e-02  9.50603012e-02 
 1.54588482e-02  7.74675876e-01  1.54588482e-02  6.14741923e-01  1.54588482e-02  1.20122642e-01 
 1.54638482e-02  7.91300705e-01  1.54638482e-02  6.31381419e-01  1.54638482e-02  1.45329572e-01 
 1.54688482e-02  8.08028497e-01  1.54688482e-02  6.48114749e-01  1.54688482e-02  1.70659508e-01 
 1.54738482e-02  8.24842269e-01  1.54738482e-02  6.64924895e-01  1.54738482e-02  1.96084134e-01 
 1.54788482e-02  8.41726237e-01  1.54788482e-02  6.81796040e-01  1.54788482e-02  2.21581509e-01 
 1.54838482e-02  8.58663281e-01  1.54838482e-02  6.98711047e-01  1.54838482e-02  2.47123291e-01 
 1.54888482e-02  8.75637475e-01  1.54888482e-02  7.15653980e-01  1.54888482e-02  2.72687286e-01 
 1.54938482e-02  8.92631630e-01  1.54938482e-02  7.32607647e-01  1.54938482e-02  2.98245223e-01 
 1.54988482e-02  9.09629748e-01  1.54988482e-02  7.49556056e-01  1.54988482e-02  3.23774758e-01 
 1.55038482e-02  9.26614629e-01  1.55038482e-02  7.66482028e-01  1.55038482e-02  3.49247784e-01 
 1.55088482e-02  9.43570269e-01  1.55088482e-02  7.83369582e-01  1.55088482e-02  3.74641915e-01 
 1.55138482e-02  9.60479529e-01  1.55138482e-02  8.00201615e-01  1.55138482e-02  3.99929301e-01 
 1.55188482e-02  9.77326460e-01  1.55188482e-02  8.16962221e-01  1.55188482e-02  4.25087617e-01 
 1.55238482e-02  9.94094046e-01  1.55238482e-02  8.33634438e-01  1.55238482e-02  4.50089365e-01 
 1.55288482e-02  1.01076646e+00  1.55288482e-02  8.50202505e-01  1.55288482e-02  4.74912387e-01 
 1.55338482e-02  1.02732689e+00  1.55338482e-02  8.66649664e-01  1.55338482e-02  4.99533082e-01 
 1.55388482e-02  1.04375968e+00  1.55388482e-02  8.82960360e-01  1.55388482e-02  5.23959172e-01 
 1.55438482e-02  1.06004826e+00  1.55438482e-02  8.99118106e-01  1.55438482e-02  5.48058217e-01 
 1.55488482e-02  1.07617726e+00  1.55488482e-02  9.15107615e-01  1.55488482e-02  5.71953348e-01 
 1.55538482e-02  1.09213040e+00  1.55538482e-02  9.30912733e-01  1.55538482e-02  5.95476048e-01 
 1.55588482e-02  1.10789263e+00  1.55588482e-02  9.46518507e-01  1.55588482e-02  6.18745895e-01 
 1.55638482e-02  1.12344805e+00  1.55638482e-02  9.61909176e-01  1.55638482e-02  6.41599054e-01 
 1.55688482e-02  1.13878199e+00  1.55688482e-02  9.77070181e-01  1.55688482e-02  6.64151755e-01 
 1.55738482e-02  1.15387899e+00  1.55738482e-02  9.91986213e-01  1.55738482e-02  6.86244822e-01 
 1.55788482e-02  1.16872480e+00  1.55788482e-02  1.00664317e+00  1.55788482e-02  7.07991341e-01 
 1.55838482e-02  1.18330447e+00  1.55838482e-02  1.02102625e+00  1.55838482e-02  7.29236771e-01 
 1.55888482e-02  1.19760425e+00  1.55888482e-02  1.03512187e+00  1.55888482e-02  7.50091248e-01 
 1.55938482e-02  1.21160974e+00  1.55938482e-02  1.04891580e+00  1.55938482e-02  7.70404845e-01 
 1.55988482e-02  1.22530774e+00  1.55988482e-02  1.06239501e+00  1.55988482e-02  7.90284939e-01 
 1.56038482e-02  1.23868445e+00  1.56038482e-02  1.07554589e+00  1.56038482e-02  8.09586189e-01 
 1.56088482e-02  1.25172728e+00  1.56088482e-02  1.08835604e+00  1.56088482e-02  8.28413396e-01 
 1.56138482e-02  1.26442310e+00  1.56138482e-02  1.10081254e+00  1.56138482e-02  8.46625786e-01 
 1.56188482e-02  1.27675998e+00  1.56188482e-02  1.11290364e+00  1.56188482e-02  8.64325758e-01 
 1.56238482e-02  1.28872549e+00  1.56238482e-02  1.12461713e+00  1.56238482e-02  8.81377076e-01 
 1.56288482e-02  1.30030841e+00  1.56288482e-02  1.13594201e+00  1.56288482e-02  8.97879906e-01 
 1.56338482e-02  1.31149706e+00  1.56338482e-02  1.14686683e+00  1.56338482e-02  9.13702526e-01 
 1.56388482e-02  1.32228099e+00  1.56388482e-02  1.15738136e+00  1.56388482e-02  9.28943030e-01 
 1.56438482e-02  1.33264931e+00  1.56438482e-02  1.16747495e+00  1.56438482e-02  9.43474179e-01 
 1.56488482e-02  1.34259237e+00  1.56488482e-02  1.17713817e+00  1.56488482e-02  9.57392151e-01 
 1.56538482e-02  1.35210012e+00  1.56538482e-02  1.18636124e+00  1.56538482e-02  9.70574157e-01 
 1.56588482e-02  1.36116374e+00  1.56588482e-02  1.19513559e+00  1.56588482e-02  9.83114606e-01 
 1.56638482e-02  1.36977408e+00  1.56638482e-02  1.20345230e+00  1.56638482e-02  9.94895126e-01 
 1.56688482e-02  1.37792318e+00  1.56688482e-02  1.21130368e+00  1.56688482e-02  1.00600850e+00 
 1.56738482e-02  1.38560281e+00  1.56738482e-02  1.21868177e+00  1.56738482e-02  1.01634072e+00 
 1.56788482e-02  1.39280591e+00  1.56788482e-02  1.22557977e+00  1.56788482e-02  1.02598308e+00 
 1.56838482e-02  1.39952519e+00  1.56838482e-02  1.23199065e+00  1.56838482e-02  1.03482592e+00 
 1.56888482e-02  1.40576792e+00  1.56888482e-02  1.23792197e+00  1.56888482e-02  1.04297937e+00 
 1.56938482e-02  1.41148772e+00  1.56938482e-02  1.24332762e+00  1.56938482e-02  1.05027778e+00 
 1.56988482e-02  1.41673144e+00  1.56988482e-02  1.24825472e+00  1.56988482e-02  1.05688730e+00 
 1.57038482e-02  1.42144333e+00  1.57038482e-02  1.25264782e+00  1.57038482e-02  1.06263280e+00 
 1.57088482e-02  1.42566919e+00  1.57088482e-02  1.25655297e+00  1.57088482e-02  1.06767404e+00 
 1.57138482e-02  1.42935520e+00  1.57138482e-02  1.25991668e+00  1.57138482e-02  1.07184354e+00 
 1.57188482e-02  1.43254724e+00  1.57188482e-02  1.26278509e+00  1.57188482e-02  1.07529662e+00 
 1.57238482e-02  1.43519345e+00  1.57238482e-02  1.26510663e+00  1.57238482e-02  1.07787328e+00 
 1.57288482e-02  1.43733982e+00  1.57288482e-02  1.26692757e+00  1.57288482e-02  1.07972457e+00 
 1.57338482e-02  1.43893641e+00  1.57338482e-02  1.26819828e+00  1.57338482e-02  1.08069782e+00 
 1.57388482e-02  1.44002936e+00  1.57388482e-02  1.26896518e+00  1.57388482e-02  1.08094004e+00 
 1.57438482e-02  1.44057065e+00  1.57438482e-02  1.26918056e+00  1.57438482e-02  1.08030566e+00 
 1.57488482e-02  1.44060659e+00  1.57488482e-02  1.26889098e+00  1.57488482e-02  1.07893784e+00 
 1.57538482e-02  1.44009109e+00  1.57538482e-02  1.26805067e+00  1.57538482e-02  1.07669797e+00 
 1.57588482e-02  1.43907062e+00  1.57588482e-02  1.26670637e+00  1.57588482e-02  1.07372549e+00 
 1.57638482e-02  1.43750097e+00  1.57638482e-02  1.26481420e+00  1.57638482e-02  1.06988858e+00 
 1.57688482e-02  1.43542884e+00  1.57688482e-02  1.26242109e+00  1.57688482e-02  1.06532318e+00 
 1.57738482e-02  1.43281188e+00  1.57738482e-02  1.25948502e+00  1.57738482e-02  1.05990403e+00 
 1.57788482e-02  1.42969698e+00  1.57788482e-02  1.25605314e+00  1.57788482e-02  1.05376368e+00 
 1.57838482e-02  1.42604367e+00  1.57838482e-02  1.25208527e+00  1.57838482e-02  1.04678332e+00 
 1.57888482e-02  1.42189902e+00  1.57888482e-02  1.24762876e+00  1.57888482e-02  1.03909224e+00 
 1.57938482e-02  1.41722440e+00  1.57938482e-02  1.24264526e+00  1.57938482e-02  1.03057785e+00 
 1.57988482e-02  1.41206709e+00  1.57988482e-02  1.23718231e+00  1.57988482e-02  1.02136637e+00 
 1.58038482e-02  1.40639024e+00  1.58038482e-02  1.23120336e+00  1.58038482e-02  1.01135123e+00 
 1.58088482e-02  1.40024134e+00  1.58088482e-02  1.22475613e+00  1.58088482e-02  1.00065565e+00 
 1.58138482e-02  1.39360017e+00  1.58138482e-02  1.21782067e+00  1.58138482e-02  9.89201400e-01 
 1.58188482e-02  1.38647166e+00  1.58188482e-02  1.21040219e+00  1.58188482e-02  9.77044512e-01 
 1.58238482e-02  1.37887732e+00  1.58238482e-02  1.20252245e+00  1.58238482e-02  9.64171741e-01 
 1.58288482e-02  1.37081128e+00  1.58288482e-02  1.19417582e+00  1.58288482e-02  9.50621746e-01 
 1.58338482e-02  1.36229500e+00  1.58338482e-02  1.18538403e+00  1.58338482e-02  9.36381920e-01 
 1.58388482e-02  1.35332392e+00  1.58388482e-02  1.17614273e+00  1.58388482e-02  9.21492116e-01 
 1.58438482e-02  1.34392002e+00  1.58438482e-02  1.16647415e+00  1.58438482e-02  9.05941231e-01 
 1.58488482e-02  1.33407996e+00  1.58488482e-02  1.15637518e+00  1.58488482e-02  8.89770220e-01 
 1.58538482e-02  1.32382623e+00  1.58538482e-02  1.14586854e+00  1.58538482e-02  8.72969425e-01 
 1.58588482e-02  1.31315669e+00  1.58588482e-02  1.13495230e+00  1.58588482e-02  8.55580865e-01 
 1.58638482e-02  1.30209430e+00  1.58638482e-02  1.12364964e+00  1.58638482e-02  8.37596263e-01 
 1.58688482e-02  1.29063804e+00  1.58688482e-02  1.11195975e+00  1.58688482e-02  8.19058604e-01 
 1.58738482e-02  1.27881133e+00  1.58738482e-02  1.09990623e+00  1.58738482e-02  7.99960958e-01 
 1.58788482e-02  1.26661424e+00  1.58788482e-02  1.08748937e+00  1.58788482e-02  7.80347205e-01 
 1.58838482e-02  1.25407057e+00  1.58838482e-02  1.07473313e+00  1.58838482e-02  7.60211672e-01 
 1.58888482e-02  1.24118143e+00  1.58888482e-02  1.06163883e+00  1.58888482e-02  7.39599057e-01 
 1.58938482e-02  1.22797100e+00  1.58938482e-02  1.04823079e+00  1.58938482e-02  7.18504899e-01 
 1.58988482e-02  1.21444135e+00  1.58988482e-02  1.03451127e+00  1.58988482e-02  6.96974611e-01 
 1.59038482e-02  1.20061698e+00  1.59038482e-02  1.02050490e+00  1.59038482e-02  6.75004857e-01 
 1.59088482e-02  1.18650087e+00  1.59088482e-02  1.00621484e+00  1.59088482e-02  6.52641703e-01 
 1.59138482e-02  1.17211780e+00  1.59138482e-02  9.91665998e-01  1.59138482e-02  6.29882857e-01 
 1.59188482e-02  1.15747161e+00  1.59188482e-02  9.76862340e-01  1.59188482e-02  6.06774922e-01 
 1.59238482e-02  1.14258730e+00  1.59238482e-02  9.61828991e-01  1.59238482e-02  5.83316589e-01 
 1.59288482e-02  1.12746948e+00  1.59288482e-02  9.46570700e-01  1.59288482e-02  5.59554914e-01 
 1.59338482e-02  1.11214335e+00  1.59338482e-02  9.31112744e-01  1.59338482e-02  5.35489464e-01 
 1.59388482e-02  1.09661424e+00  1.59388482e-02  9.15460574e-01  1.59388482e-02  5.11167652e-01 
 1.59438482e-02  1.08090746e+00  1.59438482e-02  8.99639583e-01  1.59438482e-02  4.86589856e-01 
 1.59488482e-02  1.06502900e+00  1.59488482e-02  8.83655851e-01  1.59488482e-02  4.61803736e-01 
 1.59538482e-02  1.04900424e+00  1.59538482e-02  8.67534822e-01  1.59538482e-02  4.36848126e-01 
 1.59588482e-02  1.03283976e+00  1.59588482e-02  8.51283147e-01  1.59588482e-02  4.11664329e-01 
 1.59638482e-02  1.01656095e+00  1.59638482e-02  8.34926272e-01  1.59638482e-02  3.86384708e-01 
 1.59688482e-02  1.00017491e+00  1.59688482e-02  8.18471332e-01  1.59688482e-02  3.60934357e-01 
 1.59738482e-02  9.83706979e-01  1.59738482e-02  8.01943723e-01  1.59738482e-02  3.35436213e-01 
 1.59788482e-02  9.67164698e-01  1.59788482e-02  7.85351005e-01  1.59788482e-02  3.09819437e-01 
 1.59838482e-02  9.50573324e-01  1.59838482e-02  7.68718452e-01  1.59838482e-02  2.84203345e-01 
 1.59888482e-02  9.33940752e-01  1.59888482e-02  7.52053976e-01  1.59888482e-02  2.58520919e-01 
 1.59938482e-02  9.17292095e-01  1.59938482e-02  7.35382685e-01  1.59938482e-02  2.32887918e-01 
 1.59988482e-02  9.00635539e-01  1.59988482e-02  7.18712764e-01  1.59988482e-02  2.07240896e-01 
 1.60038482e-02  8.83995981e-01  1.60038482e-02  7.02069088e-01  1.60038482e-02  1.81692076e-01 
 1.60088482e-02  8.67381838e-01  1.60088482e-02  6.85460051e-01  1.60088482e-02  1.56181370e-01 
 1.60138482e-02  8.50817735e-01  1.60138482e-02  6.68910240e-01  1.60138482e-02  1.30817499e-01 
 1.60188482e-02  8.34312233e-01  1.60188482e-02  6.52428177e-01  1.60188482e-02  1.05543485e-01 
 1.60238482e-02  8.17889634e-01  1.60238482e-02  6.36038105e-01  1.60238482e-02  8.04645843e-02 
 1.60288482e-02  8.01558580e-01  1.60288482e-02  6.19748609e-01  1.60288482e-02  5.55267191e-02 
 1.60338482e-02  7.85342977e-01  1.60338482e-02  6.03583521e-01  1.60338482e-02  3.08316880e-02 
 1.60388482e-02  7.69251480e-01  1.60388482e-02  5.87551419e-01  1.60388482e-02  6.32809307e-03 
 1.60438482e-02  7.53307552e-01  1.60438482e-02  5.71675675e-01  1.60438482e-02 -1.78856879e-02 
 1.60488482e-02  7.37519783e-01  1.60488482e-02  5.55964784e-01  1.60488482e-02 -4.18585894e-02 
 1.60538482e-02  7.21911130e-01  1.60538482e-02  5.40441594e-01  1.60538482e-02 -6.54956488e-02 
 1.60588482e-02  7.06490058e-01  1.60588482e-02  5.25114461e-01  1.60588482e-02 -8.88435308e-02 
 1.60638482e-02  6.91278962e-01  1.60638482e-02  5.10005653e-01  1.60638482e-02 -1.11810667e-01 
 1.60688482e-02  6.76286107e-01  1.60688482e-02  4.95123309e-01  1.60688482e-02 -1.34441666e-01 
 1.60738482e-02  6.61533276e-01  1.60738482e-02  4.80489067e-01  1.60738482e-02 -1.56648335e-01 
 1.60788482e-02  6.47028474e-01  1.60788482e-02  4.66110792e-01  1.60788482e-02 -1.78473406e-01 
 1.60838482e-02  6.32792810e-01  1.60838482e-02  4.52009433e-01  1.60838482e-02 -1.99832062e-01 
 1.60888482e-02  6.18833964e-01  1.60888482e-02  4.38192513e-01  1.60888482e-02 -2.20765347e-01 
 1.60938482e-02  6.05172327e-01  1.60938482e-02  4.24680248e-01  1.60938482e-02 -2.41191795e-01 
 1.60988482e-02  5.91815191e-01  1.60988482e-02  4.11479758e-01  1.60988482e-02 -2.61150944e-01 
 1.61038482e-02  5.78782172e-01  1.61038482e-02  3.98610471e-01  1.61038482e-02 -2.80564673e-01 
 1.61088482e-02  5.66080122e-01  1.61088482e-02  3.86079050e-01  1.61088482e-02 -2.99471182e-01 
 1.61138482e-02  5.53727837e-01  1.61138482e-02  3.73904092e-01  1.61138482e-02 -3.17795678e-01 
 1.61188482e-02  5.41731664e-01  1.61188482e-02  3.62091741e-01  1.61188482e-02 -3.35575191e-01 
 1.61238482e-02  5.30109536e-01  1.61238482e-02  3.50659717e-01  1.61238482e-02 -3.52738246e-01 
 1.61288482e-02  5.18867247e-01  1.61288482e-02  3.39613600e-01  1.61288482e-02 -3.69320851e-01 
 1.61338482e-02  5.08021820e-01  1.61338482e-02  3.28970187e-01  1.61338482e-02 -3.85254838e-01 
 1.61388482e-02  4.97578444e-01  1.61388482e-02  3.18734441e-01  1.61388482e-02 -4.00575350e-01 
 1.61438482e-02  4.87553196e-01  1.61438482e-02  3.08922202e-01  1.61438482e-02 -4.15217496e-01 
 1.61488482e-02  4.77950612e-01  1.61488482e-02  2.99537769e-01  1.61488482e-02 -4.29215699e-01 
 1.61538482e-02  4.68785783e-01  1.61538482e-02  2.90595985e-01  1.61538482e-02 -4.42508338e-01 
 1.61588482e-02  4.60062549e-01  1.61588482e-02  2.82100445e-01  1.61588482e-02 -4.55129237e-01 
 1.61638482e-02  4.51794984e-01  1.61638482e-02  2.74064966e-01  1.61638482e-02 -4.67020023e-01 
 1.61688482e-02  4.43986189e-01  1.61688482e-02  2.66492392e-01  1.61688482e-02 -4.78214055e-01 
 1.61738482e-02  4.36649190e-01  1.61738482e-02  2.59395485e-01  1.61738482e-02 -4.88656184e-01 
 1.61788482e-02  4.29786314e-01  1.61788482e-02  2.52776309e-01  1.61788482e-02 -4.98379412e-01 
 1.61838482e-02  4.23409512e-01  1.61838482e-02  2.46646542e-01  1.61838482e-02 -5.07331793e-01 
 1.61888482e-02  4.17520301e-01  1.61888482e-02  2.41007431e-01  1.61888482e-02 -5.15546088e-01 
 1.61938482e-02  4.12129535e-01  1.61938482e-02  2.35869550e-01  1.61938482e-02 -5.22973516e-01 
 1.61988482e-02  4.07237896e-01  1.61988482e-02  2.31233307e-01  1.61988482e-02 -5.29646695e-01 
 1.62038482e-02  4.02855113e-01  1.62038482e-02  2.27108147e-01  1.62038482e-02 -5.35519984e-01 
 1.62088482e-02  3.98981010e-01  1.62088482e-02  2.23493613e-01  1.62088482e-02 -5.40625947e-01 
 1.62138482e-02  3.95624183e-01  1.62138482e-02  2.20398012e-01  1.62138482e-02 -5.44922045e-01 
 1.62188482e-02  3.92783569e-01  1.62188482e-02  2.17819997e-01  1.62188482e-02 -5.48440875e-01 
 1.62238482e-02  3.90466615e-01  1.62238482e-02  2.15766727e-01  1.62238482e-02 -5.51142959e-01 
 1.62288482e-02  3.88671362e-01  1.62288482e-02  2.14235953e-01  1.62288482e-02 -5.53061000e-01 
 1.62338482e-02  3.87404100e-01  1.62338482e-02  2.13233675e-01  1.62338482e-02 -5.54158536e-01 
 1.62388482e-02  3.86661953e-01  1.62388482e-02  2.12756727e-01  1.62388482e-02 -5.54468447e-01 
 1.62438482e-02  3.86450056e-01  1.62438482e-02  2.12809952e-01  1.62438482e-02 -5.53957240e-01 
 1.62488482e-02  3.86764608e-01  1.62488482e-02  2.13389262e-01  1.62488482e-02 -5.52658023e-01 
 1.62538482e-02  3.87609582e-01  1.62538482e-02  2.14498335e-01  1.62538482e-02 -5.50540225e-01 
 1.62588482e-02  3.88980251e-01  1.62588482e-02  2.16132159e-01  1.62588482e-02 -5.47637235e-01 
 1.62638482e-02  3.90879435e-01  1.62638482e-02  2.18293262e-01  1.62638482e-02 -5.43921340e-01 
 1.62688482e-02  3.93301474e-01  1.62688482e-02  2.20975700e-01  1.62688482e-02 -5.39426254e-01 
 1.62738482e-02  3.96248041e-01  1.62738482e-02  2.24180857e-01  1.62738482e-02 -5.34127068e-01 
 1.62788482e-02  3.99712554e-01  1.62788482e-02  2.27901870e-01  1.62788482e-02 -5.28057848e-01 
 1.62838482e-02  4.03695547e-01  1.62838482e-02  2.32138988e-01  1.62838482e-02 -5.21196421e-01 
 1.62888482e-02  4.08189521e-01  1.62888482e-02  2.36884435e-01  1.62888482e-02 -5.13577240e-01 
 1.62938482e-02  4.13193890e-01  1.62938482e-02  2.42137348e-01  1.62938482e-02 -5.05180795e-01 
 1.62988482e-02  4.18700252e-01  1.62988482e-02  2.47889050e-01  1.62988482e-02 -4.96041937e-01 
 1.63038482e-02  4.24706918e-01  1.63038482e-02  2.54137581e-01  1.63038482e-02 -4.86143753e-01 
 1.63088482e-02  4.31204596e-01  1.63088482e-02  2.60873384e-01  1.63088482e-02 -4.75521503e-01 
 1.63138482e-02  4.38190523e-01  1.63138482e-02  2.68093429e-01  1.63138482e-02 -4.64160786e-01 
 1.63188482e-02  4.45654536e-01  1.63188482e-02  2.75787297e-01  1.63188482e-02 -4.52097279e-01 
 1.63238482e-02  4.53592821e-01  1.63238482e-02  2.83950916e-01  1.63238482e-02 -4.39319012e-01 
 1.63288482e-02  4.61994374e-01  1.63288482e-02  2.92573031e-01  1.63288482e-02 -4.25862069e-01 
 1.63338482e-02  4.70854359e-01  1.63338482e-02  3.01648561e-01  1.63338482e-02 -4.11716827e-01 
 1.63388482e-02  4.80160953e-01  1.63388482e-02  3.11165443e-01  1.63388482e-02 -3.96919767e-01 
 1.63438482e-02  4.89908339e-01  1.63438482e-02  3.21117622e-01  1.63438482e-02 -3.81463524e-01 
 1.63488482e-02  5.00083907e-01  1.63488482e-02  3.31492259e-01  1.63488482e-02 -3.65384954e-01 
 1.63538482e-02  5.10680894e-01  1.63538482e-02  3.42282363e-01  1.63538482e-02 -3.48678855e-01 
 1.63588482e-02  5.21685939e-01  1.63588482e-02  3.53474358e-01  1.63588482e-02 -3.31382439e-01 
 1.63638482e-02  5.33091374e-01  1.63638482e-02  3.65060360e-01  1.63638482e-02 -3.13492565e-01 
 1.63688482e-02  5.44883124e-01  1.63688482e-02  3.77026090e-01  1.63688482e-02 -2.95046770e-01 
 1.63738482e-02  5.57052660e-01  1.63738482e-02  3.89362818e-01  1.63738482e-02 -2.76043877e-01 
 1.63788482e-02  5.69585239e-01  1.63788482e-02  4.02055607e-01  1.63788482e-02 -2.56521705e-01 
 1.63838482e-02  5.82471519e-01  1.63838482e-02  4.15094929e-01  1.63838482e-02 -2.36480938e-01 
 1.63888482e-02  5.95696125e-01  1.63888482e-02  4.28465231e-01  1.63888482e-02 -2.15959639e-01 
 1.63938482e-02  6.09248958e-01  1.63938482e-02  4.42156239e-01  1.63938482e-02 -1.94960243e-01 
 1.63988482e-02  6.23114062e-01  1.63988482e-02  4.56151836e-01  1.63988482e-02 -1.73521007e-01 
 1.64038482e-02  6.37280627e-01  1.64038482e-02  4.70441052e-01  1.64038482e-02 -1.51646010e-01 
 1.64088482e-02  6.51732169e-01  1.64088482e-02  4.85007256e-01  1.64088482e-02 -1.29373651e-01 
 1.64138482e-02  6.66457224e-01  1.64138482e-02  4.99838841e-01  1.64138482e-02 -1.06709536e-01 
 1.64188482e-02  6.81438830e-01  1.64188482e-02  5.14918714e-01  1.64188482e-02 -8.36921532e-02 
 1.64238482e-02  6.96664927e-01  1.64238482e-02  5.30234687e-01  1.64238482e-02 -6.03285221e-02 
 1.64288482e-02  7.12118132e-01  1.64288482e-02  5.45769263e-01  1.64288482e-02 -3.66571531e-02 
 1.64338482e-02  7.27785847e-01  1.64338482e-02  5.61509733e-01  1.64338482e-02 -1.26863653e-02 
 1.64388482e-02  7.43650323e-01  1.64388482e-02  5.77438251e-01  1.64388482e-02  1.15453706e-02 
 1.64438482e-02  7.59698487e-01  1.64438482e-02  5.93541651e-01  1.64438482e-02  3.60285565e-02 
 1.64488482e-02  7.75912284e-01  1.64488482e-02  6.09801795e-01  1.64488482e-02  6.07248315e-02 
 1.64538482e-02  7.92278229e-01  1.64538482e-02  6.26205126e-01  1.64538482e-02  8.56236351e-02 
 1.64588482e-02  8.08778017e-01  1.64588482e-02  6.42733273e-01  1.64588482e-02  1.10686787e-01 
 1.64638482e-02  8.25397818e-01  1.64638482e-02  6.59372350e-01  1.64638482e-02  1.35902787e-01 
 1.64688482e-02  8.42119140e-01  1.64688482e-02  6.76103819e-01  1.64688482e-02  1.61233708e-01 
 1.64738482e-02  8.58927870e-01  1.64738482e-02  6.92913528e-01  1.64738482e-02  1.86667230e-01 
 1.64788482e-02  8.75805393e-01  1.64788482e-02  7.09782835e-01  1.64788482e-02  2.12165757e-01 
 1.64838482e-02  8.92737381e-01  1.64838482e-02  7.26697390e-01  1.64838482e-02  2.37716268e-01 
 1.64888482e-02  9.09705156e-01  1.64888482e-02  7.43638506e-01  1.64888482e-02  2.63281576e-01 
 1.64938482e-02  9.26694242e-01  1.64938482e-02  7.60591704e-01  1.64938482e-02  2.88848081e-01 
 1.64988482e-02  9.43685965e-01  1.64988482e-02  7.77538319e-01  1.64988482e-02  3.14379083e-01 
 1.65038482e-02  9.60665765e-01  1.65038482e-02  7.94463807e-01  1.65038482e-02  3.39860523e-01 
 1.65088482e-02  9.77615034e-01  1.65088482e-02  8.11349588e-01  1.65088482e-02  3.65256268e-01 
 1.65138482e-02  9.94519199e-01  1.65138482e-02  8.28181121e-01  1.65138482e-02  3.90551920e-01 
 1.65188482e-02  1.01135978e+00  1.65188482e-02  8.44939975e-01  1.65188482e-02  4.15711992e-01 
 1.65238482e-02  1.02812226e+00  1.65238482e-02  8.61611679e-01  1.65238482e-02  4.40721864e-01 
 1.65288482e-02  1.04478836e+00  1.65288482e-02  8.78178013e-01  1.65288482e-02  4.65546778e-01 
 1.65338482e-02  1.06134366e+00  1.65338482e-02  8.94624645e-01  1.65338482e-02  4.90209005e-01 
 1.65388482e-02  1.07777015e+00  1.65388482e-02  9.10933628e-01  1.65388482e-02  5.14570563e-01 
 1.65438482e-02  1.09405361e+00  1.65438482e-02  9.27090832e-01  1.65438482e-02  5.38743092e-01 
 1.65488482e-02  1.11017632e+00  1.65488482e-02  9.43078648e-01  1.65488482e-02  5.62575655e-01 
 1.65538482e-02  1.12612433e+00  1.65538482e-02  9.58883212e-01  1.65538482e-02  5.86169902e-01 
 1.65588482e-02  1.14188030e+00  1.65588482e-02  9.74487312e-01  1.65588482e-02  6.09379087e-01 
 1.65638482e-02  1.15743058e+00  1.65638482e-02  9.89877413e-01  1.65638482e-02  6.32301909e-01 
 1.65688482e-02  1.17275828e+00  1.65688482e-02  1.00503676e+00  1.65688482e-02  6.54795801e-01 
 1.65738482e-02  1.18785012e+00  1.65738482e-02  1.01995222e+00  1.65738482e-02  6.76956702e-01 
 1.65788482e-02  1.20268971e+00  1.65788482e-02  1.03460753e+00  1.65788482e-02  6.98646211e-01 
 1.65838482e-02  1.21726422e+00  1.65838482e-02  1.04899003e+00  1.65838482e-02  7.19957697e-01 
 1.65888482e-02  1.23155780e+00  1.65888482e-02  1.06308403e+00  1.65888482e-02  7.40756914e-01 
 1.65938482e-02  1.24555812e+00  1.65938482e-02  1.07687735e+00  1.65938482e-02  7.61134838e-01 
 1.65988482e-02  1.25924994e+00  1.65988482e-02  1.09035495e+00  1.65988482e-02  7.80961372e-01 
 1.66038482e-02  1.27262146e+00  1.66038482e-02  1.10350522e+00  1.66038482e-02  8.00325270e-01 
 1.66088482e-02  1.28565814e+00  1.66088482e-02  1.11631379e+00  1.66088482e-02  8.19100569e-01 
 1.66138482e-02  1.29834877e+00  1.66138482e-02  1.12876966e+00  1.66138482e-02  8.37373975e-01 
 1.66188482e-02  1.31067951e+00  1.66188482e-02  1.14085918e+00  1.66188482e-02  8.55023644e-01 
 1.66238482e-02  1.32263982e+00  1.66238482e-02  1.15257204e+00  1.66238482e-02  8.72134391e-01 
 1.66288482e-02  1.33421662e+00  1.66288482e-02  1.16389537e+00  1.66288482e-02  8.88588479e-01 
 1.66338482e-02  1.34540007e+00  1.66338482e-02  1.17481955e+00  1.66338482e-02  9.04468986e-01 
 1.66388482e-02  1.35617790e+00  1.66388482e-02  1.18533253e+00  1.66388482e-02  9.19662263e-01 
 1.66438482e-02  1.36654101e+00  1.66438482e-02  1.19542547e+00  1.66438482e-02  9.34249802e-01 
 1.66488482e-02  1.37647798e+00  1.66488482e-02  1.20508717e+00  1.66488482e-02  9.48122019e-01 
 1.66538482e-02  1.38598051e+00  1.66538482e-02  1.21430958e+00  1.66538482e-02  9.61358960e-01 
 1.66588482e-02  1.39503807e+00  1.66588482e-02  1.22308241e+00  1.66588482e-02  9.73855085e-01 
 1.66638482e-02  1.40365166e+00  1.66638482e-02  1.23140692e+00  1.66638482e-02  9.85701936e-01 
 1.66688482e-02  1.41179678e+00  1.66688482e-02  1.23925887e+00  1.66688482e-02  9.96775657e-01 
 1.66738482e-02  1.41946806e+00  1.66738482e-02  1.24663315e+00  1.66738482e-02  1.00715516e+00 
 1.66788482e-02  1.42666713e+00  1.66788482e-02  1.25353166e+00  1.66788482e-02  1.01675901e+00 
 1.66838482e-02  1.43337809e+00  1.66838482e-02  1.25993878e+00  1.66838482e-02  1.02564797e+00 
 1.66888482e-02  1.43960336e+00  1.66888482e-02  1.26585718e+00  1.66888482e-02  1.03374378e+00 
 1.66938482e-02  1.44532816e+00  1.66938482e-02  1.27127238e+00  1.66938482e-02  1.04110701e+00 
 1.66988482e-02  1.45055574e+00  1.66988482e-02  1.27618788e+00  1.66988482e-02  1.04766260e+00 
 1.67038482e-02  1.45527244e+00  1.67038482e-02  1.28059033e+00  1.67038482e-02  1.05347093e+00 
 1.67088482e-02  1.45948234e+00  1.67088482e-02  1.28448407e+00  1.67088482e-02  1.05846016e+00 
 1.67138482e-02  1.46317298e+00  1.67138482e-02  1.28785695e+00  1.67138482e-02  1.06269061e+00 
 1.67188482e-02  1.46634927e+00  1.67188482e-02  1.29071414e+00  1.67188482e-02  1.06609355e+00 
 1.67238482e-02  1.46899992e+00  1.67238482e-02  1.29304465e+00  1.67238482e-02  1.06872929e+00 
 1.67288482e-02  1.47113073e+00  1.67288482e-02  1.29485457e+00  1.67288482e-02  1.07053228e+00 
 1.67338482e-02  1.47273158e+00  1.67338482e-02  1.29613408e+00  1.67338482e-02  1.07156283e+00 
 1.67388482e-02  1.47380915e+00  1.67388482e-02  1.29689014e+00  1.67388482e-02  1.07175848e+00 
 1.67438482e-02  1.47435454e+00  1.67438482e-02  1.29711413e+00  1.67438482e-02  1.07117967e+00 
 1.67488482e-02  1.47437530e+00  1.67488482e-02  1.29681390e+00  1.67488482e-02  1.06976700e+00 
 1.67538482e-02  1.47386371e+00  1.67538482e-02  1.29598203e+00  1.67538482e-02  1.06758100e+00 
 1.67588482e-02  1.47282823e+00  1.67588482e-02  1.29462725e+00  1.67588482e-02  1.06456532e+00 
 1.67638482e-02  1.47126233e+00  1.67638482e-02  1.29274335e+00  1.67638482e-02  1.06078067e+00 
 1.67688482e-02  1.46917537e+00  1.67688482e-02  1.29033994e+00  1.67688482e-02  1.05617367e+00 
 1.67738482e-02  1.46656199e+00  1.67738482e-02  1.28741197e+00  1.67738482e-02  1.05080517e+00 
 1.67788482e-02  1.46343244e+00  1.67788482e-02  1.28396996e+00  1.67788482e-02  1.04462479e+00 
 1.67838482e-02  1.45978254e+00  1.67838482e-02  1.28001002e+00  1.67838482e-02  1.03769355e+00 
 1.67888482e-02  1.45562342e+00  1.67888482e-02  1.27554356e+00  1.67888482e-02  1.02996394e+00 
 1.67938482e-02  1.45095205e+00  1.67938482e-02  1.27056782e+00  1.67938482e-02  1.02149720e+00 
 1.67988482e-02  1.44578044e+00  1.67988482e-02  1.26509509e+00  1.67988482e-02  1.01224864e+00 
 1.68038482e-02  1.44010668e+00  1.68038482e-02  1.25912374e+00  1.68038482e-02  1.00227969e+00 
 1.68088482e-02  1.43394364e+00  1.68088482e-02  1.25266688e+00  1.68088482e-02  9.91548445e-01 
 1.68138482e-02  1.42729054e+00  1.68138482e-02  1.24572402e+00  1.68138482e-02  9.80116541e-01 
 1.68188482e-02  1.42016107e+00  1.68188482e-02  1.23830909e+00  1.68188482e-02  9.67944737e-01 
 1.68238482e-02  1.41255552e+00  1.68238482e-02  1.23042266e+00  1.68238482e-02  9.55094865e-01 
 1.68288482e-02  1.40448841e+00  1.68288482e-02  1.22207947e+00  1.68288482e-02  9.41530311e-01 
 1.68338482e-02  1.39597045e+00  1.68338482e-02  1.21329049e+00  1.68338482e-02  9.27327229e-01 
 1.68388482e-02  1.38700042e+00  1.68388482e-02  1.20405474e+00  1.68388482e-02  9.12426778e-01 
 1.68438482e-02  1.37758446e+00  1.68438482e-02  1.19437861e+00  1.68438482e-02  8.96896268e-01 
 1.68488482e-02  1.36774529e+00  1.68488482e-02  1.18428503e+00  1.68488482e-02  8.80714779e-01 
 1.68538482e-02  1.35747970e+00  1.68538482e-02  1.17377103e+00  1.68538482e-02  8.63934210e-01 
 1.68588482e-02  1.34681086e+00  1.68588482e-02  1.16285999e+00  1.68588482e-02  8.46535313e-01 
 1.68638482e-02  1.33573679e+00  1.68638482e-02  1.15155014e+00  1.68638482e-02  8.28570767e-01 
 1.68688482e-02  1.32428108e+00  1.68688482e-02  1.13986529e+00  1.68688482e-02  8.10022956e-01 
 1.68738482e-02  1.31244285e+00  1.68738482e-02  1.12780476e+00  1.68738482e-02  7.90945187e-01 
 1.68788482e-02  1.30024614e+00  1.68788482e-02  1.11539276e+00  1.68788482e-02  7.71321433e-01 
 1.68838482e-02  1.28769113e+00  1.68838482e-02  1.10262968e+00  1.68838482e-02  7.51205622e-01 
 1.68888482e-02  1.27480222e+00  1.68888482e-02  1.08954009e+00  1.68888482e-02  7.30583179e-01 
 1.68938482e-02  1.26158061e+00  1.68938482e-02  1.07612536e+00  1.68938482e-02  7.09508550e-01 
 1.68988482e-02  1.24805103e+00  1.68988482e-02  1.06241040e+00  1.68988482e-02  6.87968611e-01 
 1.69038482e-02  1.23421565e+00  1.69038482e-02  1.04839751e+00  1.69038482e-02  6.66018225e-01 
 1.69088482e-02  1.22009946e+00  1.69088482e-02  1.03411185e+00  1.69088482e-02  6.43645577e-01 
 1.69138482e-02  1.20570553e+00  1.69138482e-02  1.01955663e+00  1.69138482e-02  6.20905915e-01 
 1.69188482e-02  1.19105912e+00  1.69188482e-02  1.00475723e+00  1.69188482e-02  5.97788677e-01 
 1.69238482e-02  1.17616410e+00  1.69238482e-02  9.89717658e-01  1.69238482e-02  5.74349345e-01 
 1.69288482e-02  1.16104592e+00  1.69288482e-02  9.74463477e-01  1.69288482e-02  5.50578528e-01 
 1.69338482e-02  1.14570924e+00  1.69338482e-02  9.58999450e-01  1.69338482e-02  5.26531910e-01 
 1.69388482e-02  1.13017963e+00  1.69388482e-02  9.43351255e-01  1.69388482e-02  5.02201139e-01 
 1.69438482e-02  1.11446244e+00  1.69438482e-02  9.27524326e-01  1.69438482e-02  4.77641978e-01 
 1.69488482e-02  1.09858335e+00  1.69488482e-02  9.11544434e-01  1.69488482e-02  4.52847079e-01 
 1.69538482e-02  1.08254833e+00  1.69538482e-02  8.95417614e-01  1.69538482e-02  4.27876444e-01 
 1.69588482e-02  1.06638308e+00  1.69588482e-02  8.79169641e-01  1.69588482e-02  4.02750385e-01 
 1.69638482e-02  1.05009415e+00  1.69638482e-02  8.62807105e-01  1.69638482e-02  3.77423807e-01 
 1.69688482e-02  1.03370722e+00  1.69688482e-02  8.46355749e-01  1.69688482e-02  3.52029173e-01 
 1.69738482e-02  1.01722929e+00  1.69738482e-02  8.29822609e-01  1.69738482e-02  3.26486061e-01 
 1.69788482e-02  1.00068600e+00  1.69788482e-02  8.13233342e-01  1.69788482e-02  3.00923030e-01 
 1.69838482e-02  9.84084766e-01  1.69838482e-02  7.96595391e-01  1.69838482e-02  2.75263897e-01 
 1.69888482e-02  9.67451071e-01  1.69888482e-02  7.79934250e-01  1.69888482e-02  2.49633338e-01 
 1.69938482e-02  9.50792671e-01  1.69938482e-02  7.63257677e-01  1.69938482e-02  2.23959127e-01 
 1.69988482e-02  9.34134877e-01  1.69988482e-02  7.46590973e-01  1.69988482e-02  1.98362158e-01 
 1.70038482e-02  9.17485708e-01  1.70038482e-02  7.29942143e-01  1.70038482e-02  1.72773916e-01 
 1.70088482e-02  9.00870211e-01  1.70088482e-02  7.13336205e-01  1.70088482e-02  1.47311507e-01 
 1.70138482e-02  8.84296611e-01  1.70138482e-02  6.96781353e-01  1.70138482e-02  1.21909917e-01 
 1.70188482e-02  8.67789656e-01  1.70188482e-02  6.80302285e-01  1.70188482e-02  9.66825301e-02 
 1.70238482e-02  8.51357677e-01  1.70238482e-02  6.63907286e-01  1.70238482e-02  7.15675546e-02 
 1.70288482e-02  8.35025057e-01  1.70288482e-02  6.47620671e-01  1.70288482e-02  4.66746868e-02 
 1.70338482e-02  8.18800193e-01  1.70338482e-02  6.31450771e-01  1.70338482e-02  2.19451699e-02 
 1.70388482e-02  8.02707033e-01  1.70388482e-02  6.15421449e-01  1.70388482e-02 -2.51497866e-03 
 1.70438482e-02  7.86753948e-01  1.70438482e-02  5.99540994e-01  1.70438482e-02 -2.67617319e-02 
 1.70488482e-02  7.70964416e-01  1.70488482e-02  5.83832781e-01  1.70488482e-02 -5.06926876e-02 
 1.70538482e-02  7.55346720e-01  1.70538482e-02  5.68304993e-01  1.70538482e-02 -7.43612435e-02 
 1.70588482e-02  7.39923785e-01  1.70588482e-02  5.52980435e-01  1.70588482e-02 -9.76686278e-02 
 1.70638482e-02  7.24703748e-01  1.70638482e-02  5.37867126e-01  1.70638482e-02 -1.20665857e-01 
 1.70688482e-02  7.09708944e-01  1.70688482e-02  5.22987267e-01  1.70688482e-02 -1.43257738e-01 
 1.70738482e-02  6.94947274e-01  1.70738482e-02  5.08348624e-01  1.70738482e-02 -1.65493141e-01 
 1.70788482e-02  6.80440426e-01  1.70788482e-02  4.93972736e-01  1.70788482e-02 -1.87280441e-01 
 1.70838482e-02  6.66196025e-01  1.70838482e-02  4.79867075e-01  1.70838482e-02 -2.08666521e-01 
 1.70888482e-02  6.52235050e-01  1.70888482e-02  4.66052454e-01  1.70888482e-02 -2.29563315e-01 
 1.70938482e-02  6.38564768e-01  1.70938482e-02  4.52535976e-01  1.70938482e-02 -2.50015937e-01 
 1.70988482e-02  6.25205416e-01  1.70988482e-02  4.39337696e-01  1.70988482e-02 -2.69939835e-01 
 1.71038482e-02  6.12163853e-01  1.71038482e-02  4.26464293e-01  1.71038482e-02 -2.89378522e-01 
 1.71088482e-02  5.99459502e-01  1.71088482e-02  4.13934996e-01  1.71088482e-02 -3.08250973e-01 
 1.71138482e-02  5.87098760e-01  1.71138482e-02  4.01756007e-01  1.71138482e-02 -3.26599269e-01 
 1.71188482e-02  5.75100210e-01  1.71188482e-02  3.89945699e-01  1.71188482e-02 -3.44345866e-01 
 1.71238482e-02  5.63469716e-01  1.71238482e-02  3.78509733e-01  1.71238482e-02 -3.61531599e-01 
 1.71288482e-02  5.52224967e-01  1.71288482e-02  3.67465574e-01  1.71288482e-02 -3.78082399e-01 
 1.71338482e-02  5.41371264e-01  1.71338482e-02  3.56818304e-01  1.71338482e-02 -3.94037985e-01 
 1.71388482e-02  5.30925355e-01  1.71388482e-02  3.46584440e-01  1.71388482e-02 -4.09327746e-01 
 1.71438482e-02  5.20891912e-01  1.71438482e-02  3.36768423e-01  1.71438482e-02 -4.23990463e-01 
 1.71488482e-02  5.11286721e-01  1.71488482e-02  3.27385794e-01  1.71488482e-02 -4.37958938e-01 
 1.71538482e-02  5.02113784e-01  1.71538482e-02  3.18440317e-01  1.71538482e-02 -4.51271145e-01 
 1.71588482e-02  4.93387870e-01  1.71588482e-02  3.09946506e-01  1.71588482e-02 -4.63863301e-01 
 1.71638482e-02  4.85112274e-01  1.71638482e-02  3.01907406e-01  1.71638482e-02 -4.75772702e-01 
 1.71688482e-02  4.77300733e-01  1.71688482e-02  2.94336493e-01  1.71688482e-02 -4.86938931e-01 
 1.71738482e-02  4.69955783e-01  1.71738482e-02  2.87236043e-01  1.71738482e-02 -4.97398750e-01 
 1.71788482e-02  4.63090090e-01  1.71788482e-02  2.80618454e-01  1.71788482e-02 -5.07095092e-01 
 1.71838482e-02  4.56705414e-01  1.71838482e-02  2.74485217e-01  1.71838482e-02 -5.16064276e-01 
 1.71888482e-02  4.50813325e-01  1.71888482e-02  2.68847628e-01  1.71888482e-02 -5.24252554e-01 
 1.71938482e-02  4.45414757e-01  1.71938482e-02  2.63706348e-01  1.71938482e-02 -5.31695936e-01 
 1.71988482e-02  4.40520173e-01  1.71988482e-02  2.59071558e-01  1.71988482e-02 -5.38343943e-01 
 1.72038482e-02  4.36129666e-01  1.72038482e-02  2.54943072e-01  1.72038482e-02 -5.44232360e-01 
 1.72088482e-02  4.32252557e-01  1.72088482e-02  2.51329926e-01  1.72088482e-02 -5.49313962e-01 
 1.72138482e-02  4.28888072e-01  1.72138482e-02  2.48231064e-01  1.72138482e-02 -5.53624405e-01 
 1.72188482e-02  4.26044394e-01  1.72188482e-02  2.45654378e-01  1.72188482e-02 -5.57119649e-01 
 1.72238482e-02  4.23719853e-01  1.72238482e-02  2.43597913e-01  1.72238482e-02 -5.59835317e-01 
 1.72288482e-02  4.21921475e-01  1.72288482e-02  2.42068404e-01  1.72288482e-02 -5.61730526e-01 
 1.72338482e-02  4.20646694e-01  1.72338482e-02  2.41062996e-01  1.72338482e-02 -5.62840917e-01 
 1.72388482e-02  4.19901369e-01  1.72388482e-02  2.40587257e-01  1.72388482e-02 -5.63128713e-01 
 1.72438482e-02  4.19682015e-01  1.72438482e-02  2.40637413e-01  1.72438482e-02 -5.62629661e-01 
 1.72488482e-02  4.19993334e-01  1.72488482e-02  2.41217871e-01  1.72488482e-02 -5.61309025e-01 
 1.72538482e-02  4.20830918e-01  1.72538482e-02  2.42323939e-01  1.72538482e-02 -5.59202705e-01 
 1.72588482e-02  4.22198301e-01  1.72588482e-02  2.43958858e-01  1.72588482e-02 -5.56278962e-01 
 1.72638482e-02  4.24090154e-01  1.72638482e-02  2.46117011e-01  1.72638482e-02 -5.52573900e-01 
 1.72688482e-02  4.26508858e-01  1.72688482e-02  2.48800490e-01  1.72688482e-02 -5.48058702e-01 
 1.72738482e-02  4.29448156e-01  1.72738482e-02  2.52002757e-01  1.72738482e-02 -5.42769722e-01 
 1.72788482e-02  4.32909281e-01  1.72788482e-02  2.55724756e-01  1.72788482e-02 -5.36681011e-01 
 1.72838482e-02  4.36885064e-01  1.72838482e-02  2.59959040e-01  1.72838482e-02 -5.29829192e-01 
 1.72888482e-02  4.41375604e-01  1.72888482e-02  2.64705425e-01  1.72888482e-02 -5.22191109e-01 
 1.72938482e-02  4.46372821e-01  1.72938482e-02  2.69955557e-01  1.72938482e-02 -5.13803698e-01 
 1.72988482e-02  4.51875700e-01  1.72988482e-02  2.75708145e-01  1.72988482e-02 -5.04646512e-01 
 1.73038482e-02  4.57875271e-01  1.73038482e-02  2.81953950e-01  1.73038482e-02 -4.94756804e-01 
 1.73088482e-02  4.64369422e-01  1.73088482e-02  2.88690592e-01  1.73088482e-02 -4.84116774e-01 
 1.73138482e-02  4.71348306e-01  1.73138482e-02  2.95907961e-01  1.73138482e-02 -4.72764006e-01 
 1.73188482e-02  4.78808749e-01  1.73188482e-02  3.03602621e-01  1.73188482e-02 -4.60683244e-01 
 1.73238482e-02  4.86740047e-01  1.73238482e-02  3.11763616e-01  1.73238482e-02 -4.47912412e-01 
 1.73288482e-02  4.95137985e-01  1.73288482e-02  3.20386477e-01  1.73288482e-02 -4.34438725e-01 
 1.73338482e-02  5.03991033e-01  1.73338482e-02  3.29459431e-01  1.73338482e-02 -4.20300426e-01 
 1.73388482e-02  5.13293973e-01  1.73388482e-02  3.38977016e-01  1.73388482e-02 -4.05487108e-01 
 1.73438482e-02  5.23034473e-01  1.73438482e-02  3.48926665e-01  1.73438482e-02 -3.90037336e-01 
 1.73488482e-02  5.33206347e-01  1.73488482e-02  3.59301961e-01  1.73488482e-02 -3.73942979e-01 
 1.73538482e-02  5.43796498e-01  1.73538482e-02  3.70089584e-01  1.73538482e-02 -3.57242896e-01 
 1.73588482e-02  5.54797809e-01  1.73588482e-02  3.81282197e-01  1.73588482e-02 -3.39931143e-01 
 1.73638482e-02  5.66196454e-01  1.73638482e-02  3.92865761e-01  1.73638482e-02 -3.22046851e-01 
 1.73688482e-02  5.77984434e-01  1.73688482e-02  4.04832069e-01  1.73688482e-02 -3.03586153e-01 
 1.73738482e-02  5.90147230e-01  1.73738482e-02  4.17166404e-01  1.73738482e-02 -2.84588419e-01 
 1.73788482e-02  6.02676000e-01  1.73788482e-02  4.29859730e-01  1.73788482e-02 -2.65051764e-01 
 1.73838482e-02  6.15555584e-01  1.73838482e-02  4.42896701e-01  1.73838482e-02 -2.45015754e-01 
 1.73888482e-02  6.28776349e-01  1.73888482e-02  4.56267504e-01  1.73888482e-02 -2.24480371e-01 
 1.73938482e-02  6.42322530e-01  1.73938482e-02  4.69956203e-01  1.73938482e-02 -2.03485346e-01 
 1.73988482e-02  6.56183757e-01  1.73988482e-02  4.83952262e-01  1.73988482e-02 -1.82032413e-01 
 1.74038482e-02  6.70343714e-01  1.74038482e-02  4.98239210e-01  1.74038482e-02 -1.60161413e-01 
 1.74088482e-02  6.84791347e-01  1.74088482e-02  5.12805842e-01  1.74088482e-02 -1.37875727e-01 
 1.74138482e-02  6.99509835e-01  1.74138482e-02  5.27635197e-01  1.74138482e-02 -1.15215255e-01 
 1.74188482e-02  7.14487501e-01  1.74188482e-02  5.42715462e-01  1.74188482e-02 -9.21849006e-02 
 1.74238482e-02  7.29707074e-01  1.74238482e-02  5.58029245e-01  1.74238482e-02 -6.88245668e-02 
 1.74288482e-02  7.45156305e-01  1.74288482e-02  5.73564178e-01  1.74288482e-02 -4.51405707e-02 
 1.74338482e-02  7.60817537e-01  1.74338482e-02  5.89302495e-01  1.74338482e-02 -2.11727519e-02 
 1.74388482e-02  7.76678010e-01  1.74388482e-02  6.05231338e-01  1.74388482e-02  3.07128400e-03 
 1.74438482e-02  7.92719730e-01  1.74438482e-02  6.21332621e-01  1.74438482e-02  2.75518174e-02 
 1.74488482e-02  8.08929495e-01  1.74488482e-02  6.37593058e-01  1.74488482e-02  5.22600736e-02 
 1.74538482e-02  8.25289034e-01  1.74538482e-02  6.53994307e-01  1.74538482e-02  7.71565299e-02 
 1.74588482e-02  8.41784763e-01  1.74588482e-02  6.70522716e-01  1.74588482e-02  1.02231360e-01 
 1.74638482e-02  8.58398194e-01  1.74638482e-02  6.87159746e-01  1.74638482e-02  1.27445303e-01 
 1.74688482e-02  8.75115429e-01  1.74688482e-02  7.03891446e-01  1.74688482e-02  1.52787610e-01 
 1.74738482e-02  8.91917828e-01  1.74738482e-02  7.20699143e-01  1.74738482e-02  1.78219356e-01 
 1.74788482e-02  9.08791237e-01  1.74788482e-02  7.37568651e-01  1.74788482e-02  2.03728987e-01 
 1.74838482e-02  9.25716928e-01  1.74838482e-02  7.54481225e-01  1.74838482e-02  2.29277991e-01 
 1.74888482e-02  9.42680565e-01  1.74888482e-02  7.71422516e-01  1.74888482e-02  2.54854134e-01 
 1.74938482e-02  9.59663389e-01  1.74938482e-02  7.88373765e-01  1.74938482e-02  2.80419390e-01 
 1.74988482e-02  9.76650948e-01  1.74988482e-02  8.05320525e-01  1.74988482e-02  3.05960966e-01 
 1.75038482e-02  9.93624520e-01  1.75038482e-02  8.22244096e-01  1.75038482e-02  3.31441406e-01 
 1.75088482e-02  1.01056960e+00  1.75088482e-02  8.39129996e-01  1.75088482e-02  3.56847476e-01 
 1.75138482e-02  1.02746757e+00  1.75138482e-02  8.55959641e-01  1.75138482e-02  3.82142365e-01 
 1.75188482e-02  1.04430395e+00  1.75188482e-02  8.72718588e-01  1.75188482e-02  4.07312522e-01 
 1.75238482e-02  1.06106027e+00  1.75238482e-02  8.89388434e-01  1.75238482e-02  4.32321862e-01 
 1.75288482e-02  1.07772213e+00  1.75288482e-02  9.05954836e-01  1.75288482e-02  4.57183442e-01 
 1.75338482e-02  1.09427130e+00  1.75338482e-02  9.22399638e-01  1.75338482e-02  4.81798906e-01 
 1.75388482e-02  1.11069354e+00  1.75388482e-02  9.38708665e-01  1.75388482e-02  5.06209171e-01 
 1.75438482e-02  1.12697089e+00  1.75438482e-02  9.54864067e-01  1.75438482e-02  5.30343055e-01 
 1.75488482e-02  1.14308933e+00  1.75488482e-02  9.70851902e-01  1.75488482e-02  5.54223053e-01 
 1.75538482e-02  1.15903127e+00  1.75538482e-02  9.86654692e-01  1.75538482e-02  5.77779901e-01 
 1.75588482e-02  1.17478294e+00  1.75588482e-02  1.00225879e+00  1.75588482e-02  6.01035289e-01 
 1.75638482e-02  1.19032718e+00  1.75638482e-02  1.01764714e+00  1.75638482e-02  6.23921919e-01 
 1.75688482e-02  1.20565056e+00  1.75688482e-02  1.03280646e+00  1.75688482e-02  6.46460817e-01 
 1.75738482e-02  1.22073639e+00  1.75738482e-02  1.04772019e+00  1.75738482e-02  6.68586700e-01 
 1.75788482e-02  1.23557166e+00  1.75788482e-02  1.06237547e+00  1.75788482e-02  6.90320052e-01 
 1.75838482e-02  1.25014018e+00  1.75838482e-02  1.07675626e+00  1.75838482e-02  7.11597658e-01 
 1.75888482e-02  1.26442941e+00  1.75888482e-02  1.09085019e+00  1.75888482e-02  7.32439589e-01 
 1.75938482e-02  1.27842377e+00  1.75938482e-02  1.10464184e+00  1.75938482e-02  7.52784742e-01 
 1.75988482e-02  1.29211122e+00  1.75988482e-02  1.11811936e+00  1.75988482e-02  7.72652889e-01 
 1.76038482e-02  1.30547682e+00  1.76038482e-02  1.13126797e+00  1.76038482e-02  7.91985092e-01 
 1.76088482e-02  1.31850911e+00  1.76088482e-02  1.14407643e+00  1.76088482e-02  8.10800940e-01 
 1.76138482e-02  1.33119383e+00  1.76138482e-02  1.15653067e+00  1.76138482e-02  8.29043693e-01 
 1.76188482e-02  1.34352017e+00  1.76188482e-02  1.16862007e+00  1.76188482e-02  8.46732874e-01 
 1.76238482e-02  1.35547461e+00  1.76238482e-02  1.18033133e+00  1.76238482e-02  8.63813984e-01 
 1.76288482e-02  1.36704699e+00  1.76288482e-02  1.19165451e+00  1.76288482e-02  8.80306578e-01 
 1.76338482e-02  1.37822458e+00  1.76338482e-02  1.20257710e+00  1.76338482e-02  8.96158432e-01 
 1.76388482e-02  1.38899797e+00  1.76388482e-02  1.21308992e+00  1.76388482e-02  9.11389238e-01 
 1.76438482e-02  1.39935526e+00  1.76438482e-02  1.22318130e+00  1.76438482e-02  9.25949081e-01 
 1.76488482e-02  1.40930938e+00  1.76488482e-02  1.23286439e+00  1.76488482e-02  9.39890517e-01 
 1.76538482e-02  1.41878522e+00  1.76538482e-02  1.24206438e+00  1.76538482e-02  9.53069530e-01 
 1.76588482e-02  1.42785800e+00  1.76588482e-02  1.25085668e+00  1.76588482e-02  9.65630169e-01 
 1.76638482e-02  1.43643681e+00  1.76638482e-02  1.25915068e+00  1.76638482e-02  9.77408582e-01 
 1.76688482e-02  1.44459468e+00  1.76688482e-02  1.26701963e+00  1.76688482e-02  9.88541218e-01 
 1.76738482e-02  1.45224312e+00  1.76738482e-02  1.27437535e+00  1.76738482e-02  9.98872152e-01 
 1.76788482e-02  1.45945462e+00  1.76788482e-02  1.28129054e+00  1.76788482e-02  1.00853291e+00 
 1.76838482e-02  1.46614309e+00  1.76838482e-02  1.28767943e+00  1.76838482e-02  1.01737527e+00 
 1.76888482e-02  1.47238046e+00  1.76888482e-02  1.29361417e+00  1.76888482e-02  1.02552603e+00 
 1.76938482e-02  1.47808310e+00  1.76938482e-02  1.29901146e+00  1.76938482e-02  1.03284458e+00 
 1.76988482e-02  1.48332246e+00  1.76988482e-02  1.30394300e+00  1.76988482e-02  1.03945324e+00 
 1.77038482e-02  1.48801731e+00  1.77038482e-02  1.30832785e+00  1.77038482e-02  1.04521874e+00 
 1.77088482e-02  1.49223870e+00  1.77088482e-02  1.31223732e+00  1.77088482e-02  1.05025921e+00 
 1.77138482e-02  1.49590781e+00  1.77138482e-02  1.31559292e+00  1.77138482e-02  1.05444861e+00 
 1.77188482e-02  1.49909527e+00  1.77188482e-02  1.31846552e+00  1.77188482e-02  1.05790103e+00 
 1.77238482e-02  1.50172470e+00  1.77238482e-02  1.32077906e+00  1.77238482e-02  1.06049745e+00 
 1.77288482e-02  1.50386639e+00  1.77288482e-02  1.32260410e+00  1.77288482e-02  1.06234821e+00 
 1.77338482e-02  1.50544632e+00  1.77338482e-02  1.32386694e+00  1.77338482e-02  1.06334111e+00 
 1.77388482e-02  1.50653448e+00  1.77388482e-02  1.32463781e+00  1.77388482e-02  1.06358289e+00 
 1.77438482e-02  1.50705924e+00  1.77438482e-02  1.32484543e+00  1.77438482e-02  1.06296804e+00 
 1.77488482e-02  1.50709031e+00  1.77488482e-02  1.32455974e+00  1.77488482e-02  1.06159990e+00 
 1.77538482e-02  1.50655839e+00  1.77538482e-02  1.32371177e+00  1.77538482e-02  1.05937942e+00 
 1.77588482e-02  1.50553293e+00  1.77588482e-02  1.32237125e+00  1.77588482e-02  1.05640673e+00 
 1.77638482e-02  1.50394699e+00  1.77638482e-02  1.32047154e+00  1.77638482e-02  1.05258912e+00 
 1.77688482e-02  1.50186978e+00  1.77688482e-02  1.31808210e+00  1.77688482e-02  1.04802361e+00 
 1.77738482e-02  1.49923663e+00  1.77738482e-02  1.31513860e+00  1.77738482e-02  1.04262361e+00 
 1.77788482e-02  1.49611657e+00  1.77788482e-02  1.31171030e+00  1.77788482e-02  1.03648328e+00 
 1.77838482e-02  1.49244718e+00  1.77838482e-02  1.30773510e+00  1.77838482e-02  1.02952196e+00 
 1.77888482e-02  1.48829728e+00  1.77888482e-02  1.30328207e+00  1.77888482e-02  1.02183099e+00 
 1.77938482e-02  1.48360669e+00  1.77938482e-02  1.29829135e+00  1.77938482e-02  1.01333553e+00 
 1.77988482e-02  1.47844404e+00  1.77988482e-02  1.29283179e+00  1.77988482e-02  1.00412427e+00 
 1.78038482e-02  1.47275133e+00  1.78038482e-02  1.28684571e+00  1.78038482e-02  9.94127924e-01 
 1.78088482e-02  1.46659700e+00  1.78088482e-02  1.28040178e+00  1.78088482e-02  9.83432671e-01 
 1.78138482e-02  1.45992521e+00  1.78138482e-02  1.27344445e+00  1.78138482e-02  9.71974644e-01 
 1.78188482e-02  1.45280419e+00  1.78188482e-02  1.26604218e+00  1.78188482e-02  9.59837573e-01 
 1.78238482e-02  1.44518021e+00  1.78238482e-02  1.25814153e+00  1.78238482e-02  9.46962806e-01 
 1.78288482e-02  1.43712131e+00  1.78288482e-02  1.24981076e+00  1.78288482e-02  9.33431770e-01 
 1.78338482e-02  1.42857580e+00  1.78338482e-02  1.24099846e+00  1.78338482e-02  9.19190841e-01 
 1.78388482e-02  1.41961152e+00  1.78388482e-02  1.23177266e+00  1.78388482e-02  9.04319177e-01 
 1.78438482e-02  1.41017877e+00  1.78438482e-02  1.22208397e+00  1.78438482e-02  8.88768028e-01 
 1.78488482e-02  1.40034519e+00  1.78488482e-02  1.21200018e+00  1.78488482e-02  8.72614390e-01 
 1.78538482e-02  1.39008605e+00  1.78538482e-02  1.20149683e+00  1.78538482e-02  8.55848972e-01 
 1.78588482e-02  1.37940165e+00  1.78588482e-02  1.19057444e+00  1.78588482e-02  8.38445733e-01 
 1.78638482e-02  1.36833292e+00  1.78638482e-02  1.17927413e+00  1.78638482e-02  8.20494377e-01 
 1.78688482e-02  1.35686195e+00  1.78688482e-02  1.16757822e+00  1.78688482e-02  8.01942916e-01 
 1.78738482e-02  1.34502878e+00  1.78738482e-02  1.15552694e+00  1.78738482e-02  7.82877660e-01 
 1.78788482e-02  1.33281709e+00  1.78788482e-02  1.14310416e+00  1.78788482e-02  7.63250899e-01 
 1.78838482e-02  1.32026688e+00  1.78838482e-02  1.13035007e+00  1.78838482e-02  7.43146966e-01 
 1.78888482e-02  1.30736327e+00  1.78888482e-02  1.11724998e+00  1.78888482e-02  7.22522140e-01 
 1.78938482e-02  1.29414617e+00  1.78938482e-02  1.10384396e+00  1.78938482e-02  7.01458766e-01 
 1.78988482e-02  1.28060218e+00  1.78988482e-02  1.09011876e+00  1.78988482e-02  6.79917039e-01 
 1.79038482e-02  1.26677105e+00  1.79038482e-02  1.07611432e+00  1.79038482e-02  6.57977329e-01 
 1.79088482e-02  1.25264070e+00  1.79088482e-02  1.06181869e+00  1.79088482e-02  6.35603450e-01 
 1.79138482e-02  1.23825079e+00  1.79138482e-02  1.04727167e+00  1.79138482e-02  6.12873905e-01 
 1.79188482e-02  1.22359048e+00  1.79188482e-02  1.03246256e+00  1.79188482e-02  5.89755983e-01 
 1.79238482e-02  1.20869922e+00  1.79238482e-02  1.01743093e+00  1.79238482e-02  5.66326231e-01 
 1.79288482e-02  1.19356739e+00  1.79288482e-02  1.00216728e+00  1.79288482e-02  5.42555235e-01 
 1.79338482e-02  1.17823424e+00  1.79338482e-02  9.86710959e-01  1.79338482e-02  5.18517697e-01 
 1.79388482e-02  1.16269122e+00  1.79388482e-02  9.71053538e-01  1.79388482e-02  4.94187237e-01 
 1.79438482e-02  1.14697732e+00  1.79438482e-02  9.55234075e-01  1.79438482e-02  4.69636665e-01 
 1.79488482e-02  1.13108506e+00  1.79488482e-02  9.39245193e-01  1.79488482e-02  4.44842543e-01 
 1.79538482e-02  1.11505311e+00  1.79538482e-02  9.23125617e-01  1.79538482e-02  4.19875783e-01 
 1.79588482e-02  1.09887493e+00  1.79588482e-02  9.06868877e-01  1.79588482e-02  3.94730106e-01 
 1.79638482e-02  1.08258884e+00  1.79638482e-02  8.90513361e-01  1.79638482e-02  3.69460892e-01 
 1.79688482e-02  1.06618920e+00  1.79688482e-02  8.74053464e-01  1.79688482e-02  3.44019109e-01 
 1.79738482e-02  1.04971391e+00  1.79738482e-02  8.57527128e-01  1.79738482e-02  3.18531198e-01 
 1.79788482e-02  1.03315812e+00  1.79788482e-02  8.40929530e-01  1.79788482e-02  2.92923125e-01 
 1.79838482e-02  1.01655932e+00  1.79838482e-02  8.24298178e-01  1.79838482e-02  2.67317117e-01 
 1.79888482e-02  9.99913342e-01  1.79888482e-02  8.07628917e-01  1.79888482e-02  2.41643550e-01 
 1.79938482e-02  9.83257175e-01  1.79938482e-02  7.90958736e-01  1.79938482e-02  2.16020460e-01 
 1.79988482e-02  9.66587301e-01  1.79988482e-02  7.74284116e-01  1.79988482e-02  1.90382435e-01 
 1.80038482e-02  9.49940174e-01  1.80038482e-02  7.57641483e-01  1.80038482e-02  1.64843400e-01 
 1.80088482e-02  9.33312795e-01  1.80088482e-02  7.41027825e-01  1.80088482e-02  1.39341806e-01 
 1.80138482e-02  9.16741047e-01  1.80138482e-02  7.24478976e-01  1.80138482e-02  1.13987573e-01 
 1.80188482e-02  9.00222408e-01  1.80188482e-02  7.07992384e-01  1.80188482e-02  8.87228092e-02 
 1.80238482e-02  8.83792096e-01  1.80238482e-02  6.91603200e-01  1.80238482e-02  6.36534173e-02 
 1.80288482e-02  8.67447980e-01  1.80288482e-02  6.75309244e-01  1.80288482e-02  3.87248979e-02 
 1.80338482e-02  8.51224606e-01  1.80338482e-02  6.59144981e-01  1.80338482e-02  1.40392634e-02 
 1.80388482e-02  8.35120137e-01  1.80388482e-02  6.43108502e-01  1.80388482e-02 -1.04548703e-02 
 1.80438482e-02  8.19168365e-01  1.80438482e-02  6.27233503e-01  1.80438482e-02 -3.46593839e-02 
 1.80488482e-02  8.03367704e-01  1.80488482e-02  6.11518310e-01  1.80488482e-02 -5.86227274e-02 
 1.80538482e-02  7.87751156e-01  1.80538482e-02  5.95995810e-01  1.80538482e-02 -8.22506121e-02 
 1.80588482e-02  7.72317265e-01  1.80588482e-02  5.80664442e-01  1.80588482e-02 -1.05588852e-01 
 1.80638482e-02  7.57098210e-01  1.80638482e-02  5.65556252e-01  1.80638482e-02 -1.28546925e-01 
 1.80688482e-02  7.42092623e-01  1.80688482e-02  5.50669753e-01  1.80688482e-02 -1.51168184e-01 
 1.80738482e-02  7.27331776e-01  1.80738482e-02  5.36036068e-01  1.80738482e-02 -1.73365882e-01 
 1.80788482e-02  7.12814308e-01  1.80788482e-02  5.21653698e-01  1.80788482e-02 -1.95181148e-01 
 1.80838482e-02  6.98570577e-01  1.80838482e-02  5.07552839e-01  1.80838482e-02 -2.16530917e-01 
 1.80888482e-02  6.84599145e-01  1.80888482e-02  4.93731898e-01  1.80888482e-02 -2.37454314e-01 
 1.80938482e-02  6.70929380e-01  1.80938482e-02  4.80220066e-01  1.80938482e-02 -2.57871969e-01 
 1.80988482e-02  6.57559728e-01  1.80988482e-02  4.67015619e-01  1.80988482e-02 -2.77821165e-01 
 1.81038482e-02  6.44518539e-01  1.81038482e-02  4.54146715e-01  1.81038482e-02 -2.97226169e-01 
 1.81088482e-02  6.31804039e-01  1.81088482e-02  4.41611399e-01  1.81088482e-02 -3.16122665e-01 
 1.81138482e-02  6.19443527e-01  1.81138482e-02  4.29436762e-01  1.81138482e-02 -3.34438518e-01 
 1.81188482e-02  6.07434979e-01  1.81188482e-02  4.17620584e-01  1.81188482e-02 -3.52207952e-01 
 1.81238482e-02  5.95804577e-01  1.81238482e-02  4.06188830e-01  1.81238482e-02 -3.69362429e-01 
 1.81288482e-02  5.84549972e-01  1.81288482e-02  3.95138939e-01  1.81288482e-02 -3.85934913e-01 
 1.81338482e-02  5.73696228e-01  1.81338482e-02  3.84495745e-01  1.81338482e-02 -4.01860383e-01 
 1.81388482e-02  5.63240607e-01  1.81388482e-02  3.74256289e-01  1.81388482e-02 -4.17170715e-01 
 1.81438482e-02  5.53206991e-01  1.81438482e-02  3.64444213e-01  1.81438482e-02 -4.31804414e-01 
 1.81488482e-02  5.43592223e-01  1.81488482e-02  3.55056125e-01  1.81488482e-02 -4.45792396e-01 
 1.81538482e-02  5.34418988e-01  1.81538482e-02  3.46114461e-01  1.81538482e-02 -4.59076633e-01 
 1.81588482e-02  5.25683630e-01  1.81588482e-02  3.37615321e-01  1.81588482e-02 -4.71687274e-01 
 1.81638482e-02  5.17407613e-01  1.81638482e-02  3.29579908e-01  1.81638482e-02 -4.83569718e-01 
 1.81688482e-02  5.09586759e-01  1.81688482e-02  3.22003793e-01  1.81688482e-02 -4.94753448e-01 
 1.81738482e-02  5.02241268e-01  1.81738482e-02  3.14906908e-01  1.81738482e-02 -5.05187279e-01 
 1.81788482e-02  4.95366388e-01  1.81788482e-02  3.08284239e-01  1.81788482e-02 -5.14900182e-01 
 1.81838482e-02  4.88981055e-01  1.81838482e-02  3.02154448e-01  1.81838482e-02 -5.23844309e-01 
 1.81888482e-02  4.83079902e-01  1.81888482e-02  2.96511901e-01  1.81888482e-02 -5.32048240e-01 
 1.81938482e-02  4.77680564e-01  1.81938482e-02  2.91373950e-01  1.81938482e-02 -5.39467462e-01 
 1.81988482e-02  4.72777036e-01  1.81988482e-02  2.86734317e-01  1.81988482e-02 -5.46130254e-01 
 1.82038482e-02  4.68385650e-01  1.82038482e-02  2.82609049e-01  1.82038482e-02 -5.51995368e-01 
 1.82088482e-02  4.64499713e-01  1.82088482e-02  2.78991173e-01  1.82088482e-02 -5.57090923e-01 
 1.82138482e-02  4.61134242e-01  1.82138482e-02  2.75895418e-01  1.82138482e-02 -5.61378887e-01 
 1.82188482e-02  4.58281850e-01  1.82188482e-02  2.73314114e-01  1.82188482e-02 -5.64887284e-01 
 1.82238482e-02  4.55956221e-01  1.82238482e-02  2.71260652e-01  1.82238482e-02 -5.67581263e-01 
 1.82288482e-02  4.54149238e-01  1.82288482e-02  2.69726630e-01  1.82288482e-02 -5.69488859e-01 
 1.82338482e-02  4.52873268e-01  1.82338482e-02  2.68724121e-01  1.82338482e-02 -5.70578321e-01 
 1.82388482e-02  4.52119447e-01  1.82388482e-02  2.68243975e-01  1.82388482e-02 -5.70877766e-01 
 1.82438482e-02  4.51898807e-01  1.82438482e-02  2.68296928e-01  1.82438482e-02 -5.70358516e-01 
 1.82488482e-02  4.52201731e-01  1.82488482e-02  2.68873080e-01  1.82488482e-02 -5.69048825e-01 
 1.82538482e-02  4.53037936e-01  1.82538482e-02  2.69981850e-01  1.82538482e-02 -5.66923002e-01 
 1.82588482e-02  4.54397028e-01  1.82588482e-02  2.71612560e-01  1.82588482e-02 -5.64009528e-01 
 1.82638482e-02  4.56287408e-01  1.82638482e-02  2.73773319e-01  1.82638482e-02 -5.60285637e-01 
 1.82688482e-02  4.58697920e-01  1.82688482e-02  2.76452687e-01  1.82688482e-02 -5.55780056e-01 
 1.82738482e-02  4.61635657e-01  1.82738482e-02  2.79657468e-01  1.82738482e-02 -5.50472890e-01 
 1.82788482e-02  4.65088685e-01  1.82788482e-02  2.83375448e-01  1.82788482e-02 -5.44393175e-01 
 1.82838482e-02  4.69062821e-01  1.82838482e-02  2.87612156e-01  1.82838482e-02 -5.37523789e-01 
 1.82888482e-02  4.73545360e-01  1.82888482e-02  2.92354614e-01  1.82888482e-02 -5.29894103e-01 
 1.82938482e-02  4.78540843e-01  1.82938482e-02  2.97607082e-01  1.82938482e-02 -5.21489717e-01 
 1.82988482e-02  4.84035812e-01  1.82988482e-02  3.03355831e-01  1.82988482e-02 -5.12340357e-01 
 1.83038482e-02  4.90033569e-01  1.83038482e-02  3.09603889e-01  1.83038482e-02 -5.02434242e-01 
 1.83088482e-02  4.96519899e-01  1.83088482e-02  3.16336777e-01  1.83088482e-02 -4.91801490e-01 
 1.83138482e-02  5.03496888e-01  1.83138482e-02  3.23556315e-01  1.83138482e-02 -4.80432861e-01 
 1.83188482e-02  5.10949597e-01  1.83188482e-02  3.31247306e-01  1.83188482e-02 -4.68358850e-01 
 1.83238482e-02  5.18878925e-01  1.83238482e-02  3.39410391e-01  1.83238482e-02 -4.55572679e-01 
 1.83288482e-02  5.27269211e-01  1.83288482e-02  3.48029662e-01  1.83288482e-02 -4.42105240e-01 
 1.83338482e-02  5.36120214e-01  1.83338482e-02  3.57104628e-01  1.83338482e-02 -4.27952104e-01 
 1.83388482e-02  5.45415587e-01  1.83388482e-02  3.66618704e-01  1.83388482e-02 -4.13144549e-01 
 1.83438482e-02  5.55153968e-01  1.83438482e-02  3.76570290e-01  1.83438482e-02 -3.97680422e-01 
 1.83488482e-02  5.65318352e-01  1.83488482e-02  3.86942152e-01  1.83488482e-02 -3.81591367e-01 
 1.83538482e-02  5.75906316e-01  1.83538482e-02  3.97731639e-01  1.83538482e-02 -3.64877389e-01 
 1.83588482e-02  5.86900216e-01  1.83588482e-02  4.08920893e-01  1.83588482e-02 -3.47570493e-01 
 1.83638482e-02  5.98296604e-01  1.83638482e-02  4.20506248e-01  1.83638482e-02 -3.29672751e-01 
 1.83688482e-02  6.10077249e-01  1.83688482e-02  4.32469271e-01  1.83688482e-02 -3.11216484e-01 
 1.83738482e-02  6.22237722e-01  1.83738482e-02  4.44805329e-01  1.83738482e-02 -2.92205723e-01 
 1.83788482e-02  6.34759231e-01  1.83788482e-02  4.57495440e-01  1.83788482e-02 -2.72673093e-01 
 1.83838482e-02  6.47636426e-01  1.83838482e-02  4.70534065e-01  1.83838482e-02 -2.52624463e-01 
 1.83888482e-02  6.60850003e-01  1.83888482e-02  4.83901723e-01  1.83888482e-02 -2.32092713e-01 
 1.83938482e-02  6.74393732e-01  1.83938482e-02  4.97592009e-01  1.83938482e-02 -2.11085458e-01 
 1.83988482e-02  6.88247840e-01  1.83988482e-02  5.11584990e-01  1.83988482e-02 -1.89635787e-01 
 1.84038482e-02  7.02405287e-01  1.84038482e-02  5.25873463e-01  1.84038482e-02 -1.67752930e-01 
 1.84088482e-02  7.16845868e-01  1.84088482e-02  5.40437080e-01  1.84088482e-02 -1.45470148e-01 
 1.84138482e-02  7.31561786e-01  1.84138482e-02  5.55267898e-01  1.84138482e-02 -1.22798178e-01 
 1.84188482e-02  7.46532466e-01  1.84188482e-02  5.70345213e-01  1.84188482e-02 -9.97703843e-02 
 1.84238482e-02  7.61749413e-01  1.84238482e-02  5.85660399e-01  1.84238482e-02 -7.63988948e-02 
 1.84288482e-02  7.77191724e-01  1.84288482e-02  6.01192442e-01  1.84288482e-02 -5.27171327e-02 
 1.84338482e-02  7.92850272e-01  1.84338482e-02  6.16932103e-01  1.84338482e-02 -2.87384878e-02 
 1.84388482e-02  8.08703889e-01  1.84388482e-02  6.32858118e-01  1.84388482e-02 -4.49637092e-03 
 1.84438482e-02  8.24742871e-01  1.84438482e-02  6.48960688e-01  1.84438482e-02  1.99946732e-02 
 1.84488482e-02  8.40945840e-01  1.84488482e-02  6.65218353e-01  1.84488482e-02  4.47013096e-02 
 1.84538482e-02  8.57302590e-01  1.84538482e-02  6.81620835e-01  1.84538482e-02  6.96079753e-02 
 1.84588482e-02  8.73791583e-01  1.84588482e-02  6.98146530e-01  1.84588482e-02  9.46814735e-02 
 1.84638482e-02  8.90402174e-01  1.84638482e-02  7.14784737e-01  1.84638482e-02  1.19905335e-01 
 1.84688482e-02  9.07112731e-01  1.84688482e-02  7.31513779e-01  1.84688482e-02  1.45246585e-01 
 1.84738482e-02  9.23912241e-01  1.84738482e-02  7.48322601e-01  1.84738482e-02  1.70687975e-01 
 1.84788482e-02  9.40779028e-01  1.84788482e-02  7.65189504e-01  1.84788482e-02  1.96196810e-01 
 1.84838482e-02  9.57701782e-01  1.84838482e-02  7.82103152e-01  1.84838482e-02  2.21755191e-01 
 1.84888482e-02  9.74658853e-01  1.84888482e-02  7.99041890e-01  1.84888482e-02  2.47330792e-01 
 1.84938482e-02  9.91638694e-01  1.84938482e-02  8.15994165e-01  1.84938482e-02  2.72905171e-01 
 1.84988482e-02  1.00861974e+00  1.84988482e-02  8.32938423e-01  1.84988482e-02  2.98446444e-01 
 1.85038482e-02  1.02559028e+00  1.85038482e-02  8.49862971e-01  1.85038482e-02  3.23935764e-01 
 1.85088482e-02  1.04252891e+00  1.85088482e-02  8.66746418e-01  1.85088482e-02  3.49341761e-01 
 1.85138482e-02  1.05942380e+00  1.85138482e-02  8.83576994e-01  1.85138482e-02  3.74645296e-01 
 1.85188482e-02  1.07625377e+00  1.85188482e-02  9.00333535e-01  1.85188482e-02  3.99815601e-01 
 1.85238482e-02  1.09300697e+00  1.85238482e-02  9.17004267e-01  1.85238482e-02  4.24849737e-01 
 1.85288482e-02  1.10966248e+00  1.85288482e-02  9.33568311e-01  1.85288482e-02  4.49696458e-01 
 1.85338482e-02  1.12620850e+00  1.85338482e-02  9.50013954e-01  1.85338482e-02  4.74317907e-01 
 1.85388482e-02  1.14262442e+00  1.85388482e-02  9.66320668e-01  1.85388482e-02  4.98730909e-01 
 1.85438482e-02  1.15889858e+00  1.85438482e-02  9.82476869e-01  1.85438482e-02  5.22870663e-01 
 1.85488482e-02  1.17501076e+00  1.85488482e-02  9.98462435e-01  1.85488482e-02  5.46753503e-01 
 1.85538482e-02  1.19094946e+00  1.85538482e-02  1.01426598e+00  1.85538482e-02  5.70316108e-01 
 1.85588482e-02  1.20669492e+00  1.85588482e-02  1.02986785e+00  1.85588482e-02  5.93574440e-01 
 1.85638482e-02  1.22223588e+00  1.85638482e-02  1.04525692e+00  1.85638482e-02  6.16466721e-01 
 1.85688482e-02  1.23755310e+00  1.85688482e-02  1.06041406e+00  1.85688482e-02  6.39008657e-01 
 1.85738482e-02  1.25263562e+00  1.85738482e-02  1.07532847e+00  1.85738482e-02  6.61140090e-01 
 1.85788482e-02  1.26746475e+00  1.85788482e-02  1.08998160e+00  1.85788482e-02  6.82876571e-01 
 1.85838482e-02  1.28202993e+00  1.85838482e-02  1.10436303e+00  1.85838482e-02  7.04159629e-01 
 1.85888482e-02  1.29631308e+00  1.85888482e-02  1.11845486e+00  1.85888482e-02  7.25004776e-01 
 1.85938482e-02  1.31030406e+00  1.85938482e-02  1.13224711e+00  1.85938482e-02  7.45355288e-01 
 1.85988482e-02  1.32398546e+00  1.85988482e-02  1.14572256e+00  1.85988482e-02  7.65226734e-01 
 1.86038482e-02  1.33734765e+00  1.86038482e-02  1.15887174e+00  1.86038482e-02  7.84564206e-01 
 1.86088482e-02  1.35037394e+00  1.86088482e-02  1.17167817e+00  1.86088482e-02  8.03383432e-01 
 1.86138482e-02  1.36305522e+00  1.86138482e-02  1.18413294e+00  1.86138482e-02  8.21631370e-01 
 1.86188482e-02  1.37537560e+00  1.86188482e-02  1.19622035e+00  1.86188482e-02  8.39324004e-01 
 1.86238482e-02  1.38732656e+00  1.86238482e-02  1.20793211e+00  1.86238482e-02  8.56410217e-01 
 1.86288482e-02  1.39889302e+00  1.86288482e-02  1.21925333e+00  1.86288482e-02  8.72906334e-01 
 1.86338482e-02  1.41009052e+00  1.86338482e-02  1.23019978e+00  1.86338482e-02  8.88798590e-01 
 1.86388482e-02  1.42083648e+00  1.86388482e-02  1.24068914e+00  1.86388482e-02  9.04000881e-01 
 1.86438482e-02  1.43121063e+00  1.86438482e-02  1.25080133e+00  1.86438482e-02  9.18595557e-01 
 1.86488482e-02  1.44111614e+00  1.86488482e-02  1.26043980e+00  1.86488482e-02  9.32477339e-01 
 1.86538482e-02  1.45062931e+00  1.86538482e-02  1.26968105e+00  1.86538482e-02  9.45720813e-01 
 1.86588482e-02  1.45965576e+00  1.86588482e-02  1.27843100e+00  1.86588482e-02  9.58226989e-01 
 1.86638482e-02  1.46827112e+00  1.86638482e-02  1.28676549e+00  1.86638482e-02  9.70067006e-01 
 1.86688482e-02  1.47638344e+00  1.86688482e-02  1.29459287e+00  1.86688482e-02  9.81147983e-01 
 1.86738482e-02  1.48406768e+00  1.86738482e-02  1.30198832e+00  1.86738482e-02  9.91537770e-01 
 1.86788482e-02  1.49123438e+00  1.86788482e-02  1.30886268e+00  1.86788482e-02  1.00114955e+00 
 1.86838482e-02  1.49795790e+00  1.86838482e-02  1.31529055e+00  1.86838482e-02  1.01004812e+00 
 1.86888482e-02  1.50415122e+00  1.86888482e-02  1.32118522e+00  1.86888482e-02  1.01815251e+00 
 1.86938482e-02  1.50988817e+00  1.86938482e-02  1.32662076e+00  1.86938482e-02  1.02552469e+00 
 1.86988482e-02  1.51508422e+00  1.86988482e-02  1.33151294e+00  1.86988482e-02  1.03208948e+00 
 1.87038482e-02  1.51981268e+00  1.87038482e-02  1.33593533e+00  1.87038482e-02  1.03790616e+00 
 1.87088482e-02  1.52399146e+00  1.87088482e-02  1.33980616e+00  1.87088482e-02  1.04290517e+00 
 1.87138482e-02  1.52769347e+00  1.87138482e-02  1.34319858e+00  1.87138482e-02  1.04714337e+00 
 1.87188482e-02  1.53083905e+00  1.87188482e-02  1.34603326e+00  1.87188482e-02  1.05055666e+00 
 1.87238482e-02  1.53350067e+00  1.87238482e-02  1.34838292e+00  1.87238482e-02  1.05319959e+00 
 1.87288482e-02  1.53560116e+00  1.87288482e-02  1.35017071e+00  1.87288482e-02  1.05501345e+00 
 1.87338482e-02  1.53721263e+00  1.87338482e-02  1.35146900e+00  1.87338482e-02  1.05605066e+00 
 1.87388482e-02  1.53826027e+00  1.87388482e-02  1.35220331e+00  1.87388482e-02  1.05625770e+00 
 1.87438482e-02  1.53881589e+00  1.87438482e-02  1.35244569e+00  1.87438482e-02  1.05568502e+00 
 1.87488482e-02  1.53880710e+00  1.87488482e-02  1.35212411e+00  1.87488482e-02  1.05428422e+00 
 1.87538482e-02  1.53830539e+00  1.87538482e-02  1.35131026e+00  1.87538482e-02  1.05210388e+00 
 1.87588482e-02  1.53724074e+00  1.87588482e-02  1.34993449e+00  1.87588482e-02  1.04910053e+00 
 1.87638482e-02  1.53568436e+00  1.87638482e-02  1.34806825e+00  1.87638482e-02  1.04532107e+00 
 1.87688482e-02  1.53356860e+00  1.87688482e-02  1.34564421e+00  1.87688482e-02  1.04072683e+00 
 1.87738482e-02  1.53096439e+00  1.87738482e-02  1.34273355e+00  1.87738482e-02  1.03536309e+00 
 1.87788482e-02  1.52780640e+00  1.87788482e-02  1.33927126e+00  1.87788482e-02  1.02919588e+00 
 1.87838482e-02  1.52416534e+00  1.87838482e-02  1.33532830e+00  1.87838482e-02  1.02226898e+00 
 1.87888482e-02  1.51997813e+00  1.87888482e-02  1.33084190e+00  1.87888482e-02  1.01455293e+00 
 1.87938482e-02  1.51531525e+00  1.87938482e-02  1.32588279e+00  1.87938482e-02  1.00609013e+00 
 1.87988482e-02  1.51011591e+00  1.87988482e-02  1.32039047e+00  1.87988482e-02  9.96855507e-01 
 1.88038482e-02  1.50445032e+00  1.88038482e-02  1.31443541e+00  1.88038482e-02  9.86890128e-01 
 1.88088482e-02  1.49825989e+00  1.88088482e-02  1.30795930e+00  1.88088482e-02  9.76173164e-01 
 1.88138482e-02  1.49161463e+00  1.88138482e-02  1.30103241e+00  1.88138482e-02  9.64744466e-01 
 1.88188482e-02  1.48445810e+00  1.88188482e-02  1.29359856e+00  1.88188482e-02  9.52587283e-01 
 1.88238482e-02  1.47686008e+00  1.88238482e-02  1.28572776e+00  1.88238482e-02  9.39740276e-01 
 1.88288482e-02  1.46876624e+00  1.88288482e-02  1.27736597e+00  1.88288482e-02  9.26190653e-01 
 1.88338482e-02  1.46024614e+00  1.88338482e-02  1.26858297e+00  1.88338482e-02  9.11975975e-01 
 1.88388482e-02  1.45124748e+00  1.88388482e-02  1.25932672e+00  1.88388482e-02  8.97087204e-01 
 1.88438482e-02  1.44183959e+00  1.88438482e-02  1.24966676e+00  1.88438482e-02  8.81560846e-01 
 1.88488482e-02  1.43197218e+00  1.88488482e-02  1.23955307e+00  1.88488482e-02  8.65391515e-01 
 1.88538482e-02  1.42171431e+00  1.88538482e-02  1.22905489e+00  1.88538482e-02  8.48614677e-01 
 1.88588482e-02  1.41101764e+00  1.88588482e-02  1.21812413e+00  1.88588482e-02  8.31228404e-01 
 1.88638482e-02  1.39995106e+00  1.88638482e-02  1.20682988e+00  1.88638482e-02  8.13267364e-01 
 1.88688482e-02  1.38849432e+00  1.88688482e-02  1.19515209e+00  1.88688482e-02  7.94772538e-01 
 1.88738482e-02  1.37663796e+00  1.88738482e-02  1.18308152e+00  1.88738482e-02  7.75660150e-01 
 1.88788482e-02  1.36443998e+00  1.88788482e-02  1.17067634e+00  1.88788482e-02  7.56087778e-01 
 1.88838482e-02  1.35186710e+00  1.88838482e-02  1.15790348e+00  1.88838482e-02  7.35938923e-01 
 1.88888482e-02  1.33897669e+00  1.88888482e-02  1.14482047e+00  1.88888482e-02  7.15366311e-01 
 1.88938482e-02  1.32573743e+00  1.88938482e-02  1.13139617e+00  1.88938482e-02  6.94260124e-01 
 1.88988482e-02  1.31220616e+00  1.88988482e-02  1.11768758e+00  1.88988482e-02  6.72768540e-01 
 1.89038482e-02  1.29835335e+00  1.89038482e-02  1.10366535e+00  1.89038482e-02  6.50788051e-01 
 1.89088482e-02  1.28423524e+00  1.89088482e-02  1.08938584e+00  1.89088482e-02  6.28462299e-01 
 1.89138482e-02  1.26982413e+00  1.89138482e-02  1.07482150e+00  1.89138482e-02  6.05693940e-01 
 1.89188482e-02  1.25517560e+00  1.89188482e-02  1.06002805e+00  1.89188482e-02  5.82622221e-01 
 1.89238482e-02  1.24026360e+00  1.89238482e-02  1.04497956e+00  1.89238482e-02  5.59155529e-01 
 1.89288482e-02  1.22514311e+00  1.89288482e-02  1.02973112e+00  1.89288482e-02  5.35428881e-01 
 1.89338482e-02  1.20978966e+00  1.89338482e-02  1.01425839e+00  1.89338482e-02  5.11356225e-01 
 1.89388482e-02  1.19425754e+00  1.89388482e-02  9.98615734e-01  1.89388482e-02  4.87068320e-01 
 1.89438482e-02  1.17852378e+00  1.89438482e-02  9.82780296e-01  1.89438482e-02  4.62484366e-01 
 1.89488482e-02  1.16264201e+00  1.89488482e-02  9.66805755e-01  1.89488482e-02  4.37731091e-01 
 1.89538482e-02  1.14659063e+00  1.89538482e-02  9.50670626e-01  1.89538482e-02  4.12732626e-01 
 1.89588482e-02  1.13042250e+00  1.89588482e-02  9.34427807e-01  1.89588482e-02  3.87611637e-01 
 1.89638482e-02  1.11411740e+00  1.89638482e-02  9.18057152e-01  1.89638482e-02  3.62321939e-01 
 1.89688482e-02  1.09772742e+00  1.89688482e-02  9.01610776e-01  1.89688482e-02  3.36927329e-01 
 1.89738482e-02  1.08123352e+00  1.89738482e-02  8.85069695e-01  1.89738482e-02  3.11401583e-01 
 1.89788482e-02  1.06468700e+00  1.89788482e-02  8.68485225e-01  1.89788482e-02  2.85838594e-01 
 1.89838482e-02  1.04806999e+00  1.89838482e-02  8.51839522e-01  1.89838482e-02  2.60196795e-01 
 1.89888482e-02  1.03143290e+00  1.89888482e-02  8.35183005e-01  1.89888482e-02  2.34566308e-01 
 1.89938482e-02  1.01475889e+00  1.89938482e-02  8.18498845e-01  1.89938482e-02  2.08909369e-01 
 1.89988482e-02  9.98097542e-01  1.89988482e-02  8.01836604e-01  1.89988482e-02  1.83312516e-01 
 1.90038482e-02  9.81432944e-01  1.90038482e-02  7.85180361e-01  1.90038482e-02  1.57741497e-01 
 1.90088482e-02  9.64813731e-01  1.90088482e-02  7.68578715e-01  1.90088482e-02  1.32279236e-01 
 1.90138482e-02  9.48224874e-01  1.90138482e-02  7.52016615e-01  1.90138482e-02  1.06894806e-01 
 1.90188482e-02  9.31714058e-01  1.90188482e-02  7.35541688e-01  1.90188482e-02  8.16676263e-02 
 1.90238482e-02  9.15266983e-01  1.90238482e-02  7.19139597e-01  1.90238482e-02  5.65697387e-02 
 1.90288482e-02  8.98930350e-01  1.90288482e-02  7.02856964e-01  1.90288482e-02  3.16771221e-02 
 1.90338482e-02  8.82690559e-01  1.90338482e-02  6.86680135e-01  1.90338482e-02  6.96463315e-03 
 1.90388482e-02  8.66593242e-01  1.90388482e-02  6.70654646e-01  1.90388482e-02 -1.74952072e-02 
 1.90438482e-02  8.50625381e-01  1.90438482e-02  6.54767407e-01  1.90438482e-02 -4.17250185e-02 
 1.90488482e-02  8.34831557e-01  1.90488482e-02  6.39062885e-01  1.90488482e-02 -6.56555997e-02 
 1.90538482e-02  8.19199244e-01  1.90538482e-02  6.23528464e-01  1.90538482e-02 -8.93072856e-02 
 1.90588482e-02  8.03771875e-01  1.90588482e-02  6.08207450e-01  1.90588482e-02 -1.12614241e-01 
 1.90638482e-02  7.88537369e-01  1.90638482e-02  5.93087651e-01  1.90638482e-02 -1.35594684e-01 
 1.90688482e-02  7.73538006e-01  1.90688482e-02  5.78211204e-01  1.90688482e-02 -1.58186058e-01 
 1.90738482e-02  7.58762010e-01  1.90738482e-02  5.63566209e-01  1.90738482e-02 -1.80404766e-01 
 1.90788482e-02  7.44250471e-01  1.90788482e-02  5.49193594e-01  1.90788482e-02 -2.02191495e-01 
 1.90838482e-02  7.29991892e-01  1.90838482e-02  5.35081722e-01  1.90838482e-02 -2.23560960e-01 
 1.90888482e-02  7.16026102e-01  1.90888482e-02  5.21270246e-01  1.90888482e-02 -2.44457108e-01 
 1.90938482e-02  7.02341774e-01  1.90938482e-02  5.07747683e-01  1.90938482e-02 -2.64893216e-01 
 1.90988482e-02  6.88977490e-01  1.90988482e-02  4.94552424e-01  1.90988482e-02 -2.84816388e-01 
 1.91038482e-02  6.75922020e-01  1.91038482e-02  4.81673069e-01  1.91038482e-02 -3.04238648e-01 
 1.91088482e-02  6.63212615e-01  1.91088482e-02  4.69146664e-01  1.91088482e-02 -3.23110303e-01 
 1.91138482e-02  6.50838096e-01  1.91138482e-02  4.56961847e-01  1.91138482e-02 -3.41442271e-01 
 1.91188482e-02  6.38834384e-01  1.91188482e-02  4.45154319e-01  1.91188482e-02 -3.59187982e-01 
 1.91238482e-02  6.27190239e-01  1.91238482e-02  4.33712643e-01  1.91238482e-02 -3.76357488e-01 
 1.91288482e-02  6.15940214e-01  1.91288482e-02  4.22671143e-01  1.91288482e-02 -3.92907326e-01 
 1.91338482e-02  6.05072988e-01  1.91338482e-02  4.12018287e-01  1.91338482e-02 -4.08846779e-01 
 1.91388482e-02  5.94621698e-01  1.91388482e-02  4.01786971e-01  1.91388482e-02 -4.24135491e-01 
 1.91438482e-02  5.84574848e-01  1.91438482e-02  3.91965477e-01  1.91438482e-02 -4.38782185e-01 
 1.91488482e-02  5.74964173e-01  1.91488482e-02  3.82585288e-01  1.91488482e-02 -4.52749524e-01 
 1.91538482e-02  5.65777951e-01  1.91538482e-02  3.73634450e-01  1.91538482e-02 -4.66045804e-01 
 1.91588482e-02  5.57046450e-01  1.91588482e-02  3.65142969e-01  1.91588482e-02 -4.78636742e-01 
 1.91638482e-02  5.48757683e-01  1.91638482e-02  3.57098616e-01  1.91638482e-02 -4.90530323e-01 
 1.91688482e-02  5.40940461e-01  1.91688482e-02  3.49529933e-01  1.91688482e-02 -5.01695240e-01 
 1.91738482e-02  5.33582451e-01  1.91738482e-02  3.42424334e-01  1.91738482e-02 -5.12139347e-01 
 1.91788482e-02  5.26710979e-01  1.91788482e-02  3.35808871e-01  1.91788482e-02 -5.21834292e-01 
 1.91838482e-02  5.20313355e-01  1.91838482e-02  3.29670592e-01  1.91838482e-02 -5.30787866e-01 
 1.91888482e-02  5.14415396e-01  1.91888482e-02  3.24035032e-01  1.91888482e-02 -5.38974655e-01 
 1.91938482e-02  5.09003982e-01  1.91938482e-02  3.18888806e-01  1.91938482e-02 -5.46402540e-01 
 1.91988482e-02  5.04103441e-01  1.91988482e-02  3.14255951e-01  1.91988482e-02 -5.53048966e-01 
 1.92038482e-02  4.99700195e-01  1.92038482e-02  3.10122619e-01  1.92038482e-02 -5.58921990e-01 
 1.92088482e-02  4.95817039e-01  1.92088482e-02  3.06511314e-01  1.92088482e-02 -5.64001924e-01 
 1.92138482e-02  4.92439914e-01  1.92138482e-02  3.03407698e-01  1.92138482e-02 -5.68297084e-01 
 1.92188482e-02  4.89590109e-01  1.92188482e-02  3.00832766e-01  1.92188482e-02 -5.71790563e-01 
 1.92238482e-02  4.87253027e-01  1.92238482e-02  2.98771641e-01  1.92238482e-02 -5.74491058e-01 
 1.92288482e-02  4.85448437e-01  1.92288482e-02  2.97243795e-01  1.92288482e-02 -5.76384414e-01 
 1.92338482e-02  4.84161212e-01  1.92338482e-02  2.96233818e-01  1.92338482e-02 -5.77479738e-01 
 1.92388482e-02  4.83409599e-01  1.92388482e-02  2.95759659e-01  1.92388482e-02 -5.77765586e-01 
 1.92438482e-02  4.83177892e-01  1.92438482e-02  2.95805330e-01  1.92438482e-02 -5.77251582e-01 
 1.92488482e-02  4.83482845e-01  1.92488482e-02  2.96387286e-01  1.92488482e-02 -5.75928907e-01 
 1.92538482e-02  4.84308170e-01  1.92538482e-02  2.97488957e-01  1.92538482e-02 -5.73807738e-01 
 1.92588482e-02  4.85669112e-01  1.92588482e-02  2.99125291e-01  1.92588482e-02 -5.70881866e-01 
 1.92638482e-02  4.87548792e-01  1.92638482e-02  3.01279128e-01  1.92638482e-02 -5.67162068e-01 
 1.92688482e-02  4.89960986e-01  1.92688482e-02  3.03963948e-01  1.92688482e-02 -5.62644644e-01 
 1.92738482e-02  4.92888198e-01  1.92738482e-02  3.07161979e-01  1.92738482e-02 -5.57341037e-01 
 1.92788482e-02  4.96342740e-01  1.92788482e-02  3.10885240e-01  1.92788482e-02 -5.51250013e-01 
 1.92838482e-02  5.00306523e-01  1.92838482e-02  3.15115368e-01  1.92838482e-02 -5.44383674e-01 
 1.92888482e-02  5.04790415e-01  1.92888482e-02  3.19862943e-01  1.92888482e-02 -5.36743183e-01 
 1.92938482e-02  5.09775711e-01  1.92938482e-02  3.25108992e-01  1.92938482e-02 -5.28341364e-01 
 1.92988482e-02  5.15271876e-01  1.92988482e-02  3.30862698e-01  1.92988482e-02 -5.19181680e-01 
 1.93038482e-02  5.21259608e-01  1.93038482e-02  3.37104498e-01  1.93038482e-02 -5.09277669e-01 
 1.93088482e-02  5.27746981e-01  1.93088482e-02  3.43842186e-01  1.93088482e-02 -4.98635051e-01 
 1.93138482e-02  5.34714103e-01  1.93138482e-02  3.51055619e-01  1.93138482e-02 -4.87268090e-01 
 1.93188482e-02  5.42167708e-01  1.93188482e-02  3.58751261e-01  1.93188482e-02 -4.75184648e-01 
 1.93238482e-02  5.50087320e-01  1.93238482e-02  3.66908390e-01  1.93238482e-02 -4.62399728e-01 
 1.93288482e-02  5.58478357e-01  1.93288482e-02  3.75532165e-01  1.93288482e-02 -4.48923275e-01 
 1.93338482e-02  5.67319796e-01  1.93338482e-02  3.84601322e-01  1.93338482e-02 -4.34770995e-01 
 1.93388482e-02  5.76615779e-01  1.93388482e-02  3.94119759e-01  1.93388482e-02 -4.19954818e-01 
 1.93438482e-02  5.86344739e-01  1.93438482e-02  4.04065676e-01  1.93438482e-02 -4.04491174e-01 
 1.93488482e-02  5.96509599e-01  1.93488482e-02  4.14441761e-01  1.93488482e-02 -3.88393871e-01 
 1.93538482e-02  6.07088284e-01  1.93538482e-02  4.25225719e-01  1.93538482e-02 -3.71680017e-01 
 1.93588482e-02  6.18082527e-01  1.93588482e-02  4.36419059e-01  1.93588482e-02 -3.54365232e-01 
 1.93638482e-02  6.29469773e-01  1.93638482e-02  4.47999018e-01  1.93638482e-02 -3.36467277e-01 
 1.93688482e-02  6.41250633e-01  1.93688482e-02  4.59965997e-01  1.93688482e-02 -3.18003457e-01 
 1.93738482e-02  6.53402097e-01  1.93738482e-02  4.72296790e-01  1.93738482e-02 -2.98992163e-01 
 1.93788482e-02  6.65923695e-01  1.93788482e-02  4.84990728e-01  1.93788482e-02 -2.79452303e-01 
 1.93838482e-02  6.78792013e-01  1.93838482e-02  4.98024215e-01  1.93838482e-02 -2.59402836e-01 
 1.93888482e-02  6.92005558e-01  1.93888482e-02  5.11395576e-01  1.93888482e-02 -2.38864159e-01 
 1.93938482e-02  7.05540535e-01  1.93938482e-02  5.25080848e-01  1.93938482e-02 -2.17855780e-01 
 1.93988482e-02  7.19394494e-01  1.93988482e-02  5.39077411e-01  1.93988482e-02 -1.96399473e-01 
 1.94038482e-02  7.33543312e-01  1.94038482e-02  5.53360990e-01  1.94038482e-02 -1.74515217e-01 
 1.94088482e-02  7.47983630e-01  1.94088482e-02  5.67928072e-01  1.94088482e-02 -1.52226073e-01 
 1.94138482e-02  7.62691038e-01  1.94138482e-02  5.82754112e-01  1.94138482e-02 -1.29552448e-01 
 1.94188482e-02  7.77661345e-01  1.94188482e-02  5.97834778e-01  1.94188482e-02 -1.06518552e-01 
 1.94238482e-02  7.92869898e-01  1.94238482e-02  6.13145300e-01  1.94238482e-02 -8.31451630e-02 
 1.94288482e-02  8.08311726e-01  1.94288482e-02  6.28680582e-01  1.94288482e-02 -5.94575462e-02 
 1.94338482e-02  8.23961995e-01  1.94338482e-02  6.44415690e-01  1.94338482e-02 -3.54767704e-02 
 1.94388482e-02  8.39815025e-01  1.94388482e-02  6.60344836e-01  1.94388482e-02 -1.12290313e-02 
 1.94438482e-02  8.55845838e-01  1.94438482e-02  6.76442958e-01  1.94438482e-02  1.32643603e-02 
 1.94488482e-02  8.72048117e-01  1.94488482e-02  6.92703651e-01  1.94488482e-02  3.79763975e-02 
 1.94538482e-02  8.88396806e-01  1.94538482e-02  7.09101790e-01  1.94538482e-02  6.28856182e-02 
 1.94588482e-02  9.04885010e-01  1.94588482e-02  7.25630410e-01  1.94588482e-02  8.79643071e-02 
 1.94638482e-02  9.21487644e-01  1.94638482e-02  7.42264376e-01  1.94638482e-02  1.13190917e-01 
 1.94688482e-02  9.38197317e-01  1.94688482e-02  7.58996244e-01  1.94688482e-02  1.38537161e-01 
 1.94738482e-02  9.54988971e-01  1.94738482e-02  7.75800924e-01  1.94738482e-02  1.63981482e-01 
 1.94788482e-02  9.71854780e-01  1.94788482e-02  7.92670555e-01  1.94788482e-02  1.89495124e-01 
 1.94838482e-02  9.88769778e-01  1.94838482e-02  8.09580157e-01  1.94838482e-02  2.15056609e-01 
 1.94888482e-02  1.00572578e+00  1.94888482e-02  8.26521531e-01  1.94888482e-02  2.40636840e-01 
 1.94938482e-02  1.02269796e+00  1.94938482e-02  8.43469852e-01  1.94938482e-02  2.66214485e-01 
 1.94988482e-02  1.03967785e+00  1.94988482e-02  8.60416654e-01  1.94988482e-02  2.91760220e-01 
 1.95038482e-02  1.05664083e+00  1.95038482e-02  8.77337340e-01  1.95038482e-02  3.17252961e-01 
 1.95088482e-02  1.07357821e+00  1.95088482e-02  8.94223242e-01  1.95088482e-02  3.42663263e-01 
 1.95138482e-02  1.09046563e+00  1.95138482e-02  9.11050043e-01  1.95138482e-02  3.67970360e-01 
 1.95188482e-02  1.10729427e+00  1.95188482e-02  9.27808954e-01  1.95188482e-02  3.93150566e-01 
 1.95238482e-02  1.12404009e+00  1.95238482e-02  9.44475998e-01  1.95238482e-02  4.18205009e-01 
 1.95288482e-02  1.14069418e+00  1.95288482e-02  9.61042326e-01  1.95288482e-02  4.43011425e-01 
 1.95338482e-02  1.15723290e+00  1.95338482e-02  9.77484364e-01  1.95338482e-02  4.67680397e-01 
 1.95388482e-02  1.17364734e+00  1.95388482e-02  9.93793283e-01  1.95388482e-02  4.92054201e-01 
 1.95438482e-02  1.18991429e+00  1.95438482e-02  1.00994596e+00  1.95438482e-02  5.16240376e-01 
 1.95488482e-02  1.20602490e+00  1.95488482e-02  1.02593365e+00  1.95488482e-02  5.40085094e-01 
 1.95538482e-02  1.22195647e+00  1.95538482e-02  1.04173375e+00  1.95538482e-02  5.63693049e-01 
 1.95588482e-02  1.23770029e+00  1.95588482e-02  1.05733767e+00  1.95588482e-02  5.86914310e-01 
 1.95638482e-02  1.25323421e+00  1.95638482e-02  1.07272337e+00  1.95638482e-02  6.09850891e-01 
 1.95688482e-02  1.26854971e+00  1.95688482e-02  1.08788248e+00  1.95688482e-02  6.32356782e-01 
 1.95738482e-02  1.28362526e+00  1.95738482e-02  1.10279360e+00  1.95738482e-02  6.54531495e-01 
 1.95788482e-02  1.29845261e+00  1.95788482e-02  1.11744862e+00  1.95788482e-02  6.76232929e-01 
 1.95838482e-02  1.31301089e+00  1.95838482e-02  1.13182684e+00  1.95838482e-02  6.97558272e-01 
 1.95888482e-02  1.32729219e+00  1.95888482e-02  1.14592049e+00  1.95888482e-02  7.18369347e-01 
 1.95938482e-02  1.34127635e+00  1.95938482e-02  1.15970959e+00  1.95938482e-02  7.38761171e-01 
 1.95988482e-02  1.35495584e+00  1.95988482e-02  1.17318680e+00  1.95988482e-02  7.58599495e-01 
 1.96038482e-02  1.36831128e+00  1.96038482e-02  1.18633290e+00  1.96038482e-02  7.77977333e-01 
 1.96088482e-02  1.38133559e+00  1.96088482e-02  1.19914103e+00  1.96088482e-02  7.96764363e-01 
 1.96138482e-02  1.39401019e+00  1.96138482e-02  1.21159278e+00  1.96138482e-02  8.15051741e-01 
 1.96188482e-02  1.40634324e+00  1.96188482e-02  1.22369653e+00  1.96188482e-02  8.32735325e-01 
 1.96238482e-02  1.41828607e+00  1.96238482e-02  1.23540381e+00  1.96238482e-02  8.49858072e-01 
 1.96288482e-02  1.42985108e+00  1.96288482e-02  1.24672723e+00  1.96288482e-02  8.66324384e-01 
 1.96338482e-02  1.44101709e+00  1.96338482e-02  1.25764587e+00  1.96338482e-02  8.82216937e-01 
 1.96388482e-02  1.45178306e+00  1.96388482e-02  1.26815888e+00  1.96388482e-02  8.97422313e-01 
 1.96438482e-02  1.46212877e+00  1.96438482e-02  1.27824630e+00  1.96438482e-02  9.12021916e-01 
 1.96488482e-02  1.47205381e+00  1.96488482e-02  1.28790795e+00  1.96488482e-02  9.25906100e-01 
 1.96538482e-02  1.48153899e+00  1.96538482e-02  1.29712489e+00  1.96538482e-02  9.39155156e-01 
 1.96588482e-02  1.49058455e+00  1.96588482e-02  1.30589759e+00  1.96588482e-02  9.51663116e-01 
 1.96638482e-02  1.49917235e+00  1.96638482e-02  1.31420819e+00  1.96638482e-02  9.63509293e-01 
 1.96688482e-02  1.50730336e+00  1.96688482e-02  1.32205789e+00  1.96688482e-02  9.74591460e-01 
 1.96738482e-02  1.51496048e+00  1.96738482e-02  1.32942989e+00  1.96738482e-02  9.84988004e-01 
 1.96788482e-02  1.52214544e+00  1.96788482e-02  1.33632614e+00  1.96788482e-02  9.94600389e-01 
 1.96838482e-02  1.52884226e+00  1.96838482e-02  1.34273097e+00  1.96838482e-02  1.00350625e+00 
 1.96888482e-02  1.53505343e+00  1.96888482e-02  1.34864713e+00  1.96888482e-02  1.01161072e+00 
 1.96938482e-02  1.54076411e+00  1.96938482e-02  1.35406004e+00  1.96938482e-02  1.01899071e+00 
 1.96988482e-02  1.54597759e+00  1.96988482e-02  1.35897329e+00  1.96988482e-02  1.02555505e+00 
 1.97038482e-02  1.55068018e+00  1.97038482e-02  1.36337346e+00  1.97038482e-02  1.03138005e+00 
 1.97088482e-02  1.55487600e+00  1.97088482e-02  1.36726496e+00  1.97088482e-02  1.03637813e+00 
 1.97138482e-02  1.55855254e+00  1.97138482e-02  1.37063555e+00  1.97138482e-02  1.04062509e+00 
 1.97188482e-02  1.56171476e+00  1.97188482e-02  1.37349050e+00  1.97188482e-02  1.04403699e+00 
 1.97238482e-02  1.56435132e+00  1.97238482e-02  1.37581875e+00  1.97238482e-02  1.04668914e+00 
 1.97288482e-02  1.56646807e+00  1.97288482e-02  1.37762642e+00  1.97288482e-02  1.04850115e+00 
 1.97338482e-02  1.56805485e+00  1.97338482e-02  1.37890366e+00  1.97338482e-02  1.04954800e+00 
 1.97388482e-02  1.56911838e+00  1.97388482e-02  1.37965748e+00  1.97388482e-02  1.04975279e+00 
 1.97438482e-02  1.56964970e+00  1.97438482e-02  1.37987920e+00  1.97438482e-02  1.04919015e+00 
 1.97488482e-02  1.56965642e+00  1.97488482e-02  1.37957674e+00  1.97488482e-02  1.04778669e+00 
 1.97538482e-02  1.56913078e+00  1.97538482e-02  1.37874261e+00  1.97538482e-02  1.04561676e+00 
 1.97588482e-02  1.56808128e+00  1.97588482e-02  1.37738560e+00  1.97588482e-02  1.04261039e+00 
 1.97638482e-02  1.56650134e+00  1.97638482e-02  1.37549943e+00  1.97638482e-02  1.03884168e+00 
 1.97688482e-02  1.56440037e+00  1.97688482e-02  1.37309379e+00  1.97688482e-02  1.03424407e+00 
 1.97738482e-02  1.56177296e+00  1.97738482e-02  1.37016356e+00  1.97738482e-02  1.02889144e+00 
 1.97788482e-02  1.55862941e+00  1.97788482e-02  1.36671932e+00  1.97788482e-02  1.02272050e+00 
 1.97838482e-02  1.55496550e+00  1.97838482e-02  1.36275713e+00  1.97838482e-02  1.01580502e+00 
 1.97888482e-02  1.55079239e+00  1.97888482e-02  1.35828845e+00  1.97888482e-02  1.00808494e+00 
 1.97938482e-02  1.54610702e+00  1.97938482e-02  1.35331046e+00  1.97938482e-02  9.99633854e-01 
 1.97988482e-02  1.54092143e+00  1.97988482e-02  1.34783550e+00  1.97988482e-02  9.90394891e-01 
 1.98038482e-02  1.53523368e+00  1.98038482e-02  1.34186190e+00  1.98038482e-02  9.80441516e-01 
 1.98088482e-02  1.52905668e+00  1.98088482e-02  1.33540283e+00  1.98088482e-02  9.69719941e-01 
 1.98138482e-02  1.52238959e+00  1.98138482e-02  1.32845771e+00  1.98138482e-02  9.58303496e-01 
 1.98188482e-02  1.51524617e+00  1.98188482e-02  1.32104057e+00  1.98188482e-02  9.46141436e-01 
 1.98238482e-02  1.50762666e+00  1.98238482e-02  1.31315189e+00  1.98238482e-02  9.33306942e-01 
 1.98288482e-02  1.49954560e+00  1.98288482e-02  1.30480648e+00  1.98288482e-02  9.19752190e-01 
 1.98338482e-02  1.49100432e+00  1.98338482e-02  1.29600590e+00  1.98338482e-02  9.05550243e-01 
 1.98388482e-02  1.48201814e+00  1.98388482e-02  1.28676573e+00  1.98388482e-02  8.90656122e-01 
 1.98438482e-02  1.47258938e+00  1.98438482e-02  1.27708851e+00  1.98438482e-02  8.75142714e-01 
 1.98488482e-02  1.46273414e+00  1.98488482e-02  1.26699057e+00  1.98488482e-02  8.58967804e-01 
 1.98538482e-02  1.45245572e+00  1.98538482e-02  1.25647545e+00  1.98538482e-02  8.42204118e-01 
 1.98588482e-02  1.44177092e+00  1.98588482e-02  1.24556015e+00  1.98588482e-02  8.24812076e-01 
 1.98638482e-02  1.43068399e+00  1.98638482e-02  1.23424914e+00  1.98638482e-02  8.06864201e-01 
 1.98688482e-02  1.41921240e+00  1.98688482e-02  1.22256011e+00  1.98688482e-02  7.88323485e-01 
 1.98738482e-02  1.40736131e+00  1.98738482e-02  1.21049840e+00  1.98738482e-02  7.69262208e-01 
 1.98788482e-02  1.39516006e+00  1.98788482e-02  1.19809354e+00  1.98788482e-02  7.49662794e-01 
 1.98838482e-02  1.38259899e+00  1.98838482e-02  1.18533606e+00  1.98838482e-02  7.29573810e-01 
 1.98888482e-02  1.36968847e+00  1.98888482e-02  1.17223654e+00  1.98888482e-02  7.08949884e-01 
 1.98938482e-02  1.35646060e+00  1.98938482e-02  1.15882721e+00  1.98938482e-02  6.87901361e-01 
 1.98988482e-02  1.34290965e+00  1.98988482e-02  1.14510253e+00  1.98988482e-02  6.66360638e-01 
 1.99038482e-02  1.32906779e+00  1.99038482e-02  1.13109482e+00  1.99038482e-02  6.44435632e-01 
 1.99088482e-02  1.31493046e+00  1.99088482e-02  1.11679967e+00  1.99088482e-02  6.22062875e-01 
 1.99138482e-02  1.30052987e+00  1.99138482e-02  1.10224943e+00  1.99138482e-02  5.99347927e-01 
 1.99188482e-02  1.28586252e+00  1.99188482e-02  1.08744073e+00  1.99188482e-02  5.76231207e-01 
 1.99238482e-02  1.27096065e+00  1.99238482e-02  1.07240595e+00  1.99238482e-02  5.52815931e-01 
 1.99288482e-02  1.25582174e+00  1.99288482e-02  1.05714267e+00  1.99288482e-02  5.29046262e-01 
 1.99338482e-02  1.24047803e+00  1.99338482e-02  1.04168324e+00  1.99338482e-02  5.05023067e-01 
 1.99388482e-02  1.22492788e+00  1.99388482e-02  1.02602613e+00  1.99388482e-02  4.80694021e-01 
 1.99438482e-02  1.20920349e+00  1.99438482e-02  1.01020362e+00  1.99438482e-02  4.56157694e-01 
 1.99488482e-02  1.19330407e+00  1.99488482e-02  9.94215007e-01  1.99488482e-02  4.31365087e-01 
 1.99538482e-02  1.17726166e+00  1.99538482e-02  9.78092412e-01  1.99538482e-02  4.06412433e-01 
 1.99588482e-02  1.16107628e+00  1.99588482e-02  9.61835906e-01  1.99588482e-02  3.81253884e-01 
 1.99638482e-02  1.14477980e+00  1.99638482e-02  9.45477427e-01  1.99638482e-02  3.55983370e-01 
 1.99688482e-02  1.12837291e+00  1.99688482e-02  9.29017708e-01  1.99688482e-02  3.30593404e-01 
 1.99738482e-02  1.11188728e+00  1.99738482e-02  9.12488451e-01  1.99738482e-02  3.05078961e-01 
 1.99788482e-02  1.09532422e+00  1.99788482e-02  8.95891002e-01  1.99788482e-02  2.79512437e-01 
 1.99838482e-02  1.07871512e+00  1.99838482e-02  8.79256767e-01  1.99838482e-02  2.53881139e-01 
 1.99888482e-02  1.06206183e+00  1.99888482e-02  8.62587604e-01  1.99888482e-02  2.28247862e-01 
 1.99938482e-02  1.04539542e+00  1.99938482e-02  8.45914593e-01  1.99938482e-02  2.02600702e-01 
 1.99988482e-02  1.02871820e+00  1.99988482e-02  8.29240034e-01  1.99988482e-02  1.77001772e-01 
 2.00038482e-02  1.01206087e+00  2.00038482e-02  8.12594601e-01  2.00038482e-02  1.51439807e-01 
 2.00088482e-02  9.95426113e-01  2.00088482e-02  7.95980968e-01  2.00088482e-02  1.25976158e-01 
 2.00138482e-02  9.78844214e-01  2.00138482e-02  7.79429368e-01  2.00138482e-02  1.00600126e-01 
 2.00188482e-02  9.62318160e-01  2.00188482e-02  7.62942754e-01  2.00188482e-02  7.53721786e-02 
 2.00238482e-02  9.45877739e-01  2.00238482e-02  7.46550855e-01  2.00238482e-02  5.02820591e-02 
 2.00288482e-02  9.29526187e-01  2.00288482e-02  7.30256851e-01  2.00288482e-02  2.53892969e-02 
 2.00338482e-02  9.13292746e-01  2.00338482e-02  7.14089907e-01  2.00338482e-02  6.83967707e-04 
 2.00388482e-02  8.97180803e-01  2.00388482e-02  6.98053337e-01  2.00388482e-02 -2.37754581e-02 
 2.00438482e-02  8.81219014e-01  2.00438482e-02  6.82175702e-01  2.00438482e-02 -4.79986559e-02 
 2.00488482e-02  8.65410854e-01  2.00488482e-02  6.66460386e-01  2.00488482e-02 -7.19282848e-02 
 2.00538482e-02  8.49784321e-01  2.00538482e-02  6.50935275e-01  2.00538482e-02 -9.55739055e-02 
 2.00588482e-02  8.34342906e-01  2.00588482e-02  6.35603753e-01  2.00588482e-02 -1.18879391e-01 
 2.00638482e-02  8.19113915e-01  2.00638482e-02  6.20492996e-01  2.00638482e-02 -1.41854261e-01 
 2.00688482e-02  8.04100770e-01  2.00688482e-02  6.05606303e-01  2.00688482e-02 -1.64443704e-01 
 2.00738482e-02  7.89330023e-01  2.00738482e-02  5.90970081e-01  2.00738482e-02 -1.86657312e-01 
 2.00788482e-02  7.74804980e-01  2.00788482e-02  5.76587494e-01  2.00788482e-02 -2.08441644e-01 
 2.00838482e-02  7.60551387e-01  2.00838482e-02  5.62484129e-01  2.00838482e-02 -2.29806463e-01 
 2.00888482e-02  7.46572347e-01  2.00888482e-02  5.48662932e-01  2.00888482e-02 -2.50699801e-01 
 2.00938482e-02  7.32892764e-01  2.00938482e-02  5.35148631e-01  2.00938482e-02 -2.71131670e-01 
 2.00988482e-02  7.19515484e-01  2.00988482e-02  5.21943903e-01  2.00988482e-02 -2.91051632e-01 
 2.01038482e-02  7.06464506e-01  2.01038482e-02  5.09072555e-01  2.01038482e-02 -3.10470062e-01 
 2.01088482e-02  6.93742355e-01  2.01088482e-02  4.96536927e-01  2.01088482e-02 -3.29338128e-01 
 2.01138482e-02  6.81372098e-01  2.01138482e-02  4.84359884e-01  2.01138482e-02 -3.47666627e-01 
 2.01188482e-02  6.69355872e-01  2.01188482e-02  4.72543362e-01  2.01188482e-02 -3.65408410e-01 
 2.01238482e-02  6.57715757e-01  2.01238482e-02  4.61109225e-01  2.01238482e-02 -3.82574798e-01 
 2.01288482e-02  6.46453460e-01  2.01288482e-02  4.50058970e-01  2.01288482e-02 -3.99120367e-01 
 2.01338482e-02  6.35590036e-01  2.01338482e-02  4.39413423e-01  2.01338482e-02 -4.15057035e-01 
 2.01388482e-02  6.25126695e-01  2.01388482e-02  4.29173569e-01  2.01388482e-02 -4.30341180e-01 
 2.01438482e-02  6.15083438e-01  2.01438482e-02  4.19359171e-01  2.01438482e-02 -4.44985384e-01 
 2.01488482e-02  6.05460934e-01  2.01488482e-02  4.09970663e-01  2.01488482e-02 -4.58947867e-01 
 2.01538482e-02  5.96278085e-01  2.01538482e-02  4.01026699e-01  2.01538482e-02 -4.72241955e-01 
 2.01588482e-02  5.87534971e-01  2.01588482e-02  3.92527113e-01  2.01588482e-02 -4.84827765e-01 
 2.01638482e-02  5.79249378e-01  2.01638482e-02  3.84489431e-01  2.01638482e-02 -4.96719415e-01 
 2.01688482e-02  5.71420747e-01  2.01688482e-02  3.76912843e-01  2.01688482e-02 -5.07878963e-01 
 2.01738482e-02  5.64065708e-01  2.01738482e-02  3.69813711e-01  2.01738482e-02 -5.18321391e-01 
 2.01788482e-02  5.57183037e-01  2.01788482e-02  3.63190549e-01  2.01788482e-02 -5.28010725e-01 
 2.01838482e-02  5.50788189e-01  2.01838482e-02  3.57058538e-01  2.01838482e-02 -5.36962857e-01 
 2.01888482e-02  5.44879223e-01  2.01888482e-02  3.51415469e-01  2.01888482e-02 -5.45143827e-01 
 2.01938482e-02  5.39470401e-01  2.01938482e-02  3.46275323e-01  2.01938482e-02 -5.52570480e-01 
 2.01988482e-02  5.34559047e-01  2.01988482e-02  3.41635151e-01  2.01988482e-02 -5.59210883e-01 
 2.02038482e-02  5.30158203e-01  2.02038482e-02  3.37507708e-01  2.02038482e-02 -5.65082886e-01 
 2.02088482e-02  5.26264423e-01  2.02088482e-02  3.33889269e-01  2.02088482e-02 -5.70156610e-01 
 2.02138482e-02  5.22889528e-01  2.02138482e-02  3.30791366e-01  2.02138482e-02 -5.74450928e-01 
 2.02188482e-02  5.20029275e-01  2.02188482e-02  3.28209475e-01  2.02188482e-02 -5.77938033e-01 
 2.02238482e-02  5.17694247e-01  2.02238482e-02  3.26153885e-01  2.02238482e-02 -5.80637864e-01 
 2.02288482e-02  5.15879392e-01  2.02288482e-02  3.24619259e-01  2.02288482e-02 -5.82524680e-01 
 2.02338482e-02  5.14594052e-01  2.02338482e-02  3.23614644e-01  2.02338482e-02 -5.83619502e-01 
 2.02388482e-02  5.13832341e-01  2.02388482e-02  3.23133870e-01  2.02388482e-02 -5.83898673e-01 
 2.02438482e-02  5.13602359e-01  2.02438482e-02  3.23184740e-01  2.02438482e-02 -5.83384309e-01 
 2.02488482e-02  5.13897384e-01  2.02488482e-02  3.23760248e-01  2.02488482e-02 -5.82054820e-01 
 2.02538482e-02  5.14724270e-01  2.02538482e-02  3.24866952e-01  2.02538482e-02 -5.79933435e-01 
 2.02588482e-02  5.16075447e-01  2.02588482e-02  3.26496997e-01  2.02588482e-02 -5.77000628e-01 
 2.02638482e-02  5.17956538e-01  2.02638482e-02  3.28655713e-01  2.02638482e-02 -5.73280732e-01 
 2.02688482e-02  5.20359122e-01  2.02688482e-02  3.31334397e-01  2.02688482e-02 -5.68756268e-01 
 2.02738482e-02  5.23287593e-01  2.02738482e-02  3.34537152e-01  2.02738482e-02 -5.63452681e-01 
 2.02788482e-02  5.26732684e-01  2.02788482e-02  3.38254432e-01  2.02788482e-02 -5.57354509e-01 
 2.02838482e-02  5.30697579e-01  2.02838482e-02  3.42489135e-01  2.02838482e-02 -5.50488295e-01 
 2.02888482e-02  5.35172166e-01  2.02888482e-02  3.47230872e-01  2.02888482e-02 -5.42840574e-01 
 2.02938482e-02  5.40158434e-01  2.02938482e-02  3.52481353e-01  2.02938482e-02 -5.34438969e-01 
 2.02988482e-02  5.45645443e-01  2.02988482e-02  3.58229367e-01  2.02988482e-02 -5.25271971e-01 
 2.03038482e-02  5.51634007e-01  2.03038482e-02  3.64475454e-01  2.03038482e-02 -5.15368266e-01 
 2.03088482e-02  5.58112364e-01  2.03088482e-02  3.71207589e-01  2.03088482e-02 -5.04718263e-01 
 2.03138482e-02  5.65080187e-01  2.03138482e-02  3.78425176e-01  2.03138482e-02 -4.93351678e-01 
 2.03188482e-02  5.72524912e-01  2.03188482e-02  3.86115397e-01  2.03188482e-02 -4.81260791e-01 
 2.03238482e-02  5.80445093e-01  2.03238482e-02  3.94276546e-01  2.03238482e-02 -4.68476321e-01 
 2.03288482e-02  5.88827389e-01  2.03288482e-02  4.02895033e-01  2.03288482e-02 -4.54992362e-01 
 2.03338482e-02  5.97669270e-01  2.03338482e-02  4.11968082e-01  2.03338482e-02 -4.40840591e-01 
 2.03388482e-02  6.06956639e-01  2.03388482e-02  4.21481355e-01  2.03388482e-02 -4.26016867e-01 
 2.03438482e-02  6.16685920e-01  2.03438482e-02  4.31431039e-01  2.03438482e-02 -4.10553783e-01 
 2.03488482e-02  6.26842296e-01  2.03488482e-02  4.41802088e-01  2.03488482e-02 -3.94448888e-01 
 2.03538482e-02  6.37421179e-01  2.03538482e-02  4.52589686e-01  2.03538482e-02 -3.77735646e-01 
 2.03588482e-02  6.48407060e-01  2.03588482e-02  4.63778110e-01  2.03588482e-02 -3.60413236e-01 
 2.03638482e-02  6.59794391e-01  2.03638482e-02  4.75361595e-01  2.03638482e-02 -3.42515928e-01 
 2.03688482e-02  6.71567009e-01  2.03688482e-02  4.87323773e-01  2.03688482e-02 -3.24044457e-01 
 2.03738482e-02  6.83718444e-01  2.03738482e-02  4.99657973e-01  2.03738482e-02 -3.05033848e-01 
 2.03788482e-02  6.96231919e-01  2.03788482e-02  5.12347227e-01  2.03788482e-02 -2.85486312e-01 
 2.03838482e-02  7.09100099e-01  2.03838482e-02  5.25384010e-01  2.03838482e-02 -2.65437555e-01 
 2.03888482e-02  7.22305632e-01  2.03888482e-02  5.38750796e-01  2.03888482e-02 -2.44891192e-01 
 2.03938482e-02  7.35840365e-01  2.03938482e-02  5.52439255e-01  2.03938482e-02 -2.23883546e-01 
 2.03988482e-02  7.49686426e-01  2.03988482e-02  5.66431352e-01  2.03988482e-02 -2.02419537e-01 
 2.04038482e-02  7.63834894e-01  2.04038482e-02  5.80718010e-01  2.04038482e-02 -1.80536035e-01 
 2.04088482e-02  7.78267420e-01  2.04088482e-02  5.95280730e-01  2.04088482e-02 -1.58239185e-01 
 2.04138482e-02  7.92974381e-01  2.04138482e-02  6.10109747e-01  2.04138482e-02 -1.35566323e-01 
 2.04188482e-02  8.07937000e-01  2.04188482e-02  6.25186153e-01  2.04188482e-02 -1.12524721e-01 
 2.04238482e-02  8.23145006e-01  2.04238482e-02  6.40499549e-01  2.04238482e-02 -8.91521059e-02 
 2.04288482e-02  8.38579251e-01  2.04288482e-02  6.56030673e-01  2.04288482e-02 -6.54567845e-02 
 2.04338482e-02  8.54228879e-01  2.04338482e-02  6.71768557e-01  2.04338482e-02 -4.14767844e-02 
 2.04388482e-02  8.70074423e-01  2.04388482e-02  6.87693639e-01  2.04388482e-02 -1.72213524e-02 
 2.04438482e-02  8.86104503e-01  2.04438482e-02  7.03794444e-01  2.04438482e-02  7.27126409e-03 
 2.04488482e-02  9.02299395e-01  2.04488482e-02  7.20051168e-01  2.04488482e-02  3.19909862e-02 
 2.04538482e-02  9.18647260e-01  2.04538482e-02  7.36451896e-01  2.04538482e-02  5.68994331e-02 
 2.04588482e-02  9.35128169e-01  2.04588482e-02  7.52976636e-01  2.04588482e-02  8.19857899e-02 
 2.04638482e-02  9.51729894e-01  2.04638482e-02  7.69613103e-01  2.04638482e-02  1.07211637e-01 
 2.04688482e-02  9.68432364e-01  2.04688482e-02  7.86341180e-01  2.04688482e-02  1.32565530e-01 
 2.04738482e-02  9.85223023e-01  2.04738482e-02  8.03148271e-01  2.04738482e-02  1.58009096e-01 
 2.04788482e-02  1.00208172e+00  2.04788482e-02  8.20014199e-01  2.04788482e-02  1.83530366e-01 
 2.04838482e-02  1.01899564e+00  2.04838482e-02  8.36926129e-01  2.04838482e-02  2.09091112e-01 
 2.04888482e-02  1.03594462e+00  2.04888482e-02  8.53863881e-01  2.04888482e-02  2.34678944e-01 
 2.04938482e-02  1.05291564e+00  2.04938482e-02  8.70814447e-01  2.04938482e-02  2.60255866e-01 
 2.04988482e-02  1.06988859e+00  2.04988482e-02  8.87757711e-01  2.04988482e-02  2.85809178e-01 
 2.05038482e-02  1.08685033e+00  2.05038482e-02  9.04680560e-01  2.05038482e-02  3.11301213e-01 
 2.05088482e-02  1.10378085e+00  2.05088482e-02  9.21563002e-01  2.05088482e-02  3.36719061e-01 
 2.05138482e-02  1.12066696e+00  2.05138482e-02  9.38391890e-01  2.05138482e-02  3.62025477e-01 
 2.05188482e-02  1.13748882e+00  2.05188482e-02  9.55147418e-01  2.05188482e-02  3.87247034e-01 
 2.05238482e-02  1.15423326e+00  2.05238482e-02  9.71816470e-01  2.05238482e-02  4.12233677e-01 
 2.05288482e-02  1.17088065e+00  2.05288482e-02  9.88379491e-01  2.05288482e-02  4.37113784e-01 
 2.05338482e-02  1.18741792e+00  2.05338482e-02  1.00482347e+00  2.05338482e-02  4.61716829e-01 
 2.05388482e-02  1.20382573e+00  2.05388482e-02  1.02112915e+00  2.05388482e-02  4.86162465e-01 
 2.05438482e-02  1.22009116e+00  2.05438482e-02  1.03728369e+00  2.05438482e-02  5.10284535e-01 
 2.05488482e-02  1.23619522e+00  2.05488482e-02  1.05326822e+00  2.05488482e-02  5.34199280e-01 
 2.05538482e-02  1.25212520e+00  2.05538482e-02  1.06907011e+00  2.05538482e-02  5.57744903e-01 
 2.05588482e-02  1.26786254e+00  2.05588482e-02  1.08467093e+00  2.05588482e-02  5.81034428e-01 
 2.05638482e-02  1.28339480e+00  2.05638482e-02  1.10005836e+00  2.05638482e-02  6.03910408e-01 
 2.05688482e-02  1.29870389e+00  2.05688482e-02  1.11521444e+00  2.05688482e-02  6.26482850e-01 
 2.05738482e-02  1.31377772e+00  2.05738482e-02  1.13012722e+00  2.05738482e-02  6.48598640e-01 
 2.05788482e-02  1.32859873e+00  2.05788482e-02  1.14477928e+00  2.05788482e-02  6.70364958e-01 
 2.05838482e-02  1.34315523e+00  2.05838482e-02  1.15915909e+00  2.05838482e-02  6.91633017e-01 
 2.05888482e-02  1.35743026e+00  2.05888482e-02  1.17324984e+00  2.05888482e-02  7.12507348e-01 
 2.05938482e-02  1.37141257e+00  2.05938482e-02  1.18704048e+00  2.05938482e-02  7.32843482e-01 
 2.05988482e-02  1.38508585e+00  2.05988482e-02  1.20051485e+00  2.05988482e-02  7.52743482e-01 
 2.06038482e-02  1.39843939e+00  2.06038482e-02  1.21366242e+00  2.06038482e-02  7.72067182e-01 
 2.06088482e-02  1.41148420e+00  2.06088482e-02  1.22649439e+00  2.06088482e-02  7.90954605e-01 
 2.06138482e-02  1.42413330e+00  2.06138482e-02  1.23892401e+00  2.06138482e-02  8.09154290e-01 
 2.06188482e-02  1.43646807e+00  2.06188482e-02  1.25103283e+00  2.06188482e-02  8.26907224e-01 
 2.06238482e-02  1.44838728e+00  2.06238482e-02  1.26271987e+00  2.06238482e-02  8.43947349e-01 
 2.06288482e-02  1.45996766e+00  2.06288482e-02  1.27406203e+00  2.06288482e-02  8.60501556e-01 
 2.06338482e-02  1.47111041e+00  2.06338482e-02  1.28496076e+00  2.06338482e-02  8.76314395e-01 
 2.06388482e-02  1.48189140e+00  2.06388482e-02  1.29549215e+00  2.06388482e-02  8.91604769e-01 
 2.06438482e-02  1.49221421e+00  2.06438482e-02  1.30556004e+00  2.06438482e-02  9.06127533e-01 
 2.06488482e-02  1.50215392e+00  2.06488482e-02  1.31523971e+00  2.06488482e-02  9.20093882e-01 
 2.06538482e-02  1.51161655e+00  2.06538482e-02  1.32443746e+00  2.06538482e-02  9.33268842e-01 
 2.06588482e-02  1.52067646e+00  2.06588482e-02  1.33322785e+00  2.06588482e-02  9.45856273e-01 
 2.06638482e-02  1.52924205e+00  2.06638482e-02  1.34151959e+00  2.06638482e-02  9.57631022e-01 
 2.06688482e-02  1.53738704e+00  2.06688482e-02  1.34938663e+00  2.06688482e-02  9.68789996e-01 
 2.06738482e-02  1.54502231e+00  2.06738482e-02  1.35674012e+00  2.06738482e-02  9.79117716e-01 
 2.06788482e-02  1.55222093e+00  2.06788482e-02  1.36365338e+00  2.06788482e-02  9.88804367e-01 
 2.06838482e-02  1.55889621e+00  2.06838482e-02  1.37004002e+00  2.06838482e-02  9.97643886e-01 
 2.06888482e-02  1.56512072e+00  2.06888482e-02  1.37597286e+00  2.06888482e-02  1.00582015e+00 
 2.06938482e-02  1.57081020e+00  2.06938482e-02  1.38136792e+00  2.06938482e-02  1.01313625e+00 
 2.06988482e-02  1.57603669e+00  2.06988482e-02  1.38629752e+00  2.06988482e-02  1.01976996e+00 
 2.07038482e-02  1.58071840e+00  2.07038482e-02  1.39068015e+00  2.07038482e-02  1.02553340e+00 
 2.07088482e-02  1.58492694e+00  2.07088482e-02  1.39458770e+00  2.07088482e-02  1.03059856e+00 
 2.07138482e-02  1.58858290e+00  2.07138482e-02  1.39794107e+00  2.07138482e-02  1.03478624e+00 
 2.07188482e-02  1.59175752e+00  2.07188482e-02  1.40081174e+00  2.07188482e-02  1.03826295e+00 
 2.07238482e-02  1.59437383e+00  2.07238482e-02  1.40312307e+00  2.07238482e-02  1.04085804e+00 
 2.07288482e-02  1.59650268e+00  2.07288482e-02  1.40494618e+00  2.07288482e-02  1.04273270e+00 
 2.07338482e-02  1.59806949e+00  2.07338482e-02  1.40620679e+00  2.07338482e-02  1.04372459e+00 
 2.07388482e-02  1.59914483e+00  2.07388482e-02  1.40697574e+00  2.07388482e-02  1.04398992e+00 
 2.07438482e-02  1.59965649e+00  2.07438482e-02  1.40718115e+00  2.07438482e-02  1.04337440e+00 
 2.07488482e-02  1.59967473e+00  2.07488482e-02  1.40689351e+00  2.07488482e-02  1.04202943e+00 
 2.07538482e-02  1.59912972e+00  2.07538482e-02  1.40604334e+00  2.07538482e-02  1.03980862e+00 
 2.07588482e-02  1.59809146e+00  2.07588482e-02  1.40470089e+00  2.07588482e-02  1.03685878e+00 
 2.07638482e-02  1.59649244e+00  2.07638482e-02  1.40279897e+00  2.07638482e-02  1.03304113e+00 
 2.07688482e-02  1.59440242e+00  2.07688482e-02  1.40040760e+00  2.07688482e-02  1.02849811e+00 
 2.07738482e-02  1.59175621e+00  2.07738482e-02  1.39746190e+00  2.07738482e-02  1.02309841e+00 
 2.07788482e-02  1.58862335e+00  2.07788482e-02  1.39403165e+00  2.07788482e-02  1.01698023e+00 
 2.07838482e-02  1.58494090e+00  2.07838482e-02  1.39005426e+00  2.07838482e-02  1.01001948e+00 
 2.07888482e-02  1.58077822e+00  2.07888482e-02  1.38559929e+00  2.07888482e-02  1.00235037e+00 
 2.07938482e-02  1.57607459e+00  2.07938482e-02  1.38060638e+00  2.07938482e-02  9.93855777e-01 
 2.07988482e-02  1.57089915e+00  2.07988482e-02  1.37514487e+00  2.07988482e-02  9.84666040e-01 
 2.08038482e-02  1.56519342e+00  2.08038482e-02  1.36915660e+00  2.08038482e-02  9.74670846e-01 
 2.08088482e-02  1.55902631e+00  2.08088482e-02  1.36271073e+00  2.08088482e-02  9.63996831e-01 
 2.08138482e-02  1.55234150e+00  2.08138482e-02  1.35575121e+00  2.08138482e-02  9.52540216e-01 
 2.08188482e-02  1.54520771e+00  2.08188482e-02  1.34834699e+00  2.08188482e-02  9.40424073e-01 
 2.08238482e-02  1.53757074e+00  2.08238482e-02  1.34044417e+00  2.08238482e-02  9.27551002e-01 
 2.08288482e-02  1.52949907e+00  2.08288482e-02  1.33211145e+00  2.08288482e-02  9.14040608e-01 
 2.08338482e-02  1.52094057e+00  2.08338482e-02  1.32329696e+00  2.08338482e-02  8.99801611e-01 
 2.08388482e-02  1.51196353e+00  2.08388482e-02  1.31406922e+00  2.08388482e-02  8.84950320e-01 
 2.08438482e-02  1.50251782e+00  2.08438482e-02  1.30437835e+00  2.08438482e-02  8.69401364e-01 
 2.08488482e-02  1.49267148e+00  2.08488482e-02  1.29429260e+00  2.08488482e-02  8.53267809e-01 
 2.08538482e-02  1.48237633e+00  2.08538482e-02  1.28376405e+00  2.08538482e-02  8.36470002e-01 
 2.08588482e-02  1.47170020e+00  2.08588482e-02  1.27286072e+00  2.08588482e-02  8.19117899e-01 
 2.08638482e-02  1.46059679e+00  2.08638482e-02  1.26153652e+00  2.08638482e-02  8.01137301e-01 
 2.08688482e-02  1.44913364e+00  2.08688482e-02  1.24985921e+00  2.08688482e-02  7.82635132e-01 
 2.08738482e-02  1.43726629e+00  2.08738482e-02  1.23778454e+00  2.08738482e-02  7.63542482e-01 
 2.08788482e-02  1.42506201e+00  2.08788482e-02  1.22537995e+00  2.08788482e-02  7.43963296e-01 
 2.08838482e-02  1.41247809e+00  2.08838482e-02  1.21260293e+00  2.08838482e-02  7.23833701e-01 
 2.08888482e-02  1.39958245e+00  2.08888482e-02  1.19952156e+00  2.08888482e-02  7.03256234e-01 
 2.08938482e-02  1.38636096e+00  2.08938482e-02  1.18612189e+00  2.08938482e-02  6.82212500e-01 
 2.08988482e-02  1.37279585e+00  2.08988482e-02  1.17238634e+00  2.08988482e-02  6.60673698e-01 
 2.09038482e-02  1.35896009e+00  2.09038482e-02  1.15838801e+00  2.09038482e-02  6.38752998e-01 
 2.09088482e-02  1.34480890e+00  2.09088482e-02  1.14408228e+00  2.09088482e-02  6.16382659e-01 
 2.09138482e-02  1.33041413e+00  2.09138482e-02  1.12954113e+00  2.09138482e-02  5.93671547e-01 
 2.09188482e-02  1.31573318e+00  2.09188482e-02  1.11472212e+00  2.09188482e-02  5.70557644e-01 
 2.09238482e-02  1.30083688e+00  2.09238482e-02  1.09969617e+00  2.09238482e-02  5.47145811e-01 
 2.09288482e-02  1.28568465e+00  2.09288482e-02  1.08442285e+00  2.09288482e-02  5.23379375e-01 
 2.09338482e-02  1.27034622e+00  2.09338482e-02  1.06897197e+00  2.09338482e-02  4.99359180e-01 
 2.09388482e-02  1.25478302e+00  2.09388482e-02  1.05330509e+00  2.09388482e-02  4.75033764e-01 
 2.09438482e-02  1.23906368e+00  2.09438482e-02  1.03749089e+00  2.09438482e-02  4.50500084e-01 
 2.09488482e-02  1.22315144e+00  2.09488482e-02  1.02149273e+00  2.09488482e-02  4.25711439e-01 
 2.09538482e-02  1.20711383e+00  2.09538482e-02  1.00537820e+00  2.09538482e-02  4.00761061e-01 
 2.09588482e-02  1.19091590e+00  2.09588482e-02  9.89112415e-01  2.09588482e-02  3.75606850e-01 
 2.09638482e-02  1.17462398e+00  2.09638482e-02  9.72761749e-01  2.09638482e-02  3.50338261e-01 
 2.09688482e-02  1.15820476e+00  2.09688482e-02  9.56292971e-01  2.09688482e-02  3.24919121e-01 
 2.09738482e-02  1.14172347e+00  2.09738482e-02  9.39771309e-01  2.09738482e-02  2.99473260e-01 
 2.09788482e-02  1.12514833e+00  2.09788482e-02  9.23165040e-01  2.09788482e-02  2.73845898e-01 
 2.09838482e-02  1.10854332e+00  2.09838482e-02  9.06538151e-01  2.09838482e-02  2.48280532e-01 
 2.09888482e-02  1.09187817e+00  2.09888482e-02  8.89860398e-01  2.09888482e-02  2.22588982e-01 
 2.09938482e-02  1.07521566e+00  2.09938482e-02  8.73194527e-01  2.09938482e-02  1.97005262e-01 
 2.09988482e-02  1.05852679e+00  2.09988482e-02  8.56511582e-01  2.09988482e-02  1.71350497e-01 
 2.10038482e-02  1.04187313e+00  2.10038482e-02  8.39873065e-01  2.10038482e-02  1.45849539e-01 
 2.10088482e-02  1.02522697e+00  2.10088482e-02  8.23251277e-01  2.10088482e-02  1.20332448e-01 
 2.10138482e-02  1.00864853e+00  2.10138482e-02  8.06706380e-01  2.10138482e-02  9.50150901e-02 
 2.10188482e-02  9.92111255e-01  2.10188482e-02  7.90211802e-01  2.10188482e-02  6.97359490e-02 
 2.10238482e-02  9.75674104e-01  2.10238482e-02  7.73826414e-01  2.10238482e-02  4.47022832e-02 
 2.10288482e-02  9.59311548e-01  2.10288482e-02  7.57524656e-01  2.10288482e-02  1.97605274e-02 
 2.10338482e-02  9.43081164e-01  2.10338482e-02  7.41364008e-01  2.10338482e-02 -4.89052679e-03 
 2.10388482e-02  9.26958417e-01  2.10388482e-02  7.25319878e-01  2.10388482e-02 -2.93968431e-02 
 2.10438482e-02  9.10999510e-01  2.10438482e-02  7.09448362e-01  2.10438482e-02 -5.35678118e-02 
 2.10488482e-02  8.95180729e-01  2.10488482e-02  6.93725667e-01  2.10488482e-02 -7.75423264e-02 
 2.10538482e-02  8.79556885e-01  2.10538482e-02  6.78206478e-01  2.10538482e-02 -1.01137722e-01 
 2.10588482e-02  8.64105051e-01  2.10588482e-02  6.62867777e-01  2.10588482e-02 -1.24486129e-01 
 2.10638482e-02  8.48878568e-01  2.10638482e-02  6.47762759e-01  2.10638482e-02 -1.47412687e-01 
 2.10688482e-02  8.33855172e-01  2.10688482e-02  6.32869051e-01  2.10688482e-02 -1.70043206e-01 
 2.10738482e-02  8.19086768e-01  2.10738482e-02  6.18238399e-01  2.10738482e-02 -1.92210329e-01 
 2.10788482e-02  8.04551661e-01  2.10788482e-02  6.03848982e-01  2.10788482e-02 -2.14033929e-01 
 2.10838482e-02  7.90300227e-01  2.10838482e-02  5.89751001e-01  2.10838482e-02 -2.35354053e-01 
 2.10888482e-02  7.76311294e-01  2.10888482e-02  5.75923142e-01  2.10888482e-02 -2.56284936e-01 
 2.10938482e-02  7.62633719e-01  2.10938482e-02  5.62414071e-01  2.10938482e-02 -2.76673788e-01 
 2.10988482e-02  7.49246708e-01  2.10988482e-02  5.49202838e-01  2.10988482e-02 -2.96629649e-01 
 2.11038482e-02  7.36197567e-01  2.11038482e-02  5.36336547e-01  2.11038482e-02 -3.16006711e-01 
 2.11088482e-02  7.23465861e-01  2.11088482e-02  5.23794589e-01  2.11088482e-02 -3.34909064e-01 
 2.11138482e-02  7.11097288e-01  2.11138482e-02  5.11622445e-01  2.11138482e-02 -3.53197762e-01 
 2.11188482e-02  6.99071653e-01  2.11188482e-02  4.99799735e-01  2.11188482e-02 -3.70972321e-01 
 2.11238482e-02  6.87433075e-01  2.11238482e-02  4.88370350e-01  2.11238482e-02 -3.88100410e-01 
 2.11288482e-02  6.76161532e-01  2.11288482e-02  4.77314067e-01  2.11288482e-02 -4.04677271e-01 
 2.11338482e-02  6.65299489e-01  2.11338482e-02  4.66673111e-01  2.11338482e-02 -4.20577106e-01 
 2.11388482e-02  6.54827050e-01  2.11388482e-02  4.56427374e-01  2.11388482e-02 -4.35891134e-01 
 2.11438482e-02  6.44785041e-01  2.11438482e-02  4.46617433e-01  2.11438482e-02 -4.50499883e-01 
 2.11488482e-02  6.35153581e-01  2.11488482e-02  4.37223182e-01  2.11488482e-02 -4.64490897e-01 
 2.11538482e-02  6.25971833e-01  2.11538482e-02  4.28283523e-01  2.11538482e-02 -4.77750884e-01 
 2.11588482e-02  6.17219915e-01  2.11588482e-02  4.19778342e-01  2.11588482e-02 -4.90363907e-01 
 2.11638482e-02  6.08935290e-01  2.11638482e-02  4.11744831e-01  2.11638482e-02 -5.02222738e-01 
 2.11688482e-02  6.01097983e-01  2.11688482e-02  4.04162772e-01  2.11688482e-02 -5.13408261e-01 
 2.11738482e-02  5.93743784e-01  2.11738482e-02  3.97067680e-01  2.11738482e-02 -5.23819105e-01 
 2.11788482e-02  5.86852581e-01  2.11788482e-02  3.90439188e-01  2.11788482e-02 -5.33533197e-01 
 2.11838482e-02  5.80458437e-01  2.11838482e-02  3.84311078e-01  2.11838482e-02 -5.42454945e-01 
 2.11888482e-02  5.74541065e-01  2.11888482e-02  3.78662804e-01  2.11888482e-02 -5.50659523e-01 
 2.11938482e-02  5.69132834e-01  2.11938482e-02  3.73526442e-01  2.11938482e-02 -5.58056920e-01 
 2.11988482e-02  5.64213200e-01  2.11988482e-02  3.68881187e-01  2.11988482e-02 -5.64719824e-01 
 2.12038482e-02  5.59812817e-01  2.12038482e-02  3.64757396e-01  2.12038482e-02 -5.70563681e-01 
 2.12088482e-02  5.55910887e-01  2.12088482e-02  3.61134002e-01  2.12088482e-02 -5.75658829e-01 
 2.12138482e-02  5.52536340e-01  2.12138482e-02  3.58039636e-01  2.12138482e-02 -5.79926050e-01 
 2.12188482e-02  5.49668051e-01  2.12188482e-02  3.55452899e-01  2.12188482e-02 -5.83433568e-01 
 2.12238482e-02  5.47333258e-01  2.12238482e-02  3.53400729e-01  2.12238482e-02 -5.86107313e-01 
 2.12288482e-02  5.45510491e-01  2.12288482e-02  3.51861379e-01  2.12288482e-02 -5.88013546e-01 
 2.12338482e-02  5.44225270e-01  2.12338482e-02  3.50860066e-01  2.12338482e-02 -5.89083264e-01 
 2.12388482e-02  5.43455757e-01  2.12388482e-02  3.50374675e-01  2.12388482e-02 -5.89380914e-01 
 2.12438482e-02  5.43225794e-01  2.12438482e-02  3.50428744e-01  2.12438482e-02 -5.88842370e-01 
 2.12488482e-02  5.43513128e-01  2.12488482e-02  3.50999743e-01  2.12488482e-02 -5.87530453e-01 
 2.12538482e-02  5.44339921e-01  2.12538482e-02  3.52109531e-01  2.12538482e-02 -5.85385797e-01 
 2.12588482e-02  5.45683520e-01  2.12588482e-02  3.53735177e-01  2.12588482e-02 -5.82469684e-01 
 2.12638482e-02  5.47564421e-01  2.12638482e-02  3.55896877e-01  2.12638482e-02 -5.78727374e-01 
 2.12688482e-02  5.49959526e-01  2.12688482e-02  3.58571258e-01  2.12688482e-02 -5.74218777e-01 
 2.12738482e-02  5.52887708e-01  2.12738482e-02  3.61776895e-01  2.12738482e-02 -5.68893605e-01 
 2.12788482e-02  5.56325428e-01  2.12788482e-02  3.65489977e-01  2.12788482e-02 -5.62810489e-01 
 2.12838482e-02  5.60289935e-01  2.12838482e-02  3.69727460e-01  2.12838482e-02 -5.55923491e-01 
 2.12888482e-02  5.64757246e-01  2.12888482e-02  3.74465092e-01  2.12888482e-02 -5.48290061e-01 
 2.12938482e-02  5.69743039e-01  2.12938482e-02  3.79718263e-01  2.12938482e-02 -5.39868428e-01 
 2.12988482e-02  5.75222870e-01  2.12988482e-02  3.85462267e-01  2.12988482e-02 -5.30714980e-01 
 2.13038482e-02  5.81210861e-01  2.13038482e-02  3.91710944e-01  2.13038482e-02 -5.20791989e-01 
 2.13088482e-02  5.87682138e-01  2.13088482e-02  3.98439163e-01  2.13088482e-02 -5.10154823e-01 
 2.13138482e-02  5.94649305e-01  2.13138482e-02  4.05659254e-01  2.13138482e-02 -4.98769651e-01 
 2.13188482e-02  6.02087037e-01  2.13188482e-02  4.13345643e-01  2.13188482e-02 -4.86690927e-01 
 2.13238482e-02  6.10006475e-01  2.13238482e-02  4.21509205e-01  2.13238482e-02 -4.73888548e-01 
 2.13288482e-02  6.18381872e-01  2.13288482e-02  4.30123953e-01  2.13288482e-02 -4.60416090e-01 
 2.13338482e-02  6.27222924e-01  2.13338482e-02  4.39199326e-01  2.13338482e-02 -4.46247063e-01 
 2.13388482e-02  6.36503478e-01  2.13388482e-02  4.48708940e-01  2.13388482e-02 -4.31434219e-01 
 2.13438482e-02  6.46231855e-01  2.13438482e-02  4.58660870e-01  2.13438482e-02 -4.15954495e-01 
 2.13488482e-02  6.56381501e-01  2.13488482e-02  4.69028342e-01  2.13488482e-02 -3.99859878e-01 
 2.13538482e-02  6.66959396e-01  2.13538482e-02  4.79818101e-01  2.13538482e-02 -3.83130602e-01 
 2.13588482e-02  6.77938632e-01  2.13588482e-02  4.91003029e-01  2.13588482e-02 -3.65817889e-01 
 2.13638482e-02  6.89324902e-01  2.13638482e-02  5.02588599e-01  2.13638482e-02 -3.47905117e-01 
 2.13688482e-02  7.01090951e-01  2.13688482e-02  5.14547355e-01  2.13688482e-02 -3.29442795e-01 
 2.13738482e-02  7.13241249e-01  2.13738482e-02  5.26883561e-01  2.13738482e-02 -3.10417276e-01 
 2.13788482e-02  7.25748239e-01  2.13788482e-02  5.39569473e-01  2.13788482e-02 -2.90878350e-01 
 2.13838482e-02  7.38615209e-01  2.13838482e-02  5.52608186e-01  2.13838482e-02 -2.70815215e-01 
 2.13888482e-02  7.51814328e-01  2.13888482e-02  5.65971698e-01  2.13888482e-02 -2.50276959e-01 
 2.13938482e-02  7.65347786e-01  2.13938482e-02  5.79662018e-01  2.13938482e-02 -2.29255437e-01 
 2.13988482e-02  7.79187507e-01  2.13988482e-02  5.93650915e-01  2.13988482e-02 -2.07799044e-01 
 2.14038482e-02  7.93334628e-01  2.14038482e-02  6.07939358e-01  2.14038482e-02 -1.85902160e-01 
 2.14088482e-02  8.07760888e-01  2.14088482e-02  6.22498948e-01  2.14088482e-02 -1.63612457e-01 
 2.14138482e-02  8.22466439e-01  2.14138482e-02  6.37329686e-01  2.14138482e-02 -1.40926676e-01 
 2.14188482e-02  8.37422859e-01  2.14188482e-02  6.52403025e-01  2.14188482e-02 -1.17891776e-01 
 2.14238482e-02  8.52629389e-01  2.14238482e-02  6.67718073e-01  2.14238482e-02 -9.45066933e-02 
 2.14288482e-02  8.68057507e-01  2.14288482e-02  6.83246199e-01  2.14288482e-02 -7.08176373e-02 
 2.14338482e-02  8.83705596e-01  2.14338482e-02  6.98985671e-01  2.14338482e-02 -4.68256016e-02 
 2.14388482e-02  8.99545075e-01  2.14388482e-02  7.14907815e-01  2.14388482e-02 -2.25760274e-02 
 2.14438482e-02  9.15573559e-01  2.14438482e-02  7.31010146e-01  2.14438482e-02  1.92821529e-03 
 2.14488482e-02  9.31762453e-01  2.14488482e-02  7.47263995e-01  2.14488482e-02  2.66424777e-02 
 2.14538482e-02  9.48108659e-01  2.14538482e-02  7.63666184e-01  2.14538482e-02  5.15621490e-02 
 2.14588482e-02  9.64583634e-01  2.14588482e-02  7.80188110e-01  2.14588482e-02  7.66434257e-02 
 2.14638482e-02  9.81183646e-01  2.14638482e-02  7.96825981e-01  2.14638482e-02  1.01880122e-01 
 2.14688482e-02  9.97880241e-01  2.14688482e-02  8.13551300e-01  2.14688482e-02  1.27229295e-01 
 2.14738482e-02  1.01466913e+00  2.14738482e-02  8.30359736e-01  2.14738482e-02  1.52683342e-01 
 2.14788482e-02  1.03152201e+00  2.14788482e-02  8.47222966e-01  2.14788482e-02  1.78200245e-01 
 2.14838482e-02  1.04843411e+00  2.14838482e-02  8.64136183e-01  2.14838482e-02  2.03771122e-01 
 2.14888482e-02  1.06537733e+00  2.14888482e-02  8.81071289e-01  2.14888482e-02  2.29354915e-01 
 2.14938482e-02  1.08234648e+00  2.14938482e-02  8.98023088e-01  2.14938482e-02  2.54941635e-01 
 2.14988482e-02  1.09931373e+00  2.14988482e-02  9.14963762e-01  2.14988482e-02  2.80491231e-01 
 2.15038482e-02  1.11627354e+00  2.15038482e-02  9.31887789e-01  2.15038482e-02  3.05992738e-01 
 2.15088482e-02  1.13319842e+00  2.15088482e-02  9.48767692e-01  2.15088482e-02  3.31407175e-01 
 2.15138482e-02  1.15008256e+00  2.15138482e-02  9.65597708e-01  2.15138482e-02  3.56751604e-01 
 2.15188482e-02  1.16689882e+00  2.15188482e-02  9.82350747e-01  2.15188482e-02  3.81917853e-01 
 2.15238482e-02  1.18364124e+00  2.15238482e-02  9.99020875e-01  2.15238482e-02  4.06959804e-01 
 2.15288482e-02  1.20028309e+00  2.15288482e-02  1.01558146e+00  2.15288482e-02  4.31791267e-01 
 2.15338482e-02  1.21681829e+00  2.15338482e-02  1.03202646e+00  2.15338482e-02  4.56448082e-01 
 2.15388482e-02  1.23322061e+00  2.15388482e-02  1.04832975e+00  2.15388482e-02  4.80846579e-01 
 2.15438482e-02  1.24948392e+00  2.15438482e-02  1.06448527e+00  2.15438482e-02  5.05020925e-01 
 2.15488482e-02  1.26558254e+00  2.15488482e-02  1.08046745e+00  2.15488482e-02  5.28889997e-01 
 2.15538482e-02  1.28151036e+00  2.15538482e-02  1.09627028e+00  2.15538482e-02  5.52486442e-01 
 2.15588482e-02  1.29724231e+00  2.15588482e-02  1.11186880e+00  2.15588482e-02  5.75731714e-01 
 2.15638482e-02  1.31277237e+00  2.15638482e-02  1.12725711e+00  2.15638482e-02  5.98657111e-01 
 2.15688482e-02  1.32807612e+00  2.15688482e-02  1.14241094e+00  2.15688482e-02  6.21186677e-01 
 2.15738482e-02  1.34314770e+00  2.15738482e-02  1.15732456e+00  2.15738482e-02  6.43350514e-01 
 2.15788482e-02  1.35796342e+00  2.15788482e-02  1.17197441e+00  2.15788482e-02  6.65075296e-01 
 2.15838482e-02  1.37251764e+00  2.15838482e-02  1.18635502e+00  2.15838482e-02  6.86390075e-01 
 2.15888482e-02  1.38678741e+00  2.15888482e-02  1.20044360e+00  2.15888482e-02  7.07224167e-01 
 2.15938482e-02  1.40076919e+00  2.15938482e-02  1.21423678e+00  2.15938482e-02  7.27608437e-01 
 2.15988482e-02  1.41446548e+00  2.15988482e-02  1.22773721e+00  2.15988482e-02  7.47512135e-01 
 2.16038482e-02  1.42778800e+00  2.16038482e-02  1.24085685e+00  2.16038482e-02  7.66837210e-01 
 2.16088482e-02  1.44082863e+00  2.16088482e-02  1.25368771e+00  2.16088482e-02  7.85687210e-01 
 2.16138482e-02  1.45347075e+00  2.16138482e-02  1.26611345e+00  2.16138482e-02  8.03924104e-01 
 2.16188482e-02  1.46580494e+00  2.16188482e-02  1.27822474e+00  2.16188482e-02  8.21646094e-01 
 2.16238482e-02  1.47771720e+00  2.16238482e-02  1.28990791e+00  2.16238482e-02  8.38722504e-01 
 2.16288482e-02  1.48929696e+00  2.16288482e-02  1.30125252e+00  2.16288482e-02  8.55246647e-01 
 2.16338482e-02  1.50043284e+00  2.16338482e-02  1.31214746e+00  2.16338482e-02  8.71094955e-01 
 2.16388482e-02  1.51121313e+00  2.16388482e-02  1.32268121e+00  2.16388482e-02  8.86356047e-01 
 2.16438482e-02  1.52152913e+00  2.16438482e-02  1.33274536e+00  2.16438482e-02  9.00913448e-01 
 2.16488482e-02  1.53146811e+00  2.16488482e-02  1.34242735e+00  2.16488482e-02  9.14851370e-01 
 2.16538482e-02  1.54092398e+00  2.16538482e-02  1.35162140e+00  2.16538482e-02  9.28060139e-01 
 2.16588482e-02  1.54998307e+00  2.16588482e-02  1.36041405e+00  2.16588482e-02  9.40619896e-01 
 2.16638482e-02  1.55854198e+00  2.16638482e-02  1.36870218e+00  2.16638482e-02  9.52427710e-01 
 2.16688482e-02  1.56668612e+00  2.16688482e-02  1.37657141e+00  2.16688482e-02  9.63559783e-01 
 2.16738482e-02  1.57431474e+00  2.16738482e-02  1.38392132e+00  2.16738482e-02  9.73919759e-01 
 2.16788482e-02  1.58151246e+00  2.16788482e-02  1.39083673e+00  2.16788482e-02  9.83580273e-01 
 2.16838482e-02  1.58818117e+00  2.16838482e-02  1.39721986e+00  2.16838482e-02  9.92451334e-01 
 2.16888482e-02  1.59440472e+00  2.16888482e-02  1.40315478e+00  2.16888482e-02  1.00060215e+00 
 2.16938482e-02  1.60008767e+00  2.16938482e-02  1.40854637e+00  2.16938482e-02  1.00794906e+00 
 2.16988482e-02  1.60531317e+00  2.16988482e-02  1.41347802e+00  2.16988482e-02  1.01455807e+00 
 2.17038482e-02  1.60998840e+00  2.17038482e-02  1.41785723e+00  2.17038482e-02  1.02035160e+00 
 2.17088482e-02  1.61419588e+00  2.17088482e-02  1.42176676e+00  2.17088482e-02  1.02539272e+00 
 2.17138482e-02  1.61784543e+00  2.17138482e-02  1.42511677e+00  2.17138482e-02  1.02960983e+00 
 2.17188482e-02  1.62101895e+00  2.17188482e-02  1.42798939e+00  2.17188482e-02  1.03306317e+00 
 2.17238482e-02  1.62362888e+00  2.17238482e-02  1.43029738e+00  2.17238482e-02  1.03568698e+00 
 2.17288482e-02  1.62575659e+00  2.17288482e-02  1.43212239e+00  2.17288482e-02  1.03753895e+00 
 2.17338482e-02  1.62731709e+00  2.17338482e-02  1.43337973e+00  2.17338482e-02  1.03855893e+00 
 2.17388482e-02  1.62839123e+00  2.17388482e-02  1.43415052e+00  2.17388482e-02  1.03880218e+00 
 2.17438482e-02  1.62889662e+00  2.17438482e-02  1.43435269e+00  2.17438482e-02  1.03821411e+00 
 2.17488482e-02  1.62891364e+00  2.17488482e-02  1.43406687e+00  2.17488482e-02  1.03684770e+00 
 2.17538482e-02  1.62836240e+00  2.17538482e-02  1.43321351e+00  2.17538482e-02  1.03465371e+00 
 2.17588482e-02  1.62732285e+00  2.17588482e-02  1.43187281e+00  2.17588482e-02  1.03168301e+00 
 2.17638482e-02  1.62571767e+00  2.17638482e-02  1.42996776e+00  2.17638482e-02  1.02789159e+00 
 2.17688482e-02  1.62362633e+00  2.17688482e-02  1.42757809e+00  2.17688482e-02  1.02332832e+00 
 2.17738482e-02  1.62097399e+00  2.17738482e-02  1.42462929e+00  2.17738482e-02  1.01795424e+00 
 2.17788482e-02  1.61783976e+00  2.17788482e-02  1.42120071e+00  2.17788482e-02  1.01181639e+00 
 2.17838482e-02  1.61415125e+00  2.17838482e-02  1.41722027e+00  2.17838482e-02  1.00488070e+00 
 2.17888482e-02  1.60998715e+00  2.17888482e-02  1.41276691e+00  2.17888482e-02  9.97192449e-01 
 2.17938482e-02  1.60527749e+00  2.17938482e-02  1.40777099e+00  2.17938482e-02  9.88722351e-01 
 2.17988482e-02  1.60010061e+00  2.17988482e-02  1.40231107e+00  2.17988482e-02  9.79514045e-01 
 2.18038482e-02  1.59438889e+00  2.18038482e-02  1.39631983e+00  2.18038482e-02  9.69542798e-01 
 2.18088482e-02  1.58822029e+00  2.18088482e-02  1.38987548e+00  2.18088482e-02  9.58850718e-01 
 2.18138482e-02  1.58152954e+00  2.18138482e-02  1.38291304e+00  2.18138482e-02  9.47417534e-01 
 2.18188482e-02  1.57439423e+00  2.18188482e-02  1.37551032e+00  2.18188482e-02  9.35283857e-01 
 2.18238482e-02  1.56675134e+00  2.18238482e-02  1.36760460e+00  2.18238482e-02  9.22433675e-01 
 2.18288482e-02  1.55867812e+00  2.18288482e-02  1.35927333e+00  2.18288482e-02  9.08906249e-01 
 2.18338482e-02  1.55011377e+00  2.18338482e-02  1.35045601e+00  2.18338482e-02  8.94689659e-01 
 2.18388482e-02  1.54113512e+00  2.18388482e-02  1.34122967e+00  2.18388482e-02  8.79821811e-01 
 2.18438482e-02  1.53168359e+00  2.18438482e-02  1.33153599e+00  2.18438482e-02  8.64294757e-01 
 2.18488482e-02  1.52183562e+00  2.18488482e-02  1.32145162e+00  2.18488482e-02  8.48145142e-01 
 2.18538482e-02  1.51153470e+00  2.18538482e-02  1.31092031e+00  2.18538482e-02  8.31368759e-01 
 2.18588482e-02  1.50085689e+00  2.18588482e-02  1.30001829e+00  2.18588482e-02  8.14001040e-01 
 2.18638482e-02  1.48974774e+00  2.18638482e-02  1.28869137e+00  2.18638482e-02  7.96041409e-01 
 2.18688482e-02  1.47828288e+00  2.18688482e-02  1.27701535e+00  2.18688482e-02  7.77524090e-01 
 2.18738482e-02  1.46640984e+00  2.18738482e-02  1.26493799e+00  2.18738482e-02  7.58451932e-01 
 2.18788482e-02  1.45420382e+00  2.18788482e-02  1.25253465e+00  2.18788482e-02  7.38858035e-01 
 2.18838482e-02  1.44161425e+00  2.18838482e-02  1.23975498e+00  2.18838482e-02  7.18748508e-01 
 2.18888482e-02  1.42871585e+00  2.18888482e-02  1.22667386e+00  2.18888482e-02  6.98155291e-01 
 2.18938482e-02  1.41545993e+00  2.18938482e-02  1.21324278e+00  2.18938482e-02  6.77087613e-01 
 2.18988482e-02  1.40192073e+00  2.18988482e-02  1.19953612e+00  2.18988482e-02  6.55576306e-01 
 2.19038482e-02  1.38807898e+00  2.19038482e-02  1.18553479e+00  2.19038482e-02  6.33675371e-01 
 2.19088482e-02  1.37393077e+00  2.19088482e-02  1.17123504e+00  2.19088482e-02  6.11297711e-01 
 2.19138482e-02  1.35952570e+00  2.19138482e-02  1.15668657e+00  2.19138482e-02  5.88599431e-01 
 2.19188482e-02  1.34484758e+00  2.19188482e-02  1.14187338e+00  2.19188482e-02  5.65478268e-01 
 2.19238482e-02  1.32994114e+00  2.19238482e-02  1.12684028e+00  2.19238482e-02  5.42079221e-01 
 2.19288482e-02  1.31479155e+00  2.19288482e-02  1.11157258e+00  2.19288482e-02  5.18305490e-01 
 2.19338482e-02  1.29944318e+00  2.19338482e-02  1.09611475e+00  2.19338482e-02  4.94298121e-01 
 2.19388482e-02  1.28388246e+00  2.19388482e-02  1.08045332e+00  2.19388482e-02  4.69965427e-01 
 2.19438482e-02  1.26815332e+00  2.19438482e-02  1.06463231e+00  2.19438482e-02  4.45444489e-01 
 2.19488482e-02  1.25224340e+00  2.19488482e-02  1.04863945e+00  2.19488482e-02  4.20648616e-01 
 2.19538482e-02  1.23619620e+00  2.19538482e-02  1.03251830e+00  2.19538482e-02  3.95710987e-01 
 2.19588482e-02  1.22000039e+00  2.19588482e-02  1.01625761e+00  2.19588482e-02  3.70549522e-01 
 2.19638482e-02  1.20369903e+00  2.19638482e-02  9.99900484e-01  2.19638482e-02  3.45293636e-01 
 2.19688482e-02  1.18728181e+00  2.19688482e-02  9.83436676e-01  2.19688482e-02  3.19865693e-01 
 2.19738482e-02  1.17079123e+00  2.19738482e-02  9.66908698e-01  2.19738482e-02  2.94403497e-01 
 2.19788482e-02  1.15421790e+00  2.19788482e-02  9.50307217e-01  2.19788482e-02  2.68829590e-01 
 2.19838482e-02  1.13760379e+00  2.19838482e-02  9.33674194e-01  2.19838482e-02  2.43217259e-01 
 2.19888482e-02  1.12094032e+00  2.19888482e-02  9.17001083e-01  2.19888482e-02  2.17577181e-01 
 2.19938482e-02  1.10426882e+00  2.19938482e-02  9.00329196e-01  2.19938482e-02  1.91948395e-01 
 2.19988482e-02  1.08758150e+00  2.19988482e-02  8.83650757e-01  2.19988482e-02  1.66343198e-01 
 2.20038482e-02  1.07091902e+00  2.20038482e-02  8.67006393e-01  2.20038482e-02  1.40799086e-01 
 2.20088482e-02  1.05427423e+00  2.20088482e-02  8.50388941e-01  2.20088482e-02  1.15329678e-01 
 2.20138482e-02  1.03768711e+00  2.20138482e-02  8.33838331e-01  2.20138482e-02  8.99709553e-02 
 2.20188482e-02  1.02115111e+00  2.20188482e-02  8.17347977e-01  2.20188482e-02  6.47377646e-02 
 2.20238482e-02  1.00470541e+00  2.20238482e-02  8.00957004e-01  2.20238482e-02  3.96644553e-02 
 2.20288482e-02  9.88343968e-01  2.20288482e-02  7.84659310e-01  2.20288482e-02  1.47669039e-02 
 2.20338482e-02  9.72105196e-01  2.20338482e-02  7.68493233e-01  2.20338482e-02 -9.92209196e-03 
 2.20388482e-02  9.55983439e-01  2.20388482e-02  7.52453045e-01  2.20388482e-02 -3.43858340e-02 
 2.20438482e-02  9.40016251e-01  2.20438482e-02  7.36576202e-01  2.20438482e-02 -5.85931808e-02 
 2.20488482e-02  9.24198339e-01  2.20488482e-02  7.20857326e-01  2.20488482e-02 -8.25266945e-02 
 2.20538482e-02  9.08566365e-01  2.20538482e-02  7.05332960e-01  2.20538482e-02 -1.06156891e-01 
 2.20588482e-02  8.93115259e-01  2.20588482e-02  6.89997932e-01  2.20588482e-02 -1.29465848e-01 
 2.20638482e-02  8.77880761e-01  2.20638482e-02  6.74887849e-01  2.20638482e-02 -1.52425739e-01 
 2.20688482e-02  8.62857998e-01  2.20688482e-02  6.59997717e-01  2.20688482e-02 -1.75018235e-01 
 2.20738482e-02  8.48081697e-01  2.20738482e-02  6.45362115e-01  2.20738482e-02 -1.97217270e-01 
 2.20788482e-02  8.33547086e-01  2.20788482e-02  6.30976134e-01  2.20788482e-02 -2.19004289e-01 
 2.20838482e-02  8.19287890e-01  2.20838482e-02  6.16873335e-01  2.20838482e-02 -2.40354927e-01 
 2.20888482e-02  8.05299352e-01  2.20888482e-02  6.03048808e-01  2.20888482e-02 -2.61250567e-01 
 2.20938482e-02  7.91614108e-01  2.20938482e-02  5.89535010e-01  2.20938482e-02 -2.81668647e-01 
 2.20988482e-02  7.78227383e-01  2.20988482e-02  5.76326999e-01  2.20988482e-02 -3.01590565e-01 
 2.21038482e-02  7.65170708e-01  2.21038482e-02  5.63456111e-01  2.21038482e-02 -3.20995554e-01 
 2.21088482e-02  7.52439168e-01  2.21088482e-02  5.50917250e-01  2.21088482e-02 -3.39865239e-01 
 2.21138482e-02  7.40063158e-01  2.21138482e-02  5.38740605e-01  2.21138482e-02 -3.58180662e-01 
 2.21188482e-02  7.28037605e-01  2.21188482e-02  5.26920907e-01  2.21188482e-02 -3.75923728e-01 
 2.21238482e-02  7.16391696e-01  2.21238482e-02  5.15487123e-01  2.21238482e-02 -3.93077370e-01 
 2.21288482e-02  7.05120116e-01  2.21288482e-02  5.04433730e-01  2.21288482e-02 -4.09623925e-01 
 2.21338482e-02  6.94250857e-01  2.21338482e-02  4.93788487e-01  2.21338482e-02 -4.25548168e-01 
 2.21388482e-02  6.83778294e-01  2.21388482e-02  4.83545551e-01  2.21388482e-02 -4.40832989e-01 
 2.21438482e-02  6.73729153e-01  2.21438482e-02  4.73731404e-01  2.21438482e-02 -4.55465087e-01 
 2.21488482e-02  6.64097474e-01  2.21488482e-02  4.64339855e-01  2.21488482e-02 -4.69427967e-01 
 2.21538482e-02  6.54908709e-01  2.21538482e-02  4.55396103e-01  2.21538482e-02 -4.82710234e-01 
 2.21588482e-02  6.46156470e-01  2.21588482e-02  4.46893519e-01  2.21588482e-02 -4.95296169e-01 
 2.21638482e-02  6.37864912e-01  2.21638482e-02  4.38855996e-01  2.21638482e-02 -5.07176294e-01 
 2.21688482e-02  6.30027210e-01  2.21688482e-02  4.31276459e-01  2.21688482e-02 -5.18335698e-01 
 2.21738482e-02  6.22666173e-01  2.21738482e-02  4.24177447e-01  2.21738482e-02 -5.28766870e-01 
 2.21788482e-02  6.15774471e-01  2.21788482e-02  4.17551369e-01  2.21788482e-02 -5.38455821e-01 
 2.21838482e-02  6.09373587e-01  2.21838482e-02  4.11419435e-01  2.21838482e-02 -5.47396959e-01 
 2.21888482e-02  6.03455643e-01  2.21888482e-02  4.05773498e-01  2.21888482e-02 -5.55577296e-01 
 2.21938482e-02  5.98040746e-01  2.21938482e-02  4.00633384e-01  2.21938482e-02 -5.62993214e-01 
 2.21988482e-02  5.93120454e-01  2.21988482e-02  3.95990378e-01  2.21988482e-02 -5.69632762e-01 
 2.22038482e-02  5.88713506e-01  2.22038482e-02  3.91862932e-01  2.22038482e-02 -5.75494262e-01 
 2.22088482e-02  5.84810834e-01  2.22088482e-02  3.88241700e-01  2.22088482e-02 -5.80566911e-01 
 2.22138482e-02  5.81429794e-01  2.22138482e-02  3.85143747e-01  2.22138482e-02 -5.84850970e-01 
 2.22188482e-02  5.78560695e-01  2.22188482e-02  3.82559103e-01  2.22188482e-02 -5.88336785e-01 
 2.22238482e-02  5.76219494e-01  2.22238482e-02  3.80503429e-01  2.22238482e-02 -5.91026573e-01 
 2.22288482e-02  5.74395829e-01  2.22288482e-02  3.78966081e-01  2.22288482e-02 -5.92911907e-01 
 2.22338482e-02  5.73104283e-01  2.22338482e-02  3.77961344e-01  2.22338482e-02 -5.93996902e-01 
 2.22388482e-02  5.72333809e-01  2.22388482e-02  3.77477888e-01  2.22388482e-02 -5.94274390e-01 
 2.22438482e-02  5.72097588e-01  2.22438482e-02  3.77528597e-01  2.22438482e-02 -5.93750408e-01 
 2.22488482e-02  5.72383885e-01  2.22488482e-02  3.78101453e-01  2.22488482e-02 -5.92419060e-01 
 2.22538482e-02  5.73204507e-01  2.22538482e-02  3.79207965e-01  2.22538482e-02 -5.90288247e-01 
 2.22588482e-02  5.74546997e-01  2.22588482e-02  3.80835394e-01  2.22588482e-02 -5.87353404e-01 
 2.22638482e-02  5.76421789e-01  2.22638482e-02  3.82993878e-01  2.22638482e-02 -5.83624278e-01 
 2.22688482e-02  5.78815726e-01  2.22688482e-02  3.85669979e-01  2.22688482e-02 -5.79097608e-01 
 2.22738482e-02  5.81737874e-01  2.22738482e-02  3.88872472e-01  2.22738482e-02 -5.73784966e-01 
 2.22788482e-02  5.85174351e-01  2.22788482e-02  3.92587197e-01  2.22788482e-02 -5.67684435e-01 
 2.22838482e-02  5.89132895e-01  2.22838482e-02  3.96821603e-01  2.22838482e-02 -5.60809343e-01 
 2.22888482e-02  5.93598908e-01  2.22888482e-02  4.01560821e-01  2.22888482e-02 -5.53159102e-01 
 2.22938482e-02  5.98578798e-01  2.22938482e-02  4.06810973e-01  2.22938482e-02 -5.44748789e-01 
 2.22988482e-02  6.04057264e-01  2.22988482e-02  4.12556492e-01  2.22988482e-02 -5.35579131e-01 
 2.23038482e-02  6.10039428e-01  2.23038482e-02  4.18802223e-01  2.23038482e-02 -5.25666873e-01 
 2.23088482e-02  6.16509279e-01  2.23088482e-02  4.25531893e-01  2.23088482e-02 -5.15014069e-01 
 2.23138482e-02  6.23470672e-01  2.23138482e-02  4.32749090e-01  2.23138482e-02 -5.03639093e-01 
 2.23188482e-02  6.30906927e-01  2.23188482e-02  4.40436876e-01  2.23188482e-02 -4.91545270e-01 
 2.23238482e-02  6.38820658e-01  2.23238482e-02  4.48597607e-01  2.23238482e-02 -4.78752550e-01 
 2.23288482e-02  6.47194512e-01  2.23288482e-02  4.57213684e-01  2.23288482e-02 -4.65265533e-01 
 2.23338482e-02  6.56029918e-01  2.23338482e-02  4.66286284e-01  2.23338482e-02 -4.51105657e-01 
 2.23388482e-02  6.65308882e-01  2.23388482e-02  4.75797177e-01  2.23388482e-02 -4.36278749e-01 
 2.23438482e-02  6.75031666e-01  2.23438482e-02  4.85746385e-01  2.23438482e-02 -4.20807696e-01 
 2.23488482e-02  6.85179664e-01  2.23488482e-02  4.96115075e-01  2.23488482e-02 -4.04699508e-01 
 2.23538482e-02  6.95752031e-01  2.23538482e-02  5.06902173e-01  2.23538482e-02 -3.87978423e-01 
 2.23588482e-02  7.06729567e-01  2.23588482e-02  5.18088265e-01  2.23588482e-02 -3.70652608e-01 
 2.23638482e-02  7.18110358e-01  2.23638482e-02  5.29671219e-01  2.23638482e-02 -3.52747588e-01 
 2.23688482e-02  7.29874660e-01  2.23688482e-02  5.41631090e-01  2.23688482e-02 -3.34272607e-01 
 2.23738482e-02  7.42019538e-01  2.23738482e-02  5.53964737e-01  2.23738482e-02 -3.15254401e-01 
 2.23788482e-02  7.54524725e-01  2.23788482e-02  5.66651705e-01  2.23788482e-02 -2.95703258e-01 
 2.23838482e-02  7.67386326e-01  2.23838482e-02  5.79687908e-01  2.23838482e-02 -2.75647023e-01 
 2.23888482e-02  7.80583602e-01  2.23888482e-02  5.93052434e-01  2.23888482e-02 -2.55096953e-01 
 2.23938482e-02  7.94111738e-01  2.23938482e-02  6.06740288e-01  2.23938482e-02 -2.34081939e-01 
 2.23988482e-02  8.07949566e-01  2.23988482e-02  6.20730144e-01  2.23988482e-02 -2.12614138e-01 
 2.24038482e-02  8.22091422e-01  2.24038482e-02  6.35016175e-01  2.24038482e-02 -1.90723372e-01 
 2.24088482e-02  8.36515744e-01  2.24088482e-02  6.49576678e-01  2.24088482e-02 -1.68422642e-01 
 2.24138482e-02  8.51216071e-01  2.24138482e-02  6.64405042e-01  2.24138482e-02 -1.45742621e-01 
 2.24188482e-02  8.66170514e-01  2.24188482e-02  6.79479251e-01  2.24188482e-02 -1.22697058e-01 
 2.24238482e-02  8.81371872e-01  2.24238482e-02  6.94791975e-01  2.24238482e-02 -9.93173775e-02 
 2.24288482e-02  8.96797964e-01  2.24288482e-02  7.10320920e-01  2.24288482e-02 -7.56180192e-02 
 2.24338482e-02  9.12440926e-01  2.24338482e-02  7.26058110e-01  2.24338482e-02 -5.16310509e-02 
 2.24388482e-02  9.28278345e-01  2.24388482e-02  7.41981034e-01  2.24388482e-02 -2.73715043e-02 
 2.24438482e-02  9.44301744e-01  2.24438482e-02  7.58081123e-01  2.24438482e-02 -2.87200846e-03 
 2.24488482e-02  9.60488533e-01  2.24488482e-02  7.74335707e-01  2.24488482e-02  2.18518936e-02 
 2.24538482e-02  9.76829703e-01  2.24538482e-02  7.90735698e-01  2.24538482e-02  4.67671354e-02 
 2.24588482e-02  9.93302535e-01  2.24588482e-02  8.07258319e-01  2.24588482e-02  7.18577417e-02 
 2.24638482e-02  1.00989755e+00  2.24638482e-02  8.23894027e-01  2.24638482e-02  9.70902974e-02 
 2.24688482e-02  1.02659196e+00  2.24688482e-02  8.40620002e-01  2.24688482e-02  1.22448502e-01 
 2.24738482e-02  1.04337590e+00  2.24738482e-02  8.57426317e-01  2.24738482e-02  1.47898701e-01 
 2.24788482e-02  1.06022656e+00  2.24788482e-02  8.74290160e-01  2.24788482e-02  1.73424341e-01 
 2.24838482e-02  1.07713375e+00  2.24838482e-02  8.91201292e-01  2.24838482e-02  1.98991641e-01 
 2.24888482e-02  1.09407471e+00  2.24888482e-02  9.08136977e-01  2.24888482e-02  2.24583902e-01 
 2.24938482e-02  1.11103899e+00  2.24938482e-02  9.25086728e-01  2.24938482e-02  2.50167307e-01 
 2.24988482e-02  1.12800395e+00  2.24988482e-02  9.42027939e-01  2.24988482e-02  2.75725098e-01 
 2.25038482e-02  1.14495893e+00  2.25038482e-02  9.58949956e-01  2.25038482e-02  3.01223546e-01 
 2.25088482e-02  1.16188148e+00  2.25088482e-02  9.75830363e-01  2.25088482e-02  3.26663826e-01 
 2.25138482e-02  1.17876082e+00  2.25138482e-02  9.92658398e-01  2.25138482e-02  3.51985900e-01 
 2.25188482e-02  1.19557474e+00  2.25188482e-02  1.00941191e+00  2.25188482e-02  3.77163164e-01 
 2.25238482e-02  1.21231238e+00  2.25238482e-02  1.02608009e+00  2.25238482e-02  4.02199240e-01 
 2.25288482e-02  1.22895185e+00  2.25288482e-02  1.04264111e+00  2.25288482e-02  4.27041422e-01 
 2.25338482e-02  1.24548232e+00  2.25338482e-02  1.05908419e+00  2.25338482e-02  4.51692638e-01 
 2.25388482e-02  1.26188223e+00  2.25388482e-02  1.07538789e+00  2.25388482e-02  4.76101575e-01 
 2.25438482e-02  1.27814085e+00  2.25438482e-02  1.09154153e+00  2.25438482e-02  5.00270592e-01 
 2.25488482e-02  1.29423702e+00  2.25488482e-02  1.10752408e+00  2.25488482e-02  5.24149826e-01 
 2.25538482e-02  1.31016018e+00  2.25538482e-02  1.12332505e+00  2.25538482e-02  5.47741206e-01 
 2.25588482e-02  1.32588966e+00  2.25588482e-02  1.13892391e+00  2.25588482e-02  5.70996378e-01 
 2.25638482e-02  1.34141509e+00  2.25638482e-02  1.15431041e+00  2.25638482e-02  5.93916956e-01 
 2.25688482e-02  1.35671634e+00  2.25688482e-02  1.16946454e+00  2.25688482e-02  6.16456165e-01 
 2.25738482e-02  1.37178333e+00  2.25738482e-02  1.18437636e+00  2.25738482e-02  6.38615433e-01 
 2.25788482e-02  1.38659651e+00  2.25788482e-02  1.19902649e+00  2.25788482e-02  6.60349607e-01 
 2.25838482e-02  1.40114883e+00  2.25838482e-02  1.21340800e+00  2.25838482e-02  6.81664082e-01 
 2.25888482e-02  1.41544391e+00  2.25888482e-02  1.22752467e+00  2.25888482e-02  7.02549481e-01 
 2.25938482e-02  1.42939112e+00  2.25938482e-02  1.24128609e+00  2.25938482e-02  7.22884735e-01 
 2.25988482e-02  1.44308391e+00  2.25988482e-02  1.25478581e+00  2.25988482e-02  7.42794783e-01 
 2.26038482e-02  1.45640285e+00  2.26038482e-02  1.26790468e+00  2.26038482e-02  7.62118506e-01 
 2.26088482e-02  1.46943997e+00  2.26088482e-02  1.28073483e+00  2.26088482e-02  7.80974744e-01 
 2.26138482e-02  1.48207849e+00  2.26138482e-02  1.29315974e+00  2.26138482e-02  7.99210332e-01 
 2.26188482e-02  1.49440918e+00  2.26188482e-02  1.30527035e+00  2.26188482e-02  8.16938481e-01 
 2.26238482e-02  1.50631787e+00  2.26238482e-02  1.31695272e+00  2.26238482e-02  8.34013724e-01 
 2.26288482e-02  1.51789411e+00  2.26288482e-02  1.32829660e+00  2.26288482e-02  8.50543864e-01 
 2.26338482e-02  1.52902640e+00  2.26338482e-02  1.33919075e+00  2.26338482e-02  8.66391098e-01 
 2.26388482e-02  1.53980321e+00  2.26388482e-02  1.34972381e+00  2.26388482e-02  8.81658135e-01 
 2.26438482e-02  1.55011562e+00  2.26438482e-02  1.35978714e+00  2.26438482e-02  8.96214532e-01 
 2.26488482e-02  1.56005109e+00  2.26488482e-02  1.36946842e+00  2.26488482e-02  9.10158260e-01 
 2.26538482e-02  1.56950339e+00  2.26538482e-02  1.37866169e+00  2.26538482e-02  9.23366162e-01 
 2.26588482e-02  1.57855899e+00  2.26588482e-02  1.38745362e+00  2.26588482e-02  9.35931634e-01 
 2.26638482e-02  1.58711431e+00  2.26638482e-02  1.39574093e+00  2.26638482e-02  9.47738623e-01 
 2.26688482e-02  1.59525496e+00  2.26688482e-02  1.40360947e+00  2.26688482e-02  9.58876334e-01 
 2.26738482e-02  1.60288001e+00  2.26738482e-02  1.41095858e+00  2.26738482e-02  9.69235608e-01 
 2.26788482e-02  1.61007423e+00  2.26788482e-02  1.41787327e+00  2.26788482e-02  9.78901625e-01 
 2.26838482e-02  1.61673936e+00  2.26838482e-02  1.42425560e+00  2.26838482e-02  9.87772057e-01 
 2.26888482e-02  1.62295943e+00  2.26888482e-02  1.43018981e+00  2.26888482e-02  9.95928329e-01 
 2.26938482e-02  1.62863880e+00  2.26938482e-02  1.43558059e+00  2.26938482e-02  1.00327467e+00 
 2.26988482e-02  1.63386080e+00  2.26988482e-02  1.44051152e+00  2.26988482e-02  1.00988902e+00 
 2.27038482e-02  1.63853247e+00  2.27038482e-02  1.44488994e+00  2.27038482e-02  1.01568210e+00 
 2.27088482e-02  1.64273647e+00  2.27088482e-02  1.44879876e+00  2.27088482e-02  1.02072848e+00 
 2.27138482e-02  1.64638244e+00  2.27138482e-02  1.45214795e+00  2.27138482e-02  1.02494517e+00 
 2.27188482e-02  1.64955248e+00  2.27188482e-02  1.45501986e+00  2.27188482e-02  1.02840371e+00 
 2.27238482e-02  1.65215885e+00  2.27238482e-02  1.45732706e+00  2.27238482e-02  1.03102721e+00 
 2.27288482e-02  1.65428307e+00  2.27288482e-02  1.45915133e+00  2.27288482e-02  1.03288425e+00 
 2.27338482e-02  1.65584001e+00  2.27338482e-02  1.46040788e+00  2.27338482e-02  1.03390399e+00 
 2.27388482e-02  1.65691068e+00  2.27388482e-02  1.46117796e+00  2.27388482e-02  1.03415226e+00 
 2.27438482e-02  1.65741250e+00  2.27438482e-02  1.46137932e+00  2.27438482e-02  1.03356401e+00 
 2.27488482e-02  1.65742603e+00  2.27488482e-02  1.46109277e+00  2.27488482e-02  1.03220253e+00 
 2.27538482e-02  1.65687125e+00  2.27538482e-02  1.46023862e+00  2.27538482e-02  1.03000844e+00 
 2.27588482e-02  1.65582822e+00  2.27588482e-02  1.45889719e+00  2.27588482e-02  1.02704260e+00 
 2.27638482e-02  1.65421947e+00  2.27638482e-02  1.45699133e+00  2.27638482e-02  1.02325113e+00 
 2.27688482e-02  1.65212465e+00  2.27688482e-02  1.45460094e+00  2.27688482e-02  1.01869265e+00 
 2.27738482e-02  1.64946878e+00  2.27738482e-02  1.45165135e+00  2.27738482e-02  1.01331860e+00 
 2.27788482e-02  1.64633106e+00  2.27788482e-02  1.44822203e+00  2.27788482e-02  1.00718545e+00 
 2.27838482e-02  1.64263900e+00  2.27838482e-02  1.44424080e+00  2.27838482e-02  1.00024985e+00 
 2.27888482e-02  1.63847143e+00  2.27888482e-02  1.43978672e+00  2.27888482e-02  9.92566252e-01 
 2.27938482e-02  1.63375822e+00  2.27938482e-02  1.43478999e+00  2.27938482e-02  9.84096299e-01 
 2.27988482e-02  1.62857786e+00  2.27988482e-02  1.42932933e+00  2.27988482e-02  9.74892552e-01 
 2.28038482e-02  1.62286260e+00  2.28038482e-02  1.42333730e+00  2.28038482e-02  9.64921526e-01 
 2.28088482e-02  1.61669053e+00  2.28088482e-02  1.41689222e+00  2.28088482e-02  9.54233955e-01 
 2.28138482e-02  1.60999624e+00  2.28138482e-02  1.40992898e+00  2.28138482e-02  9.42801022e-01 
 2.28188482e-02  1.60285746e+00  2.28188482e-02  1.40252552e+00  2.28188482e-02  9.30671790e-01 
 2.28238482e-02  1.59521104e+00  2.28238482e-02  1.39461901e+00  2.28238482e-02  9.17821940e-01 
 2.28288482e-02  1.58713434e+00  2.28288482e-02  1.38628700e+00  2.28288482e-02  9.04298881e-01 
 2.28338482e-02  1.57856645e+00  2.28338482e-02  1.37746888e+00  2.28338482e-02  8.90082661e-01 
 2.28388482e-02  1.56958434e+00  2.28388482e-02  1.36824181e+00  2.28388482e-02  8.75219142e-01 
 2.28438482e-02  1.56012927e+00  2.28438482e-02  1.35854733e+00  2.28438482e-02  8.59692511e-01 
 2.28488482e-02  1.55027783e+00  2.28488482e-02  1.34846221e+00  2.28488482e-02  8.43547142e-01 
 2.28538482e-02  1.53997338e+00  2.28538482e-02  1.33793011e+00  2.28538482e-02  8.26771245e-01 
 2.28588482e-02  1.52929211e+00  2.28588482e-02  1.32702735e+00  2.28588482e-02  8.09407729e-01 
 2.28638482e-02  1.51817943e+00  2.28638482e-02  1.31569963e+00  2.28638482e-02  7.91448612e-01 
 2.28688482e-02  1.50671111e+00  2.28688482e-02  1.30402287e+00  2.28688482e-02  7.72935436e-01 
 2.28738482e-02  1.49483455e+00  2.28738482e-02  1.29194472e+00  2.28738482e-02  7.53863862e-01 
 2.28788482e-02  1.48262506e+00  2.28788482e-02  1.27954063e+00  2.28788482e-02  7.34274043e-01 
 2.28838482e-02  1.47003196e+00  2.28838482e-02  1.26676015e+00  2.28838482e-02  7.14165130e-01 
 2.28888482e-02  1.45713011e+00  2.28888482e-02  1.25367830e+00  2.28888482e-02  6.93575956e-01 
 2.28938482e-02  1.44387067e+00  2.28938482e-02  1.24024642e+00  2.28938482e-02  6.72508941e-01 
 2.28988482e-02  1.43032800e+00  2.28988482e-02  1.22653901e+00  2.28988482e-02  6.51001604e-01 
 2.29038482e-02  1.41645504e+00  2.29038482e-02  1.21250920e+00  2.29038482e-02  6.29059508e-01 
 2.29088482e-02  1.40232561e+00  2.29088482e-02  1.19823094e+00  2.29088482e-02  6.06718856e-01 
 2.29138482e-02  1.38792242e+00  2.29138482e-02  1.18368708e+00  2.29138482e-02  5.84030562e-01 
 2.29188482e-02  1.37324089e+00  2.29188482e-02  1.16887319e+00  2.29188482e-02  5.60912420e-01 
 2.29238482e-02  1.35833089e+00  2.29238482e-02  1.15383923e+00  2.29238482e-02  5.37514995e-01 
 2.29288482e-02  1.34317791e+00  2.29288482e-02  1.13857085e+00  2.29288482e-02  5.13744301e-01 
 2.29338482e-02  1.32782597e+00  2.29338482e-02  1.12311215e+00  2.29338482e-02  4.89738543e-01 
 2.29388482e-02  1.31226183e+00  2.29388482e-02  1.10745002e+00  2.29388482e-02  4.65408834e-01 
 2.29438482e-02  1.29652915e+00  2.29438482e-02  1.09162817e+00  2.29438482e-02  4.40889569e-01 
 2.29488482e-02  1.28061583e+00  2.29488482e-02  1.07563461e+00  2.29488482e-02  4.16096653e-01 
 2.29538482e-02  1.26456505e+00  2.29538482e-02  1.05951260e+00  2.29538482e-02  3.91160673e-01 
 2.29588482e-02  1.24836586e+00  2.29588482e-02  1.04325122e+00  2.29588482e-02  3.66002165e-01 
 2.29638482e-02  1.23206095e+00  2.29638482e-02  1.02689325e+00  2.29638482e-02  3.40747970e-01 
 2.29688482e-02  1.21564032e+00  2.29688482e-02  1.01042872e+00  2.29688482e-02  3.15322920e-01 
 2.29738482e-02  1.19914619e+00  2.29738482e-02  9.93899898e-01  2.29738482e-02  2.89850203e-01 
 2.29788482e-02  1.18256948e+00  2.29788482e-02  9.77297724e-01  2.29788482e-02  2.64281834e-01 
 2.29838482e-02  1.16595181e+00  2.29838482e-02  9.60663842e-01  2.29838482e-02  2.38690160e-01 
 2.29888482e-02  1.14928493e+00  2.29888482e-02  9.43990018e-01  2.29888482e-02  2.13034314e-01 
 2.29938482e-02  1.13260990e+00  2.29938482e-02  9.27317296e-01  2.29938482e-02  1.87425579e-01 
 2.29988482e-02  1.11591918e+00  2.29988482e-02  9.10638144e-01  2.29988482e-02  1.61805240e-01 
 2.30038482e-02  1.09925315e+00  2.30038482e-02  8.93992922e-01  2.30038482e-02  1.36280525e-01 
 2.30088482e-02  1.08260497e+00  2.30088482e-02  8.77374766e-01  2.30088482e-02  1.10796590e-01 
 2.30138482e-02  1.06601433e+00  2.30138482e-02  8.60823315e-01  2.30138482e-02  8.54566927e-02 
 2.30188482e-02  1.04947492e+00  2.30188482e-02  8.44332235e-01  2.30188482e-02  6.02095220e-02 
 2.30238482e-02  1.03302569e+00  2.30238482e-02  8.27940419e-01  2.30238482e-02  3.51544561e-02 
 2.30288482e-02  1.01666085e+00  2.30288482e-02  8.11642017e-01  2.30288482e-02  1.02435154e-02 
 2.30338482e-02  1.00041855e+00  2.30338482e-02  7.95475089e-01  2.30338482e-02 -1.44278065e-02 
 2.30388482e-02  9.84293387e-01  2.30388482e-02  7.79434175e-01  2.30388482e-02 -3.89044237e-02 
 2.30438482e-02  9.68322688e-01  2.30438482e-02  7.63556500e-01  2.30438482e-02 -6.30946071e-02 
 2.30488482e-02  9.52501376e-01  2.30488482e-02  7.47836901e-01  2.30488482e-02 -8.70404687e-02 
 2.30538482e-02  9.36865874e-01  2.30538482e-02  7.32311683e-01  2.30538482e-02 -1.10654051e-01 
 2.30588482e-02  9.21411375e-01  2.30588482e-02  7.16975936e-01  2.30588482e-02 -1.33974844e-01 
 2.30638482e-02  9.06173368e-01  2.30638482e-02  7.01865018e-01  2.30638482e-02 -1.56918598e-01 
 2.30688482e-02  8.91147197e-01  2.30688482e-02  6.86974150e-01  2.30688482e-02 -1.79522471e-01 
 2.30738482e-02  8.76367385e-01  2.30738482e-02  6.72337708e-01  2.30738482e-02 -2.01705861e-01 
 2.30788482e-02  8.61829384e-01  2.30788482e-02  6.57951006e-01  2.30788482e-02 -2.23503762e-01 
 2.30838482e-02  8.47566676e-01  2.30838482e-02  6.43847363e-01  2.30838482e-02 -2.44839229e-01 
 2.30888482e-02  8.33574734e-01  2.30888482e-02  6.30022098e-01  2.30888482e-02 -2.65745323e-01 
 2.30938482e-02  8.19885994e-01  2.30938482e-02  6.16507470e-01  2.30938482e-02 -2.86148664e-01 
 2.30988482e-02  8.06495872e-01  2.30988482e-02  6.03298725e-01  2.30988482e-02 -3.06080590e-01 
 2.31038482e-02  7.93435688e-01  2.31038482e-02  5.90426991e-01  2.31038482e-02 -3.25471301e-01 
 2.31088482e-02  7.80700755e-01  2.31088482e-02  5.77887399e-01  2.31088482e-02 -3.44350569e-01 
 2.31138482e-02  7.68321253e-01  2.31138482e-02  5.65709922e-01  2.31138482e-02 -3.62652114e-01 
 2.31188482e-02  7.56292296e-01  2.31188482e-02  5.53889479e-01  2.31188482e-02 -3.80404376e-01 
 2.31238482e-02  7.44642892e-01  2.31238482e-02  5.42454857e-01  2.31238482e-02 -3.97544555e-01 
 2.31288482e-02  7.33367924e-01  2.31288482e-02  5.31400731e-01  2.31288482e-02 -4.14099893e-01 
 2.31338482e-02  7.22495171e-01  2.31338482e-02  5.20754650e-01  2.31338482e-02 -4.30011069e-01 
 2.31388482e-02  7.12019207e-01  2.31388482e-02  5.10510966e-01  2.31388482e-02 -4.45304315e-01 
 2.31438482e-02  7.01966584e-01  2.31438482e-02  5.00695989e-01  2.31438482e-02 -4.59923711e-01 
 2.31488482e-02  6.92331512e-01  2.31488482e-02  4.91303698e-01  2.31488482e-02 -4.73894641e-01 
 2.31538482e-02  6.83139255e-01  2.31538482e-02  4.82359104e-01  2.31538482e-02 -4.87164592e-01 
 2.31588482e-02  6.74383625e-01  2.31588482e-02  4.73855776e-01  2.31588482e-02 -4.99758224e-01 
 2.31638482e-02  6.66088591e-01  2.31638482e-02  4.65817425e-01  2.31638482e-02 -5.11626369e-01 
 2.31688482e-02  6.58247490e-01  2.31688482e-02  4.58237133e-01  2.31688482e-02 -5.22793143e-01 
 2.31738482e-02  6.50882973e-01  2.31738482e-02  4.51137285e-01  2.31738482e-02 -5.33212685e-01 
 2.31788482e-02  6.43987884e-01  2.31788482e-02  4.44510465e-01  2.31788482e-02 -5.42908662e-01 
 2.31838482e-02  6.37583523e-01  2.31838482e-02  4.38377694e-01  2.31838482e-02 -5.51838501e-01 
 2.31888482e-02  6.31662183e-01  2.31888482e-02  4.32731001e-01  2.31888482e-02 -5.60025564e-01 
 2.31938482e-02  6.26243818e-01  2.31938482e-02  4.27590058e-01  2.31938482e-02 -5.67430491e-01 
 2.31988482e-02  6.21320137e-01  2.31988482e-02  4.22946301e-01  2.31988482e-02 -5.74076451e-01 
 2.32038482e-02  6.16909715e-01  2.32038482e-02  4.18818016e-01  2.32038482e-02 -5.79927284e-01 
 2.32088482e-02  6.13003653e-01  2.32088482e-02  4.15196030e-01  2.32088482e-02 -5.85006051e-01 
 2.32138482e-02  6.09619152e-01  2.32138482e-02  4.12097250e-01  2.32138482e-02 -5.89279724e-01 
 2.32188482e-02  6.06746660e-01  2.32188482e-02  4.09511844e-01  2.32188482e-02 -5.92771382e-01 
 2.32238482e-02  6.04401994e-01  2.32238482e-02  4.07455336e-01  2.32238482e-02 -5.95451080e-01 
 2.32288482e-02  6.02574945e-01  2.32288482e-02  4.05917233e-01  2.32288482e-02 -5.97341970e-01 
 2.32338482e-02  6.01279938e-01  2.32338482e-02  4.04911664e-01  2.32338482e-02 -5.98417151e-01 
 2.32388482e-02  6.00506072e-01  2.32388482e-02  4.04427443e-01  2.32388482e-02 -5.98699945e-01 
 2.32438482e-02  6.00266396e-01  2.32438482e-02  4.04477324e-01  2.32438482e-02 -5.98166411e-01 
 2.32488482e-02  6.00549309e-01  2.32488482e-02  4.05049419e-01  2.32488482e-02 -5.96840104e-01 
 2.32538482e-02  6.01366472e-01  2.32538482e-02  4.06155095e-01  2.32538482e-02 -5.94700009e-01 
 2.32588482e-02  6.02705576e-01  2.32588482e-02  4.07781760e-01  2.32588482e-02 -5.91769963e-01 
 2.32638482e-02  6.04576921e-01  2.32638482e-02  4.09939417e-01  2.32638482e-02 -5.88031792e-01 
 2.32688482e-02  6.06967470e-01  2.32688482e-02  4.12614750e-01  2.32688482e-02 -5.83509687e-01 
 2.32738482e-02  6.09886168e-01  2.32738482e-02  4.15816410e-01  2.32738482e-02 -5.78188251e-01 
 2.32788482e-02  6.13319264e-01  2.32788482e-02  4.19530370e-01  2.32788482e-02 -5.72092046e-01 
 2.32838482e-02  6.17274362e-01  2.32838482e-02  4.23763946e-01  2.32838482e-02 -5.65208389e-01 
 2.32888482e-02  6.21736989e-01  2.32888482e-02  4.28502390e-01  2.32888482e-02 -5.57562266e-01 
 2.32938482e-02  6.26713438e-01  2.32938482e-02  4.33751714e-01  2.32938482e-02 -5.49143609e-01 
 2.32988482e-02  6.32188524e-01  2.32988482e-02  4.39496465e-01  2.32988482e-02 -5.39977846e-01 
 2.33038482e-02  6.38167244e-01  2.33038482e-02  4.45741361e-01  2.33038482e-02 -5.30057471e-01 
 2.33088482e-02  6.44633713e-01  2.33088482e-02  4.52470259e-01  2.33088482e-02 -5.19408361e-01 
 2.33138482e-02  6.51591673e-01  2.33138482e-02  4.59686628e-01  2.33138482e-02 -5.08025466e-01 
 2.33188482e-02  6.59024545e-01  2.33188482e-02  4.67373638e-01  2.33188482e-02 -4.95935141e-01 
 2.33238482e-02  6.66934839e-01  2.33238482e-02  4.75533537e-01  2.33238482e-02 -4.83134715e-01 
 2.33288482e-02  6.75305317e-01  2.33288482e-02  4.84148841e-01  2.33288482e-02 -4.69650997e-01 
 2.33338482e-02  6.84137292e-01  2.33338482e-02  4.93220612e-01  2.33338482e-02 -4.55483606e-01 
 2.33388482e-02  6.93412875e-01  2.33388482e-02  5.02730725e-01  2.33388482e-02 -4.40659823e-01 
 2.33438482e-02  7.03132230e-01  2.33438482e-02  5.12679103e-01  2.33438482e-02 -4.25181443e-01 
 2.33488482e-02  7.13276854e-01  2.33488482e-02  5.23047017e-01  2.33488482e-02 -4.09076193e-01 
 2.33538482e-02  7.23845791e-01  2.33538482e-02  5.33833282e-01  2.33538482e-02 -3.92347971e-01 
 2.33588482e-02  7.34819951e-01  2.33588482e-02  5.45018593e-01  2.33588482e-02 -3.75024927e-01 
 2.33638482e-02  7.46197320e-01  2.33638482e-02  5.56600720e-01  2.33638482e-02 -3.57112937e-01 
 2.33688482e-02  7.57958247e-01  2.33688482e-02  5.68559808e-01  2.33688482e-02 -3.38640562e-01 
 2.33738482e-02  7.70099700e-01  2.33738482e-02  5.80892622e-01  2.33738482e-02 -3.19615565e-01 
 2.33788482e-02  7.82601516e-01  2.33788482e-02  5.93578809e-01  2.33788482e-02 -3.00066863e-01 
 2.33838482e-02  7.95459698e-01  2.33838482e-02  6.06614183e-01  2.33838482e-02 -2.80003998e-01 
 2.33888482e-02  8.08653601e-01  2.33888482e-02  6.19977921e-01  2.33888482e-02 -2.59456224e-01 
 2.33938482e-02  8.22178320e-01  2.33938482e-02  6.33664945e-01  2.33938482e-02 -2.38434738e-01 
 2.33988482e-02  8.36012780e-01  2.33988482e-02  6.47654017e-01  2.33988482e-02 -2.16969076e-01 
 2.34038482e-02  8.50151218e-01  2.34038482e-02  6.61939216e-01  2.34038482e-02 -1.95071997e-01 
 2.34088482e-02  8.64572171e-01  2.34088482e-02  6.76498930e-01  2.34088482e-02 -1.72773267e-01 
 2.34138482e-02  8.79269088e-01  2.34138482e-02  6.91326466e-01  2.34138482e-02 -1.50087075e-01 
 2.34188482e-02  8.94220161e-01  2.34188482e-02  7.06399886e-01  2.34188482e-02 -1.27043374e-01 
 2.34238482e-02  9.09418108e-01  2.34238482e-02  7.21711777e-01  2.34238482e-02 -1.03657673e-01 
 2.34288482e-02  9.24840835e-01  2.34288482e-02  7.37239934e-01  2.34288482e-02 -7.99600397e-02 
 2.34338482e-02  9.40480391e-01  2.34338482e-02  7.52976292e-01  2.34338482e-02 -5.59671858e-02 
 2.34388482e-02  9.56314441e-01  2.34388482e-02  7.68898424e-01  2.34388482e-02 -3.17092414e-02 
 2.34438482e-02  9.72334436e-01  2.34438482e-02  7.84997681e-01  2.34438482e-02 -7.20399530e-03 
 2.34488482e-02  9.88517862e-01  2.34488482e-02  8.01251474e-01  2.34488482e-02  1.75184351e-02 
 2.34538482e-02  1.00485563e+00  2.34538482e-02  8.17650632e-01  2.34538482e-02  4.24392945e-02 
 2.34588482e-02  1.02132510e+00  2.34588482e-02  8.34172458e-01  2.34588482e-02  6.75285440e-02 
 2.34638482e-02  1.03791671e+00  2.34638482e-02  8.50807336e-01  2.34638482e-02  9.27665973e-02 
 2.34688482e-02  1.05460777e+00  2.34688482e-02  8.67532516e-01  2.34688482e-02  1.18123562e-01 
 2.34738482e-02  1.07138830e+00  2.34738482e-02  8.84337997e-01  2.34738482e-02  1.43579131e-01 
 2.34788482e-02  1.08823561e+00  2.34788482e-02  9.01201044e-01  2.34788482e-02  1.69103644e-01 
 2.34838482e-02  1.10513939e+00  2.34838482e-02  9.18111345e-01  2.34838482e-02  1.94676202e-01 
 2.34888482e-02  1.12207700e+00  2.34888482e-02  9.35046231e-01  2.34888482e-02  2.20267438e-01 
 2.34938482e-02  1.13903788e+00  2.34938482e-02  9.51995148e-01  2.34938482e-02  2.45855986e-01 
 2.34988482e-02  1.15599949e+00  2.34988482e-02  9.68935562e-01  2.34988482e-02  2.71412861e-01 
 2.35038482e-02  1.17295107e+00  2.35038482e-02  9.85856745e-01  2.35038482e-02  2.96923080e-01 
 2.35088482e-02  1.18987027e+00  2.35088482e-02  1.00273635e+00  2.35088482e-02  3.22376260e-01 
 2.35138482e-02  1.20674622e+00  2.35138482e-02  1.01956355e+00  2.35138482e-02  3.47662706e-01 
 2.35188482e-02  1.22355678e+00  2.35188482e-02  1.03631626e+00  2.35188482e-02  3.72879225e-01 
 2.35238482e-02  1.24029104e+00  2.35238482e-02  1.05298361e+00  2.35238482e-02  3.97880718e-01 
 2.35288482e-02  1.25692716e+00  2.35288482e-02  1.06954382e+00  2.35288482e-02  4.22761114e-01 
 2.35338482e-02  1.27345424e+00  2.35338482e-02  1.08598608e+00  2.35338482e-02  4.47378770e-01 
 2.35388482e-02  1.28985080e+00  2.35388482e-02  1.10228897e+00  2.35388482e-02  4.71824905e-01 
 2.35438482e-02  1.30610603e+00  2.35438482e-02  1.11844177e+00  2.35438482e-02  4.95961351e-01 
 2.35488482e-02  1.32219886e+00  2.35488482e-02  1.13442352e+00  2.35488482e-02  5.19876801e-01 
 2.35538482e-02  1.33811864e+00  2.35538482e-02  1.15022366e+00  2.35538482e-02  5.43436573e-01 
 2.35588482e-02  1.35384477e+00  2.35588482e-02  1.16582171e+00  2.35588482e-02  5.66727000e-01 
 2.35638482e-02  1.36936682e+00  2.35638482e-02  1.18120737e+00  2.35638482e-02  5.89616909e-01 
 2.35688482e-02  1.38466472e+00  2.35688482e-02  1.19636070e+00  2.35688482e-02  6.12190445e-01 
 2.35738482e-02  1.39972833e+00  2.35738482e-02  1.21127168e+00  2.35738482e-02  6.34319949e-01 
 2.35788482e-02  1.41457197e+00  2.35788482e-02  1.22595478e+00  2.35788482e-02  6.56138627e-01 
 2.35838482e-02  1.42908482e+00  2.35838482e-02  1.24029936e+00  2.35838482e-02  6.77370315e-01 
 2.35888482e-02  1.44338119e+00  2.35888482e-02  1.25441985e+00  2.35888482e-02  6.98293797e-01 
 2.35938482e-02  1.45732045e+00  2.35938482e-02  1.26817586e+00  2.35938482e-02  7.18595655e-01 
 2.35988482e-02  1.47101445e+00  2.35988482e-02  1.28167933e+00  2.35988482e-02  7.38542650e-01 
 2.36038482e-02  1.48432548e+00  2.36038482e-02  1.29479282e+00  2.36038482e-02  7.57834034e-01 
 2.36088482e-02  1.49736376e+00  2.36088482e-02  1.30762665e+00  2.36088482e-02  7.76726145e-01 
 2.36138482e-02  1.50999448e+00  2.36138482e-02  1.32004630e+00  2.36138482e-02  7.94930513e-01 
 2.36188482e-02  1.52232621e+00  2.36188482e-02  1.33216047e+00  2.36188482e-02  8.12693410e-01 
 2.36238482e-02  1.53422718e+00  2.36238482e-02  1.34383765e+00  2.36238482e-02  8.29738473e-01 
 2.36288482e-02  1.54580441e+00  2.36288482e-02  1.35518505e+00  2.36288482e-02  8.46302376e-01 
 2.36338482e-02  1.55692906e+00  2.36338482e-02  1.36607407e+00  2.36338482e-02  8.62120423e-01 
 2.36388482e-02  1.56770675e+00  2.36388482e-02  1.37661054e+00  2.36388482e-02  8.77420176e-01 
 2.36438482e-02  1.57801162e+00  2.36438482e-02  1.38666886e+00  2.36438482e-02  8.91948416e-01 
 2.36488482e-02  1.58794791e+00  2.36488482e-02  1.39635347e+00  2.36488482e-02  9.05923892e-01 
 2.36538482e-02  1.59739272e+00  2.36538482e-02  1.40554177e+00  2.36538482e-02  9.19104544e-01 
 2.36588482e-02  1.60644907e+00  2.36588482e-02  1.41433697e+00  2.36588482e-02  9.31700833e-01 
 2.36638482e-02  1.61499700e+00  2.36638482e-02  1.42261941e+00  2.36638482e-02  9.43481535e-01 
 2.36688482e-02  1.62313831e+00  2.36688482e-02  1.43049112e+00  2.36688482e-02  9.54649104e-01 
 2.36738482e-02  1.63075604e+00  2.36738482e-02  1.43783542e+00  2.36738482e-02  9.64982977e-01 
 2.36788482e-02  1.63795087e+00  2.36788482e-02  1.44475323e+00  2.36788482e-02  9.74678003e-01 
 2.36838482e-02  1.64460875e+00  2.36838482e-02  1.45113082e+00  2.36838482e-02  9.83523893e-01 
 2.36888482e-02  1.65082934e+00  2.36888482e-02  1.45706806e+00  2.36888482e-02  9.91708272e-01 
 2.36938482e-02  1.65650155e+00  2.36938482e-02  1.46245420e+00  2.36938482e-02  9.99030952e-01 
 2.36988482e-02  1.66172401e+00  2.36988482e-02  1.46738809e+00  2.36988482e-02  1.00567258e+00 
 2.37038482e-02  1.66638857e+00  2.37038482e-02  1.47176191e+00  2.37038482e-02  1.01144278e+00 
 2.37088482e-02  1.67059296e+00  2.37088482e-02  1.47567362e+00  2.37088482e-02  1.01651563e+00 
 2.37138482e-02  1.67423191e+00  2.37138482e-02  1.47901830e+00  2.37138482e-02  1.02071027e+00 
 2.37188482e-02  1.67740226e+00  2.37188482e-02  1.48189301e+00  2.37188482e-02  1.02419446e+00 
 2.37238482e-02  1.68000168e+00  2.37238482e-02  1.48419577e+00  2.37238482e-02  1.02679666e+00 
 2.37288482e-02  1.68212616e+00  2.37288482e-02  1.48602280e+00  2.37288482e-02  1.02867863e+00 
 2.37338482e-02  1.68367620e+00  2.37338482e-02  1.48727495e+00  2.37338482e-02  1.02967781e+00 
 2.37388482e-02  1.68474706e+00  2.37388482e-02  1.48804771e+00  2.37388482e-02  1.02995023e+00 
 2.37438482e-02  1.68524207e+00  2.37438482e-02  1.48824476e+00  2.37438482e-02  1.02934217e+00 
 2.37488482e-02  1.68525572e+00  2.37488482e-02  1.48796083e+00  2.37488482e-02  1.02800414e+00 
 2.37538482e-02  1.68469418e+00  2.37538482e-02  1.48710241e+00  2.37538482e-02  1.02579091e+00 
 2.37588482e-02  1.68365122e+00  2.37588482e-02  1.48576354e+00  2.37588482e-02  1.02284782e+00 
 2.37638482e-02  1.68203579e+00  2.37638482e-02  1.48385349e+00  2.37638482e-02  1.01903792e+00 
 2.37688482e-02  1.67994097e+00  2.37688482e-02  1.48146558e+00  2.37688482e-02  1.01450149e+00 
 2.37738482e-02  1.67727846e+00  2.37738482e-02  1.47851185e+00  2.37738482e-02  1.00910965e+00 
 2.37788482e-02  1.67414070e+00  2.37788482e-02  1.47508498e+00  2.37788482e-02  1.00299792e+00 
 2.37838482e-02  1.67044207e+00  2.37838482e-02  1.47109966e+00  2.37838482e-02  9.96045170e-01 
 2.37888482e-02  1.66627438e+00  2.37888482e-02  1.46664794e+00  2.37888482e-02  9.88382338e-01 
 2.37938482e-02  1.66155468e+00  2.37938482e-02  1.46164721e+00  2.37938482e-02  9.79895867e-01 
 2.37988482e-02  1.65637415e+00  2.37988482e-02  1.45618886e+00  2.37988482e-02  9.70712283e-01 
 2.38038482e-02  1.65065244e+00  2.38038482e-02  1.45019286e+00  2.38038482e-02  9.60725314e-01 
 2.38088482e-02  1.64448015e+00  2.38088482e-02  1.44375003e+00  2.38088482e-02  9.50057306e-01 
 2.38138482e-02  1.63777948e+00  2.38138482e-02  1.43678289e+00  2.38138482e-02  9.38609038e-01 
 2.38188482e-02  1.63064040e+00  2.38188482e-02  1.42938162e+00  2.38188482e-02  9.26498773e-01 
 2.38238482e-02  1.62298766e+00  2.38238482e-02  1.42147126e+00  2.38238482e-02  9.13634136e-01 
 2.38288482e-02  1.61491063e+00  2.38288482e-02  1.41314139e+00  2.38288482e-02  9.00129505e-01 
 2.38338482e-02  1.60633647e+00  2.38338482e-02  1.40431948e+00  2.38338482e-02  8.85899046e-01 
 2.38388482e-02  1.59735397e+00  2.38388482e-02  1.39509448e+00  2.38388482e-02  8.71053386e-01 
 2.38438482e-02  1.58789270e+00  2.38438482e-02  1.38539627e+00  2.38438482e-02  8.55513057e-01 
 2.38488482e-02  1.57804081e+00  2.38488482e-02  1.37531318e+00  2.38488482e-02  8.39385034e-01 
 2.38538482e-02  1.56773021e+00  2.38538482e-02  1.36477738e+00  2.38538482e-02  8.22595932e-01 
 2.38588482e-02  1.55704844e+00  2.38588482e-02  1.35387660e+00  2.38588482e-02  8.05249244e-01 
 2.38638482e-02  1.54592967e+00  2.38638482e-02  1.34254525e+00  2.38638482e-02  7.87277442e-01 
 2.38688482e-02  1.53446080e+00  2.38688482e-02  1.33087040e+00  2.38688482e-02  7.68780588e-01 
 2.38738482e-02  1.52257818e+00  2.38738482e-02  1.31878866e+00  2.38738482e-02  7.49696795e-01 
 2.38788482e-02  1.51036810e+00  2.38788482e-02  1.30638644e+00  2.38788482e-02  7.30122834e-01 
 2.38838482e-02  1.49776901e+00  2.38838482e-02  1.29360244e+00  2.38838482e-02  7.10002174e-01 
 2.38888482e-02  1.48486652e+00  2.38888482e-02  1.28052239e+00  2.38888482e-02  6.89428370e-01 
 2.38938482e-02  1.47160114e+00  2.38938482e-02  1.26708703e+00  2.38938482e-02  6.68350067e-01 
 2.38988482e-02  1.45805777e+00  2.38988482e-02  1.25338139e+00  2.38988482e-02  6.46857662e-01 
 2.39038482e-02  1.44417891e+00  2.39038482e-02  1.23934814e+00  2.39038482e-02  6.24904702e-01 
 2.39088482e-02  1.43004875e+00  2.39088482e-02  1.22507159e+00  2.39088482e-02  6.02578537e-01 
 2.39138482e-02  1.41561165e+00  2.39138482e-02  1.21049630e+00  2.39138482e-02  5.79837397e-01 
 2.39188482e-02  1.40095106e+00  2.39188482e-02  1.19570579e+00  2.39188482e-02  5.56765599e-01 
 2.39238482e-02  1.38604561e+00  2.39238482e-02  1.18067883e+00  2.39238482e-02  5.33374856e-01 
 2.39288482e-02  1.37088378e+00  2.39288482e-02  1.16540406e+00  2.39288482e-02  5.09604872e-01 
 2.39338482e-02  1.35553400e+00  2.39338482e-02  1.14994997e+00  2.39338482e-02  4.85602082e-01 
 2.39388482e-02  1.33996120e+00  2.39388482e-02  1.13428162e+00  2.39388482e-02  4.61273380e-01 
 2.39438482e-02  1.32423052e+00  2.39438482e-02  1.11846422e+00  2.39438482e-02  4.36756808e-01 
 2.39488482e-02  1.30830866e+00  2.39488482e-02  1.10246457e+00  2.39488482e-02  4.11965116e-01 
 2.39538482e-02  1.29225977e+00  2.39538482e-02  1.08634687e+00  2.39538482e-02  3.87031615e-01 
 2.39588482e-02  1.27605219e+00  2.39588482e-02  1.07007955e+00  2.39588482e-02  3.61874571e-01 
 2.39638482e-02  1.25974899e+00  2.39638482e-02  1.05372573e+00  2.39638482e-02  3.36622586e-01 
 2.39688482e-02  1.24332013e+00  2.39688482e-02  1.03725542e+00  2.39688482e-02  3.11199232e-01 
 2.39738482e-02  1.22682760e+00  2.39738482e-02  1.02073062e+00  2.39738482e-02  2.85728531e-01 
 2.39788482e-02  1.21024277e+00  2.39788482e-02  1.00412277e+00  2.39788482e-02  2.60138968e-01 
 2.39838482e-02  1.19362656e+00  2.39838482e-02  9.87492775e-01  2.39838482e-02  2.34584126e-01 
 2.39888482e-02  1.17695173e+00  2.39888482e-02  9.70813432e-01  2.39888482e-02  2.08906594e-01 
 2.39938482e-02  1.16027801e+00  2.39938482e-02  9.54144458e-01  2.39938482e-02  1.83322823e-01 
 2.39988482e-02  1.14357945e+00  2.39988482e-02  9.37459898e-01  2.39988482e-02  1.57681781e-01 
 2.40038482e-02  1.12691463e+00  2.40038482e-02  9.20818313e-01  2.40038482e-02  1.32181057e-01 
 2.40088482e-02  1.11025875e+00  2.40088482e-02  9.04194880e-01  2.40088482e-02  1.06677399e-01 
 2.40138482e-02  1.09366917e+00  2.40138482e-02  8.87646921e-01  2.40138482e-02  8.13605067e-02 
 2.40188482e-02  1.07712217e+00  2.40188482e-02  8.71150690e-01  2.40188482e-02  5.60945502e-02 
 2.40238482e-02  1.06067391e+00  2.40238482e-02  8.54762261e-01  2.40238482e-02  3.10615946e-02 
 2.40288482e-02  1.04430161e+00  2.40288482e-02  8.38458813e-01  2.40288482e-02  6.13273992e-03 
 2.40338482e-02  1.02806014e+00  2.40338482e-02  8.22295146e-01  2.40338482e-02 -1.85173654e-02 
 2.40388482e-02  1.01192764e+00  2.40388482e-02  8.06249318e-01  2.40388482e-02 -4.30110133e-02 
 2.40438482e-02  9.95957670e-01  2.40438482e-02  7.90374787e-01  2.40438482e-02 -6.71808309e-02 
 2.40488482e-02  9.80129119e-01  2.40488482e-02  7.74650369e-01  2.40488482e-02 -9.11429248e-02 
 2.40538482e-02  9.64494246e-01  2.40538482e-02  7.59128195e-01  2.40538482e-02 -1.14736936e-01 
 2.40588482e-02  9.49032627e-01  2.40588482e-02  7.43787747e-01  2.40588482e-02 -1.38073161e-01 
 2.40638482e-02  9.33795127e-01  2.40638482e-02  7.28679748e-01  2.40638482e-02 -1.60998148e-01 
 2.40688482e-02  9.18761946e-01  2.40688482e-02  7.13784286e-01  2.40688482e-02 -1.83616694e-01 
 2.40738482e-02  9.03982552e-01  2.40738482e-02  6.99150672e-01  2.40738482e-02 -2.05782044e-01 
 2.40788482e-02  8.89437636e-01  2.40788482e-02  6.84759468e-01  2.40788482e-02 -2.27593906e-01 
 2.40838482e-02  8.75175238e-01  2.40838482e-02  6.70658542e-01  2.40838482e-02 -2.48912064e-01 
 2.40888482e-02  8.61176496e-01  2.40888482e-02  6.56828889e-01  2.40888482e-02 -2.69831403e-01 
 2.40938482e-02  8.47487970e-01  2.40938482e-02  6.43316879e-01  2.40938482e-02 -2.90218123e-01 
 2.40988482e-02  8.34091134e-01  2.40988482e-02  6.30103829e-01  2.40988482e-02 -3.10162647e-01 
 2.41038482e-02  8.21031076e-01  2.41038482e-02  6.17234623e-01  2.41038482e-02 -3.29537388e-01 
 2.41088482e-02  8.08289534e-01  2.41088482e-02  6.04690828e-01  2.41088482e-02 -3.48428600e-01 
 2.41138482e-02  7.95910054e-01  2.41138482e-02  5.92515773e-01  2.41138482e-02 -3.66714827e-01 
 2.41188482e-02  7.83874582e-01  2.41188482e-02  5.80691217e-01  2.41188482e-02 -3.84478421e-01 
 2.41238482e-02  7.72225123e-01  2.41238482e-02  5.69258938e-01  2.41238482e-02 -4.01603873e-01 
 2.41288482e-02  7.60943724e-01  2.41288482e-02  5.58200782e-01  2.41288482e-02 -4.18169964e-01 
 2.41338482e-02  7.50070821e-01  2.41338482e-02  5.47556946e-01  2.41338482e-02 -4.34067009e-01 
 2.41388482e-02  7.39588526e-01  2.41388482e-02  5.37309329e-01  2.41388482e-02 -4.49370427e-01 
 2.41438482e-02  7.29535671e-01  2.41438482e-02  5.27496512e-01  2.41438482e-02 -4.63976249e-01 
 2.41488482e-02  7.19894343e-01  2.41488482e-02  5.18100360e-01  2.41488482e-02 -4.77956828e-01 
 2.41538482e-02  7.10701776e-01  2.41538482e-02  5.09157847e-01  2.41538482e-02 -4.91213734e-01 
 2.41588482e-02  7.01939983e-01  2.41588482e-02  5.00650749e-01  2.41588482e-02 -5.03816485e-01 
 2.41638482e-02  6.93644550e-01  2.41638482e-02  4.92614386e-01  2.41638482e-02 -5.15672115e-01 
 2.41688482e-02  6.85797365e-01  2.41688482e-02  4.85030401e-01  2.41688482e-02 -5.26847513e-01 
 2.41738482e-02  6.78432382e-01  2.41738482e-02  4.77932473e-01  2.41738482e-02 -5.37255019e-01 
 2.41788482e-02  6.71531285e-01  2.41788482e-02  4.71302032e-01  2.41788482e-02 -5.46959150e-01 
 2.41838482e-02  6.65126375e-01  2.41838482e-02  4.65171095e-01  2.41838482e-02 -5.55877438e-01 
 2.41888482e-02  6.59199113e-01  2.41888482e-02  4.59520866e-01  2.41888482e-02 -5.64072186e-01 
 2.41938482e-02  6.53780128e-01  2.41938482e-02  4.54381683e-01  2.41938482e-02 -5.71466012e-01 
 2.41988482e-02  6.48850591e-01  2.41988482e-02  4.49734453e-01  2.41988482e-02 -5.78119234e-01 
 2.42038482e-02  6.44439481e-01  2.42038482e-02  4.45607858e-01  2.42038482e-02 -5.83959397e-01 
 2.42088482e-02  6.40527644e-01  2.42088482e-02  4.41982476e-01  2.42088482e-02 -5.89044997e-01 
 2.42138482e-02  6.37142378e-01  2.42138482e-02  4.38885308e-01  2.42138482e-02 -5.93308427e-01 
 2.42188482e-02  6.34264179e-01  2.42188482e-02  4.36296573e-01  2.42188482e-02 -5.96806522e-01 
 2.42238482e-02  6.31918691e-01  2.42238482e-02  4.34241615e-01  2.42238482e-02 -5.99476365e-01 
 2.42288482e-02  6.30086003e-01  2.42288482e-02  4.32700248e-01  2.42288482e-02 -6.01373310e-01 
 2.42338482e-02  6.28790100e-01  2.42338482e-02  4.31696155e-01  2.42338482e-02 -6.02439030e-01 
 2.42388482e-02  6.28010669e-01  2.42388482e-02  4.31208741e-01  2.42388482e-02 -6.02727502e-01 
 2.42438482e-02  6.27770038e-01  2.42438482e-02  4.31260035e-01  2.42438482e-02 -6.02184869e-01 
 2.42488482e-02  6.28047443e-01  2.42488482e-02  4.31828993e-01  2.42488482e-02 -6.00863899e-01 
 2.42538482e-02  6.28863590e-01  2.42538482e-02  4.32936019e-01  2.42538482e-02 -5.98715055e-01 
 2.42588482e-02  6.30197258e-01  2.42588482e-02  4.34559614e-01  2.42588482e-02 -5.95790000e-01 
 2.42638482e-02  6.32067522e-01  2.42638482e-02  4.36718555e-01  2.42638482e-02 -5.92043426e-01 
 2.42688482e-02  6.34452693e-01  2.42688482e-02  4.39390874e-01  2.42688482e-02 -5.87525993e-01 
 2.42738482e-02  6.37370259e-01  2.42738482e-02  4.42593763e-01  2.42738482e-02 -5.82196466e-01 
 2.42788482e-02  6.40798037e-01  2.42788482e-02  4.46304768e-01  2.42788482e-02 -5.76104626e-01 
 2.42838482e-02  6.44751941e-01  2.42838482e-02  4.50539508e-01  2.42838482e-02 -5.69213197e-01 
 2.42888482e-02  6.49209312e-01  2.42888482e-02  4.55275057e-01  2.42888482e-02 -5.61571136e-01 
 2.42938482e-02  6.54184515e-01  2.42938482e-02  4.60525491e-01  2.42938482e-02 -5.53145000e-01 
 2.42988482e-02  6.59654398e-01  2.42988482e-02  4.66267396e-01  2.42988482e-02 -5.43983026e-01 
 2.43038482e-02  6.65631818e-01  2.43038482e-02  4.72513347e-01  2.43038482e-02 -5.34055454e-01 
 2.43088482e-02  6.72093146e-01  2.43088482e-02  4.79239457e-01  2.43088482e-02 -5.23409853e-01 
 2.43138482e-02  6.79049751e-01  2.43138482e-02  4.86456824e-01  2.43138482e-02 -5.12020040e-01 
 2.43188482e-02  6.86477532e-01  2.43188482e-02  4.94141095e-01  2.43188482e-02 -4.99932971e-01 
 2.43238482e-02  6.94386427e-01  2.43238482e-02  5.02301943e-01  2.43238482e-02 -4.87125877e-01 
 2.43288482e-02  7.02751867e-01  2.43288482e-02  5.10914559e-01  2.43288482e-02 -4.73645168e-01 
 2.43338482e-02  7.11582387e-01  2.43338482e-02  5.19987222e-01  2.43338482e-02 -4.59471368e-01 
 2.43388482e-02  7.20852987e-01  2.43388482e-02  5.29494699e-01  2.43388482e-02 -4.44650351e-01 
 2.43438482e-02  7.30570844e-01  2.43438482e-02  5.39443924e-01  2.43438482e-02 -4.29165796e-01 
 2.43488482e-02  7.40710529e-01  2.43488482e-02  5.49809244e-01  2.43488482e-02 -4.13063094e-01 
 2.43538482e-02  7.51277922e-01  2.43538482e-02  5.60596306e-01  2.43538482e-02 -3.96328926e-01 
 2.43588482e-02  7.62247197e-01  2.43588482e-02  5.71779075e-01  2.43588482e-02 -3.79008205e-01 
 2.43638482e-02  7.73622974e-01  2.43638482e-02  5.83361949e-01  2.43638482e-02 -3.61090492e-01 
 2.43688482e-02  7.85379061e-01  2.43688482e-02  5.95318537e-01  2.43688482e-02 -3.42620239e-01 
 2.43738482e-02  7.97518883e-01  2.43738482e-02  6.07652056e-01  2.43738482e-02 -3.23589722e-01 
 2.43788482e-02  8.10015905e-01  2.43788482e-02  6.20335788e-01  2.43788482e-02 -3.04042943e-01 
 2.43838482e-02  8.22872409e-01  2.43838482e-02  6.33371817e-01  2.43838482e-02 -2.83974766e-01 
 2.43888482e-02  8.36061565e-01  2.43888482e-02  6.46733144e-01  2.43888482e-02 -2.63428722e-01 
 2.43938482e-02  8.49584569e-01  2.43938482e-02  6.60420784e-01  2.43938482e-02 -2.42402111e-01 
 2.43988482e-02  8.63414321e-01  2.43988482e-02  6.74407482e-01  2.43988482e-02 -2.20938006e-01 
 2.44038482e-02  8.77551003e-01  2.44038482e-02  6.88693253e-01  2.44038482e-02 -1.99035986e-01 
 2.44088482e-02  8.91967295e-01  2.44088482e-02  7.03250637e-01  2.44088482e-02 -1.76738634e-01 
 2.44138482e-02  9.06662415e-01  2.44138482e-02  7.18078704e-01  2.44138482e-02 -1.54047679e-01 
 2.44188482e-02  9.21608867e-01  2.44188482e-02  7.33149829e-01  2.44188482e-02 -1.31005196e-01 
 2.44238482e-02  9.36804982e-01  2.44238482e-02  7.48462213e-01  2.44238482e-02 -1.07614895e-01 
 2.44288482e-02  9.52223129e-01  2.44288482e-02  7.63988115e-01  2.44288482e-02 -8.39183221e-02 
 2.44338482e-02  9.67860812e-01  2.44338482e-02  7.79724924e-01  2.44338482e-02 -5.99210340e-02 
 2.44388482e-02  9.83690323e-01  2.44388482e-02  7.95644838e-01  2.44388482e-02 -3.56639988e-02 
 2.44438482e-02  9.99708413e-01  2.44438482e-02  8.11744511e-01  2.44438482e-02 -1.11544670e-02 
 2.44488482e-02  1.01588734e+00  2.44488482e-02  8.27996119e-01  2.44488482e-02  1.35671926e-02 
 2.44538482e-02  1.03222316e+00  2.44538482e-02  8.44395655e-01  2.44538482e-02  3.84921888e-02 
 2.44588482e-02  1.04868817e+00  2.44588482e-02  8.60915334e-01  2.44588482e-02  6.35808092e-02 
 2.44638482e-02  1.06527781e+00  2.44638482e-02  8.77550553e-01  2.44638482e-02  8.88228580e-02 
 2.44688482e-02  1.08196443e+00  2.44688482e-02  8.94273617e-01  2.44688482e-02  1.14179318e-01 
 2.44738482e-02  1.09874296e+00  2.44738482e-02  9.11079406e-01  2.44738482e-02  1.39638753e-01 
 2.44788482e-02  1.11558587e+00  2.44788482e-02  9.27940372e-01  2.44788482e-02  1.65162888e-01 
 2.44838482e-02  1.13248762e+00  2.44838482e-02  9.44850944e-01  2.44838482e-02  1.90739178e-01 
 2.44888482e-02  1.14942087e+00  2.44888482e-02  9.61783780e-01  2.44888482e-02  2.16330156e-01 
 2.44938482e-02  1.16637968e+00  2.44938482e-02  9.78732938e-01  2.44938482e-02  2.41922317e-01 
 2.44988482e-02  1.18333696e+00  2.44988482e-02  9.95671332e-01  2.44988482e-02  2.67479043e-01 
 2.45038482e-02  1.20028645e+00  2.45038482e-02  1.01259272e+00  2.45038482e-02  2.93026469e-01 
 2.45088482e-02  1.21720135e+00  2.45088482e-02  1.02947034e+00  2.45088482e-02  3.18412723e-01 
 2.45138482e-02  1.23407517e+00  2.45138482e-02  1.04629772e+00  2.45138482e-02  3.43768506e-01 
 2.45188482e-02  1.25088147e+00  2.45188482e-02  1.06304847e+00  2.45188482e-02  3.68920051e-01 
 2.45238482e-02  1.26761358e+00  2.45238482e-02  1.07971596e+00  2.45238482e-02  3.93988948e-01 
 2.45288482e-02  1.28424546e+00  2.45288482e-02  1.09627424e+00  2.45288482e-02  4.18806272e-01 
 2.45338482e-02  1.30077036e+00  2.45338482e-02  1.11271661e+00  2.45338482e-02  4.43489449e-01 
 2.45388482e-02  1.31716272e+00  2.45388482e-02  1.12901760e+00  2.45388482e-02  4.67874358e-01 
 2.45438482e-02  1.33341574e+00  2.45438482e-02  1.14517049e+00  2.45438482e-02  4.92074502e-01 
 2.45488482e-02  1.34950440e+00  2.45488482e-02  1.16115036e+00  2.45488482e-02  5.15930518e-01 
 2.45538482e-02  1.36542194e+00  2.45538482e-02  1.17695056e+00  2.45538482e-02  5.39552209e-01 
 2.45588482e-02  1.38114393e+00  2.45588482e-02  1.19254676e+00  2.45588482e-02  5.62784949e-01 
 2.45638482e-02  1.39666372e+00  2.45638482e-02  1.20793245e+00  2.45638482e-02  5.85735053e-01 
 2.45688482e-02  1.41198531e+00  2.45688482e-02  1.22311173e+00  2.45688482e-02  6.08294605e-01 
 2.45738482e-02  1.42702633e+00  2.45738482e-02  1.23800243e+00  2.45738482e-02  6.30452487e-01 
 2.45788482e-02  1.44185164e+00  2.45788482e-02  1.25266948e+00  2.45788482e-02  6.52194248e-01 
 2.45838482e-02  1.45637568e+00  2.45838482e-02  1.26702754e+00  2.45838482e-02  6.73503948e-01 
 2.45888482e-02  1.47065462e+00  2.45888482e-02  1.28113289e+00  2.45888482e-02  6.94354060e-01 
 2.45938482e-02  1.48460478e+00  2.45938482e-02  1.29490207e+00  2.45938482e-02  7.14731344e-01 
 2.45988482e-02  1.49828162e+00  2.45988482e-02  1.30839068e+00  2.45988482e-02  7.34607475e-01 
 2.46038482e-02  1.51160333e+00  2.46038482e-02  1.32151711e+00  2.46038482e-02  7.53971872e-01 
 2.46088482e-02  1.52462468e+00  2.46088482e-02  1.33433631e+00  2.46088482e-02  7.72795484e-01 
 2.46138482e-02  1.53726580e+00  2.46138482e-02  1.34676863e+00  2.46138482e-02  7.91070471e-01 
 2.46188482e-02  1.54958090e+00  2.46188482e-02  1.35886845e+00  2.46188482e-02  8.08767254e-01 
 2.46238482e-02  1.56149201e+00  2.46238482e-02  1.37055805e+00  2.46238482e-02  8.25880617e-01 
 2.46288482e-02  1.57305284e+00  2.46288482e-02  1.38189132e+00  2.46288482e-02  8.42380629e-01 
 2.46338482e-02  1.58418740e+00  2.46338482e-02  1.39279253e+00  2.46338482e-02  8.58264778e-01 
 2.46388482e-02  1.59494895e+00  2.46388482e-02  1.40331513e+00  2.46388482e-02  8.73502849e-01 
 2.46438482e-02  1.60526347e+00  2.46438482e-02  1.41338537e+00  2.46438482e-02  8.88094981e-01 
 2.46488482e-02  1.61518386e+00  2.46488482e-02  1.42305635e+00  2.46488482e-02  9.02010908e-01 
 2.46538482e-02  1.62463811e+00  2.46538482e-02  1.43225635e+00  2.46538482e-02  9.15253393e-01 
 2.46588482e-02  1.63367877e+00  2.46588482e-02  1.44103814e+00  2.46588482e-02  9.27792160e-01 
 2.46638482e-02  1.64223590e+00  2.46638482e-02  1.44933204e+00  2.46638482e-02  9.39632643e-01 
 2.46688482e-02  1.65036178e+00  2.46688482e-02  1.45719059e+00  2.46688482e-02  9.50744725e-01 
 2.46738482e-02  1.65798847e+00  2.46738482e-02  1.46454612e+00  2.46738482e-02  9.61136403e-01 
 2.46788482e-02  1.66516808e+00  2.46788482e-02  1.47145098e+00  2.46788482e-02  9.70777838e-01 
 2.46838482e-02  1.67183472e+00  2.46838482e-02  1.47783958e+00  2.46838482e-02  9.79679652e-01 
 2.46888482e-02  1.67804032e+00  2.46888482e-02  1.48376411e+00  2.46888482e-02  9.87812330e-01 
 2.46938482e-02  1.68372105e+00  2.46938482e-02  1.48916101e+00  2.46938482e-02  9.95189048e-01 
 2.46988482e-02  1.68892875e+00  2.46988482e-02  1.49408241e+00  2.46988482e-02  1.00178080e+00 
 2.47038482e-02  1.69360163e+00  2.47038482e-02  1.49846680e+00  2.47038482e-02  1.00760327e+00 
 2.47088482e-02  1.69779146e+00  2.47088482e-02  1.50236621e+00  2.47088482e-02  1.01262797e+00 
 2.47138482e-02  1.70143851e+00  2.47138482e-02  1.50572124e+00  2.47138482e-02  1.01687314e+00 
 2.47188482e-02  1.70459453e+00  2.47188482e-02  1.50858389e+00  2.47188482e-02  1.02031091e+00 
 2.47238482e-02  1.70720184e+00  2.47238482e-02  1.51089677e+00  2.47238482e-02  1.02296195e+00 
 2.47288482e-02  1.70931218e+00  2.47288482e-02  1.51271193e+00  2.47288482e-02  1.02479912e+00 
 2.47338482e-02  1.71086992e+00  2.47338482e-02  1.51397402e+00  2.47338482e-02  1.02584553e+00 
 2.47388482e-02  1.71192685e+00  2.47388482e-02  1.51473511e+00  2.47388482e-02  1.02607477e+00 
 2.47438482e-02  1.71242935e+00  2.47438482e-02  1.51494189e+00  2.47438482e-02  1.02551234e+00 
 2.47488482e-02  1.71242928e+00  2.47488482e-02  1.51464648e+00  2.47488482e-02  1.02413266e+00 
 2.47538482e-02  1.71187504e+00  2.47538482e-02  1.51379761e+00  2.47538482e-02  1.02196356e+00 
 2.47588482e-02  1.71081854e+00  2.47588482e-02  1.51244746e+00  2.47588482e-02  1.01898032e+00 
 2.47638482e-02  1.70921021e+00  2.47638482e-02  1.51054674e+00  2.47638482e-02  1.01521304e+00 
 2.47688482e-02  1.70710207e+00  2.47688482e-02  1.50814776e+00  2.47688482e-02  1.01063793e+00 
 2.47738482e-02  1.70444647e+00  2.47738482e-02  1.50520318e+00  2.47738482e-02  1.00528729e+00 
 2.47788482e-02  1.70129556e+00  2.47788482e-02  1.50176539e+00  2.47788482e-02  9.99138253e-01 
 2.47838482e-02  1.69760367e+00  2.47838482e-02  1.49778904e+00  2.47838482e-02  9.92225321e-01 
 2.47888482e-02  1.69342302e+00  2.47888482e-02  1.49332661e+00  2.47888482e-02  9.84526560e-01 
 2.47938482e-02  1.68870986e+00  2.47938482e-02  1.48833465e+00  2.47938482e-02  9.76078545e-01 
 2.47988482e-02  1.68351655e+00  2.47988482e-02  1.48286576e+00  2.47988482e-02  9.66860342e-01 
 2.48038482e-02  1.67780123e+00  2.48038482e-02  1.47687838e+00  2.48038482e-02  9.56910551e-01 
 2.48088482e-02  1.67161633e+00  2.48088482e-02  1.47042518e+00  2.48088482e-02  9.46209189e-01 
 2.48138482e-02  1.66492185e+00  2.48138482e-02  1.46346646e+00  2.48138482e-02  9.34796821e-01 
 2.48188482e-02  1.65777036e+00  2.48188482e-02  1.45605501e+00  2.48188482e-02  9.22654456e-01 
 2.48238482e-02  1.65012365e+00  2.48238482e-02  1.44815290e+00  2.48238482e-02  9.09824503e-01 
 2.48288482e-02  1.64203436e+00  2.48288482e-02  1.43981301e+00  2.48288482e-02  8.96288943e-01 
 2.48338482e-02  1.63346606e+00  2.48338482e-02  1.43099917e+00  2.48338482e-02  8.82091994e-01 
 2.48388482e-02  1.62447149e+00  2.48388482e-02  1.42176433e+00  2.48388482e-02  8.67216579e-01 
 2.48438482e-02  1.61501590e+00  2.48438482e-02  1.41207403e+00  2.48438482e-02  8.51708598e-01 
 2.48488482e-02  1.60515210e+00  2.48488482e-02  1.40198125e+00  2.48488482e-02  8.35551932e-01 
 2.48538482e-02  1.59484703e+00  2.48538482e-02  1.39145321e+00  2.48538482e-02  8.18794091e-01 
 2.48588482e-02  1.58415351e+00  2.48588482e-02  1.38054290e+00  2.48588482e-02  8.01419838e-01 
 2.48638482e-02  1.57304011e+00  2.48638482e-02  1.36921913e+00  2.48638482e-02  7.83478208e-01 
 2.48688482e-02  1.56155965e+00  2.48688482e-02  1.35753493e+00  2.48688482e-02  7.64954853e-01 
 2.48738482e-02  1.54968226e+00  2.48738482e-02  1.34546061e+00  2.48738482e-02  7.45900200e-01 
 2.48788482e-02  1.53746074e+00  2.48788482e-02  1.33304918e+00  2.48788482e-02  7.26300733e-01 
 2.48838482e-02  1.52486671e+00  2.48838482e-02  1.32027245e+00  2.48838482e-02  7.06208213e-01 
 2.48888482e-02  1.51195294e+00  2.48888482e-02  1.30718334e+00  2.48888482e-02  6.85609901e-01 
 2.48938482e-02  1.49869247e+00  2.48938482e-02  1.29375510e+00  2.48938482e-02  6.64558751e-01 
 2.48988482e-02  1.48513798e+00  2.48988482e-02  1.28004054e+00  2.48988482e-02  6.43042781e-01 
 2.49038482e-02  1.47126389e+00  2.49038482e-02  1.26601427e+00  2.49038482e-02  6.21116050e-01 
 2.49088482e-02  1.45712275e+00  2.49088482e-02  1.25172896e+00  2.49088482e-02  5.98767237e-01 
 2.49138482e-02  1.44269027e+00  2.49138482e-02  1.23716049e+00  2.49138482e-02  5.76051399e-01 
 2.49188482e-02  1.42801885e+00  2.49188482e-02  1.22236136e+00  2.49188482e-02  5.52957853e-01 
 2.49238482e-02  1.41308544e+00  2.49238482e-02  1.20730868e+00  2.49238482e-02  5.29542521e-01 
 2.49288482e-02  1.39794698e+00  2.49288482e-02  1.19205947e+00  2.49288482e-02  5.05802478e-01 
 2.49338482e-02  1.38259825e+00  2.49338482e-02  1.17660862e+00  2.49338482e-02  4.81819692e-01 
 2.49388482e-02  1.36701818e+00  2.49388482e-02  1.16093521e+00  2.49388482e-02  4.57474418e-01 
 2.49438482e-02  1.35128842e+00  2.49438482e-02  1.14512093e+00  2.49438482e-02  4.32977148e-01 
 2.49488482e-02  1.33535944e+00  2.49488482e-02  1.12911635e+00  2.49488482e-02  4.08169605e-01 
 2.49538482e-02  1.31931135e+00  2.49538482e-02  1.11300165e+00  2.49538482e-02  3.83254720e-01 
 2.49588482e-02  1.30309673e+00  2.49588482e-02  1.09672950e+00  2.49588482e-02  3.58082439e-01 
 2.49638482e-02  1.28679425e+00  2.49638482e-02  1.08037859e+00  2.49638482e-02  3.32848464e-01 
 2.49688482e-02  1.27035847e+00  2.49688482e-02  1.06390355e+00  2.49688482e-02  3.07410511e-01 
 2.49738482e-02  1.25386653e+00  2.49738482e-02  1.04738154e+00  2.49738482e-02  2.81957154e-01 
 2.49788482e-02  1.23727489e+00  2.49788482e-02  1.03076908e+00  2.49788482e-02  2.56353609e-01 
 2.49838482e-02  1.22065919e+00  2.49838482e-02  1.01414178e+00  2.49838482e-02  2.30781959e-01 
 2.49888482e-02  1.20397763e+00  2.49888482e-02  9.97457903e-01  2.49888482e-02  2.05157539e-01 
 2.49938482e-02  1.18730432e+00  2.49938482e-02  9.80791517e-01  2.49938482e-02  1.79524524e-01 
 2.49988482e-02  1.17059916e+00  2.49988482e-02  9.64102548e-01  2.49988482e-02  1.53934985e-01 
 2.50000000e-02  1.16676887e+00  2.50000000e-02  9.60277287e-01  2.50000000e-02  1.48038155e-01 
