 2.00000000e-07 -2.08168795e-03 
 2.04928374e-07 -2.13297410e-03 
 2.14785123e-07 -2.23552508e-03 
 2.34498620e-07 -2.44049621e-03 
 2.73925614e-07 -2.84988625e-03 
 3.52779602e-07 -3.66622632e-03 
 5.10487579e-07 -5.28731103e-03 
 8.25903533e-07 -8.46866475e-03 
 1.45673544e-06 -1.44778829e-02 
 2.71839925e-06 -2.43192780e-02 
 4.00245137e-06 -3.03651072e-02 
 6.06712548e-06 -2.91641961e-02 
 8.96664410e-06 -6.87703010e-03 
 1.15069461e-05  1.83782394e-02 
 1.36872194e-05  2.86634158e-02 
 1.60391006e-05  2.33252370e-02 
 1.82556777e-05  8.00574623e-03 
 2.00000000e-05 -6.55389406e-03 
 2.02281330e-05 -8.38382670e-03 
 2.06843990e-05 -1.19223409e-02 
 2.15969309e-05 -1.80823959e-02 
 2.34219948e-05 -2.53595878e-02 
 2.67286786e-05 -1.73671617e-02 
 2.97655320e-05  6.27961461e-03 
 3.21384157e-05  2.10778516e-02 
 3.45342951e-05  2.23218483e-02 
 3.71219260e-05  1.04193984e-02 
 3.95194355e-05 -5.52488796e-03 
 4.20165111e-05 -1.83872132e-02 
 4.45559097e-05 -2.07796531e-02 
 4.76629039e-05 -6.42122490e-03 
 5.04392789e-05  1.24066203e-02 
 5.25815839e-05  1.96570444e-02 
 5.49998116e-05  1.62175329e-02 
 5.75201627e-05  4.22186868e-03 
 6.00845944e-05 -9.59568728e-03 
 6.26762559e-05 -1.75594971e-02 
 6.54383207e-05 -1.37401889e-02 
 6.87601219e-05  3.29313339e-03 
 7.12184552e-05  1.44259481e-02 
 7.37128806e-05  1.57276659e-02 
 7.62055215e-05  7.93143858e-03 
 7.86704534e-05 -3.44692272e-03 
 8.12962639e-05 -1.28747592e-02 
 8.37913578e-05 -1.45286212e-02 
 8.69571195e-05 -4.36470159e-03 
 8.97132446e-05  8.73636305e-03 
 9.18558307e-05  1.38162974e-02 
 9.42742228e-05  1.14533269e-02 
 9.71217593e-05  1.97347353e-03 
 9.97659885e-05 -7.70463262e-03 
 1.02437232e-04 -1.24720440e-02 
 1.05221187e-04 -8.44514947e-03 
 1.08788595e-04  4.66285270e-03 
 1.11178559e-04  1.09628508e-02 
 1.13711260e-04  1.03161662e-02 
 1.16445015e-04  3.34658104e-03 
 1.19009012e-04 -4.80245569e-03 
 1.21654990e-04 -9.97070150e-03 
 1.24320810e-04 -8.59738126e-03 
 1.27603821e-04  7.12320936e-04 
 1.30165989e-04  7.99861824e-03 
 1.32780956e-04  9.47707194e-03 
 1.35196301e-04  5.46053737e-03 
 1.37609096e-04 -9.71047780e-04 
 1.40358258e-04 -7.06620935e-03 
 1.42837387e-04 -8.56748477e-03 
 1.46003019e-04 -3.26305721e-03 
 1.48787133e-04  4.51242453e-03 
 1.50911485e-04  7.96738540e-03 
 1.53356767e-04  7.21744262e-03 
 1.56651758e-04  1.16469807e-03 
 1.59399197e-04 -4.61250157e-03 
 1.62183789e-04 -7.19350553e-03 
 1.64916245e-04 -4.57452689e-03 
 1.68188448e-04  2.59560883e-03 
 1.70542813e-04  6.38833890e-03 
 1.73028197e-04  6.34919286e-03 
 1.75770053e-04  2.54715401e-03 
 1.78344493e-04 -2.23704705e-03 
 1.81034622e-04 -5.53235934e-03 
 1.83606910e-04 -5.25269030e-03 
 1.86868085e-04 -2.71157114e-04 
 1.89566792e-04  4.48597399e-03 
 1.91943291e-04  5.86083305e-03 
 1.94459321e-04  4.00023292e-03 
 1.96892839e-04  3.70660109e-04 
 1.99419762e-04 -3.25858228e-03 
 2.01966737e-04 -4.86926437e-03 
 2.04827777e-04 -3.04609623e-03 
 2.08044297e-04  1.80156558e-03 
 2.10435860e-04  4.49630052e-03 
 2.12953862e-04  4.55023026e-03 
 2.15753974e-04  1.95216482e-03 
 2.18372348e-04 -1.37959623e-03 
 2.21127218e-04 -3.67224440e-03 
 2.23634931e-04 -3.53174392e-03 
 2.26975827e-04 -1.11922124e-04 
 2.29786268e-04  3.28046239e-03 
 2.32240878e-04  4.23689761e-03 
 2.34837438e-04  2.87554174e-03 
 2.37298672e-04  3.01356814e-04 
 2.39821597e-04 -2.18598773e-03 
 2.42365446e-04 -3.23006150e-03 
 2.45177492e-04 -1.97250462e-03 
 2.48320477e-04  1.29123894e-03 
 2.50756121e-04  3.24079406e-03 
 2.53326522e-04  3.37450473e-03 
 2.56226754e-04  1.59233697e-03 
 2.58912154e-04 -7.56612077e-04 
 2.61341058e-04 -2.24626286e-03 
 2.63865441e-04 -2.34389564e-03 
 2.66895374e-04 -4.39624497e-04 
 2.69622997e-04  1.93033487e-03 
 2.72106628e-04  3.03972987e-03 
 2.74733675e-04  2.55889026e-03 
 2.77908443e-04  5.40879576e-04 
 2.80628115e-04 -1.25833460e-03 
 2.83395569e-04 -1.94900918e-03 
 2.85934714e-04 -1.19074344e-03 
 2.89137254e-04  9.66425346e-04 
 2.91689798e-04  2.38765779e-03 
 2.94449098e-04  2.54588615e-03 
 2.97440736e-04  1.31782457e-03 
 3.00203966e-04 -3.14541974e-04 
 3.02635045e-04 -1.30058502e-03 
 3.05061034e-04 -1.34605218e-03 
 3.07901997e-04 -2.16198529e-04 
 3.10576825e-04  1.32099129e-03 
 3.13483167e-04  2.30093453e-03 
 3.16222429e-04  2.04187738e-03 
 3.20382776e-04  3.14427409e-04 
 3.23273206e-04 -8.17907921e-04 
 3.25493052e-04 -1.02980772e-03 
 3.28064071e-04 -4.33836870e-04 
 3.30668303e-04  7.49605907e-04 
 3.33299492e-04  1.80575228e-03 
 3.36209380e-04  2.08234246e-03 
 3.39502253e-04  1.24746619e-03 
 3.42380167e-04  9.17210901e-05 
 3.44836600e-04 -5.86976498e-04 
 3.47283891e-04 -6.07874831e-04 
 3.49568251e-04 -3.98622329e-05 
 3.52125537e-04  9.17694583e-04 
 3.55043820e-04  1.77095129e-03 
 3.58151167e-04  1.83900631e-03 
 3.61928654e-04  8.78347156e-04 
 3.64958755e-04 -4.67445470e-05 
 3.67204234e-04 -3.62395670e-04 
 3.69412520e-04 -1.92997636e-04 
 3.71994977e-04  4.72709039e-04 
 3.74779315e-04  1.31745471e-03 
 3.77985059e-04  1.80051738e-03 
 3.81434438e-04  1.42289845e-03 
 3.84607144e-04  5.86611688e-04 
 3.87264365e-04  2.65224615e-05 
 3.89213438e-04 -7.83626178e-05 
 3.91106299e-04  1.18125671e-04 
 3.94120740e-04  8.06691444e-04 
 3.97325745e-04  1.52503576e-03 
 4.00851480e-04  1.67839829e-03 
 4.04711979e-04  1.04736306e-03 
 4.07812627e-04  4.00800024e-04 
 4.10125174e-04  1.74728839e-04 
 4.12363979e-04  2.93246768e-04 
 4.14944015e-04  7.51554189e-04 
 4.18064986e-04  1.38569637e-03 
 4.21785262e-04  1.66996242e-03 
 4.25714166e-04  1.23583906e-03 
 4.28905341e-04  6.66966378e-04 
 4.31419640e-04  4.15155584e-04 
 4.34460996e-04  5.48715954e-04 
 4.37751814e-04  1.07258360e-03 
 4.41263672e-04  1.57732738e-03 
 4.45522332e-04  1.55731630e-03 
 4.50044605e-04  9.66325912e-04 
 4.53269023e-04  6.38343608e-04 
 4.56806820e-04  7.50201211e-04 
 4.60353587e-04  1.22909407e-03 
 4.64006182e-04  1.63822751e-03 
 4.68774429e-04  1.52794786e-03 
 4.73958434e-04  9.71456446e-04 
 4.77400266e-04  8.23947076e-04 
 4.81863871e-04  1.16958097e-03 
 4.86708526e-04  1.66789692e-03 
 4.92143001e-04  1.61004190e-03 
 4.97396020e-04  1.13927559e-03 
 5.01341030e-04  1.02991873e-03 
 5.06355117e-04  1.40986340e-03 
 5.11187483e-04  1.78769798e-03 
 5.17344050e-04  1.61019430e-03 
 5.23596751e-04  1.22393892e-03 
 5.29435800e-04  1.41942290e-03 
 5.35383877e-04  1.86090305e-03 
 5.41462359e-04  1.80126043e-03 
 5.48094885e-04  1.43532298e-03 
 5.54267767e-04  1.56372760e-03 
 5.60770896e-04  1.98218459e-03 
 5.67449473e-04  1.93064723e-03 
 5.74811750e-04  1.61947391e-03 
 5.82447898e-04  1.85103062e-03 
 5.90223511e-04  2.18495317e-03 
 6.00261790e-04  1.92883369e-03 
 6.10252393e-04  1.94896931e-03 
 6.19597229e-04  2.35660883e-03 
 6.29579674e-04  2.21088938e-03 
 6.40190108e-04  2.14163404e-03 
 6.52596865e-04  2.58014273e-03 
 6.64839838e-04  2.44980665e-03 
 6.77854964e-04  2.48150067e-03 
 6.93763152e-04  2.89865870e-03 
 7.13763152e-04  2.73166185e-03 
 7.32028666e-04  3.10853618e-03 
 7.52028666e-04  3.24734360e-03 
 7.72028666e-04  3.27118803e-03 
 7.92028666e-04  3.73408048e-03 
 8.12028666e-04  3.62351153e-03 
 8.32028666e-04  4.02487148e-03 
 8.52028666e-04  4.17677942e-03 
 8.72028666e-04  4.25294266e-03 
 8.92028666e-04  4.70726090e-03 
 9.12028666e-04  4.64769168e-03 
 9.32028666e-04  5.06333674e-03 
 9.52028666e-04  5.23092090e-03 
 9.72028666e-04  5.35577307e-03 
 9.92028666e-04  5.80466691e-03 
 1.01202867e-03  5.79437733e-03 
 1.03202867e-03  6.22385482e-03 
 1.05202867e-03  6.40931605e-03 
 1.07202867e-03  6.57960116e-03 
 1.09202867e-03  7.02598351e-03 
 1.11202867e-03  7.06327310e-03 
 1.13202867e-03  7.50632689e-03 
 1.15202867e-03  7.71153350e-03 
 1.17202867e-03  7.92433835e-03 
 1.19202867e-03  8.37089431e-03 
 1.21202867e-03  8.45409764e-03 
 1.23202867e-03  8.91063483e-03 
 1.25202867e-03  9.12945902e-03 
 1.26156625e-03  9.08798296e-03 
 1.27069381e-03  9.37076345e-03 
 1.27574649e-03  9.50888464e-03 
 1.27960031e-03  9.46641688e-03 
 1.28281569e-03  9.42875961e-03 
 1.28572754e-03  9.48181045e-03 
 1.28798744e-03  9.58067881e-03 
 1.29066710e-03  9.70282702e-03 
 1.29381681e-03  9.77323038e-03 
 1.29606705e-03  9.76148786e-03 
 1.29787120e-03  9.73259578e-03 
 1.29992557e-03  9.71239907e-03 
 1.30207643e-03  9.73251314e-03 
 1.30467941e-03  9.81714386e-03 
 1.30709337e-03  9.92237935e-03 
 1.31021369e-03  1.00187300e-02 
 1.31267905e-03  1.00346156e-02 
 1.31450592e-03  1.00181000e-02 
 1.31630504e-03  9.99928526e-03 
 1.31838044e-03  1.00001849e-02 
 1.32064589e-03  1.00447240e-02 
 1.32331555e-03  1.01415805e-02 
 1.32614916e-03  1.02452862e-02 
 1.32891393e-03  1.02982671e-02 
 1.33109309e-03  1.02990983e-02 
 1.33260149e-03  1.02879343e-02 
 1.33405805e-03  1.02798492e-02 
 1.33663802e-03  1.02973731e-02 
 1.33934038e-03  1.03668364e-02 
 1.34239666e-03  1.04752998e-02 
 1.34567446e-03  1.05600119e-02 
 1.34823102e-03  1.05788059e-02 
 1.35000986e-03  1.05736173e-02 
 1.35223801e-03  1.05706108e-02 
 1.35563038e-03  1.06150414e-02 
 1.35891647e-03  1.07132135e-02 
 1.36239347e-03  1.08175544e-02 
 1.36597173e-03  1.08672847e-02 
 1.36829765e-03  1.08692605e-02 
 1.37129436e-03  1.08785138e-02 
 1.37521480e-03  1.09503541e-02 
 1.37905964e-03  1.10655223e-02 
 1.38292628e-03  1.11515882e-02 
 1.38572691e-03  1.11727205e-02 
 1.38899449e-03  1.11838684e-02 
 1.39229869e-03  1.12267964e-02 
 1.39563926e-03  1.13140238e-02 
 1.39998306e-03  1.14281483e-02 
 1.40451530e-03  1.14860895e-02 
 1.40844565e-03  1.15095232e-02 
 1.41251070e-03  1.15740595e-02 
 1.41632334e-03  1.16758936e-02 
 1.42124212e-03  1.17831792e-02 
 1.42501779e-03  1.18194968e-02 
 1.43034960e-03  1.18755629e-02 
 1.43564296e-03  1.19939779e-02 
 1.44176525e-03  1.21311753e-02 
 1.44807084e-03  1.22038209e-02 
 1.45421510e-03  1.22922012e-02 
 1.46035602e-03  1.24390400e-02 
 1.46715159e-03  1.25606627e-02 
 1.47305025e-03  1.26260280e-02 
 1.47963079e-03  1.27538649e-02 
 1.48644071e-03  1.29075586e-02 
 1.49371762e-03  1.30083424e-02 
 1.50321973e-03  1.31672586e-02 
 1.51203357e-03  1.33637277e-02 
 1.52116925e-03  1.35027454e-02 
 1.53367506e-03  1.37253716e-02 
 1.54568297e-03  1.39779706e-02 
 1.55740320e-03  1.41585102e-02 
 1.57462243e-03  1.45045119e-02 
 1.59462243e-03  1.48798688e-02 
 1.61349537e-03  1.52264049e-02 
 1.63349537e-03  1.56455940e-02 
 1.65349537e-03  1.60021433e-02 
 1.67349537e-03  1.64341051e-02 
 1.69349537e-03  1.68150640e-02 
 1.71349537e-03  1.72283436e-02 
 1.73349537e-03  1.76534683e-02 
 1.75349537e-03  1.80446251e-02 
 1.77349537e-03  1.85005918e-02 
 1.79349537e-03  1.88961577e-02 
 1.81349537e-03  1.93564638e-02 
 1.83349537e-03  1.97737733e-02 
 1.85349537e-03  2.02241818e-02 
 1.87349537e-03  2.06741018e-02 
 1.89349537e-03  2.11108196e-02 
 1.91349537e-03  2.15910264e-02 
 1.93349537e-03  2.20220742e-02 
 1.95349537e-03  2.25199490e-02 
 1.97349537e-03  2.29608007e-02 
 1.99349537e-03  2.34600465e-02 
 2.01349537e-03  2.39256522e-02 
 2.03349537e-03  2.44145702e-02 
 2.05349537e-03  2.49118655e-02 
 2.07349537e-03  2.53890923e-02 
 2.09349537e-03  2.59137398e-02 
 2.11349537e-03  2.63886368e-02 
 2.13349537e-03  2.69275156e-02 
 2.15349537e-03  2.74151664e-02 
 2.17349537e-03  2.79531986e-02 
 2.19349537e-03  2.84666764e-02 
 2.21349537e-03  2.89944436e-02 
 2.23349537e-03  2.95383042e-02 
 2.25349537e-03  3.00566101e-02 
 2.27349537e-03  3.06248416e-02 
 2.29349537e-03  3.11440176e-02 
 2.31349537e-03  3.17233503e-02 
 2.33349537e-03  3.22578001e-02 
 2.35349537e-03  3.28345647e-02 
 2.37349537e-03  3.33954188e-02 
 2.39349537e-03  3.39624121e-02 
 2.41349537e-03  3.45520315e-02 
 2.43349537e-03  3.51119454e-02 
 2.45349537e-03  3.57229792e-02 
 2.47349537e-03  3.62867679e-02 
 2.49349537e-03  3.69061113e-02 
 2.51349537e-03  3.74872587e-02 
 2.53349537e-03  3.81027861e-02 
 2.55349537e-03  3.87104656e-02 
 2.57349537e-03  3.93170831e-02 
 2.59349537e-03  3.99516721e-02 
 2.61349537e-03  4.05536721e-02 
 2.63349537e-03  4.12068061e-02 
 2.65349537e-03  4.18154457e-02 
 2.67349537e-03  4.24744570e-02 
 2.69349537e-03  4.31021105e-02 
 2.71349537e-03  4.37565017e-02 
 2.73349537e-03  4.44104160e-02 
 2.75349537e-03  4.50570619e-02 
 2.77349537e-03  4.57358612e-02 
 2.79349537e-03  4.63803661e-02 
 2.81349537e-03  4.70749806e-02 
 2.83349537e-03  4.77286169e-02 
 2.85349537e-03  4.84270461e-02 
 2.87349537e-03  4.91009355e-02 
 2.89349537e-03  4.97943479e-02 
 2.91349537e-03  5.04938812e-02 
 2.93349537e-03  5.11809530e-02 
 2.95349537e-03  5.19032428e-02 
 2.97349537e-03  5.25906069e-02 
 2.99349537e-03  5.33261652e-02 
 3.01349537e-03  5.40248559e-02 
 3.03349537e-03  5.47625364e-02 
 3.05349537e-03  5.54823252e-02 
 3.07349537e-03  5.62149592e-02 
 3.09349537e-03  5.69594838e-02 
 3.11349537e-03  5.76873609e-02 
 3.13349537e-03  5.84524687e-02 
 3.15349537e-03  5.91829784e-02 
 3.17349537e-03  5.99590252e-02 
 3.19349537e-03  6.07027458e-02 
 3.21349537e-03  6.14795854e-02 
 3.23349537e-03  6.22448829e-02 
 3.25349537e-03  6.30169683e-02 
 3.27349537e-03  6.38058572e-02 
 3.29349537e-03  6.45748907e-02 
 3.31349537e-03  6.53821979e-02 
 3.33349537e-03  6.61560697e-02 
 3.35349537e-03  6.69722285e-02 
 3.37349537e-03  6.77608796e-02 
 3.39349537e-03  6.85768496e-02 
 3.41349537e-03  6.93872228e-02 
 3.43349537e-03  7.01990073e-02 
 3.45349537e-03  7.10316441e-02 
 3.47349537e-03  7.18421499e-02 
 3.49349537e-03  7.26910951e-02 
 3.51349537e-03  7.35084761e-02 
 3.53349537e-03  7.43644445e-02 
 3.55349537e-03  7.51978595e-02 
 3.57349537e-03  7.60529848e-02 
 3.59349537e-03  7.69079698e-02 
 3.61349537e-03  7.77597078e-02 
 3.63349537e-03  7.86354964e-02 
 3.65349537e-03  7.94877483e-02 
 3.67349537e-03  8.03778300e-02 
 3.69349537e-03  8.12387998e-02 
 3.71349537e-03  8.21343440e-02 
 3.73349537e-03  8.30122979e-02 
 3.75349537e-03  8.39066463e-02 
 3.77349537e-03  8.48057590e-02 
 3.79349537e-03  8.56977019e-02 
 3.81349537e-03  8.66160738e-02 
 3.83349537e-03  8.75102995e-02 
 3.85349537e-03  8.84410767e-02 
 3.87349537e-03  8.93456503e-02 
 3.89349537e-03  9.02805988e-02 
 3.91349537e-03  9.12028165e-02 
 3.93349537e-03  9.21364893e-02 
 3.95349537e-03  9.30792355e-02 
 3.97349537e-03  9.40116229e-02 
 3.99349537e-03  9.49720432e-02 
 4.00000000e-03  9.52677115e-02 
 4.00200000e-03  9.53635877e-02 
 4.00600000e-03  9.55600419e-02 
 4.01400000e-03  9.59432627e-02 
 4.03000000e-03  9.66993817e-02 
 4.05000000e-03  9.76652422e-02 
 4.07000000e-03  9.86134479e-02 
 4.09000000e-03  9.95804803e-02 
 4.11000000e-03  1.00532789e-01 
 4.13000000e-03  1.01495071e-01 
 4.15000000e-03  1.02453587e-01 
 4.17000000e-03  1.03408851e-01 
 4.19000000e-03  1.04373060e-01 
 4.21000000e-03  1.05322832e-01 
 4.23000000e-03  1.06289365e-01 
 4.25000000e-03  1.07237731e-01 
 4.27000000e-03  1.08201911e-01 
 4.29000000e-03  1.09153260e-01 
 4.31000000e-03  1.10111396e-01 
 4.33000000e-03  1.11068147e-01 
 4.35000000e-03  1.12019325e-01 
 4.37000000e-03  1.12980750e-01 
 4.39000000e-03  1.13927197e-01 
 4.41000000e-03  1.14889867e-01 
 4.43000000e-03  1.15835743e-01 
 4.45000000e-03  1.16795318e-01 
 4.47000000e-03  1.17744570e-01 
 4.49000000e-03  1.18698005e-01 
 4.51000000e-03  1.19652393e-01 
 4.53000000e-03  1.20599426e-01 
 4.55000000e-03  1.21557702e-01 
 4.57000000e-03  1.22500909e-01 
 4.59000000e-03  1.23459527e-01 
 4.61000000e-03  1.24402949e-01 
 4.63000000e-03  1.25357909e-01 
 4.65000000e-03  1.26304984e-01 
 4.67000000e-03  1.27253854e-01 
 4.69000000e-03  1.28205710e-01 
 4.71000000e-03  1.29148799e-01 
 4.73000000e-03  1.30103751e-01 
 4.75000000e-03  1.31043880e-01 
 4.77000000e-03  1.31998357e-01 
 4.79000000e-03  1.32939373e-01 
 4.81000000e-03  1.33889763e-01 
 4.83000000e-03  1.34834578e-01 
 4.85000000e-03  1.35779040e-01 
 4.87000000e-03  1.36728200e-01 
 4.89000000e-03  1.37667539e-01 
 4.91000000e-03  1.38619014e-01 
 4.93000000e-03  1.39556205e-01 
 4.95000000e-03  1.40506481e-01 
 4.97000000e-03  1.41445113e-01 
 4.99000000e-03  1.42390997e-01 
 5.01000000e-03  1.43333456e-01 
 5.03000000e-03  1.44273671e-01 
 5.05000000e-03  1.45219978e-01 
 5.07000000e-03  1.46155748e-01 
 5.09000000e-03  1.47103614e-01 
 5.11000000e-03  1.48037981e-01 
 5.13000000e-03  1.48984021e-01 
 5.15000000e-03  1.49920267e-01 
 5.17000000e-03  1.50861730e-01 
 5.19000000e-03  1.51801726e-01 
 5.21000000e-03  1.52737857e-01 
 5.23000000e-03  1.53681161e-01 
 5.25000000e-03  1.54613526e-01 
 5.27000000e-03  1.55557673e-01 
 5.29000000e-03  1.56489305e-01 
 5.31000000e-03  1.57431098e-01 
 5.33000000e-03  1.58364937e-01 
 5.35000000e-03  1.59302077e-01 
 5.37000000e-03  1.60239496e-01 
 5.39000000e-03  1.61171704e-01 
 5.41000000e-03  1.62111867e-01 
 5.43000000e-03  1.63040972e-01 
 5.45000000e-03  1.63981312e-01 
 5.47000000e-03  1.64910274e-01 
 5.49000000e-03  1.65847834e-01 
 5.51000000e-03  1.66779225e-01 
 5.53000000e-03  1.67712150e-01 
 5.55000000e-03  1.68646877e-01 
 5.57000000e-03  1.69575315e-01 
 5.59000000e-03  1.70512211e-01 
 5.61000000e-03  1.71438184e-01 
 5.63000000e-03  1.72374653e-01 
 5.65000000e-03  1.73300987e-01 
 5.67000000e-03  1.74234345e-01 
 5.69000000e-03  1.75163234e-01 
 5.71000000e-03  1.76092060e-01 
 5.73000000e-03  1.77023980e-01 
 5.75000000e-03  1.77948795e-01 
 5.77000000e-03  1.78882313e-01 
 5.79000000e-03  1.79805262e-01 
 5.81000000e-03  1.80737813e-01 
 5.83000000e-03  1.81661544e-01 
 5.85000000e-03  1.82590747e-01 
 5.87000000e-03  1.83517069e-01 
 5.89000000e-03  1.84441917e-01 
 5.91000000e-03  1.85370916e-01 
 5.93000000e-03  1.86292244e-01 
 5.95000000e-03  1.87222289e-01 
 5.97000000e-03  1.88142303e-01 
 5.99000000e-03  1.89070912e-01 
 6.01000000e-03  1.89992044e-01 
 6.03000000e-03  1.90917154e-01 
 6.05000000e-03  1.91840835e-01 
 6.07000000e-03  1.92761827e-01 
 6.09000000e-03  1.93687799e-01 
 6.11000000e-03  1.94605764e-01 
 6.13000000e-03  1.95532256e-01 
 6.15000000e-03  1.96449407e-01 
 6.17000000e-03  1.97374066e-01 
 6.19000000e-03  1.98292588e-01 
 6.21000000e-03  1.99213678e-01 
 6.23000000e-03  2.00134641e-01 
 6.25000000e-03  2.01051895e-01 
 6.27000000e-03  2.01974741e-01 
 6.29000000e-03  2.02889456e-01 
 6.31000000e-03  2.03812331e-01 
 6.33000000e-03  2.04726672e-01 
 6.35000000e-03  2.05647390e-01 
 6.37000000e-03  2.06563280e-01 
 6.39000000e-03  2.07480430e-01 
 6.41000000e-03  2.08398592e-01 
 6.43000000e-03  2.09312226e-01 
 6.45000000e-03  2.10231856e-01 
 6.47000000e-03  2.11143418e-01 
 6.49000000e-03  2.12062629e-01 
 6.51000000e-03  2.12974197e-01 
 6.53000000e-03  2.13890998e-01 
 6.55000000e-03  2.14804220e-01 
 6.57000000e-03  2.15717518e-01 
 6.59000000e-03  2.16632799e-01 
 6.61000000e-03  2.17542923e-01 
 6.63000000e-03  2.18459257e-01 
 6.65000000e-03  2.19367751e-01 
 6.67000000e-03  2.20283265e-01 
 6.69000000e-03  2.21192083e-01 
 6.71000000e-03  2.22105002e-01 
 6.73000000e-03  2.23015514e-01 
 6.75000000e-03  2.23925050e-01 
 6.77000000e-03  2.24837370e-01 
 6.79000000e-03  2.25744088e-01 
 6.81000000e-03  2.26657056e-01 
 6.83000000e-03  2.27562554e-01 
 6.85000000e-03  2.28474352e-01 
 6.87000000e-03  2.29380430e-01 
 6.89000000e-03  2.30289514e-01 
 6.91000000e-03  2.31197266e-01 
 6.93000000e-03  2.32103130e-01 
 6.95000000e-03  2.33012415e-01 
 6.97000000e-03  2.33915821e-01 
 6.99000000e-03  2.34825368e-01 
 7.01000000e-03  2.35727926e-01 
 7.03000000e-03  2.36636004e-01 
 7.05000000e-03  2.37539339e-01 
 7.07000000e-03  2.38444641e-01 
 7.09000000e-03  2.39349580e-01 
 7.11000000e-03  2.40251864e-01 
 7.13000000e-03  2.41158042e-01 
 7.15000000e-03  2.42058224e-01 
 7.17000000e-03  2.42964303e-01 
 7.19000000e-03  2.43863966e-01 
 7.21000000e-03  2.44768332e-01 
 7.23000000e-03  2.45668911e-01 
 7.25000000e-03  2.46570493e-01 
 7.27000000e-03  2.47472563e-01 
 7.29000000e-03  2.48371354e-01 
 7.31000000e-03  2.49274363e-01 
 7.33000000e-03  2.50171396e-01 
 7.35000000e-03  2.51073974e-01 
 7.37000000e-03  2.51970774e-01 
 7.39000000e-03  2.52871445e-01 
 7.41000000e-03  2.53769249e-01 
 7.43000000e-03  2.54667175e-01 
 7.45000000e-03  2.55566321e-01 
 7.47000000e-03  2.56461703e-01 
 7.49000000e-03  2.57361486e-01 
 7.51000000e-03  2.58255437e-01 
 7.53000000e-03  2.59154491e-01 
 7.55000000e-03  2.60048449e-01 
 7.57000000e-03  2.60945454e-01 
 7.59000000e-03  2.61840454e-01 
 7.61000000e-03  2.62734793e-01 
 7.63000000e-03  2.63630959e-01 
 7.65000000e-03  2.64523013e-01 
 7.67000000e-03  2.65419521e-01 
 7.69000000e-03  2.66310446e-01 
 7.71000000e-03  2.67205965e-01 
 7.73000000e-03  2.68097093e-01 
 7.75000000e-03  2.68990465e-01 
 7.77000000e-03  2.69882630e-01 
 7.79000000e-03  2.70773452e-01 
 7.81000000e-03  2.71666586e-01 
 7.83000000e-03  2.72555385e-01 
 7.85000000e-03  2.73448578e-01 
 7.87000000e-03  2.74336524e-01 
 7.89000000e-03  2.75228503e-01 
 7.91000000e-03  2.76116805e-01 
 7.93000000e-03  2.77006587e-01 
 7.95000000e-03  2.77895881e-01 
 7.97000000e-03  2.78783254e-01 
 7.99000000e-03  2.79673307e-01 
 8.01000000e-03  2.80558918e-01 
 8.03000000e-03  2.81448764e-01 
 8.05000000e-03  2.82333768e-01 
 8.07000000e-03  2.83222216e-01 
 8.09000000e-03  2.84107685e-01 
 8.11000000e-03  2.84993923e-01 
 8.13000000e-03  2.85880310e-01 
 8.15000000e-03  2.86764302e-01 
 8.17000000e-03  2.87651230e-01 
 8.19000000e-03  2.88533712e-01 
 8.21000000e-03  2.89420188e-01 
 8.23000000e-03  2.90302278e-01 
 8.25000000e-03  2.91187209e-01 
 8.27000000e-03  2.92069836e-01 
 8.29000000e-03  2.92952580e-01 
 8.31000000e-03  2.93836021e-01 
 8.33000000e-03  2.94716697e-01 
 8.35000000e-03  2.95600460e-01 
 8.37000000e-03  2.96479867e-01 
 8.39000000e-03  2.97362958e-01 
 8.41000000e-03  2.98242155e-01 
 8.43000000e-03  2.99123590e-01 
 8.45000000e-03  3.00003358e-01 
 8.47000000e-03  3.00882660e-01 
 8.49000000e-03  3.01763119e-01 
 8.51000000e-03  3.02640540e-01 
 8.53000000e-03  3.03521105e-01 
 8.55000000e-03  3.04397482e-01 
 8.57000000e-03  3.05277180e-01 
 8.59000000e-03  3.06153496e-01 
 8.61000000e-03  3.07031463e-01 
 8.63000000e-03  3.07908353e-01 
 8.65000000e-03  3.08784267e-01 
 8.67000000e-03  3.09661707e-01 
 8.69000000e-03  3.10535930e-01 
 8.71000000e-03  3.11413271e-01 
 8.73000000e-03  3.12286655e-01 
 8.75000000e-03  3.13162961e-01 
 8.77000000e-03  3.14036402e-01 
 8.79000000e-03  3.14910934e-01 
 8.81000000e-03  3.15784923e-01 
 8.83000000e-03  3.16657501e-01 
 8.85000000e-03  3.17531890e-01 
 8.87000000e-03  3.18402968e-01 
 8.89000000e-03  3.19277062e-01 
 8.91000000e-03  3.20147485e-01 
 8.93000000e-03  3.21020406e-01 
 8.95000000e-03  3.21890972e-01 
 8.97000000e-03  3.22762105e-01 
 8.99000000e-03  3.23633169e-01 
 9.01000000e-03  3.24502464e-01 
 9.03000000e-03  3.25373772e-01 
 9.05000000e-03  3.26241753e-01 
 9.07000000e-03  3.27112585e-01 
 9.09000000e-03  3.27980072e-01 
 9.11000000e-03  3.28849619e-01 
 9.13000000e-03  3.29717307e-01 
 9.15000000e-03  3.30585079e-01 
 9.17000000e-03  3.31453194e-01 
 9.19000000e-03  3.32319256e-01 
 9.21000000e-03  3.33187456e-01 
 9.23000000e-03  3.34052382e-01 
 9.25000000e-03  3.34919943e-01 
 9.27000000e-03  3.35784513e-01 
 9.29000000e-03  3.36650704e-01 
 9.31000000e-03  3.37515506e-01 
 9.33000000e-03  3.38379957e-01 
 9.35000000e-03  3.39245100e-01 
 9.37000000e-03  3.40107977e-01 
 9.39000000e-03  3.40973048e-01 
 9.41000000e-03  3.41834955e-01 
 9.43000000e-03  3.42699242e-01 
 9.45000000e-03  3.43560907e-01 
 9.47000000e-03  3.44423765e-01 
 9.49000000e-03  3.45285669e-01 
 9.51000000e-03  3.46146842e-01 
 9.53000000e-03  3.47008988e-01 
 9.55000000e-03  3.47868726e-01 
 9.57000000e-03  3.48730649e-01 
 9.59000000e-03  3.49589570e-01 
 9.61000000e-03  3.50450584e-01 
 9.63000000e-03  3.51309353e-01 
 9.65000000e-03  3.52168903e-01 
 9.67000000e-03  3.53027897e-01 
 9.69000000e-03  3.53885833e-01 
 9.71000000e-03  3.54744961e-01 
 9.73000000e-03  3.55601601e-01 
 9.75000000e-03  3.56460363e-01 
 9.77000000e-03  3.57316324e-01 
 9.79000000e-03  3.58174072e-01 
 9.81000000e-03  3.59029949e-01 
 9.83000000e-03  3.59886220e-01 
 9.85000000e-03  3.60742289e-01 
 9.87000000e-03  3.61597029e-01 
 9.89000000e-03  3.62453120e-01 
 9.91000000e-03  3.63306701e-01 
 9.93000000e-03  3.64162292e-01 
 9.95000000e-03  3.65015315e-01 
 9.97000000e-03  3.65869809e-01 
 9.99000000e-03  3.66722794e-01 
 1.00100000e-02  3.67575817e-01 
 1.00300000e-02  3.68428946e-01 
 1.00500000e-02  3.69280531e-01 
 1.00700000e-02  3.70133567e-01 
 1.00900000e-02  3.70984123e-01 
 1.01100000e-02  3.71836539e-01 
 1.01300000e-02  3.72686641e-01 
 1.01500000e-02  3.73537896e-01 
 1.01700000e-02  3.74387987e-01 
 1.01900000e-02  3.75237794e-01 
 1.02100000e-02  3.76087968e-01 
 1.02300000e-02  3.76936435e-01 
 1.02500000e-02  3.77786403e-01 
 1.02700000e-02  3.78633965e-01 
 1.02900000e-02  3.79483206e-01 
 1.03100000e-02  3.80330400e-01 
 1.03300000e-02  3.81178433e-01 
 1.03500000e-02  3.82025625e-01 
 1.03700000e-02  3.82872249e-01 
 1.03900000e-02  3.83719455e-01 
 1.04100000e-02  3.84564840e-01 
 1.04300000e-02  3.85411729e-01 
 1.04500000e-02  3.86256323e-01 
 1.04700000e-02  3.87102392e-01 
 1.04900000e-02  3.87946688e-01 
 1.05100000e-02  3.88791522e-01 
 1.05300000e-02  3.89635808e-01 
 1.05500000e-02  3.90479282e-01 
 1.05700000e-02  3.91323506e-01 
 1.05900000e-02  3.92165843e-01 
 1.06100000e-02  3.93009646e-01 
 1.06300000e-02  3.93851295e-01 
 1.06500000e-02  3.94694200e-01 
 1.06700000e-02  3.95535604e-01 
 1.06900000e-02  3.96377260e-01 
 1.07100000e-02  3.97218635e-01 
 1.07300000e-02  3.98058991e-01 
 1.07500000e-02  3.98900222e-01 
 1.07700000e-02  3.99739542e-01 
 1.07900000e-02  4.00580254e-01 
 1.08100000e-02  4.01418977e-01 
 1.08300000e-02  4.02258728e-01 
 1.08500000e-02  4.03097243e-01 
 1.08700000e-02  4.03935748e-01 
 1.08900000e-02  4.04774202e-01 
 1.09100000e-02  4.05611473e-01 
 1.09300000e-02  4.06449701e-01 
 1.09500000e-02  4.07286033e-01 
 1.09700000e-02  4.08123653e-01 
 1.09900000e-02  4.08959466e-01 
 1.10100000e-02  4.09796076e-01 
 1.10300000e-02  4.10631704e-01 
 1.10500000e-02  4.11467084e-01 
 1.10700000e-02  4.12302609e-01 
 1.10900000e-02  4.13136826e-01 
 1.11100000e-02  4.13972043e-01 
 1.11300000e-02  4.14805412e-01 
 1.11500000e-02  4.15639942e-01 
 1.11700000e-02  4.16472858e-01 
 1.11900000e-02  4.17306343e-01 
 1.12100000e-02  4.18139084e-01 
 1.12300000e-02  4.18971364e-01 
 1.12500000e-02  4.19803953e-01 
 1.12700000e-02  4.20635145e-01 
 1.12900000e-02  4.21467346e-01 
 1.13100000e-02  4.22297775e-01 
 1.13300000e-02  4.23129220e-01 
 1.13500000e-02  4.23959250e-01 
 1.13700000e-02  4.24789626e-01 
 1.13900000e-02  4.25619479e-01 
 1.14100000e-02  4.26448687e-01 
 1.14300000e-02  4.27278333e-01 
 1.14500000e-02  4.28106528e-01 
 1.14700000e-02  4.28935709e-01 
 1.14900000e-02  4.29763218e-01 
 1.15100000e-02  4.30591585e-01 
 1.15300000e-02  4.31418736e-01 
 1.15500000e-02  4.32246025e-01 
 1.15700000e-02  4.33072986e-01 
 1.15900000e-02  4.33899149e-01 
 1.16100000e-02  4.34725846e-01 
 1.16300000e-02  4.35551069e-01 
 1.16500000e-02  4.36377231e-01 
 1.16700000e-02  4.37201836e-01 
 1.16900000e-02  4.38027135e-01 
 1.17100000e-02  4.38851414e-01 
 1.17300000e-02  4.39675635e-01 
 1.17500000e-02  4.40499702e-01 
 1.17700000e-02  4.41322845e-01 
 1.17900000e-02  4.42146589e-01 
 1.18100000e-02  4.42968865e-01 
 1.18300000e-02  4.43792007e-01 
 1.18500000e-02  4.44613725e-01 
 1.18700000e-02  4.45435968e-01 
 1.18900000e-02  4.46257378e-01 
 1.19100000e-02  4.47078553e-01 
 1.19300000e-02  4.47899723e-01 
 1.19500000e-02  4.48719873e-01 
 1.19700000e-02  4.49540660e-01 
 1.19900000e-02  4.50360010e-01 
 1.20100000e-02  4.51180137e-01 
 1.20300000e-02  4.51998979e-01 
 1.20500000e-02  4.52818181e-01 
 1.20700000e-02  4.53636724e-01 
 1.20900000e-02  4.54454876e-01 
 1.21100000e-02  4.55273146e-01 
 1.21300000e-02  4.56090326e-01 
 1.21500000e-02  4.56908155e-01 
 1.21700000e-02  4.57724598e-01 
 1.21900000e-02  4.58541717e-01 
 1.22100000e-02  4.59357694e-01 
 1.22300000e-02  4.60173869e-01 
 1.22500000e-02  4.60989548e-01 
 1.22700000e-02  4.61804698e-01 
 1.22900000e-02  4.62620066e-01 
 1.23100000e-02  4.63434299e-01 
 1.23300000e-02  4.64249170e-01 
 1.23500000e-02  4.65062725e-01 
 1.23700000e-02  4.65876842e-01 
 1.23900000e-02  4.66689963e-01 
 1.24100000e-02  4.67503128e-01 
 1.24300000e-02  4.68315944e-01 
 1.24500000e-02  4.69128116e-01 
 1.24700000e-02  4.69940579e-01 
 1.24900000e-02  4.70751888e-01 
 1.25100000e-02  4.71563803e-01 
 1.25300000e-02  4.72374485e-01 
 1.25500000e-02  4.73185610e-01 
 1.25700000e-02  4.73995882e-01 
 1.25900000e-02  4.74806055e-01 
 1.26100000e-02  4.75616008e-01 
 1.26300000e-02  4.76425222e-01 
 1.26500000e-02  4.77234780e-01 
 1.26700000e-02  4.78043185e-01 
 1.26900000e-02  4.78852147e-01 
 1.27100000e-02  4.79659970e-01 
 1.27300000e-02  4.80468115e-01 
 1.27500000e-02  4.81275544e-01 
 1.27700000e-02  4.82082743e-01 
 1.27900000e-02  4.82889835e-01 
 1.28100000e-02  4.83696112e-01 
 1.28300000e-02  4.84502766e-01 
 1.28500000e-02  4.85308285e-01 
 1.28700000e-02  4.86114300e-01 
 1.28900000e-02  4.86919276e-01 
 1.29100000e-02  4.87724453e-01 
 1.29300000e-02  4.88529044e-01 
 1.29500000e-02  4.89333288e-01 
 1.29700000e-02  4.90137517e-01 
 1.29900000e-02  4.90940880e-01 
 1.30100000e-02  4.91744630e-01 
 1.30300000e-02  4.92547281e-01 
 1.30500000e-02  4.93350355e-01 
 1.30700000e-02  4.94152495e-01 
 1.30900000e-02  4.94954718e-01 
 1.31100000e-02  4.95756475e-01 
 1.31300000e-02  4.96557782e-01 
 1.31500000e-02  4.97359151e-01 
 1.31700000e-02  4.98159618e-01 
 1.31900000e-02  4.98960467e-01 
 1.32100000e-02  4.99760266e-01 
 1.32300000e-02  5.00560407e-01 
 1.32500000e-02  5.01359720e-01 
 1.32700000e-02  5.02159004e-01 
 1.32900000e-02  5.02957930e-01 
 1.33100000e-02  5.03756320e-01 
 1.33300000e-02  5.04554830e-01 
 1.33500000e-02  5.05352420e-01 
 1.33700000e-02  5.06150372e-01 
 1.33900000e-02  5.06947333e-01 
 1.34100000e-02  5.07744551e-01 
 1.34300000e-02  5.08541045e-01 
 1.34500000e-02  5.09337404e-01 
 1.34700000e-02  5.10133504e-01 
 1.34900000e-02  5.10928995e-01 
 1.35100000e-02  5.11724647e-01 
 1.35300000e-02  5.12519378e-01 
 1.35500000e-02  5.13314438e-01 
 1.35700000e-02  5.14108574e-01 
 1.35900000e-02  5.14902879e-01 
 1.36100000e-02  5.15696562e-01 
 1.36300000e-02  5.16490013e-01 
 1.36500000e-02  5.17283288e-01 
 1.36700000e-02  5.18075899e-01 
 1.36900000e-02  5.18868697e-01 
 1.37100000e-02  5.19660585e-01 
 1.37300000e-02  5.20452759e-01 
 1.37500000e-02  5.21244082e-01 
 1.37700000e-02  5.22035486e-01 
 1.37900000e-02  5.22826363e-01 
 1.38100000e-02  5.23616922e-01 
 1.38300000e-02  5.24407376e-01 
 1.38500000e-02  5.25197124e-01 
 1.38700000e-02  5.25987071e-01 
 1.38900000e-02  5.26776132e-01 
 1.39100000e-02  5.27565428e-01 
 1.39300000e-02  5.28353948e-01 
 1.39500000e-02  5.29142463e-01 
 1.39700000e-02  5.29930542e-01 
 1.39900000e-02  5.30718225e-01 
 1.40100000e-02  5.31505861e-01 
 1.40300000e-02  5.32292763e-01 
 1.40500000e-02  5.33079864e-01 
 1.40700000e-02  5.33866111e-01 
 1.40900000e-02  5.34652537e-01 
 1.41100000e-02  5.35438265e-01 
 1.41300000e-02  5.36223904e-01 
 1.41500000e-02  5.37009188e-01 
 1.41700000e-02  5.37794012e-01 
 1.41900000e-02  5.38578834e-01 
 1.42100000e-02  5.39362907e-01 
 1.42300000e-02  5.40147166e-01 
 1.42500000e-02  5.40930614e-01 
 1.42700000e-02  5.41714179e-01 
 1.42900000e-02  5.42497122e-01 
 1.43100000e-02  5.43279900e-01 
 1.43300000e-02  5.44062395e-01 
 1.43500000e-02  5.44844376e-01 
 1.43700000e-02  5.45626388e-01 
 1.43900000e-02  5.46407647e-01 
 1.44100000e-02  5.47189071e-01 
 1.44300000e-02  5.47969732e-01 
 1.44500000e-02  5.48750446e-01 
 1.44700000e-02  5.49530613e-01 
 1.44900000e-02  5.50310544e-01 
 1.45100000e-02  5.51090254e-01 
 1.45300000e-02  5.51869408e-01 
 1.45500000e-02  5.52648614e-01 
 1.45700000e-02  5.53427075e-01 
 1.45900000e-02  5.54205670e-01 
 1.46100000e-02  5.54983554e-01 
 1.46300000e-02  5.55761429e-01 
 1.46500000e-02  5.56538827e-01 
 1.46700000e-02  5.57315925e-01 
 1.46900000e-02  5.58092856e-01 
 1.47100000e-02  5.58869198e-01 
 1.47300000e-02  5.59645604e-01 
 1.47500000e-02  5.60421280e-01 
 1.47700000e-02  5.61197054e-01 
 1.47900000e-02  5.61972173e-01 
 1.48100000e-02  5.62747220e-01 
 1.48300000e-02  5.63521856e-01 
 1.48500000e-02  5.64296135e-01 
 1.48700000e-02  5.65070292e-01 
 1.48900000e-02  5.65843838e-01 
 1.49100000e-02  5.66617448e-01 
 1.49300000e-02  5.67390353e-01 
 1.49500000e-02  5.68163315e-01 
 1.49700000e-02  5.68935678e-01 
 1.49900000e-02  5.69707909e-01 
 1.50100000e-02  5.70479790e-01 
 1.50300000e-02  5.71251264e-01 
 1.50500000e-02  5.72022652e-01 
 1.50700000e-02  5.72793416e-01 
 1.50900000e-02  5.73564238e-01 
 1.51100000e-02  5.74334383e-01 
 1.51300000e-02  5.75104543e-01 
 1.51500000e-02  5.75874159e-01 
 1.51700000e-02  5.76643587e-01 
 1.51900000e-02  5.77412718e-01 
 1.52100000e-02  5.78181403e-01 
 1.52300000e-02  5.78950027e-01 
 1.52500000e-02  5.79718024e-01 
 1.52700000e-02  5.80486063e-01 
 1.52900000e-02  5.81253461e-01 
 1.53100000e-02  5.82020828e-01 
 1.53300000e-02  5.82787706e-01 
 1.53500000e-02  5.83554343e-01 
 1.53700000e-02  5.84320731e-01 
 1.53900000e-02  5.85086641e-01 
 1.54100000e-02  5.85852506e-01 
 1.54300000e-02  5.86617749e-01 
 1.54500000e-02  5.87383014e-01 
 1.54700000e-02  5.88147676e-01 
 1.54900000e-02  5.88912260e-01 
 1.55100000e-02  5.89676408e-01 
 1.55300000e-02  5.90440267e-01 
 1.55500000e-02  5.91203919e-01 
 1.55700000e-02  5.91967067e-01 
 1.55900000e-02  5.92730181e-01 
 1.56100000e-02  5.93492682e-01 
 1.56300000e-02  5.94255181e-01 
 1.56500000e-02  5.95017117e-01 
 1.56700000e-02  5.95778929e-01 
 1.56900000e-02  5.96540355e-01 
 1.57100000e-02  5.97301449e-01 
 1.57300000e-02  5.98062370e-01 
 1.57500000e-02  5.98822770e-01 
 1.57700000e-02  5.99583139e-01 
 1.57900000e-02  6.00342911e-01 
 1.58100000e-02  6.01102653e-01 
 1.58300000e-02  6.01861872e-01 
 1.58500000e-02  6.02620924e-01 
 1.58700000e-02  6.03379635e-01 
 1.58900000e-02  6.04137978e-01 
 1.59100000e-02  6.04896174e-01 
 1.59300000e-02  6.05653840e-01 
 1.59500000e-02  6.06411470e-01 
 1.59700000e-02  6.07168525e-01 
 1.59900000e-02  6.07925518e-01 
 1.60100000e-02  6.08682030e-01 
 1.60300000e-02  6.09438334e-01 
 1.60500000e-02  6.10194336e-01 
 1.60700000e-02  6.10949941e-01 
 1.60900000e-02  6.11705419e-01 
 1.61100000e-02  6.12460363e-01 
 1.61300000e-02  6.13215263e-01 
 1.61500000e-02  6.13969612e-01 
 1.61700000e-02  6.14723866e-01 
 1.61900000e-02  6.15477680e-01 
 1.62100000e-02  6.16231247e-01 
 1.62300000e-02  6.16984548e-01 
 1.62500000e-02  6.17737427e-01 
 1.62700000e-02  6.18490194e-01 
 1.62900000e-02  6.19242429e-01 
 1.63100000e-02  6.19994606e-01 
 1.63300000e-02  6.20746259e-01 
 1.63500000e-02  6.21497785e-01 
 1.63700000e-02  6.22248909e-01 
 1.63900000e-02  6.22999751e-01 
 1.64100000e-02  6.23750358e-01 
 1.64300000e-02  6.24500525e-01 
 1.64500000e-02  6.25250587e-01 
 1.64700000e-02  6.26000125e-01 
 1.64900000e-02  6.26749587e-01 
 1.65100000e-02  6.27498555e-01 
 1.65300000e-02  6.28247363e-01 
 1.65500000e-02  6.28995805e-01 
 1.65700000e-02  6.29743934e-01 
 1.65900000e-02  6.30491854e-01 
 1.66100000e-02  6.31239320e-01 
 1.66300000e-02  6.31986686e-01 
 1.66500000e-02  6.32733538e-01 
 1.66700000e-02  6.33480294e-01 
 1.66900000e-02  6.34226587e-01 
 1.67100000e-02  6.34972687e-01 
 1.67300000e-02  6.35718455e-01 
 1.67500000e-02  6.36463883e-01 
 1.67700000e-02  6.37209123e-01 
 1.67900000e-02  6.37953902e-01 
 1.68100000e-02  6.38698578e-01 
 1.68300000e-02  6.39442755e-01 
 1.68500000e-02  6.40186815e-01 
 1.68700000e-02  6.40930441e-01 
 1.68900000e-02  6.41673845e-01 
 1.69100000e-02  6.42416946e-01 
 1.69300000e-02  6.43159686e-01 
 1.69500000e-02  6.43902253e-01 
 1.69700000e-02  6.44644356e-01 
 1.69900000e-02  6.45386350e-01 
 1.70100000e-02  6.46127864e-01 
 1.70300000e-02  6.46869236e-01 
 1.70500000e-02  6.47610205e-01 
 1.70700000e-02  6.48350923e-01 
 1.70900000e-02  6.49091366e-01 
 1.71100000e-02  6.49831428e-01 
 1.71300000e-02  6.50571331e-01 
 1.71500000e-02  6.51310769e-01 
 1.71700000e-02  6.52050089e-01 
 1.71900000e-02  6.52788949e-01 
 1.72100000e-02  6.53527644e-01 
 1.72300000e-02  6.54265965e-01 
 1.72500000e-02  6.55004008e-01 
 1.72700000e-02  6.55741800e-01 
 1.72900000e-02  6.56479198e-01 
 1.73100000e-02  6.57216442e-01 
 1.73300000e-02  6.57953227e-01 
 1.73500000e-02  6.58689883e-01 
 1.73700000e-02  6.59426099e-01 
 1.73900000e-02  6.60162126e-01 
 1.74100000e-02  6.60897807e-01 
 1.74300000e-02  6.61633187e-01 
 1.74500000e-02  6.62368336e-01 
 1.74700000e-02  6.63103080e-01 
 1.74900000e-02  6.63837674e-01 
 1.75100000e-02  6.64571816e-01 
 1.75300000e-02  6.65305816e-01 
 1.75500000e-02  6.66039398e-01 
 1.75700000e-02  6.66772768e-01 
 1.75900000e-02  6.67505816e-01 
 1.76100000e-02  6.68238545e-01 
 1.76300000e-02  6.68971058e-01 
 1.76500000e-02  6.69703160e-01 
 1.76700000e-02  6.70435111e-01 
 1.76900000e-02  6.71166623e-01 
 1.77100000e-02  6.71897975e-01 
 1.77300000e-02  6.72628932e-01 
 1.77500000e-02  6.73359656e-01 
 1.77700000e-02  6.74090080e-01 
 1.77900000e-02  6.74820167e-01 
 1.78100000e-02  6.75550052e-01 
 1.78300000e-02  6.76279524e-01 
 1.78500000e-02  6.77008841e-01 
 1.78700000e-02  6.77737731e-01 
 1.78900000e-02  6.78466445e-01 
 1.79100000e-02  6.79194787e-01 
 1.79300000e-02  6.79922874e-01 
 1.79500000e-02  6.80650682e-01 
 1.79700000e-02  6.81378140e-01 
 1.79900000e-02  6.82105405e-01 
 1.80100000e-02  6.82832256e-01 
 1.80300000e-02  6.83558948e-01 
 1.80500000e-02  6.84285226e-01 
 1.80700000e-02  6.85011313e-01 
 1.80900000e-02  6.85737047e-01 
 1.81100000e-02  6.86462508e-01 
 1.81300000e-02  6.87187709e-01 
 1.81500000e-02  6.87912548e-01 
 1.81700000e-02  6.88637200e-01 
 1.81900000e-02  6.89361442e-01 
 1.82100000e-02  6.90085517e-01 
 1.82300000e-02  6.90809194e-01 
 1.82500000e-02  6.91532661e-01 
 1.82700000e-02  6.92255797e-01 
 1.82900000e-02  6.92978644e-01 
 1.83100000e-02  6.93701244e-01 
 1.83300000e-02  6.94423476e-01 
 1.83500000e-02  6.95145523e-01 
 1.83700000e-02  6.95867167e-01 
 1.83900000e-02  6.96588633e-01 
 1.84100000e-02  6.97309717e-01 
 1.84300000e-02  6.98030576e-01 
 1.84500000e-02  6.98751122e-01 
 1.84700000e-02  6.99471364e-01 
 1.84900000e-02  7.00191372e-01 
 1.85100000e-02  7.00911007e-01 
 1.85300000e-02  7.01630458e-01 
 1.85500000e-02  7.02349513e-01 
 1.85700000e-02  7.03068380e-01 
 1.85900000e-02  7.03786881e-01 
 1.86100000e-02  7.04505141e-01 
 1.86300000e-02  7.05223106e-01 
 1.86500000e-02  7.05940754e-01 
 1.86700000e-02  7.06658178e-01 
 1.86900000e-02  7.07375227e-01 
 1.87100000e-02  7.08092090e-01 
 1.87300000e-02  7.08808566e-01 
 1.87500000e-02  7.09524842e-01 
 1.87700000e-02  7.10240770e-01 
 1.87900000e-02  7.10956441e-01 
 1.88100000e-02  7.11671832e-01 
 1.88300000e-02  7.12386897e-01 
 1.88500000e-02  7.13101745e-01 
 1.88700000e-02  7.13816218e-01 
 1.88900000e-02  7.14530501e-01 
 1.89100000e-02  7.15244408e-01 
 1.89300000e-02  7.15958104e-01 
 1.89500000e-02  7.16671466e-01 
 1.89700000e-02  7.17384559e-01 
 1.89900000e-02  7.18097385e-01 
 1.90100000e-02  7.18809876e-01 
 1.90300000e-02  7.19522156e-01 
 1.90500000e-02  7.20234064e-01 
 1.90700000e-02  7.20945776e-01 
 1.90900000e-02  7.21657124e-01 
 1.91100000e-02  7.22368248e-01 
 1.91300000e-02  7.23079054e-01 
 1.91500000e-02  7.23789578e-01 
 1.91700000e-02  7.24499847e-01 
 1.91900000e-02  7.25209775e-01 
 1.92100000e-02  7.25919496e-01 
 1.92300000e-02  7.26628848e-01 
 1.92500000e-02  7.27337998e-01 
 1.92700000e-02  7.28046796e-01 
 1.92900000e-02  7.28755358e-01 
 1.93100000e-02  7.29463616e-01 
 1.93300000e-02  7.30171581e-01 
 1.93500000e-02  7.30879301e-01 
 1.93700000e-02  7.31586678e-01 
 1.93900000e-02  7.32293847e-01 
 1.94100000e-02  7.33000653e-01 
 1.94300000e-02  7.33707250e-01 
 1.94500000e-02  7.34413506e-01 
 1.94700000e-02  7.35119516e-01 
 1.94900000e-02  7.35825235e-01 
 1.95100000e-02  7.36530652e-01 
 1.95300000e-02  7.37235831e-01 
 1.95500000e-02  7.37940665e-01 
 1.95700000e-02  7.38645291e-01 
 1.95900000e-02  7.39349561e-01 
 1.96100000e-02  7.40053614e-01 
 1.96300000e-02  7.40757338e-01 
 1.96500000e-02  7.41460805e-01 
 1.96700000e-02  7.42163993e-01 
 1.96900000e-02  7.42866871e-01 
 1.97100000e-02  7.43569519e-01 
 1.97300000e-02  7.44271820e-01 
 1.97500000e-02  7.44973912e-01 
 1.97700000e-02  7.45675655e-01 
 1.97900000e-02  7.46377173e-01 
 1.98100000e-02  7.47078374e-01 
 1.98300000e-02  7.47779307e-01 
 1.98500000e-02  7.48479973e-01 
 1.98700000e-02  7.49180323e-01 
 1.98900000e-02  7.49880446e-01 
 1.99100000e-02  7.50580225e-01 
 1.99300000e-02  7.51279790e-01 
 1.99500000e-02  7.51979016e-01 
 1.99700000e-02  7.52678008e-01 
 1.99900000e-02  7.53376695e-01 
 2.00100000e-02  7.54075105e-01 
 2.00300000e-02  7.54773256e-01 
 2.00500000e-02  7.55471087e-01 
 2.00700000e-02  7.56168695e-01 
 2.00900000e-02  7.56865961e-01 
 2.01100000e-02  7.57563009e-01 
 2.01300000e-02  7.58259727e-01 
 2.01500000e-02  7.58956202e-01 
 2.01700000e-02  7.59652383e-01 
 2.01900000e-02  7.60348279e-01 
 2.02100000e-02  7.61043924e-01 
 2.02300000e-02  7.61739247e-01 
 2.02500000e-02  7.62434346e-01 
 2.02700000e-02  7.63129109e-01 
 2.02900000e-02  7.63823649e-01 
 2.03100000e-02  7.64517868e-01 
 2.03300000e-02  7.65211836e-01 
 2.03500000e-02  7.65905519e-01 
 2.03700000e-02  7.66598911e-01 
 2.03900000e-02  7.67292058e-01 
 2.04100000e-02  7.67984882e-01 
 2.04300000e-02  7.68677483e-01 
 2.04500000e-02  7.69369752e-01 
 2.04700000e-02  7.70061792e-01 
 2.04900000e-02  7.70753520e-01 
 2.05100000e-02  7.71444990e-01 
 2.05300000e-02  7.72136184e-01 
 2.05500000e-02  7.72827082e-01 
 2.05700000e-02  7.73517740e-01 
 2.05900000e-02  7.74208074e-01 
 2.06100000e-02  7.74898185e-01 
 2.06300000e-02  7.75587969e-01 
 2.06500000e-02  7.76277519e-01 
 2.06700000e-02  7.76966765e-01 
 2.06900000e-02  7.77655746e-01 
 2.07100000e-02  7.78344460e-01 
 2.07300000e-02  7.79032873e-01 
 2.07500000e-02  7.79721050e-01 
 2.07700000e-02  7.80408904e-01 
 2.07900000e-02  7.81096532e-01 
 2.08100000e-02  7.81783841e-01 
 2.08300000e-02  7.82470909e-01 
 2.08500000e-02  7.83157683e-01 
 2.08700000e-02  7.83844185e-01 
 2.08900000e-02  7.84530426e-01 
 2.09100000e-02  7.85216364e-01 
 2.09300000e-02  7.85902068e-01 
 2.09500000e-02  7.86587451e-01 
 2.09700000e-02  7.87272606e-01 
 2.09900000e-02  7.87957448e-01 
 2.10100000e-02  7.88642044e-01 
 2.10300000e-02  7.89326353e-01 
 2.10500000e-02  7.90010385e-01 
 2.10700000e-02  7.90694163e-01 
 2.10900000e-02  7.91377635e-01 
 2.11100000e-02  7.92060874e-01 
 2.11300000e-02  7.92743797e-01 
 2.11500000e-02  7.93426487e-01 
 2.11700000e-02  7.94108871e-01 
 2.11900000e-02  7.94791004e-01 
 2.12100000e-02  7.95472857e-01 
 2.12300000e-02  7.96154428e-01 
 2.12500000e-02  7.96835750e-01 
 2.12700000e-02  7.97516766e-01 
 2.12900000e-02  7.98197549e-01 
 2.13100000e-02  7.98878020e-01 
 2.13300000e-02  7.99558254e-01 
 2.13500000e-02  8.00238189e-01 
 2.13700000e-02  8.00917867e-01 
 2.13900000e-02  8.01597273e-01 
 2.14100000e-02  8.02276393e-01 
 2.14300000e-02  8.02955268e-01 
 2.14500000e-02  8.03633837e-01 
 2.14700000e-02  8.04312172e-01 
 2.14900000e-02  8.04990199e-01 
 2.15100000e-02  8.05667987e-01 
 2.15300000e-02  8.06345482e-01 
 2.15500000e-02  8.07022714e-01 
 2.15700000e-02  8.07699681e-01 
 2.15900000e-02  8.08376360e-01 
 2.16100000e-02  8.09052795e-01 
 2.16300000e-02  8.09728926e-01 
 2.16500000e-02  8.10404823e-01 
 2.16700000e-02  8.11080415e-01 
 2.16900000e-02  8.11755765e-01 
 2.17100000e-02  8.12430828e-01 
 2.17300000e-02  8.13105624e-01 
 2.17500000e-02  8.13780160e-01 
 2.17700000e-02  8.14454406e-01 
 2.17900000e-02  8.15128411e-01 
 2.18100000e-02  8.15802113e-01 
 2.18300000e-02  8.16475579e-01 
 2.18500000e-02  8.17148747e-01 
 2.18700000e-02  8.17821666e-01 
 2.18900000e-02  8.18494306e-01 
 2.19100000e-02  8.19166676e-01 
 2.19300000e-02  8.19838789e-01 
 2.19500000e-02  8.20510611e-01 
 2.19700000e-02  8.21182194e-01 
 2.19900000e-02  8.21853476e-01 
 2.20100000e-02  8.22524521e-01 
 2.20300000e-02  8.23195271e-01 
 2.20500000e-02  8.23865770e-01 
 2.20700000e-02  8.24535995e-01 
 2.20900000e-02  8.25205947e-01 
 2.21100000e-02  8.25875647e-01 
 2.21300000e-02  8.26545054e-01 
 2.21500000e-02  8.27214223e-01 
 2.21700000e-02  8.27883094e-01 
 2.21900000e-02  8.28551725e-01 
 2.22100000e-02  8.29220068e-01 
 2.22300000e-02  8.29888155e-01 
 2.22500000e-02  8.30555974e-01 
 2.22700000e-02  8.31223517e-01 
 2.22900000e-02  8.31890811e-01 
 2.23100000e-02  8.32557813e-01 
 2.23300000e-02  8.33224576e-01 
 2.23500000e-02  8.33891046e-01 
 2.23700000e-02  8.34557272e-01 
 2.23900000e-02  8.35223215e-01 
 2.24100000e-02  8.35888899e-01 
 2.24300000e-02  8.36554320e-01 
 2.24500000e-02  8.37219463e-01 
 2.24700000e-02  8.37884359e-01 
 2.24900000e-02  8.38548965e-01 
 2.25100000e-02  8.39213331e-01 
 2.25300000e-02  8.39877407e-01 
 2.25500000e-02  8.40541237e-01 
 2.25700000e-02  8.41204790e-01 
 2.25900000e-02  8.41868080e-01 
 2.26100000e-02  8.42531111e-01 
 2.26300000e-02  8.43193863e-01 
 2.26500000e-02  8.43856370e-01 
 2.26700000e-02  8.44518588e-01 
 2.26900000e-02  8.45180566e-01 
 2.27100000e-02  8.45842257e-01 
 2.27300000e-02  8.46503700e-01 
 2.27500000e-02  8.47164870e-01 
 2.27700000e-02  8.47825775e-01 
 2.27900000e-02  8.48486425e-01 
 2.28100000e-02  8.49146794e-01 
 2.28300000e-02  8.49806921e-01 
 2.28500000e-02  8.50466760e-01 
 2.28700000e-02  8.51126358e-01 
 2.28900000e-02  8.51785673e-01 
 2.29100000e-02  8.52444737e-01 
 2.29300000e-02  8.53103533e-01 
 2.29500000e-02  8.53762062e-01 
 2.29700000e-02  8.54420338e-01 
 2.29900000e-02  8.55078334e-01 
 2.30100000e-02  8.55736088e-01 
 2.30300000e-02  8.56393557e-01 
 2.30500000e-02  8.57050783e-01 
 2.30700000e-02  8.57707731e-01 
 2.30900000e-02  8.58364425e-01 
 2.31100000e-02  8.59020855e-01 
 2.31300000e-02  8.59677016e-01 
 2.31500000e-02  8.60332928e-01 
 2.31700000e-02  8.60988560e-01 
 2.31900000e-02  8.61643950e-01 
 2.32100000e-02  8.62299057e-01 
 2.32300000e-02  8.62953920e-01 
 2.32500000e-02  8.63608509e-01 
 2.32700000e-02  8.64262841e-01 
 2.32900000e-02  8.64916914e-01 
 2.33100000e-02  8.65570716e-01 
 2.33300000e-02  8.66224271e-01 
 2.33500000e-02  8.66877547e-01 
 2.33700000e-02  8.67530581e-01 
 2.33900000e-02  8.68183336e-01 
 2.34100000e-02  8.68835844e-01 
 2.34300000e-02  8.69488082e-01 
 2.34500000e-02  8.70140062e-01 
 2.34700000e-02  8.70791785e-01 
 2.34900000e-02  8.71443237e-01 
 2.35100000e-02  8.72094444e-01 
 2.35300000e-02  8.72745373e-01 
 2.35500000e-02  8.73396059e-01 
 2.35700000e-02  8.74046469e-01 
 2.35900000e-02  8.74696631e-01 
 2.36100000e-02  8.75346527e-01 
 2.36300000e-02  8.75996163e-01 
 2.36500000e-02  8.76645545e-01 
 2.36700000e-02  8.77294656e-01 
 2.36900000e-02  8.77943523e-01 
 2.37100000e-02  8.78592113e-01 
 2.37300000e-02  8.79240460e-01 
 2.37500000e-02  8.79888534e-01 
 2.37700000e-02  8.80536358e-01 
 2.37900000e-02  8.81183920e-01 
 2.38100000e-02  8.81831220e-01 
 2.38300000e-02  8.82478270e-01 
 2.38500000e-02  8.83125048e-01 
 2.38700000e-02  8.83771582e-01 
 2.38900000e-02  8.84417843e-01 
 2.39100000e-02  8.85063859e-01 
 2.39300000e-02  8.85709605e-01 
 2.39500000e-02  8.86355101e-01 
 2.39700000e-02  8.87000336e-01 
 2.39900000e-02  8.87645310e-01 
 2.40100000e-02  8.88290034e-01 
 2.40300000e-02  8.88934488e-01 
 2.40500000e-02  8.89578700e-01 
 2.40700000e-02  8.90222638e-01 
 2.40900000e-02  8.90866332e-01 
 2.41100000e-02  8.91509759e-01 
 2.41300000e-02  8.92152934e-01 
 2.41500000e-02  8.92795852e-01 
 2.41700000e-02  8.93438507e-01 
 2.41900000e-02  8.94080915e-01 
 2.42100000e-02  8.94723053e-01 
 2.42300000e-02  8.95364949e-01 
 2.42500000e-02  8.96006574e-01 
 2.42700000e-02  8.96647954e-01 
 2.42900000e-02  8.97289070e-01 
 2.43100000e-02  8.97929933e-01 
 2.43300000e-02  8.98570541e-01 
 2.43500000e-02  8.99210886e-01 
 2.43700000e-02  8.99850986e-01 
 2.43900000e-02  9.00490817e-01 
 2.44100000e-02  9.01130406e-01 
 2.44300000e-02  9.01769726e-01 
 2.44500000e-02  9.02408800e-01 
 2.44700000e-02  9.03047614e-01 
 2.44900000e-02  9.03686172e-01 
 2.45100000e-02  9.04324479e-01 
 2.45300000e-02  9.04962523e-01 
 2.45500000e-02  9.05600323e-01 
 2.45700000e-02  9.06237855e-01 
 2.45900000e-02  9.06875144e-01 
 2.46100000e-02  9.07512168e-01 
 2.46300000e-02  9.08148945e-01 
 2.46500000e-02  9.08785464e-01 
 2.46700000e-02  9.09421727e-01 
 2.46900000e-02  9.10057741e-01 
 2.47100000e-02  9.10693492e-01 
 2.47300000e-02  9.11328999e-01 
 2.47500000e-02  9.11964241e-01 
 2.47700000e-02  9.12599240e-01 
 2.47900000e-02  9.13233975e-01 
 2.48100000e-02  9.13868463e-01 
 2.48300000e-02  9.14502695e-01 
 2.48500000e-02  9.15136671e-01 
 2.48700000e-02  9.15770400e-01 
 2.48900000e-02  9.16403866e-01 
 2.49100000e-02  9.17037090e-01 
 2.49300000e-02  9.17670049e-01 
 2.49500000e-02  9.18302766e-01 
 2.49700000e-02  9.18935221e-01 
 2.49900000e-02  9.19567428e-01 
 2.50100000e-02  9.20199382e-01 
 2.50300000e-02  9.20831079e-01 
 2.50500000e-02  9.21462531e-01 
 2.50700000e-02  9.22093721e-01 
 2.50900000e-02  9.22724669e-01 
 2.51100000e-02  9.23355354e-01 
 2.51300000e-02  9.23985796e-01 
 2.51500000e-02  9.24615980e-01 
 2.51700000e-02  9.25245914e-01 
 2.51900000e-02  9.25875598e-01 
 2.52100000e-02  9.26505025e-01 
 2.52300000e-02  9.27134208e-01 
 2.52500000e-02  9.27763130e-01 
 2.52700000e-02  9.28391810e-01 
 2.52900000e-02  9.29020230e-01 
 2.53100000e-02  9.29648405e-01 
 2.53300000e-02  9.30276325e-01 
 2.53500000e-02  9.30903995e-01 
 2.53700000e-02  9.31531417e-01 
 2.53900000e-02  9.32158581e-01 
 2.54100000e-02  9.32785503e-01 
 2.54300000e-02  9.33412165e-01 
 2.54500000e-02  9.34038586e-01 
 2.54700000e-02  9.34664748e-01 
 2.54900000e-02  9.35290666e-01 
 2.55100000e-02  9.35916330e-01 
 2.55300000e-02  9.36541744e-01 
 2.55500000e-02  9.37166911e-01 
 2.55700000e-02  9.37791822e-01 
 2.55900000e-02  9.38416491e-01 
 2.56100000e-02  9.39040902e-01 
 2.56300000e-02  9.39665071e-01 
 2.56500000e-02  9.40288984e-01 
 2.56700000e-02  9.40912651e-01 
 2.56900000e-02  9.41536068e-01 
 2.57100000e-02  9.42159234e-01 
 2.57300000e-02  9.42782155e-01 
 2.57500000e-02  9.43404820e-01 
 2.57700000e-02  9.44027244e-01 
 2.57900000e-02  9.44649411e-01 
 2.58100000e-02  9.45271337e-01 
 2.58300000e-02  9.45893008e-01 
 2.58500000e-02  9.46514434e-01 
 2.58700000e-02  9.47135611e-01 
 2.58900000e-02  9.47756537e-01 
 2.59100000e-02  9.48377220e-01 
 2.59300000e-02  9.48997648e-01 
 2.59500000e-02  9.49617835e-01 
 2.59700000e-02  9.50237767e-01 
 2.59900000e-02  9.50857457e-01 
 2.60100000e-02  9.51476895e-01 
 2.60300000e-02  9.52096088e-01 
 2.60500000e-02  9.52715033e-01 
 2.60700000e-02  9.53333727e-01 
 2.60900000e-02  9.53952180e-01 
 2.61100000e-02  9.54570378e-01 
 2.61300000e-02  9.55188337e-01 
 2.61500000e-02  9.55806041e-01 
 2.61700000e-02  9.56423504e-01 
 2.61900000e-02  9.57040717e-01 
 2.62100000e-02  9.57657684e-01 
 2.62300000e-02  9.58274405e-01 
 2.62500000e-02  9.58890876e-01 
 2.62700000e-02  9.59507106e-01 
 2.62900000e-02  9.60123084e-01 
 2.63100000e-02  9.60738821e-01 
 2.63300000e-02  9.61354306e-01 
 2.63500000e-02  9.61969550e-01 
 2.63700000e-02  9.62584545e-01 
 2.63900000e-02  9.63199294e-01 
 2.64100000e-02  9.63813800e-01 
 2.64300000e-02  9.64428056e-01 
 2.64500000e-02  9.65042071e-01 
 2.64700000e-02  9.65655835e-01 
 2.64900000e-02  9.66269360e-01 
 2.65100000e-02  9.66882634e-01 
 2.65300000e-02  9.67495666e-01 
 2.65500000e-02  9.68108452e-01 
 2.65700000e-02  9.68720991e-01 
 2.65900000e-02  9.69333289e-01 
 2.66100000e-02  9.69945338e-01 
 2.66300000e-02  9.70557147e-01 
 2.66500000e-02  9.71168705e-01 
 2.66700000e-02  9.71780025e-01 
 2.66900000e-02  9.72391095e-01 
 2.67100000e-02  9.73001924e-01 
 2.67300000e-02  9.73612508e-01 
 2.67500000e-02  9.74222847e-01 
 2.67700000e-02  9.74832944e-01 
 2.67900000e-02  9.75442793e-01 
 2.68100000e-02  9.76052404e-01 
 2.68300000e-02  9.76661765e-01 
 2.68500000e-02  9.77270887e-01 
 2.68700000e-02  9.77879763e-01 
 2.68900000e-02  9.78488396e-01 
 2.69100000e-02  9.79096787e-01 
 2.69300000e-02  9.79704931e-01 
 2.69500000e-02  9.80312837e-01 
 2.69700000e-02  9.80920494e-01 
 2.69900000e-02  9.81527914e-01 
 2.70100000e-02  9.82135086e-01 
 2.70300000e-02  9.82742019e-01 
 2.70500000e-02  9.83348707e-01 
 2.70700000e-02  9.83955152e-01 
 2.70900000e-02  9.84561357e-01 
 2.71100000e-02  9.85167316e-01 
 2.71300000e-02  9.85773037e-01 
 2.71500000e-02  9.86378511e-01 
 2.71700000e-02  9.86983748e-01 
 2.71900000e-02  9.87588738e-01 
 2.72100000e-02  9.88193490e-01 
 2.72300000e-02  9.88797998e-01 
 2.72500000e-02  9.89402264e-01 
 2.72700000e-02  9.90006291e-01 
 2.72900000e-02  9.90610072e-01 
 2.73100000e-02  9.91213617e-01 
 2.73300000e-02  9.91816915e-01 
 2.73500000e-02  9.92419977e-01 
 2.73700000e-02  9.93022794e-01 
 2.73900000e-02  9.93625372e-01 
 2.74100000e-02  9.94227708e-01 
 2.74300000e-02  9.94829802e-01 
 2.74500000e-02  9.95431658e-01 
 2.74700000e-02  9.96033270e-01 
 2.74900000e-02  9.96634646e-01 
 2.75100000e-02  9.97235777e-01 
 2.75300000e-02  9.97836671e-01 
 2.75500000e-02  9.98437322e-01 
 2.75700000e-02  9.99037734e-01 
 2.75900000e-02  9.99637906e-01 
 2.76100000e-02  1.00023784e+00 
 2.76300000e-02  1.00083753e+00 
 2.76500000e-02  1.00143698e+00 
 2.76700000e-02  1.00203619e+00 
 2.76900000e-02  1.00263517e+00 
 2.77100000e-02  1.00323390e+00 
 2.77300000e-02  1.00383239e+00 
 2.77500000e-02  1.00443065e+00 
 2.77700000e-02  1.00502866e+00 
 2.77900000e-02  1.00562644e+00 
 2.78100000e-02  1.00622398e+00 
 2.78300000e-02  1.00682127e+00 
 2.78500000e-02  1.00741833e+00 
 2.78700000e-02  1.00801515e+00 
 2.78900000e-02  1.00861173e+00 
 2.79100000e-02  1.00920808e+00 
 2.79300000e-02  1.00980418e+00 
 2.79500000e-02  1.01040005e+00 
 2.79700000e-02  1.01099567e+00 
 2.79900000e-02  1.01159107e+00 
 2.80100000e-02  1.01218622e+00 
 2.80300000e-02  1.01278113e+00 
 2.80500000e-02  1.01337581e+00 
 2.80700000e-02  1.01397024e+00 
 2.80900000e-02  1.01456444e+00 
 2.81100000e-02  1.01515841e+00 
 2.81300000e-02  1.01575213e+00 
 2.81500000e-02  1.01634562e+00 
 2.81700000e-02  1.01693887e+00 
 2.81900000e-02  1.01753188e+00 
 2.82100000e-02  1.01812466e+00 
 2.82300000e-02  1.01871720e+00 
 2.82500000e-02  1.01930950e+00 
 2.82700000e-02  1.01990156e+00 
 2.82900000e-02  1.02049339e+00 
 2.83100000e-02  1.02108498e+00 
 2.83300000e-02  1.02167634e+00 
 2.83500000e-02  1.02226746e+00 
 2.83700000e-02  1.02285834e+00 
 2.83900000e-02  1.02344898e+00 
 2.84100000e-02  1.02403939e+00 
 2.84300000e-02  1.02462957e+00 
 2.84500000e-02  1.02521950e+00 
 2.84700000e-02  1.02580920e+00 
 2.84900000e-02  1.02639867e+00 
 2.85100000e-02  1.02698790e+00 
 2.85300000e-02  1.02757689e+00 
 2.85500000e-02  1.02816565e+00 
 2.85700000e-02  1.02875418e+00 
 2.85900000e-02  1.02934246e+00 
 2.86100000e-02  1.02993052e+00 
 2.86300000e-02  1.03051833e+00 
 2.86500000e-02  1.03110592e+00 
 2.86700000e-02  1.03169326e+00 
 2.86900000e-02  1.03228037e+00 
 2.87100000e-02  1.03286725e+00 
 2.87300000e-02  1.03345390e+00 
 2.87500000e-02  1.03404030e+00 
 2.87700000e-02  1.03462648e+00 
 2.87900000e-02  1.03521242e+00 
 2.88100000e-02  1.03579812e+00 
 2.88300000e-02  1.03638359e+00 
 2.88500000e-02  1.03696883e+00 
 2.88700000e-02  1.03755383e+00 
 2.88900000e-02  1.03813860e+00 
 2.89100000e-02  1.03872314e+00 
 2.89300000e-02  1.03930744e+00 
 2.89500000e-02  1.03989151e+00 
 2.89700000e-02  1.04047534e+00 
 2.89900000e-02  1.04105894e+00 
 2.90100000e-02  1.04164231e+00 
 2.90300000e-02  1.04222544e+00 
 2.90500000e-02  1.04280834e+00 
 2.90700000e-02  1.04339101e+00 
 2.90900000e-02  1.04397344e+00 
 2.91100000e-02  1.04455564e+00 
 2.91300000e-02  1.04513761e+00 
 2.91500000e-02  1.04571935e+00 
 2.91700000e-02  1.04630085e+00 
 2.91900000e-02  1.04688212e+00 
 2.92100000e-02  1.04746316e+00 
 2.92300000e-02  1.04804397e+00 
 2.92500000e-02  1.04862454e+00 
 2.92700000e-02  1.04920488e+00 
 2.92900000e-02  1.04978499e+00 
 2.93100000e-02  1.05036487e+00 
 2.93300000e-02  1.05094451e+00 
 2.93500000e-02  1.05152393e+00 
 2.93700000e-02  1.05210311e+00 
 2.93900000e-02  1.05268206e+00 
 2.94100000e-02  1.05326078e+00 
 2.94300000e-02  1.05383927e+00 
 2.94500000e-02  1.05441752e+00 
 2.94700000e-02  1.05499555e+00 
 2.94900000e-02  1.05557334e+00 
 2.95100000e-02  1.05615090e+00 
 2.95300000e-02  1.05672823e+00 
 2.95500000e-02  1.05730533e+00 
 2.95700000e-02  1.05788220e+00 
 2.95900000e-02  1.05845884e+00 
 2.96100000e-02  1.05903525e+00 
 2.96300000e-02  1.05961143e+00 
 2.96500000e-02  1.06018738e+00 
 2.96700000e-02  1.06076310e+00 
 2.96900000e-02  1.06133858e+00 
 2.97100000e-02  1.06191384e+00 
 2.97300000e-02  1.06248887e+00 
 2.97500000e-02  1.06306366e+00 
 2.97700000e-02  1.06363823e+00 
 2.97900000e-02  1.06421257e+00 
 2.98100000e-02  1.06478667e+00 
 2.98300000e-02  1.06536055e+00 
 2.98500000e-02  1.06593420e+00 
 2.98700000e-02  1.06650762e+00 
 2.98900000e-02  1.06708081e+00 
 2.99100000e-02  1.06765377e+00 
 2.99300000e-02  1.06822650e+00 
 2.99500000e-02  1.06879900e+00 
 2.99700000e-02  1.06937128e+00 
 2.99900000e-02  1.06994332e+00 
 3.00100000e-02  1.07051514e+00 
 3.00300000e-02  1.07108673e+00 
 3.00500000e-02  1.07165808e+00 
 3.00700000e-02  1.07222921e+00 
 3.00900000e-02  1.07280011e+00 
 3.01100000e-02  1.07337079e+00 
 3.01300000e-02  1.07394123e+00 
 3.01500000e-02  1.07451145e+00 
 3.01700000e-02  1.07508144e+00 
 3.01900000e-02  1.07565120e+00 
 3.02100000e-02  1.07622073e+00 
 3.02300000e-02  1.07679004e+00 
 3.02500000e-02  1.07735912e+00 
 3.02700000e-02  1.07792797e+00 
 3.02900000e-02  1.07849659e+00 
 3.03100000e-02  1.07906498e+00 
 3.03300000e-02  1.07963315e+00 
 3.03500000e-02  1.08020109e+00 
 3.03700000e-02  1.08076881e+00 
 3.03900000e-02  1.08133629e+00 
 3.04100000e-02  1.08190355e+00 
 3.04300000e-02  1.08247059e+00 
 3.04500000e-02  1.08303739e+00 
 3.04700000e-02  1.08360397e+00 
 3.04900000e-02  1.08417032e+00 
 3.05100000e-02  1.08473645e+00 
 3.05300000e-02  1.08530235e+00 
 3.05500000e-02  1.08586802e+00 
 3.05700000e-02  1.08643347e+00 
 3.05900000e-02  1.08699869e+00 
 3.06100000e-02  1.08756369e+00 
 3.06300000e-02  1.08812846e+00 
 3.06500000e-02  1.08869300e+00 
 3.06700000e-02  1.08925732e+00 
 3.06900000e-02  1.08982141e+00 
 3.07100000e-02  1.09038528e+00 
 3.07300000e-02  1.09094892e+00 
 3.07500000e-02  1.09151233e+00 
 3.07700000e-02  1.09207552e+00 
 3.07900000e-02  1.09263849e+00 
 3.08100000e-02  1.09320123e+00 
 3.08300000e-02  1.09376374e+00 
 3.08500000e-02  1.09432603e+00 
 3.08700000e-02  1.09488810e+00 
 3.08900000e-02  1.09544994e+00 
 3.09100000e-02  1.09601155e+00 
 3.09300000e-02  1.09657294e+00 
 3.09500000e-02  1.09713411e+00 
 3.09700000e-02  1.09769505e+00 
 3.09900000e-02  1.09825577e+00 
 3.10100000e-02  1.09881626e+00 
 3.10300000e-02  1.09937653e+00 
 3.10500000e-02  1.09993657e+00 
 3.10700000e-02  1.10049640e+00 
 3.10900000e-02  1.10105599e+00 
 3.11100000e-02  1.10161537e+00 
 3.11300000e-02  1.10217452e+00 
 3.11500000e-02  1.10273344e+00 
 3.11700000e-02  1.10329214e+00 
 3.11900000e-02  1.10385062e+00 
 3.12100000e-02  1.10440888e+00 
 3.12300000e-02  1.10496691e+00 
 3.12500000e-02  1.10552472e+00 
 3.12700000e-02  1.10608231e+00 
 3.12900000e-02  1.10663967e+00 
 3.13100000e-02  1.10719681e+00 
 3.13300000e-02  1.10775373e+00 
 3.13500000e-02  1.10831042e+00 
 3.13700000e-02  1.10886690e+00 
 3.13900000e-02  1.10942315e+00 
 3.14100000e-02  1.10997917e+00 
 3.14300000e-02  1.11053498e+00 
 3.14500000e-02  1.11109056e+00 
 3.14700000e-02  1.11164592e+00 
 3.14900000e-02  1.11220106e+00 
 3.15100000e-02  1.11275598e+00 
 3.15300000e-02  1.11331067e+00 
 3.15500000e-02  1.11386514e+00 
 3.15700000e-02  1.11441940e+00 
 3.15900000e-02  1.11497342e+00 
 3.16100000e-02  1.11552723e+00 
 3.16300000e-02  1.11608082e+00 
 3.16500000e-02  1.11663418e+00 
 3.16700000e-02  1.11718733e+00 
 3.16900000e-02  1.11774025e+00 
 3.17100000e-02  1.11829295e+00 
 3.17300000e-02  1.11884543e+00 
 3.17500000e-02  1.11939769e+00 
 3.17700000e-02  1.11994973e+00 
 3.17900000e-02  1.12050155e+00 
 3.18100000e-02  1.12105314e+00 
 3.18300000e-02  1.12160452e+00 
 3.18500000e-02  1.12215567e+00 
 3.18700000e-02  1.12270661e+00 
 3.18900000e-02  1.12325733e+00 
 3.19100000e-02  1.12380782e+00 
 3.19300000e-02  1.12435810e+00 
 3.19500000e-02  1.12490815e+00 
 3.19700000e-02  1.12545798e+00 
 3.19900000e-02  1.12600760e+00 
 3.20100000e-02  1.12655699e+00 
 3.20300000e-02  1.12710617e+00 
 3.20500000e-02  1.12765513e+00 
 3.20700000e-02  1.12820386e+00 
 3.20900000e-02  1.12875238e+00 
 3.21100000e-02  1.12930068e+00 
 3.21300000e-02  1.12984875e+00 
 3.21500000e-02  1.13039661e+00 
 3.21700000e-02  1.13094425e+00 
 3.21900000e-02  1.13149167e+00 
 3.22100000e-02  1.13203887e+00 
 3.22300000e-02  1.13258586e+00 
 3.22500000e-02  1.13313262e+00 
 3.22700000e-02  1.13367917e+00 
 3.22900000e-02  1.13422549e+00 
 3.23100000e-02  1.13477160e+00 
 3.23300000e-02  1.13531749e+00 
 3.23500000e-02  1.13586317e+00 
 3.23700000e-02  1.13640862e+00 
 3.23900000e-02  1.13695385e+00 
 3.24100000e-02  1.13749887e+00 
 3.24300000e-02  1.13804367e+00 
 3.24500000e-02  1.13858825e+00 
 3.24700000e-02  1.13913262e+00 
 3.24900000e-02  1.13967676e+00 
 3.25100000e-02  1.14022069e+00 
 3.25300000e-02  1.14076440e+00 
 3.25500000e-02  1.14130790e+00 
 3.25700000e-02  1.14185117e+00 
 3.25900000e-02  1.14239423e+00 
 3.26100000e-02  1.14293707e+00 
 3.26300000e-02  1.14347970e+00 
 3.26500000e-02  1.14402211e+00 
 3.26700000e-02  1.14456430e+00 
 3.26900000e-02  1.14510627e+00 
 3.27100000e-02  1.14564803e+00 
 3.27300000e-02  1.14618957e+00 
 3.27500000e-02  1.14673089e+00 
 3.27700000e-02  1.14727200e+00 
 3.27900000e-02  1.14781289e+00 
 3.28100000e-02  1.14835357e+00 
 3.28300000e-02  1.14889402e+00 
 3.28500000e-02  1.14943427e+00 
 3.28700000e-02  1.14997429e+00 
 3.28900000e-02  1.15051410e+00 
 3.29100000e-02  1.15105370e+00 
 3.29300000e-02  1.15159308e+00 
 3.29500000e-02  1.15213224e+00 
 3.29700000e-02  1.15267119e+00 
 3.29900000e-02  1.15320992e+00 
 3.30100000e-02  1.15374844e+00 
 3.30300000e-02  1.15428674e+00 
 3.30500000e-02  1.15482482e+00 
 3.30700000e-02  1.15536269e+00 
 3.30900000e-02  1.15590035e+00 
 3.31100000e-02  1.15643779e+00 
 3.31300000e-02  1.15697501e+00 
 3.31500000e-02  1.15751203e+00 
 3.31700000e-02  1.15804882e+00 
 3.31900000e-02  1.15858540e+00 
 3.32100000e-02  1.15912177e+00 
 3.32300000e-02  1.15965792e+00 
 3.32500000e-02  1.16019386e+00 
 3.32700000e-02  1.16072958e+00 
 3.32900000e-02  1.16126509e+00 
 3.33100000e-02  1.16180039e+00 
 3.33300000e-02  1.16233547e+00 
 3.33500000e-02  1.16287034e+00 
 3.33700000e-02  1.16340499e+00 
 3.33900000e-02  1.16393943e+00 
 3.34100000e-02  1.16447365e+00 
 3.34300000e-02  1.16500767e+00 
 3.34500000e-02  1.16554146e+00 
 3.34700000e-02  1.16607505e+00 
 3.34900000e-02  1.16660842e+00 
 3.35100000e-02  1.16714158e+00 
 3.35300000e-02  1.16767452e+00 
 3.35500000e-02  1.16820726e+00 
 3.35700000e-02  1.16873977e+00 
 3.35900000e-02  1.16927208e+00 
 3.36100000e-02  1.16980417e+00 
 3.36300000e-02  1.17033605e+00 
 3.36500000e-02  1.17086772e+00 
 3.36700000e-02  1.17139918e+00 
 3.36900000e-02  1.17193042e+00 
 3.37100000e-02  1.17246145e+00 
 3.37300000e-02  1.17299227e+00 
 3.37500000e-02  1.17352287e+00 
 3.37700000e-02  1.17405326e+00 
 3.37900000e-02  1.17458345e+00 
 3.38100000e-02  1.17511341e+00 
 3.38300000e-02  1.17564317e+00 
 3.38500000e-02  1.17617272e+00 
 3.38700000e-02  1.17670205e+00 
 3.38900000e-02  1.17723117e+00 
 3.39100000e-02  1.17776008e+00 
 3.39300000e-02  1.17828878e+00 
 3.39500000e-02  1.17881727e+00 
 3.39700000e-02  1.17934554e+00 
 3.39900000e-02  1.17987361e+00 
 3.40100000e-02  1.18040146e+00 
 3.40300000e-02  1.18092910e+00 
 3.40500000e-02  1.18145653e+00 
 3.40700000e-02  1.18198375e+00 
 3.40900000e-02  1.18251076e+00 
 3.41100000e-02  1.18303756e+00 
 3.41300000e-02  1.18356415e+00 
 3.41500000e-02  1.18409053e+00 
 3.41700000e-02  1.18461670e+00 
 3.41900000e-02  1.18514265e+00 
 3.42100000e-02  1.18566840e+00 
 3.42300000e-02  1.18619393e+00 
 3.42500000e-02  1.18671926e+00 
 3.42700000e-02  1.18724438e+00 
 3.42900000e-02  1.18776928e+00 
 3.43100000e-02  1.18829398e+00 
 3.43300000e-02  1.18881846e+00 
 3.43500000e-02  1.18934274e+00 
 3.43700000e-02  1.18986681e+00 
 3.43900000e-02  1.19039066e+00 
 3.44100000e-02  1.19091431e+00 
 3.44300000e-02  1.19143775e+00 
 3.44500000e-02  1.19196098e+00 
 3.44700000e-02  1.19248400e+00 
 3.44900000e-02  1.19300681e+00 
 3.45100000e-02  1.19352941e+00 
 3.45300000e-02  1.19405180e+00 
 3.45500000e-02  1.19457398e+00 
 3.45700000e-02  1.19509596e+00 
 3.45900000e-02  1.19561772e+00 
 3.46100000e-02  1.19613928e+00 
 3.46300000e-02  1.19666063e+00 
 3.46500000e-02  1.19718177e+00 
 3.46700000e-02  1.19770270e+00 
 3.46900000e-02  1.19822342e+00 
 3.47100000e-02  1.19874394e+00 
 3.47300000e-02  1.19926425e+00 
 3.47500000e-02  1.19978434e+00 
 3.47700000e-02  1.20030424e+00 
 3.47900000e-02  1.20082392e+00 
 3.48100000e-02  1.20134339e+00 
 3.48300000e-02  1.20186266e+00 
 3.48500000e-02  1.20238172e+00 
 3.48700000e-02  1.20290057e+00 
 3.48900000e-02  1.20341922e+00 
 3.49100000e-02  1.20393765e+00 
 3.49300000e-02  1.20445588e+00 
 3.49500000e-02  1.20497391e+00 
 3.49700000e-02  1.20549172e+00 
 3.49900000e-02  1.20600933e+00 
 3.50100000e-02  1.20652673e+00 
 3.50300000e-02  1.20704393e+00 
 3.50500000e-02  1.20756091e+00 
 3.50700000e-02  1.20807769e+00 
 3.50900000e-02  1.20859427e+00 
 3.51100000e-02  1.20911064e+00 
 3.51300000e-02  1.20962680e+00 
 3.51500000e-02  1.21014275e+00 
 3.51700000e-02  1.21065850e+00 
 3.51900000e-02  1.21117404e+00 
 3.52100000e-02  1.21168938e+00 
 3.52300000e-02  1.21220451e+00 
 3.52500000e-02  1.21271943e+00 
 3.52700000e-02  1.21323415e+00 
 3.52900000e-02  1.21374866e+00 
 3.53100000e-02  1.21426297e+00 
 3.53300000e-02  1.21477707e+00 
 3.53500000e-02  1.21529096e+00 
 3.53700000e-02  1.21580465e+00 
 3.53900000e-02  1.21631814e+00 
 3.54100000e-02  1.21683142e+00 
 3.54300000e-02  1.21734449e+00 
 3.54500000e-02  1.21785736e+00 
 3.54700000e-02  1.21837002e+00 
 3.54900000e-02  1.21888248e+00 
 3.55100000e-02  1.21939473e+00 
 3.55300000e-02  1.21990678e+00 
 3.55500000e-02  1.22041862e+00 
 3.55700000e-02  1.22093026e+00 
 3.55900000e-02  1.22144170e+00 
 3.56100000e-02  1.22195293e+00 
 3.56300000e-02  1.22246395e+00 
 3.56500000e-02  1.22297477e+00 
 3.56700000e-02  1.22348539e+00 
 3.56900000e-02  1.22399580e+00 
 3.57100000e-02  1.22450601e+00 
 3.57300000e-02  1.22501602e+00 
 3.57500000e-02  1.22552582e+00 
 3.57700000e-02  1.22603541e+00 
 3.57900000e-02  1.22654480e+00 
 3.58100000e-02  1.22705399e+00 
 3.58300000e-02  1.22756298e+00 
 3.58500000e-02  1.22807176e+00 
 3.58700000e-02  1.22858034e+00 
 3.58900000e-02  1.22908871e+00 
 3.59100000e-02  1.22959689e+00 
 3.59300000e-02  1.23010485e+00 
 3.59500000e-02  1.23061262e+00 
 3.59700000e-02  1.23112018e+00 
 3.59900000e-02  1.23162754e+00 
 3.60100000e-02  1.23213470e+00 
 3.60300000e-02  1.23264165e+00 
 3.60500000e-02  1.23314840e+00 
 3.60700000e-02  1.23365495e+00 
 3.60900000e-02  1.23416130e+00 
 3.61100000e-02  1.23466744e+00 
 3.61300000e-02  1.23517338e+00 
 3.61500000e-02  1.23567912e+00 
 3.61700000e-02  1.23618465e+00 
 3.61900000e-02  1.23668999e+00 
 3.62100000e-02  1.23719512e+00 
 3.62300000e-02  1.23770005e+00 
 3.62500000e-02  1.23820478e+00 
 3.62700000e-02  1.23870930e+00 
 3.62900000e-02  1.23921363e+00 
 3.63100000e-02  1.23971775e+00 
 3.63300000e-02  1.24022167e+00 
 3.63500000e-02  1.24072539e+00 
 3.63700000e-02  1.24122891e+00 
 3.63900000e-02  1.24173222e+00 
 3.64100000e-02  1.24223534e+00 
 3.64300000e-02  1.24273825e+00 
 3.64500000e-02  1.24324097e+00 
 3.64700000e-02  1.24374348e+00 
 3.64900000e-02  1.24424579e+00 
 3.65100000e-02  1.24474790e+00 
 3.65300000e-02  1.24524981e+00 
 3.65500000e-02  1.24575152e+00 
 3.65700000e-02  1.24625303e+00 
 3.65900000e-02  1.24675433e+00 
 3.66100000e-02  1.24725544e+00 
 3.66300000e-02  1.24775635e+00 
 3.66500000e-02  1.24825705e+00 
 3.66700000e-02  1.24875756e+00 
 3.66900000e-02  1.24925786e+00 
 3.67100000e-02  1.24975797e+00 
 3.67300000e-02  1.25025788e+00 
 3.67500000e-02  1.25075758e+00 
 3.67700000e-02  1.25125709e+00 
 3.67900000e-02  1.25175639e+00 
 3.68100000e-02  1.25225550e+00 
 3.68300000e-02  1.25275441e+00 
 3.68500000e-02  1.25325312e+00 
 3.68700000e-02  1.25375162e+00 
 3.68900000e-02  1.25424993e+00 
 3.69100000e-02  1.25474804e+00 
 3.69300000e-02  1.25524595e+00 
 3.69500000e-02  1.25574366e+00 
 3.69700000e-02  1.25624117e+00 
 3.69900000e-02  1.25673849e+00 
 3.70100000e-02  1.25723560e+00 
 3.70300000e-02  1.25773252e+00 
 3.70500000e-02  1.25822923e+00 
 3.70700000e-02  1.25872575e+00 
 3.70900000e-02  1.25922207e+00 
 3.71100000e-02  1.25971819e+00 
 3.71300000e-02  1.26021411e+00 
 3.71500000e-02  1.26070984e+00 
 3.71700000e-02  1.26120536e+00 
 3.71900000e-02  1.26170069e+00 
 3.72100000e-02  1.26219582e+00 
 3.72300000e-02  1.26269075e+00 
 3.72500000e-02  1.26318549e+00 
 3.72700000e-02  1.26368002e+00 
 3.72900000e-02  1.26417436e+00 
 3.73100000e-02  1.26466850e+00 
 3.73300000e-02  1.26516244e+00 
 3.73500000e-02  1.26565619e+00 
 3.73700000e-02  1.26614974e+00 
 3.73900000e-02  1.26664309e+00 
 3.74100000e-02  1.26713624e+00 
 3.74300000e-02  1.26762920e+00 
 3.74500000e-02  1.26812196e+00 
 3.74700000e-02  1.26861452e+00 
 3.74900000e-02  1.26910688e+00 
 3.75100000e-02  1.26959905e+00 
 3.75300000e-02  1.27009102e+00 
 3.75500000e-02  1.27058280e+00 
 3.75700000e-02  1.27107437e+00 
 3.75900000e-02  1.27156575e+00 
 3.76100000e-02  1.27205694e+00 
 3.76300000e-02  1.27254793e+00 
 3.76500000e-02  1.27303872e+00 
 3.76700000e-02  1.27352931e+00 
 3.76900000e-02  1.27401971e+00 
 3.77100000e-02  1.27450992e+00 
 3.77300000e-02  1.27499992e+00 
 3.77500000e-02  1.27548974e+00 
 3.77700000e-02  1.27597935e+00 
 3.77900000e-02  1.27646877e+00 
 3.78100000e-02  1.27695799e+00 
 3.78300000e-02  1.27744702e+00 
 3.78500000e-02  1.27793585e+00 
 3.78700000e-02  1.27842449e+00 
 3.78900000e-02  1.27891293e+00 
 3.79100000e-02  1.27940118e+00 
 3.79300000e-02  1.27988923e+00 
 3.79500000e-02  1.28037709e+00 
 3.79700000e-02  1.28086475e+00 
 3.79900000e-02  1.28135221e+00 
 3.80100000e-02  1.28183948e+00 
 3.80300000e-02  1.28232656e+00 
 3.80500000e-02  1.28281344e+00 
 3.80700000e-02  1.28330013e+00 
 3.80900000e-02  1.28378662e+00 
 3.81100000e-02  1.28427292e+00 
 3.81300000e-02  1.28475902e+00 
 3.81500000e-02  1.28524493e+00 
 3.81700000e-02  1.28573064e+00 
 3.81900000e-02  1.28621616e+00 
 3.82100000e-02  1.28670149e+00 
 3.82300000e-02  1.28718662e+00 
 3.82500000e-02  1.28767156e+00 
 3.82700000e-02  1.28815630e+00 
 3.82900000e-02  1.28864085e+00 
 3.83100000e-02  1.28912521e+00 
 3.83300000e-02  1.28960937e+00 
 3.83500000e-02  1.29009334e+00 
 3.83700000e-02  1.29057711e+00 
 3.83900000e-02  1.29106069e+00 
 3.84100000e-02  1.29154408e+00 
 3.84300000e-02  1.29202728e+00 
 3.84500000e-02  1.29251028e+00 
 3.84700000e-02  1.29299309e+00 
 3.84900000e-02  1.29347570e+00 
 3.85100000e-02  1.29395813e+00 
 3.85300000e-02  1.29444036e+00 
 3.85500000e-02  1.29492239e+00 
 3.85700000e-02  1.29540424e+00 
 3.85900000e-02  1.29588589e+00 
 3.86100000e-02  1.29636735e+00 
 3.86300000e-02  1.29684861e+00 
 3.86500000e-02  1.29732969e+00 
 3.86700000e-02  1.29781057e+00 
 3.86900000e-02  1.29829126e+00 
 3.87100000e-02  1.29877175e+00 
 3.87300000e-02  1.29925206e+00 
 3.87500000e-02  1.29973217e+00 
 3.87700000e-02  1.30021209e+00 
 3.87900000e-02  1.30069182e+00 
 3.88100000e-02  1.30117136e+00 
 3.88300000e-02  1.30165070e+00 
 3.88500000e-02  1.30212985e+00 
 3.88700000e-02  1.30260881e+00 
 3.88900000e-02  1.30308759e+00 
 3.89100000e-02  1.30356616e+00 
 3.89300000e-02  1.30404455e+00 
 3.89500000e-02  1.30452275e+00 
 3.89700000e-02  1.30500075e+00 
 3.89900000e-02  1.30547856e+00 
 3.90100000e-02  1.30595619e+00 
 3.90300000e-02  1.30643362e+00 
 3.90500000e-02  1.30691086e+00 
 3.90700000e-02  1.30738791e+00 
 3.90900000e-02  1.30786477e+00 
 3.91100000e-02  1.30834144e+00 
 3.91300000e-02  1.30881791e+00 
 3.91500000e-02  1.30929420e+00 
 3.91700000e-02  1.30977030e+00 
 3.91900000e-02  1.31024620e+00 
 3.92100000e-02  1.31072192e+00 
 3.92300000e-02  1.31119744e+00 
 3.92500000e-02  1.31167278e+00 
 3.92700000e-02  1.31214792e+00 
 3.92900000e-02  1.31262288e+00 
 3.93100000e-02  1.31309765e+00 
 3.93300000e-02  1.31357222e+00 
 3.93500000e-02  1.31404661e+00 
 3.93700000e-02  1.31452080e+00 
 3.93900000e-02  1.31499481e+00 
 3.94100000e-02  1.31546863e+00 
 3.94300000e-02  1.31594225e+00 
 3.94500000e-02  1.31641569e+00 
 3.94700000e-02  1.31688894e+00 
 3.94900000e-02  1.31736200e+00 
 3.95100000e-02  1.31783487e+00 
 3.95300000e-02  1.31830755e+00 
 3.95500000e-02  1.31878004e+00 
 3.95700000e-02  1.31925234e+00 
 3.95900000e-02  1.31972446e+00 
 3.96100000e-02  1.32019638e+00 
 3.96300000e-02  1.32066812e+00 
 3.96500000e-02  1.32113967e+00 
 3.96700000e-02  1.32161103e+00 
 3.96900000e-02  1.32208220e+00 
 3.97100000e-02  1.32255318e+00 
 3.97300000e-02  1.32302397e+00 
 3.97500000e-02  1.32349458e+00 
 3.97700000e-02  1.32396500e+00 
 3.97900000e-02  1.32443523e+00 
 3.98100000e-02  1.32490527e+00 
 3.98300000e-02  1.32537512e+00 
 3.98500000e-02  1.32584479e+00 
 3.98700000e-02  1.32631427e+00 
 3.98900000e-02  1.32678356e+00 
 3.99100000e-02  1.32725266e+00 
 3.99300000e-02  1.32772157e+00 
 3.99500000e-02  1.32819030e+00 
 3.99700000e-02  1.32865884e+00 
 3.99900000e-02  1.32912719e+00 
 4.00100000e-02  1.32959536e+00 
 4.00300000e-02  1.33006333e+00 
 4.00500000e-02  1.33053113e+00 
 4.00700000e-02  1.33099873e+00 
 4.00900000e-02  1.33146615e+00 
 4.01100000e-02  1.33193338e+00 
 4.01300000e-02  1.33240042e+00 
 4.01500000e-02  1.33286727e+00 
 4.01700000e-02  1.33333394e+00 
 4.01900000e-02  1.33380043e+00 
 4.02100000e-02  1.33426672e+00 
 4.02300000e-02  1.33473283e+00 
 4.02500000e-02  1.33519876e+00 
 4.02700000e-02  1.33566449e+00 
 4.02900000e-02  1.33613004e+00 
 4.03100000e-02  1.33659541e+00 
 4.03300000e-02  1.33706059e+00 
 4.03500000e-02  1.33752558e+00 
 4.03700000e-02  1.33799038e+00 
 4.03900000e-02  1.33845501e+00 
 4.04100000e-02  1.33891944e+00 
 4.04300000e-02  1.33938369e+00 
 4.04500000e-02  1.33984775e+00 
 4.04700000e-02  1.34031163e+00 
 4.04900000e-02  1.34077532e+00 
 4.05100000e-02  1.34123883e+00 
 4.05300000e-02  1.34170215e+00 
 4.05500000e-02  1.34216529e+00 
 4.05700000e-02  1.34262824e+00 
 4.05900000e-02  1.34309100e+00 
 4.06100000e-02  1.34355358e+00 
 4.06300000e-02  1.34401598e+00 
 4.06500000e-02  1.34447819e+00 
 4.06700000e-02  1.34494022e+00 
 4.06900000e-02  1.34540206e+00 
 4.07100000e-02  1.34586371e+00 
 4.07300000e-02  1.34632519e+00 
 4.07500000e-02  1.34678647e+00 
 4.07700000e-02  1.34724758e+00 
 4.07900000e-02  1.34770849e+00 
 4.08100000e-02  1.34816923e+00 
 4.08300000e-02  1.34862978e+00 
 4.08500000e-02  1.34909014e+00 
 4.08700000e-02  1.34955033e+00 
 4.08900000e-02  1.35001032e+00 
 4.09100000e-02  1.35047014e+00 
 4.09300000e-02  1.35092977e+00 
 4.09500000e-02  1.35138921e+00 
 4.09700000e-02  1.35184848e+00 
 4.09900000e-02  1.35230755e+00 
 4.10100000e-02  1.35276645e+00 
 4.10300000e-02  1.35322516e+00 
 4.10500000e-02  1.35368369e+00 
 4.10700000e-02  1.35414203e+00 
 4.10900000e-02  1.35460019e+00 
 4.11100000e-02  1.35505817e+00 
 4.11300000e-02  1.35551597e+00 
 4.11500000e-02  1.35597358e+00 
 4.11700000e-02  1.35643101e+00 
 4.11900000e-02  1.35688825e+00 
 4.12100000e-02  1.35734532e+00 
 4.12300000e-02  1.35780220e+00 
 4.12500000e-02  1.35825889e+00 
 4.12700000e-02  1.35871541e+00 
 4.12900000e-02  1.35917174e+00 
 4.13100000e-02  1.35962789e+00 
 4.13300000e-02  1.36008386e+00 
 4.13500000e-02  1.36053964e+00 
 4.13700000e-02  1.36099525e+00 
 4.13900000e-02  1.36145067e+00 
 4.14100000e-02  1.36190591e+00 
 4.14300000e-02  1.36236096e+00 
 4.14500000e-02  1.36281584e+00 
 4.14700000e-02  1.36327053e+00 
 4.14900000e-02  1.36372504e+00 
 4.15100000e-02  1.36417937e+00 
 4.15300000e-02  1.36463352e+00 
 4.15500000e-02  1.36508748e+00 
 4.15700000e-02  1.36554127e+00 
 4.15900000e-02  1.36599487e+00 
 4.16100000e-02  1.36644829e+00 
 4.16300000e-02  1.36690153e+00 
 4.16500000e-02  1.36735459e+00 
 4.16700000e-02  1.36780747e+00 
 4.16900000e-02  1.36826016e+00 
 4.17100000e-02  1.36871268e+00 
 4.17300000e-02  1.36916501e+00 
 4.17500000e-02  1.36961717e+00 
 4.17700000e-02  1.37006914e+00 
 4.17900000e-02  1.37052093e+00 
 4.18100000e-02  1.37097254e+00 
 4.18300000e-02  1.37142397e+00 
 4.18500000e-02  1.37187522e+00 
 4.18700000e-02  1.37232629e+00 
 4.18900000e-02  1.37277718e+00 
 4.19100000e-02  1.37322789e+00 
 4.19300000e-02  1.37367842e+00 
 4.19500000e-02  1.37412877e+00 
 4.19700000e-02  1.37457893e+00 
 4.19900000e-02  1.37502892e+00 
 4.20100000e-02  1.37547873e+00 
 4.20300000e-02  1.37592836e+00 
 4.20500000e-02  1.37637781e+00 
 4.20700000e-02  1.37682708e+00 
 4.20900000e-02  1.37727617e+00 
 4.21100000e-02  1.37772508e+00 
 4.21300000e-02  1.37817381e+00 
 4.21500000e-02  1.37862236e+00 
 4.21700000e-02  1.37907073e+00 
 4.21900000e-02  1.37951892e+00 
 4.22100000e-02  1.37996693e+00 
 4.22300000e-02  1.38041477e+00 
 4.22500000e-02  1.38086242e+00 
 4.22700000e-02  1.38130990e+00 
 4.22900000e-02  1.38175719e+00 
 4.23100000e-02  1.38220431e+00 
 4.23300000e-02  1.38265125e+00 
 4.23500000e-02  1.38309801e+00 
 4.23700000e-02  1.38354459e+00 
 4.23900000e-02  1.38399099e+00 
 4.24100000e-02  1.38443722e+00 
 4.24300000e-02  1.38488327e+00 
 4.24500000e-02  1.38532913e+00 
 4.24700000e-02  1.38577482e+00 
 4.24900000e-02  1.38622033e+00 
 4.25100000e-02  1.38666567e+00 
 4.25300000e-02  1.38711082e+00 
 4.25500000e-02  1.38755580e+00 
 4.25700000e-02  1.38800060e+00 
 4.25900000e-02  1.38844522e+00 
 4.26100000e-02  1.38888966e+00 
 4.26300000e-02  1.38933392e+00 
 4.26500000e-02  1.38977801e+00 
 4.26700000e-02  1.39022192e+00 
 4.26900000e-02  1.39066566e+00 
 4.27100000e-02  1.39110921e+00 
 4.27300000e-02  1.39155259e+00 
 4.27500000e-02  1.39199579e+00 
 4.27700000e-02  1.39243881e+00 
 4.27900000e-02  1.39288166e+00 
 4.28100000e-02  1.39332433e+00 
 4.28300000e-02  1.39376682e+00 
 4.28500000e-02  1.39420913e+00 
 4.28700000e-02  1.39465127e+00 
 4.28900000e-02  1.39509323e+00 
 4.29100000e-02  1.39553502e+00 
 4.29300000e-02  1.39597662e+00 
 4.29500000e-02  1.39641806e+00 
 4.29700000e-02  1.39685931e+00 
 4.29900000e-02  1.39730039e+00 
 4.30100000e-02  1.39774129e+00 
 4.30300000e-02  1.39818202e+00 
 4.30500000e-02  1.39862256e+00 
 4.30700000e-02  1.39906294e+00 
 4.30900000e-02  1.39950313e+00 
 4.31100000e-02  1.39994316e+00 
 4.31300000e-02  1.40038300e+00 
 4.31500000e-02  1.40082267e+00 
 4.31700000e-02  1.40126216e+00 
 4.31900000e-02  1.40170148e+00 
 4.32100000e-02  1.40214062e+00 
 4.32300000e-02  1.40257959e+00 
 4.32500000e-02  1.40301838e+00 
 4.32700000e-02  1.40345699e+00 
 4.32900000e-02  1.40389543e+00 
 4.33100000e-02  1.40433370e+00 
 4.33300000e-02  1.40477179e+00 
 4.33500000e-02  1.40520970e+00 
 4.33700000e-02  1.40564744e+00 
 4.33900000e-02  1.40608500e+00 
 4.34100000e-02  1.40652239e+00 
 4.34300000e-02  1.40695960e+00 
 4.34500000e-02  1.40739664e+00 
 4.34700000e-02  1.40783351e+00 
 4.34900000e-02  1.40827020e+00 
 4.35100000e-02  1.40870671e+00 
 4.35300000e-02  1.40914305e+00 
 4.35500000e-02  1.40957922e+00 
 4.35700000e-02  1.41001521e+00 
 4.35900000e-02  1.41045103e+00 
 4.36100000e-02  1.41088667e+00 
 4.36300000e-02  1.41132214e+00 
 4.36500000e-02  1.41175743e+00 
 4.36700000e-02  1.41219255e+00 
 4.36900000e-02  1.41262750e+00 
 4.37100000e-02  1.41306227e+00 
 4.37300000e-02  1.41349687e+00 
 4.37500000e-02  1.41393129e+00 
 4.37700000e-02  1.41436554e+00 
 4.37900000e-02  1.41479962e+00 
 4.38100000e-02  1.41523353e+00 
 4.38300000e-02  1.41566726e+00 
 4.38500000e-02  1.41610081e+00 
 4.38700000e-02  1.41653420e+00 
 4.38900000e-02  1.41696740e+00 
 4.39100000e-02  1.41740044e+00 
 4.39300000e-02  1.41783331e+00 
 4.39500000e-02  1.41826600e+00 
 4.39700000e-02  1.41869851e+00 
 4.39900000e-02  1.41913086e+00 
 4.40100000e-02  1.41956303e+00 
 4.40300000e-02  1.41999503e+00 
 4.40500000e-02  1.42042685e+00 
 4.40700000e-02  1.42085851e+00 
 4.40900000e-02  1.42128999e+00 
 4.41100000e-02  1.42172130e+00 
 4.41300000e-02  1.42215243e+00 
 4.41500000e-02  1.42258339e+00 
 4.41700000e-02  1.42301418e+00 
 4.41900000e-02  1.42344480e+00 
 4.42100000e-02  1.42387525e+00 
 4.42300000e-02  1.42430552e+00 
 4.42500000e-02  1.42473563e+00 
 4.42700000e-02  1.42516556e+00 
 4.42900000e-02  1.42559531e+00 
 4.43100000e-02  1.42602490e+00 
 4.43300000e-02  1.42645431e+00 
 4.43500000e-02  1.42688356e+00 
 4.43700000e-02  1.42731263e+00 
 4.43900000e-02  1.42774153e+00 
 4.44100000e-02  1.42817026e+00 
 4.44300000e-02  1.42859881e+00 
 4.44500000e-02  1.42902720e+00 
 4.44700000e-02  1.42945541e+00 
 4.44900000e-02  1.42988345e+00 
 4.45100000e-02  1.43031133e+00 
 4.45300000e-02  1.43073903e+00 
 4.45500000e-02  1.43116655e+00 
 4.45700000e-02  1.43159391e+00 
 4.45900000e-02  1.43202110e+00 
 4.46100000e-02  1.43244812e+00 
 4.46300000e-02  1.43287496e+00 
 4.46500000e-02  1.43330164e+00 
 4.46700000e-02  1.43372814e+00 
 4.46900000e-02  1.43415448e+00 
 4.47100000e-02  1.43458064e+00 
 4.47300000e-02  1.43500663e+00 
 4.47500000e-02  1.43543246e+00 
 4.47700000e-02  1.43585811e+00 
 4.47900000e-02  1.43628359e+00 
 4.48100000e-02  1.43670890e+00 
 4.48300000e-02  1.43713404e+00 
 4.48500000e-02  1.43755901e+00 
 4.48700000e-02  1.43798382e+00 
 4.48900000e-02  1.43840845e+00 
 4.49100000e-02  1.43883291e+00 
 4.49300000e-02  1.43925720e+00 
 4.49500000e-02  1.43968133e+00 
 4.49700000e-02  1.44010528e+00 
 4.49900000e-02  1.44052906e+00 
 4.50100000e-02  1.44095268e+00 
 4.50300000e-02  1.44137612e+00 
 4.50500000e-02  1.44179940e+00 
 4.50700000e-02  1.44222250e+00 
 4.50900000e-02  1.44264544e+00 
 4.51100000e-02  1.44306821e+00 
 4.51300000e-02  1.44349081e+00 
 4.51500000e-02  1.44391324e+00 
 4.51700000e-02  1.44433550e+00 
 4.51900000e-02  1.44475759e+00 
 4.52100000e-02  1.44517951e+00 
 4.52300000e-02  1.44560127e+00 
 4.52500000e-02  1.44602285e+00 
 4.52700000e-02  1.44644427e+00 
 4.52900000e-02  1.44686552e+00 
 4.53100000e-02  1.44728660e+00 
 4.53300000e-02  1.44770751e+00 
 4.53500000e-02  1.44812825e+00 
 4.53700000e-02  1.44854883e+00 
 4.53900000e-02  1.44896923e+00 
 4.54100000e-02  1.44938947e+00 
 4.54300000e-02  1.44980954e+00 
 4.54500000e-02  1.45022945e+00 
 4.54700000e-02  1.45064918e+00 
 4.54900000e-02  1.45106875e+00 
 4.55100000e-02  1.45148815e+00 
 4.55300000e-02  1.45190738e+00 
 4.55500000e-02  1.45232644e+00 
 4.55700000e-02  1.45274534e+00 
 4.55900000e-02  1.45316407e+00 
 4.56100000e-02  1.45358263e+00 
 4.56300000e-02  1.45400102e+00 
 4.56500000e-02  1.45441925e+00 
 4.56700000e-02  1.45483731e+00 
 4.56900000e-02  1.45525520e+00 
 4.57100000e-02  1.45567292e+00 
 4.57300000e-02  1.45609048e+00 
 4.57500000e-02  1.45650787e+00 
 4.57700000e-02  1.45692510e+00 
 4.57900000e-02  1.45734215e+00 
 4.58100000e-02  1.45775905e+00 
 4.58300000e-02  1.45817577e+00 
 4.58500000e-02  1.45859233e+00 
 4.58700000e-02  1.45900872e+00 
 4.58900000e-02  1.45942494e+00 
 4.59100000e-02  1.45984100e+00 
 4.59300000e-02  1.46025689e+00 
 4.59500000e-02  1.46067261e+00 
 4.59700000e-02  1.46108817e+00 
 4.59900000e-02  1.46150356e+00 
 4.60100000e-02  1.46191879e+00 
 4.60300000e-02  1.46233385e+00 
 4.60500000e-02  1.46274874e+00 
 4.60700000e-02  1.46316347e+00 
 4.60900000e-02  1.46357803e+00 
 4.61100000e-02  1.46399243e+00 
 4.61300000e-02  1.46440666e+00 
 4.61500000e-02  1.46482073e+00 
 4.61700000e-02  1.46523463e+00 
 4.61900000e-02  1.46564836e+00 
 4.62100000e-02  1.46606193e+00 
 4.62300000e-02  1.46647533e+00 
 4.62500000e-02  1.46688857e+00 
 4.62700000e-02  1.46730164e+00 
 4.62900000e-02  1.46771455e+00 
 4.63100000e-02  1.46812729e+00 
 4.63300000e-02  1.46853987e+00 
 4.63500000e-02  1.46895228e+00 
 4.63700000e-02  1.46936453e+00 
 4.63900000e-02  1.46977661e+00 
 4.64100000e-02  1.47018853e+00 
 4.64300000e-02  1.47060028e+00 
 4.64500000e-02  1.47101187e+00 
 4.64700000e-02  1.47142329e+00 
 4.64900000e-02  1.47183455e+00 
 4.65100000e-02  1.47224565e+00 
 4.65300000e-02  1.47265658e+00 
 4.65500000e-02  1.47306734e+00 
 4.65700000e-02  1.47347795e+00 
 4.65900000e-02  1.47388838e+00 
 4.66100000e-02  1.47429866e+00 
 4.66300000e-02  1.47470877e+00 
 4.66500000e-02  1.47511871e+00 
 4.66700000e-02  1.47552849e+00 
 4.66900000e-02  1.47593811e+00 
 4.67100000e-02  1.47634756e+00 
 4.67300000e-02  1.47675685e+00 
 4.67500000e-02  1.47716598e+00 
 4.67700000e-02  1.47757494e+00 
 4.67900000e-02  1.47798374e+00 
 4.68100000e-02  1.47839238e+00 
 4.68300000e-02  1.47880085e+00 
 4.68500000e-02  1.47920916e+00 
 4.68700000e-02  1.47961730e+00 
 4.68900000e-02  1.48002528e+00 
 4.69100000e-02  1.48043310e+00 
 4.69300000e-02  1.48084076e+00 
 4.69500000e-02  1.48124825e+00 
 4.69700000e-02  1.48165558e+00 
 4.69900000e-02  1.48206275e+00 
 4.70100000e-02  1.48246975e+00 
 4.70300000e-02  1.48287660e+00 
 4.70500000e-02  1.48328327e+00 
 4.70700000e-02  1.48368979e+00 
 4.70900000e-02  1.48409614e+00 
 4.71100000e-02  1.48450234e+00 
 4.71300000e-02  1.48490836e+00 
 4.71500000e-02  1.48531423e+00 
 4.71700000e-02  1.48571993e+00 
 4.71900000e-02  1.48612548e+00 
 4.72100000e-02  1.48653086e+00 
 4.72300000e-02  1.48693607e+00 
 4.72500000e-02  1.48734113e+00 
 4.72700000e-02  1.48774602e+00 
 4.72900000e-02  1.48815075e+00 
 4.73100000e-02  1.48855532e+00 
 4.73300000e-02  1.48895973e+00 
 4.73500000e-02  1.48936398e+00 
 4.73700000e-02  1.48976806e+00 
 4.73900000e-02  1.49017198e+00 
 4.74100000e-02  1.49057575e+00 
 4.74300000e-02  1.49097934e+00 
 4.74500000e-02  1.49138278e+00 
 4.74700000e-02  1.49178606e+00 
 4.74900000e-02  1.49218918e+00 
 4.75100000e-02  1.49259213e+00 
 4.75300000e-02  1.49299492e+00 
 4.75500000e-02  1.49339756e+00 
 4.75700000e-02  1.49380003e+00 
 4.75900000e-02  1.49420234e+00 
 4.76100000e-02  1.49460449e+00 
 4.76300000e-02  1.49500648e+00 
 4.76500000e-02  1.49540830e+00 
 4.76700000e-02  1.49580997e+00 
 4.76900000e-02  1.49621148e+00 
 4.77100000e-02  1.49661282e+00 
 4.77300000e-02  1.49701401e+00 
 4.77500000e-02  1.49741503e+00 
 4.77700000e-02  1.49781590e+00 
 4.77900000e-02  1.49821660e+00 
 4.78100000e-02  1.49861715e+00 
 4.78300000e-02  1.49901753e+00 
 4.78500000e-02  1.49941776e+00 
 4.78700000e-02  1.49981782e+00 
 4.78900000e-02  1.50021772e+00 
 4.79100000e-02  1.50061747e+00 
 4.79300000e-02  1.50101705e+00 
 4.79500000e-02  1.50141648e+00 
 4.79700000e-02  1.50181574e+00 
 4.79900000e-02  1.50221485e+00 
 4.80100000e-02  1.50261379e+00 
 4.80300000e-02  1.50301258e+00 
 4.80500000e-02  1.50341120e+00 
 4.80700000e-02  1.50380967e+00 
 4.80900000e-02  1.50420798e+00 
 4.81100000e-02  1.50460612e+00 
 4.81300000e-02  1.50500411e+00 
 4.81500000e-02  1.50540194e+00 
 4.81700000e-02  1.50579961e+00 
 4.81900000e-02  1.50619713e+00 
 4.82100000e-02  1.50659448e+00 
 4.82300000e-02  1.50699167e+00 
 4.82500000e-02  1.50738871e+00 
 4.82700000e-02  1.50778558e+00 
 4.82900000e-02  1.50818230e+00 
 4.83100000e-02  1.50857886e+00 
 4.83300000e-02  1.50897526e+00 
 4.83500000e-02  1.50937150e+00 
 4.83700000e-02  1.50976758e+00 
 4.83900000e-02  1.51016351e+00 
 4.84100000e-02  1.51055928e+00 
 4.84300000e-02  1.51095488e+00 
 4.84500000e-02  1.51135033e+00 
 4.84700000e-02  1.51174562e+00 
 4.84900000e-02  1.51214076e+00 
 4.85100000e-02  1.51253573e+00 
 4.85300000e-02  1.51293055e+00 
 4.85500000e-02  1.51332521e+00 
 4.85700000e-02  1.51371971e+00 
 4.85900000e-02  1.51411406e+00 
 4.86100000e-02  1.51450824e+00 
 4.86300000e-02  1.51490227e+00 
 4.86500000e-02  1.51529615e+00 
 4.86700000e-02  1.51568986e+00 
 4.86900000e-02  1.51608342e+00 
 4.87100000e-02  1.51647681e+00 
 4.87300000e-02  1.51687006e+00 
 4.87500000e-02  1.51726314e+00 
 4.87700000e-02  1.51765607e+00 
 4.87900000e-02  1.51804884e+00 
 4.88100000e-02  1.51844145e+00 
 4.88300000e-02  1.51883391e+00 
 4.88500000e-02  1.51922621e+00 
 4.88700000e-02  1.51961835e+00 
 4.88900000e-02  1.52001033e+00 
 4.89100000e-02  1.52040216e+00 
 4.89300000e-02  1.52079383e+00 
 4.89500000e-02  1.52118535e+00 
 4.89700000e-02  1.52157671e+00 
 4.89900000e-02  1.52196791e+00 
 4.90100000e-02  1.52235896e+00 
 4.90300000e-02  1.52274984e+00 
 4.90500000e-02  1.52314058e+00 
 4.90700000e-02  1.52353115e+00 
 4.90900000e-02  1.52392158e+00 
 4.91100000e-02  1.52431184e+00 
 4.91300000e-02  1.52470195e+00 
 4.91500000e-02  1.52509190e+00 
 4.91700000e-02  1.52548170e+00 
 4.91900000e-02  1.52587134e+00 
 4.92100000e-02  1.52626082e+00 
 4.92300000e-02  1.52665015e+00 
 4.92500000e-02  1.52703932e+00 
 4.92700000e-02  1.52742834e+00 
 4.92900000e-02  1.52781720e+00 
 4.93100000e-02  1.52820591e+00 
 4.93300000e-02  1.52859446e+00 
 4.93500000e-02  1.52898286e+00 
 4.93700000e-02  1.52937110e+00 
 4.93900000e-02  1.52975918e+00 
 4.94100000e-02  1.53014711e+00 
 4.94300000e-02  1.53053489e+00 
 4.94500000e-02  1.53092251e+00 
 4.94700000e-02  1.53130997e+00 
 4.94900000e-02  1.53169728e+00 
 4.95100000e-02  1.53208444e+00 
 4.95300000e-02  1.53247144e+00 
 4.95500000e-02  1.53285828e+00 
 4.95700000e-02  1.53324497e+00 
 4.95900000e-02  1.53363151e+00 
 4.96100000e-02  1.53401789e+00 
 4.96300000e-02  1.53440412e+00 
 4.96500000e-02  1.53479019e+00 
 4.96700000e-02  1.53517611e+00 
 4.96900000e-02  1.53556187e+00 
 4.97100000e-02  1.53594748e+00 
 4.97300000e-02  1.53633293e+00 
 4.97500000e-02  1.53671823e+00 
 4.97700000e-02  1.53710338e+00 
 4.97900000e-02  1.53748837e+00 
 4.98100000e-02  1.53787321e+00 
 4.98300000e-02  1.53825790e+00 
 4.98500000e-02  1.53864243e+00 
 4.98700000e-02  1.53902681e+00 
 4.98900000e-02  1.53941103e+00 
 4.99100000e-02  1.53979510e+00 
 4.99300000e-02  1.54017902e+00 
 4.99500000e-02  1.54056278e+00 
 4.99700000e-02  1.54094639e+00 
 4.99900000e-02  1.54132985e+00 
 5.00100000e-02  1.54171315e+00 
 5.00300000e-02  1.54209630e+00 
 5.00500000e-02  1.54247929e+00 
 5.00700000e-02  1.54286214e+00 
 5.00900000e-02  1.54324483e+00 
 5.01100000e-02  1.54362736e+00 
 5.01300000e-02  1.54400975e+00 
 5.01500000e-02  1.54439198e+00 
 5.01700000e-02  1.54477406e+00 
 5.01900000e-02  1.54515598e+00 
 5.02100000e-02  1.54553775e+00 
 5.02300000e-02  1.54591937e+00 
 5.02500000e-02  1.54630084e+00 
 5.02700000e-02  1.54668216e+00 
 5.02900000e-02  1.54706332e+00 
 5.03100000e-02  1.54744433e+00 
 5.03300000e-02  1.54782519e+00 
 5.03500000e-02  1.54820589e+00 
 5.03700000e-02  1.54858644e+00 
 5.03900000e-02  1.54896684e+00 
 5.04100000e-02  1.54934709e+00 
 5.04300000e-02  1.54972719e+00 
 5.04500000e-02  1.55010713e+00 
 5.04700000e-02  1.55048693e+00 
 5.04900000e-02  1.55086657e+00 
 5.05100000e-02  1.55124605e+00 
 5.05300000e-02  1.55162539e+00 
 5.05500000e-02  1.55200458e+00 
 5.05700000e-02  1.55238361e+00 
 5.05900000e-02  1.55276249e+00 
 5.06100000e-02  1.55314122e+00 
 5.06300000e-02  1.55351980e+00 
 5.06500000e-02  1.55389823e+00 
 5.06700000e-02  1.55427651e+00 
 5.06900000e-02  1.55465463e+00 
 5.07100000e-02  1.55503261e+00 
 5.07300000e-02  1.55541043e+00 
 5.07500000e-02  1.55578810e+00 
 5.07700000e-02  1.55616562e+00 
 5.07900000e-02  1.55654299e+00 
 5.08100000e-02  1.55692021e+00 
 5.08300000e-02  1.55729728e+00 
 5.08500000e-02  1.55767419e+00 
 5.08700000e-02  1.55805096e+00 
 5.08900000e-02  1.55842758e+00 
 5.09100000e-02  1.55880404e+00 
 5.09300000e-02  1.55918036e+00 
 5.09500000e-02  1.55955652e+00 
 5.09700000e-02  1.55993253e+00 
 5.09900000e-02  1.56030840e+00 
 5.10100000e-02  1.56068411e+00 
 5.10300000e-02  1.56105967e+00 
 5.10500000e-02  1.56143508e+00 
 5.10700000e-02  1.56181035e+00 
 5.10900000e-02  1.56218546e+00 
 5.11100000e-02  1.56256042e+00 
 5.11300000e-02  1.56293523e+00 
 5.11500000e-02  1.56330990e+00 
 5.11700000e-02  1.56368441e+00 
 5.11900000e-02  1.56405877e+00 
 5.12100000e-02  1.56443298e+00 
 5.12300000e-02  1.56480705e+00 
 5.12500000e-02  1.56518096e+00 
 5.12700000e-02  1.56555473e+00 
 5.12900000e-02  1.56592834e+00 
 5.13100000e-02  1.56630181e+00 
 5.13300000e-02  1.56667512e+00 
 5.13500000e-02  1.56704829e+00 
 5.13700000e-02  1.56742131e+00 
 5.13900000e-02  1.56779418e+00 
 5.14100000e-02  1.56816689e+00 
 5.14300000e-02  1.56853946e+00 
 5.14500000e-02  1.56891189e+00 
 5.14700000e-02  1.56928416e+00 
 5.14900000e-02  1.56965628e+00 
 5.15100000e-02  1.57002826e+00 
 5.15300000e-02  1.57040008e+00 
 5.15500000e-02  1.57077176e+00 
 5.15700000e-02  1.57114329e+00 
 5.15900000e-02  1.57151467e+00 
 5.16100000e-02  1.57188590e+00 
 5.16300000e-02  1.57225698e+00 
 5.16500000e-02  1.57262792e+00 
 5.16700000e-02  1.57299870e+00 
 5.16900000e-02  1.57336934e+00 
 5.17100000e-02  1.57373983e+00 
 5.17300000e-02  1.57411017e+00 
 5.17500000e-02  1.57448036e+00 
 5.17700000e-02  1.57485041e+00 
 5.17900000e-02  1.57522031e+00 
 5.18100000e-02  1.57559006e+00 
 5.18300000e-02  1.57595966e+00 
 5.18500000e-02  1.57632911e+00 
 5.18700000e-02  1.57669842e+00 
 5.18900000e-02  1.57706758e+00 
 5.19100000e-02  1.57743659e+00 
 5.19300000e-02  1.57780545e+00 
 5.19500000e-02  1.57817417e+00 
 5.19700000e-02  1.57854273e+00 
 5.19900000e-02  1.57891115e+00 
 5.20100000e-02  1.57927943e+00 
 5.20300000e-02  1.57964755e+00 
 5.20500000e-02  1.58001553e+00 
 5.20700000e-02  1.58038337e+00 
 5.20900000e-02  1.58075105e+00 
 5.21100000e-02  1.58111859e+00 
 5.21300000e-02  1.58148598e+00 
 5.21500000e-02  1.58185322e+00 
 5.21700000e-02  1.58222032e+00 
 5.21900000e-02  1.58258727e+00 
 5.22100000e-02  1.58295407e+00 
 5.22300000e-02  1.58332073e+00 
 5.22500000e-02  1.58368724e+00 
 5.22700000e-02  1.58405360e+00 
 5.22900000e-02  1.58441982e+00 
 5.23100000e-02  1.58478589e+00 
 5.23300000e-02  1.58515181e+00 
 5.23500000e-02  1.58551759e+00 
 5.23700000e-02  1.58588322e+00 
 5.23900000e-02  1.58624871e+00 
 5.24100000e-02  1.58661405e+00 
 5.24300000e-02  1.58697924e+00 
 5.24500000e-02  1.58734429e+00 
 5.24700000e-02  1.58770919e+00 
 5.24900000e-02  1.58807394e+00 
 5.25100000e-02  1.58843855e+00 
 5.25300000e-02  1.58880302e+00 
 5.25500000e-02  1.58916733e+00 
 5.25700000e-02  1.58953150e+00 
 5.25900000e-02  1.58989553e+00 
 5.26100000e-02  1.59025941e+00 
 5.26300000e-02  1.59062315e+00 
 5.26500000e-02  1.59098674e+00 
 5.26700000e-02  1.59135018e+00 
 5.26900000e-02  1.59171348e+00 
 5.27100000e-02  1.59207663e+00 
 5.27300000e-02  1.59243964e+00 
 5.27500000e-02  1.59280250e+00 
 5.27700000e-02  1.59316522e+00 
 5.27900000e-02  1.59352780e+00 
 5.28100000e-02  1.59389022e+00 
 5.28300000e-02  1.59425251e+00 
 5.28500000e-02  1.59461465e+00 
 5.28700000e-02  1.59497664e+00 
 5.28900000e-02  1.59533849e+00 
 5.29100000e-02  1.59570019e+00 
 5.29300000e-02  1.59606175e+00 
 5.29500000e-02  1.59642317e+00 
 5.29700000e-02  1.59678444e+00 
 5.29900000e-02  1.59714556e+00 
 5.30100000e-02  1.59750654e+00 
 5.30300000e-02  1.59786738e+00 
 5.30500000e-02  1.59822807e+00 
 5.30700000e-02  1.59858862e+00 
 5.30900000e-02  1.59894902e+00 
 5.31100000e-02  1.59930928e+00 
 5.31300000e-02  1.59966940e+00 
 5.31500000e-02  1.60002937e+00 
 5.31700000e-02  1.60038920e+00 
 5.31900000e-02  1.60074888e+00 
 5.32100000e-02  1.60110842e+00 
 5.32300000e-02  1.60146782e+00 
 5.32500000e-02  1.60182707e+00 
 5.32700000e-02  1.60218618e+00 
 5.32900000e-02  1.60254515e+00 
 5.33100000e-02  1.60290397e+00 
 5.33300000e-02  1.60326265e+00 
 5.33500000e-02  1.60362118e+00 
 5.33700000e-02  1.60397958e+00 
 5.33900000e-02  1.60433782e+00 
 5.34100000e-02  1.60469593e+00 
 5.34300000e-02  1.60505389e+00 
 5.34500000e-02  1.60541171e+00 
 5.34700000e-02  1.60576938e+00 
 5.34900000e-02  1.60612692e+00 
 5.35100000e-02  1.60648431e+00 
 5.35300000e-02  1.60684155e+00 
 5.35500000e-02  1.60719866e+00 
 5.35700000e-02  1.60755562e+00 
 5.35900000e-02  1.60791244e+00 
 5.36100000e-02  1.60826911e+00 
 5.36300000e-02  1.60862564e+00 
 5.36500000e-02  1.60898203e+00 
 5.36700000e-02  1.60933828e+00 
 5.36900000e-02  1.60969439e+00 
 5.37100000e-02  1.61005035e+00 
 5.37300000e-02  1.61040617e+00 
 5.37500000e-02  1.61076185e+00 
 5.37700000e-02  1.61111739e+00 
 5.37900000e-02  1.61147278e+00 
 5.38100000e-02  1.61182803e+00 
 5.38300000e-02  1.61218314e+00 
 5.38500000e-02  1.61253811e+00 
 5.38700000e-02  1.61289293e+00 
 5.38900000e-02  1.61324762e+00 
 5.39100000e-02  1.61360216e+00 
 5.39300000e-02  1.61395656e+00 
 5.39500000e-02  1.61431082e+00 
 5.39700000e-02  1.61466493e+00 
 5.39900000e-02  1.61501891e+00 
 5.40100000e-02  1.61537274e+00 
 5.40300000e-02  1.61572643e+00 
 5.40500000e-02  1.61607999e+00 
 5.40700000e-02  1.61643339e+00 
 5.40900000e-02  1.61678666e+00 
 5.41100000e-02  1.61713979e+00 
 5.41300000e-02  1.61749277e+00 
 5.41500000e-02  1.61784562e+00 
 5.41700000e-02  1.61819832e+00 
 5.41900000e-02  1.61855088e+00 
 5.42100000e-02  1.61890330e+00 
 5.42300000e-02  1.61925558e+00 
 5.42500000e-02  1.61960772e+00 
 5.42700000e-02  1.61995972e+00 
 5.42900000e-02  1.62031158e+00 
 5.43100000e-02  1.62066330e+00 
 5.43300000e-02  1.62101487e+00 
 5.43500000e-02  1.62136631e+00 
 5.43700000e-02  1.62171760e+00 
 5.43900000e-02  1.62206876e+00 
 5.44100000e-02  1.62241977e+00 
 5.44300000e-02  1.62277065e+00 
 5.44500000e-02  1.62312138e+00 
 5.44700000e-02  1.62347197e+00 
 5.44900000e-02  1.62382243e+00 
 5.45100000e-02  1.62417274e+00 
 5.45300000e-02  1.62452291e+00 
 5.45500000e-02  1.62487294e+00 
 5.45700000e-02  1.62522284e+00 
 5.45900000e-02  1.62557259e+00 
 5.46100000e-02  1.62592220e+00 
 5.46300000e-02  1.62627168e+00 
 5.46500000e-02  1.62662101e+00 
 5.46700000e-02  1.62697020e+00 
 5.46900000e-02  1.62731926e+00 
 5.47100000e-02  1.62766817e+00 
 5.47300000e-02  1.62801695e+00 
 5.47500000e-02  1.62836558e+00 
 5.47700000e-02  1.62871408e+00 
 5.47900000e-02  1.62906243e+00 
 5.48100000e-02  1.62941065e+00 
 5.48300000e-02  1.62975873e+00 
 5.48500000e-02  1.63010667e+00 
 5.48700000e-02  1.63045447e+00 
 5.48900000e-02  1.63080213e+00 
 5.49100000e-02  1.63114965e+00 
 5.49300000e-02  1.63149703e+00 
 5.49500000e-02  1.63184428e+00 
 5.49700000e-02  1.63219138e+00 
 5.49900000e-02  1.63253835e+00 
 5.50100000e-02  1.63288518e+00 
 5.50300000e-02  1.63323186e+00 
 5.50500000e-02  1.63357841e+00 
 5.50700000e-02  1.63392483e+00 
 5.50900000e-02  1.63427110e+00 
 5.51100000e-02  1.63461723e+00 
 5.51300000e-02  1.63496323e+00 
 5.51500000e-02  1.63530909e+00 
 5.51700000e-02  1.63565480e+00 
 5.51900000e-02  1.63600039e+00 
 5.52100000e-02  1.63634583e+00 
 5.52300000e-02  1.63669113e+00 
 5.52500000e-02  1.63703630e+00 
 5.52700000e-02  1.63738133e+00 
 5.52900000e-02  1.63772622e+00 
 5.53100000e-02  1.63807097e+00 
 5.53300000e-02  1.63841559e+00 
 5.53500000e-02  1.63876006e+00 
 5.53700000e-02  1.63910440e+00 
 5.53900000e-02  1.63944860e+00 
 5.54100000e-02  1.63979267e+00 
 5.54300000e-02  1.64013659e+00 
 5.54500000e-02  1.64048038e+00 
 5.54700000e-02  1.64082403e+00 
 5.54900000e-02  1.64116755e+00 
 5.55100000e-02  1.64151092e+00 
 5.55300000e-02  1.64185416e+00 
 5.55500000e-02  1.64219726e+00 
 5.55700000e-02  1.64254023e+00 
 5.55900000e-02  1.64288306e+00 
 5.56100000e-02  1.64322575e+00 
 5.56300000e-02  1.64356830e+00 
 5.56500000e-02  1.64391072e+00 
 5.56700000e-02  1.64425300e+00 
 5.56900000e-02  1.64459514e+00 
 5.57100000e-02  1.64493714e+00 
 5.57300000e-02  1.64527901e+00 
 5.57500000e-02  1.64562074e+00 
 5.57700000e-02  1.64596234e+00 
 5.57900000e-02  1.64630380e+00 
 5.58100000e-02  1.64664512e+00 
 5.58300000e-02  1.64698631e+00 
 5.58500000e-02  1.64732736e+00 
 5.58700000e-02  1.64766827e+00 
 5.58900000e-02  1.64800905e+00 
 5.59100000e-02  1.64834969e+00 
 5.59300000e-02  1.64869019e+00 
 5.59500000e-02  1.64903056e+00 
 5.59700000e-02  1.64937079e+00 
 5.59900000e-02  1.64971089e+00 
 5.60100000e-02  1.65005085e+00 
 5.60300000e-02  1.65039067e+00 
 5.60500000e-02  1.65073036e+00 
 5.60700000e-02  1.65106991e+00 
 5.60900000e-02  1.65140933e+00 
 5.61100000e-02  1.65174861e+00 
 5.61300000e-02  1.65208775e+00 
 5.61500000e-02  1.65242676e+00 
 5.61700000e-02  1.65276563e+00 
 5.61900000e-02  1.65310437e+00 
 5.62100000e-02  1.65344297e+00 
 5.62300000e-02  1.65378144e+00 
 5.62500000e-02  1.65411977e+00 
 5.62700000e-02  1.65445797e+00 
 5.62900000e-02  1.65479603e+00 
 5.63100000e-02  1.65513396e+00 
 5.63300000e-02  1.65547175e+00 
 5.63500000e-02  1.65580940e+00 
 5.63700000e-02  1.65614693e+00 
 5.63900000e-02  1.65648431e+00 
 5.64100000e-02  1.65682156e+00 
 5.64300000e-02  1.65715868e+00 
 5.64500000e-02  1.65749566e+00 
 5.64700000e-02  1.65783251e+00 
 5.64900000e-02  1.65816922e+00 
 5.65100000e-02  1.65850580e+00 
 5.65300000e-02  1.65884224e+00 
 5.65500000e-02  1.65917855e+00 
 5.65700000e-02  1.65951472e+00 
 5.65900000e-02  1.65985076e+00 
 5.66100000e-02  1.66018666e+00 
 5.66300000e-02  1.66052243e+00 
 5.66500000e-02  1.66085807e+00 
 5.66700000e-02  1.66119357e+00 
 5.66900000e-02  1.66152894e+00 
 5.67100000e-02  1.66186417e+00 
 5.67300000e-02  1.66219927e+00 
 5.67500000e-02  1.66253424e+00 
 5.67700000e-02  1.66286907e+00 
 5.67900000e-02  1.66320377e+00 
 5.68100000e-02  1.66353833e+00 
 5.68300000e-02  1.66387276e+00 
 5.68500000e-02  1.66420706e+00 
 5.68700000e-02  1.66454122e+00 
 5.68900000e-02  1.66487525e+00 
 5.69100000e-02  1.66520914e+00 
 5.69300000e-02  1.66554291e+00 
 5.69500000e-02  1.66587653e+00 
 5.69700000e-02  1.66621003e+00 
 5.69900000e-02  1.66654339e+00 
 5.70100000e-02  1.66687662e+00 
 5.70300000e-02  1.66720971e+00 
 5.70500000e-02  1.66754268e+00 
 5.70700000e-02  1.66787550e+00 
 5.70900000e-02  1.66820820e+00 
 5.71100000e-02  1.66854076e+00 
 5.71300000e-02  1.66887319e+00 
 5.71500000e-02  1.66920549e+00 
 5.71700000e-02  1.66953765e+00 
 5.71900000e-02  1.66986968e+00 
 5.72100000e-02  1.67020158e+00 
 5.72300000e-02  1.67053335e+00 
 5.72500000e-02  1.67086498e+00 
 5.72700000e-02  1.67119648e+00 
 5.72900000e-02  1.67152785e+00 
 5.73100000e-02  1.67185908e+00 
 5.73300000e-02  1.67219018e+00 
 5.73500000e-02  1.67252115e+00 
 5.73700000e-02  1.67285199e+00 
 5.73900000e-02  1.67318270e+00 
 5.74100000e-02  1.67351327e+00 
 5.74300000e-02  1.67384371e+00 
 5.74500000e-02  1.67417402e+00 
 5.74700000e-02  1.67450420e+00 
 5.74900000e-02  1.67483424e+00 
 5.75100000e-02  1.67516415e+00 
 5.75300000e-02  1.67549393e+00 
 5.75500000e-02  1.67582358e+00 
 5.75700000e-02  1.67615310e+00 
 5.75900000e-02  1.67648249e+00 
 5.76100000e-02  1.67681174e+00 
 5.76300000e-02  1.67714086e+00 
 5.76500000e-02  1.67746985e+00 
 5.76700000e-02  1.67779871e+00 
 5.76900000e-02  1.67812744e+00 
 5.77100000e-02  1.67845603e+00 
 5.77300000e-02  1.67878450e+00 
 5.77500000e-02  1.67911283e+00 
 5.77700000e-02  1.67944103e+00 
 5.77900000e-02  1.67976910e+00 
 5.78100000e-02  1.68009704e+00 
 5.78300000e-02  1.68042485e+00 
 5.78500000e-02  1.68075253e+00 
 5.78700000e-02  1.68108007e+00 
 5.78900000e-02  1.68140749e+00 
 5.79100000e-02  1.68173477e+00 
 5.79300000e-02  1.68206192e+00 
 5.79500000e-02  1.68238895e+00 
 5.79700000e-02  1.68271584e+00 
 5.79900000e-02  1.68304260e+00 
 5.80100000e-02  1.68336923e+00 
 5.80300000e-02  1.68369573e+00 
 5.80500000e-02  1.68402210e+00 
 5.80700000e-02  1.68434833e+00 
 5.80900000e-02  1.68467444e+00 
 5.81100000e-02  1.68500042e+00 
 5.81300000e-02  1.68532627e+00 
 5.81500000e-02  1.68565198e+00 
 5.81700000e-02  1.68597757e+00 
 5.81900000e-02  1.68630303e+00 
 5.82100000e-02  1.68662835e+00 
 5.82300000e-02  1.68695355e+00 
 5.82500000e-02  1.68727861e+00 
 5.82700000e-02  1.68760355e+00 
 5.82900000e-02  1.68792836e+00 
 5.83100000e-02  1.68825303e+00 
 5.83300000e-02  1.68857758e+00 
 5.83500000e-02  1.68890199e+00 
 5.83700000e-02  1.68922628e+00 
 5.83900000e-02  1.68955044e+00 
 5.84100000e-02  1.68987447e+00 
 5.84300000e-02  1.69019836e+00 
 5.84500000e-02  1.69052213e+00 
 5.84700000e-02  1.69084577e+00 
 5.84900000e-02  1.69116928e+00 
 5.85100000e-02  1.69149266e+00 
 5.85300000e-02  1.69181591e+00 
 5.85500000e-02  1.69213903e+00 
 5.85700000e-02  1.69246202e+00 
 5.85900000e-02  1.69278489e+00 
 5.86100000e-02  1.69310762e+00 
 5.86300000e-02  1.69343023e+00 
 5.86500000e-02  1.69375270e+00 
 5.86700000e-02  1.69407505e+00 
 5.86900000e-02  1.69439727e+00 
 5.87100000e-02  1.69471936e+00 
 5.87300000e-02  1.69504132e+00 
 5.87500000e-02  1.69536315e+00 
 5.87700000e-02  1.69568485e+00 
 5.87900000e-02  1.69600643e+00 
 5.88100000e-02  1.69632787e+00 
 5.88300000e-02  1.69664919e+00 
 5.88500000e-02  1.69697038e+00 
 5.88700000e-02  1.69729144e+00 
 5.88900000e-02  1.69761237e+00 
 5.89100000e-02  1.69793317e+00 
 5.89300000e-02  1.69825385e+00 
 5.89500000e-02  1.69857439e+00 
 5.89700000e-02  1.69889481e+00 
 5.89900000e-02  1.69921510e+00 
 5.90100000e-02  1.69953527e+00 
 5.90300000e-02  1.69985530e+00 
 5.90500000e-02  1.70017521e+00 
 5.90700000e-02  1.70049499e+00 
 5.90900000e-02  1.70081464e+00 
 5.91100000e-02  1.70113416e+00 
 5.91300000e-02  1.70145355e+00 
 5.91500000e-02  1.70177282e+00 
 5.91700000e-02  1.70209196e+00 
 5.91900000e-02  1.70241097e+00 
 5.92100000e-02  1.70272986e+00 
 5.92300000e-02  1.70304861e+00 
 5.92500000e-02  1.70336724e+00 
 5.92700000e-02  1.70368574e+00 
 5.92900000e-02  1.70400412e+00 
 5.93100000e-02  1.70432237e+00 
 5.93300000e-02  1.70464049e+00 
 5.93500000e-02  1.70495848e+00 
 5.93700000e-02  1.70527634e+00 
 5.93900000e-02  1.70559408e+00 
 5.94100000e-02  1.70591169e+00 
 5.94300000e-02  1.70622918e+00 
 5.94500000e-02  1.70654654e+00 
 5.94700000e-02  1.70686377e+00 
 5.94900000e-02  1.70718087e+00 
 5.95100000e-02  1.70749785e+00 
 5.95300000e-02  1.70781470e+00 
 5.95500000e-02  1.70813142e+00 
 5.95700000e-02  1.70844802e+00 
 5.95900000e-02  1.70876449e+00 
 5.96100000e-02  1.70908083e+00 
 5.96300000e-02  1.70939705e+00 
 5.96500000e-02  1.70971314e+00 
 5.96700000e-02  1.71002910e+00 
 5.96900000e-02  1.71034494e+00 
 5.97100000e-02  1.71066065e+00 
 5.97300000e-02  1.71097624e+00 
 5.97500000e-02  1.71129170e+00 
 5.97700000e-02  1.71160703e+00 
 5.97900000e-02  1.71192224e+00 
 5.98100000e-02  1.71223732e+00 
 5.98300000e-02  1.71255227e+00 
 5.98500000e-02  1.71286710e+00 
 5.98700000e-02  1.71318180e+00 
 5.98900000e-02  1.71349638e+00 
 5.99100000e-02  1.71381083e+00 
 5.99300000e-02  1.71412516e+00 
 5.99500000e-02  1.71443936e+00 
 5.99700000e-02  1.71475343e+00 
 5.99900000e-02  1.71506738e+00 
 6.00100000e-02  1.71538120e+00 
 6.00300000e-02  1.71569490e+00 
 6.00500000e-02  1.71600847e+00 
 6.00700000e-02  1.71632192e+00 
 6.00900000e-02  1.71663524e+00 
 6.01100000e-02  1.71694844e+00 
 6.01300000e-02  1.71726151e+00 
 6.01500000e-02  1.71757445e+00 
 6.01700000e-02  1.71788727e+00 
 6.01900000e-02  1.71819997e+00 
 6.02100000e-02  1.71851254e+00 
 6.02300000e-02  1.71882498e+00 
 6.02500000e-02  1.71913730e+00 
 6.02700000e-02  1.71944950e+00 
 6.02900000e-02  1.71976157e+00 
 6.03100000e-02  1.72007351e+00 
 6.03300000e-02  1.72038533e+00 
 6.03500000e-02  1.72069703e+00 
 6.03700000e-02  1.72100860e+00 
 6.03900000e-02  1.72132005e+00 
 6.04100000e-02  1.72163137e+00 
 6.04300000e-02  1.72194257e+00 
 6.04500000e-02  1.72225364e+00 
 6.04700000e-02  1.72256459e+00 
 6.04900000e-02  1.72287542e+00 
 6.05100000e-02  1.72318612e+00 
 6.05300000e-02  1.72349669e+00 
 6.05500000e-02  1.72380715e+00 
 6.05700000e-02  1.72411747e+00 
 6.05900000e-02  1.72442768e+00 
 6.06100000e-02  1.72473776e+00 
 6.06300000e-02  1.72504771e+00 
 6.06500000e-02  1.72535754e+00 
 6.06700000e-02  1.72566725e+00 
 6.06900000e-02  1.72597684e+00 
 6.07100000e-02  1.72628630e+00 
 6.07300000e-02  1.72659563e+00 
 6.07500000e-02  1.72690484e+00 
 6.07700000e-02  1.72721393e+00 
 6.07900000e-02  1.72752290e+00 
 6.08100000e-02  1.72783174e+00 
 6.08300000e-02  1.72814046e+00 
 6.08500000e-02  1.72844905e+00 
 6.08700000e-02  1.72875753e+00 
 6.08900000e-02  1.72906587e+00 
 6.09100000e-02  1.72937410e+00 
 6.09300000e-02  1.72968220e+00 
 6.09500000e-02  1.72999018e+00 
 6.09700000e-02  1.73029803e+00 
 6.09900000e-02  1.73060576e+00 
 6.10100000e-02  1.73091337e+00 
 6.10300000e-02  1.73122086e+00 
 6.10500000e-02  1.73152822e+00 
 6.10700000e-02  1.73183546e+00 
 6.10900000e-02  1.73214258e+00 
 6.11100000e-02  1.73244957e+00 
 6.11300000e-02  1.73275645e+00 
 6.11500000e-02  1.73306319e+00 
 6.11700000e-02  1.73336982e+00 
 6.11900000e-02  1.73367632e+00 
 6.12100000e-02  1.73398271e+00 
 6.12300000e-02  1.73428896e+00 
 6.12500000e-02  1.73459510e+00 
 6.12700000e-02  1.73490111e+00 
 6.12900000e-02  1.73520700e+00 
 6.13100000e-02  1.73551277e+00 
 6.13300000e-02  1.73581842e+00 
 6.13500000e-02  1.73612394e+00 
 6.13700000e-02  1.73642935e+00 
 6.13900000e-02  1.73673463e+00 
 6.14100000e-02  1.73703978e+00 
 6.14300000e-02  1.73734482e+00 
 6.14500000e-02  1.73764973e+00 
 6.14700000e-02  1.73795453e+00 
 6.14900000e-02  1.73825920e+00 
 6.15100000e-02  1.73856374e+00 
 6.15300000e-02  1.73886817e+00 
 6.15500000e-02  1.73917248e+00 
 6.15700000e-02  1.73947666e+00 
 6.15900000e-02  1.73978072e+00 
 6.16100000e-02  1.74008466e+00 
 6.16300000e-02  1.74038848e+00 
 6.16500000e-02  1.74069217e+00 
 6.16700000e-02  1.74099575e+00 
 6.16900000e-02  1.74129920e+00 
 6.17100000e-02  1.74160254e+00 
 6.17300000e-02  1.74190575e+00 
 6.17500000e-02  1.74220884e+00 
 6.17700000e-02  1.74251181e+00 
 6.17900000e-02  1.74281465e+00 
 6.18100000e-02  1.74311738e+00 
 6.18300000e-02  1.74341999e+00 
 6.18500000e-02  1.74372247e+00 
 6.18700000e-02  1.74402483e+00 
 6.18900000e-02  1.74432708e+00 
 6.19100000e-02  1.74462920e+00 
 6.19300000e-02  1.74493120e+00 
 6.19500000e-02  1.74523308e+00 
 6.19700000e-02  1.74553484e+00 
 6.19900000e-02  1.74583648e+00 
 6.20100000e-02  1.74613799e+00 
 6.20300000e-02  1.74643939e+00 
 6.20500000e-02  1.74674067e+00 
 6.20700000e-02  1.74704182e+00 
 6.20900000e-02  1.74734286e+00 
 6.21100000e-02  1.74764378e+00 
 6.21300000e-02  1.74794457e+00 
 6.21500000e-02  1.74824525e+00 
 6.21700000e-02  1.74854580e+00 
 6.21900000e-02  1.74884624e+00 
 6.22100000e-02  1.74914655e+00 
 6.22300000e-02  1.74944674e+00 
 6.22500000e-02  1.74974682e+00 
 6.22700000e-02  1.75004677e+00 
 6.22900000e-02  1.75034661e+00 
 6.23100000e-02  1.75064632e+00 
 6.23300000e-02  1.75094592e+00 
 6.23500000e-02  1.75124539e+00 
 6.23700000e-02  1.75154475e+00 
 6.23900000e-02  1.75184398e+00 
 6.24100000e-02  1.75214310e+00 
 6.24300000e-02  1.75244209e+00 
 6.24500000e-02  1.75274097e+00 
 6.24700000e-02  1.75303972e+00 
 6.24900000e-02  1.75333836e+00 
 6.25100000e-02  1.75363688e+00 
 6.25300000e-02  1.75393528e+00 
 6.25500000e-02  1.75423356e+00 
 6.25700000e-02  1.75453172e+00 
 6.25900000e-02  1.75482976e+00 
 6.26100000e-02  1.75512768e+00 
 6.26300000e-02  1.75542548e+00 
 6.26500000e-02  1.75572317e+00 
 6.26700000e-02  1.75602073e+00 
 6.26900000e-02  1.75631817e+00 
 6.27100000e-02  1.75661550e+00 
 6.27300000e-02  1.75691271e+00 
 6.27500000e-02  1.75720980e+00 
 6.27700000e-02  1.75750677e+00 
 6.27900000e-02  1.75780362e+00 
 6.28100000e-02  1.75810035e+00 
 6.28300000e-02  1.75839696e+00 
 6.28500000e-02  1.75869346e+00 
 6.28700000e-02  1.75898983e+00 
 6.28900000e-02  1.75928609e+00 
 6.29100000e-02  1.75958223e+00 
 6.29300000e-02  1.75987825e+00 
 6.29500000e-02  1.76017415e+00 
 6.29700000e-02  1.76046994e+00 
 6.29900000e-02  1.76076560e+00 
 6.30100000e-02  1.76106115e+00 
 6.30300000e-02  1.76135658e+00 
 6.30500000e-02  1.76165189e+00 
 6.30700000e-02  1.76194709e+00 
 6.30900000e-02  1.76224216e+00 
 6.31100000e-02  1.76253712e+00 
 6.31300000e-02  1.76283196e+00 
 6.31500000e-02  1.76312668e+00 
 6.31700000e-02  1.76342128e+00 
 6.31900000e-02  1.76371577e+00 
 6.32100000e-02  1.76401014e+00 
 6.32300000e-02  1.76430439e+00 
 6.32500000e-02  1.76459852e+00 
 6.32700000e-02  1.76489253e+00 
 6.32900000e-02  1.76518643e+00 
 6.33100000e-02  1.76548021e+00 
 6.33300000e-02  1.76577387e+00 
 6.33500000e-02  1.76606742e+00 
 6.33700000e-02  1.76636084e+00 
 6.33900000e-02  1.76665415e+00 
 6.34100000e-02  1.76694735e+00 
 6.34300000e-02  1.76724042e+00 
 6.34500000e-02  1.76753338e+00 
 6.34700000e-02  1.76782622e+00 
 6.34900000e-02  1.76811895e+00 
 6.35100000e-02  1.76841155e+00 
 6.35300000e-02  1.76870404e+00 
 6.35500000e-02  1.76899642e+00 
 6.35700000e-02  1.76928867e+00 
 6.35900000e-02  1.76958081e+00 
 6.36100000e-02  1.76987283e+00 
 6.36300000e-02  1.77016474e+00 
 6.36500000e-02  1.77045653e+00 
 6.36700000e-02  1.77074820e+00 
 6.36900000e-02  1.77103976e+00 
 6.37100000e-02  1.77133119e+00 
 6.37300000e-02  1.77162252e+00 
 6.37500000e-02  1.77191372e+00 
 6.37700000e-02  1.77220481e+00 
 6.37900000e-02  1.77249579e+00 
 6.38100000e-02  1.77278664e+00 
 6.38300000e-02  1.77307738e+00 
 6.38500000e-02  1.77336801e+00 
 6.38700000e-02  1.77365851e+00 
 6.38900000e-02  1.77394891e+00 
 6.39100000e-02  1.77423918e+00 
 6.39300000e-02  1.77452934e+00 
 6.39500000e-02  1.77481938e+00 
 6.39700000e-02  1.77510931e+00 
 6.39900000e-02  1.77539912e+00 
 6.40100000e-02  1.77568882e+00 
 6.40300000e-02  1.77597840e+00 
 6.40500000e-02  1.77626786e+00 
 6.40700000e-02  1.77655721e+00 
 6.40900000e-02  1.77684644e+00 
 6.41100000e-02  1.77713556e+00 
 6.41300000e-02  1.77742456e+00 
 6.41500000e-02  1.77771345e+00 
 6.41700000e-02  1.77800222e+00 
 6.41900000e-02  1.77829087e+00 
 6.42100000e-02  1.77857941e+00 
 6.42300000e-02  1.77886783e+00 
 6.42500000e-02  1.77915614e+00 
 6.42700000e-02  1.77944433e+00 
 6.42900000e-02  1.77973241e+00 
 6.43100000e-02  1.78002038e+00 
 6.43300000e-02  1.78030822e+00 
 6.43500000e-02  1.78059595e+00 
 6.43700000e-02  1.78088357e+00 
 6.43900000e-02  1.78117107e+00 
 6.44100000e-02  1.78145846e+00 
 6.44300000e-02  1.78174573e+00 
 6.44500000e-02  1.78203289e+00 
 6.44700000e-02  1.78231993e+00 
 6.44900000e-02  1.78260686e+00 
 6.45100000e-02  1.78289367e+00 
 6.45300000e-02  1.78318037e+00 
 6.45500000e-02  1.78346696e+00 
 6.45700000e-02  1.78375343e+00 
 6.45900000e-02  1.78403978e+00 
 6.46100000e-02  1.78432602e+00 
 6.46300000e-02  1.78461215e+00 
 6.46500000e-02  1.78489816e+00 
 6.46700000e-02  1.78518405e+00 
 6.46900000e-02  1.78546984e+00 
 6.47100000e-02  1.78575550e+00 
 6.47300000e-02  1.78604106e+00 
 6.47500000e-02  1.78632650e+00 
 6.47700000e-02  1.78661182e+00 
 6.47900000e-02  1.78689704e+00 
 6.48100000e-02  1.78718213e+00 
 6.48300000e-02  1.78746712e+00 
 6.48500000e-02  1.78775199e+00 
 6.48700000e-02  1.78803674e+00 
 6.48900000e-02  1.78832138e+00 
 6.49100000e-02  1.78860591e+00 
 6.49300000e-02  1.78889032e+00 
 6.49500000e-02  1.78917462e+00 
 6.49700000e-02  1.78945881e+00 
 6.49900000e-02  1.78974288e+00 
 6.50100000e-02  1.79002684e+00 
 6.50300000e-02  1.79031069e+00 
 6.50500000e-02  1.79059442e+00 
 6.50700000e-02  1.79087804e+00 
 6.50900000e-02  1.79116155e+00 
 6.51100000e-02  1.79144494e+00 
 6.51300000e-02  1.79172822e+00 
 6.51500000e-02  1.79201138e+00 
 6.51700000e-02  1.79229443e+00 
 6.51900000e-02  1.79257737e+00 
 6.52100000e-02  1.79286020e+00 
 6.52300000e-02  1.79314291e+00 
 6.52500000e-02  1.79342551e+00 
 6.52700000e-02  1.79370800e+00 
 6.52900000e-02  1.79399037e+00 
 6.53100000e-02  1.79427263e+00 
 6.53300000e-02  1.79455478e+00 
 6.53500000e-02  1.79483681e+00 
 6.53700000e-02  1.79511874e+00 
 6.53900000e-02  1.79540055e+00 
 6.54100000e-02  1.79568224e+00 
 6.54300000e-02  1.79596383e+00 
 6.54500000e-02  1.79624530e+00 
 6.54700000e-02  1.79652666e+00 
 6.54900000e-02  1.79680790e+00 
 6.55100000e-02  1.79708904e+00 
 6.55300000e-02  1.79737006e+00 
 6.55500000e-02  1.79765097e+00 
 6.55700000e-02  1.79793176e+00 
 6.55900000e-02  1.79821245e+00 
 6.56100000e-02  1.79849302e+00 
 6.56300000e-02  1.79877348e+00 
 6.56500000e-02  1.79905383e+00 
 6.56700000e-02  1.79933406e+00 
 6.56900000e-02  1.79961419e+00 
 6.57100000e-02  1.79989420e+00 
 6.57300000e-02  1.80017410e+00 
 6.57500000e-02  1.80045389e+00 
 6.57700000e-02  1.80073356e+00 
 6.57900000e-02  1.80101313e+00 
 6.58100000e-02  1.80129258e+00 
 6.58300000e-02  1.80157192e+00 
 6.58500000e-02  1.80185115e+00 
 6.58700000e-02  1.80213026e+00 
 6.58900000e-02  1.80240927e+00 
 6.59100000e-02  1.80268816e+00 
 6.59300000e-02  1.80296695e+00 
 6.59500000e-02  1.80324562e+00 
 6.59700000e-02  1.80352418e+00 
 6.59900000e-02  1.80380262e+00 
 6.60100000e-02  1.80408096e+00 
 6.60300000e-02  1.80435919e+00 
 6.60500000e-02  1.80463730e+00 
 6.60700000e-02  1.80491530e+00 
 6.60900000e-02  1.80519320e+00 
 6.61100000e-02  1.80547098e+00 
 6.61300000e-02  1.80574865e+00 
 6.61500000e-02  1.80602620e+00 
 6.61700000e-02  1.80630365e+00 
 6.61900000e-02  1.80658099e+00 
 6.62100000e-02  1.80685821e+00 
 6.62300000e-02  1.80713533e+00 
 6.62500000e-02  1.80741233e+00 
 6.62700000e-02  1.80768922e+00 
 6.62900000e-02  1.80796601e+00 
 6.63100000e-02  1.80824268e+00 
 6.63300000e-02  1.80851924e+00 
 6.63500000e-02  1.80879569e+00 
 6.63700000e-02  1.80907203e+00 
 6.63900000e-02  1.80934826e+00 
 6.64100000e-02  1.80962438e+00 
 6.64300000e-02  1.80990039e+00 
 6.64500000e-02  1.81017628e+00 
 6.64700000e-02  1.81045207e+00 
 6.64900000e-02  1.81072775e+00 
 6.65100000e-02  1.81100332e+00 
 6.65300000e-02  1.81127877e+00 
 6.65500000e-02  1.81155412e+00 
 6.65700000e-02  1.81182936e+00 
 6.65900000e-02  1.81210448e+00 
 6.66100000e-02  1.81237950e+00 
 6.66300000e-02  1.81265441e+00 
 6.66500000e-02  1.81292920e+00 
 6.66700000e-02  1.81320389e+00 
 6.66900000e-02  1.81347847e+00 
 6.67100000e-02  1.81375293e+00 
 6.67300000e-02  1.81402729e+00 
 6.67500000e-02  1.81430154e+00 
 6.67700000e-02  1.81457568e+00 
 6.67900000e-02  1.81484971e+00 
 6.68100000e-02  1.81512362e+00 
 6.68300000e-02  1.81539743e+00 
 6.68500000e-02  1.81567113e+00 
 6.68700000e-02  1.81594472e+00 
 6.68900000e-02  1.81621821e+00 
 6.69100000e-02  1.81649158e+00 
 6.69300000e-02  1.81676484e+00 
 6.69500000e-02  1.81703799e+00 
 6.69700000e-02  1.81731104e+00 
 6.69900000e-02  1.81758397e+00 
 6.70100000e-02  1.81785679e+00 
 6.70300000e-02  1.81812951e+00 
 6.70500000e-02  1.81840212e+00 
 6.70700000e-02  1.81867462e+00 
 6.70900000e-02  1.81894701e+00 
 6.71100000e-02  1.81921929e+00 
 6.71300000e-02  1.81949146e+00 
 6.71500000e-02  1.81976352e+00 
 6.71700000e-02  1.82003547e+00 
 6.71900000e-02  1.82030732e+00 
 6.72100000e-02  1.82057905e+00 
 6.72300000e-02  1.82085068e+00 
 6.72500000e-02  1.82112220e+00 
 6.72700000e-02  1.82139361e+00 
 6.72900000e-02  1.82166491e+00 
 6.73100000e-02  1.82193611e+00 
 6.73300000e-02  1.82220719e+00 
 6.73500000e-02  1.82247817e+00 
 6.73700000e-02  1.82274904e+00 
 6.73900000e-02  1.82301980e+00 
 6.74100000e-02  1.82329045e+00 
 6.74300000e-02  1.82356099e+00 
 6.74500000e-02  1.82383142e+00 
 6.74700000e-02  1.82410175e+00 
 6.74900000e-02  1.82437197e+00 
 6.75100000e-02  1.82464208e+00 
 6.75300000e-02  1.82491208e+00 
 6.75500000e-02  1.82518198e+00 
 6.75700000e-02  1.82545177e+00 
 6.75900000e-02  1.82572144e+00 
 6.76100000e-02  1.82599102e+00 
 6.76300000e-02  1.82626048e+00 
 6.76500000e-02  1.82652983e+00 
 6.76700000e-02  1.82679908e+00 
 6.76900000e-02  1.82706822e+00 
 6.77100000e-02  1.82733725e+00 
 6.77300000e-02  1.82760618e+00 
 6.77500000e-02  1.82787500e+00 
 6.77700000e-02  1.82814371e+00 
 6.77900000e-02  1.82841231e+00 
 6.78100000e-02  1.82868080e+00 
 6.78300000e-02  1.82894919e+00 
 6.78500000e-02  1.82921747e+00 
 6.78700000e-02  1.82948564e+00 
 6.78900000e-02  1.82975371e+00 
 6.79100000e-02  1.83002167e+00 
 6.79300000e-02  1.83028952e+00 
 6.79500000e-02  1.83055726e+00 
 6.79700000e-02  1.83082490e+00 
 6.79900000e-02  1.83109243e+00 
 6.80100000e-02  1.83135985e+00 
 6.80300000e-02  1.83162717e+00 
 6.80500000e-02  1.83189438e+00 
 6.80700000e-02  1.83216148e+00 
 6.80900000e-02  1.83242848e+00 
 6.81100000e-02  1.83269537e+00 
 6.81300000e-02  1.83296215e+00 
 6.81500000e-02  1.83322882e+00 
 6.81700000e-02  1.83349539e+00 
 6.81900000e-02  1.83376185e+00 
 6.82100000e-02  1.83402821e+00 
 6.82300000e-02  1.83429446e+00 
 6.82500000e-02  1.83456060e+00 
 6.82700000e-02  1.83482664e+00 
 6.82900000e-02  1.83509257e+00 
 6.83100000e-02  1.83535839e+00 
 6.83300000e-02  1.83562411e+00 
 6.83500000e-02  1.83588972e+00 
 6.83700000e-02  1.83615522e+00 
 6.83900000e-02  1.83642062e+00 
 6.84100000e-02  1.83668591e+00 
 6.84300000e-02  1.83695110e+00 
 6.84500000e-02  1.83721618e+00 
 6.84700000e-02  1.83748116e+00 
 6.84900000e-02  1.83774602e+00 
 6.85100000e-02  1.83801079e+00 
 6.85300000e-02  1.83827544e+00 
 6.85500000e-02  1.83853999e+00 
 6.85700000e-02  1.83880444e+00 
 6.85900000e-02  1.83906878e+00 
 6.86100000e-02  1.83933301e+00 
 6.86300000e-02  1.83959714e+00 
 6.86500000e-02  1.83986116e+00 
 6.86700000e-02  1.84012508e+00 
 6.86900000e-02  1.84038889e+00 
 6.87100000e-02  1.84065259e+00 
 6.87300000e-02  1.84091619e+00 
 6.87500000e-02  1.84117969e+00 
 6.87700000e-02  1.84144307e+00 
 6.87900000e-02  1.84170636e+00 
 6.88100000e-02  1.84196954e+00 
 6.88300000e-02  1.84223261e+00 
 6.88500000e-02  1.84249558e+00 
 6.88700000e-02  1.84275844e+00 
 6.88900000e-02  1.84302120e+00 
 6.89100000e-02  1.84328385e+00 
 6.89300000e-02  1.84354640e+00 
 6.89500000e-02  1.84380884e+00 
 6.89700000e-02  1.84407118e+00 
 6.89900000e-02  1.84433341e+00 
 6.90100000e-02  1.84459554e+00 
 6.90300000e-02  1.84485756e+00 
 6.90500000e-02  1.84511948e+00 
 6.90700000e-02  1.84538130e+00 
 6.90900000e-02  1.84564300e+00 
 6.91100000e-02  1.84590461e+00 
 6.91300000e-02  1.84616611e+00 
 6.91500000e-02  1.84642750e+00 
 6.91700000e-02  1.84668879e+00 
 6.91900000e-02  1.84694998e+00 
 6.92100000e-02  1.84721106e+00 
 6.92300000e-02  1.84747204e+00 
 6.92500000e-02  1.84773291e+00 
 6.92700000e-02  1.84799368e+00 
 6.92900000e-02  1.84825434e+00 
 6.93100000e-02  1.84851490e+00 
 6.93300000e-02  1.84877536e+00 
 6.93500000e-02  1.84903571e+00 
 6.93700000e-02  1.84929596e+00 
 6.93900000e-02  1.84955610e+00 
 6.94100000e-02  1.84981614e+00 
 6.94300000e-02  1.85007607e+00 
 6.94500000e-02  1.85033591e+00 
 6.94700000e-02  1.85059563e+00 
 6.94900000e-02  1.85085526e+00 
 6.95100000e-02  1.85111478e+00 
 6.95300000e-02  1.85137419e+00 
 6.95500000e-02  1.85163350e+00 
 6.95700000e-02  1.85189271e+00 
 6.95900000e-02  1.85215182e+00 
 6.96100000e-02  1.85241082e+00 
 6.96300000e-02  1.85266972e+00 
 6.96500000e-02  1.85292851e+00 
 6.96700000e-02  1.85318720e+00 
 6.96900000e-02  1.85344579e+00 
 6.97100000e-02  1.85370427e+00 
 6.97300000e-02  1.85396265e+00 
 6.97500000e-02  1.85422093e+00 
 6.97700000e-02  1.85447910e+00 
 6.97900000e-02  1.85473717e+00 
 6.98100000e-02  1.85499514e+00 
 6.98300000e-02  1.85525301e+00 
 6.98500000e-02  1.85551077e+00 
 6.98700000e-02  1.85576842e+00 
 6.98900000e-02  1.85602598e+00 
 6.99100000e-02  1.85628343e+00 
 6.99300000e-02  1.85654078e+00 
 6.99500000e-02  1.85679803e+00 
 6.99700000e-02  1.85705517e+00 
 6.99900000e-02  1.85731221e+00 
 7.00100000e-02  1.85756915e+00 
 7.00300000e-02  1.85782598e+00 
 7.00500000e-02  1.85808271e+00 
 7.00700000e-02  1.85833934e+00 
 7.00900000e-02  1.85859587e+00 
 7.01100000e-02  1.85885229e+00 
 7.01300000e-02  1.85910862e+00 
 7.01500000e-02  1.85936484e+00 
 7.01700000e-02  1.85962095e+00 
 7.01900000e-02  1.85987697e+00 
 7.02100000e-02  1.86013288e+00 
 7.02300000e-02  1.86038869e+00 
 7.02500000e-02  1.86064439e+00 
 7.02700000e-02  1.86090000e+00 
 7.02900000e-02  1.86115550e+00 
 7.03100000e-02  1.86141090e+00 
 7.03300000e-02  1.86166620e+00 
 7.03500000e-02  1.86192140e+00 
 7.03700000e-02  1.86217649e+00 
 7.03900000e-02  1.86243148e+00 
 7.04100000e-02  1.86268637e+00 
 7.04300000e-02  1.86294116e+00 
 7.04500000e-02  1.86319585e+00 
 7.04700000e-02  1.86345043e+00 
 7.04900000e-02  1.86370492e+00 
 7.05100000e-02  1.86395930e+00 
 7.05300000e-02  1.86421358e+00 
 7.05500000e-02  1.86446775e+00 
 7.05700000e-02  1.86472183e+00 
 7.05900000e-02  1.86497580e+00 
 7.06100000e-02  1.86522968e+00 
 7.06300000e-02  1.86548345e+00 
 7.06500000e-02  1.86573712e+00 
 7.06700000e-02  1.86599069e+00 
 7.06900000e-02  1.86624415e+00 
 7.07100000e-02  1.86649752e+00 
 7.07300000e-02  1.86675078e+00 
 7.07500000e-02  1.86700395e+00 
 7.07700000e-02  1.86725701e+00 
 7.07900000e-02  1.86750997e+00 
 7.08100000e-02  1.86776283e+00 
 7.08300000e-02  1.86801559e+00 
 7.08500000e-02  1.86826824e+00 
 7.08700000e-02  1.86852080e+00 
 7.08900000e-02  1.86877325e+00 
 7.09100000e-02  1.86902561e+00 
 7.09300000e-02  1.86927786e+00 
 7.09500000e-02  1.86953001e+00 
 7.09700000e-02  1.86978206e+00 
 7.09900000e-02  1.87003401e+00 
 7.10100000e-02  1.87028586e+00 
 7.10300000e-02  1.87053761e+00 
 7.10500000e-02  1.87078926e+00 
 7.10700000e-02  1.87104081e+00 
 7.10900000e-02  1.87129226e+00 
 7.11100000e-02  1.87154360e+00 
 7.11300000e-02  1.87179485e+00 
 7.11500000e-02  1.87204600e+00 
 7.11700000e-02  1.87229704e+00 
 7.11900000e-02  1.87254799e+00 
 7.12100000e-02  1.87279883e+00 
 7.12300000e-02  1.87304958e+00 
 7.12500000e-02  1.87330022e+00 
 7.12700000e-02  1.87355076e+00 
 7.12900000e-02  1.87380121e+00 
 7.13100000e-02  1.87405155e+00 
 7.13300000e-02  1.87430179e+00 
 7.13500000e-02  1.87455194e+00 
 7.13700000e-02  1.87480198e+00 
 7.13900000e-02  1.87505192e+00 
 7.14100000e-02  1.87530177e+00 
 7.14300000e-02  1.87555151e+00 
 7.14500000e-02  1.87580115e+00 
 7.14700000e-02  1.87605070e+00 
 7.14900000e-02  1.87630014e+00 
 7.15100000e-02  1.87654948e+00 
 7.15300000e-02  1.87679873e+00 
 7.15500000e-02  1.87704787e+00 
 7.15700000e-02  1.87729692e+00 
 7.15900000e-02  1.87754586e+00 
 7.16100000e-02  1.87779471e+00 
 7.16300000e-02  1.87804345e+00 
 7.16500000e-02  1.87829210e+00 
 7.16700000e-02  1.87854065e+00 
 7.16900000e-02  1.87878910e+00 
 7.17100000e-02  1.87903745e+00 
 7.17300000e-02  1.87928570e+00 
 7.17500000e-02  1.87953385e+00 
 7.17700000e-02  1.87978190e+00 
 7.17900000e-02  1.88002985e+00 
 7.18100000e-02  1.88027770e+00 
 7.18300000e-02  1.88052545e+00 
 7.18500000e-02  1.88077311e+00 
 7.18700000e-02  1.88102066e+00 
 7.18900000e-02  1.88126812e+00 
 7.19100000e-02  1.88151548e+00 
 7.19300000e-02  1.88176273e+00 
 7.19500000e-02  1.88200989e+00 
 7.19700000e-02  1.88225695e+00 
 7.19900000e-02  1.88250392e+00 
 7.20100000e-02  1.88275078e+00 
 7.20300000e-02  1.88299754e+00 
 7.20500000e-02  1.88324421e+00 
 7.20700000e-02  1.88349078e+00 
 7.20900000e-02  1.88373724e+00 
 7.21100000e-02  1.88398361e+00 
 7.21300000e-02  1.88422989e+00 
 7.21500000e-02  1.88447606e+00 
 7.21700000e-02  1.88472213e+00 
 7.21900000e-02  1.88496811e+00 
 7.22100000e-02  1.88521399e+00 
 7.22300000e-02  1.88545977e+00 
 7.22500000e-02  1.88570545e+00 
 7.22700000e-02  1.88595103e+00 
 7.22900000e-02  1.88619651e+00 
 7.23100000e-02  1.88644190e+00 
 7.23300000e-02  1.88668719e+00 
 7.23500000e-02  1.88693238e+00 
 7.23700000e-02  1.88717747e+00 
 7.23900000e-02  1.88742246e+00 
 7.24100000e-02  1.88766736e+00 
 7.24300000e-02  1.88791216e+00 
 7.24500000e-02  1.88815686e+00 
 7.24700000e-02  1.88840146e+00 
 7.24900000e-02  1.88864597e+00 
 7.25100000e-02  1.88889037e+00 
 7.25300000e-02  1.88913468e+00 
 7.25500000e-02  1.88937889e+00 
 7.25700000e-02  1.88962301e+00 
 7.25900000e-02  1.88986702e+00 
 7.26100000e-02  1.89011094e+00 
 7.26300000e-02  1.89035476e+00 
 7.26500000e-02  1.89059849e+00 
 7.26700000e-02  1.89084211e+00 
 7.26900000e-02  1.89108564e+00 
 7.27100000e-02  1.89132907e+00 
 7.27300000e-02  1.89157240e+00 
 7.27500000e-02  1.89181564e+00 
 7.27700000e-02  1.89205878e+00 
 7.27900000e-02  1.89230182e+00 
 7.28100000e-02  1.89254477e+00 
 7.28300000e-02  1.89278761e+00 
 7.28500000e-02  1.89303037e+00 
 7.28700000e-02  1.89327302e+00 
 7.28900000e-02  1.89351557e+00 
 7.29100000e-02  1.89375803e+00 
 7.29300000e-02  1.89400040e+00 
 7.29500000e-02  1.89424266e+00 
 7.29700000e-02  1.89448483e+00 
 7.29900000e-02  1.89472690e+00 
 7.30100000e-02  1.89496888e+00 
 7.30300000e-02  1.89521076e+00 
 7.30500000e-02  1.89545254e+00 
 7.30700000e-02  1.89569422e+00 
 7.30900000e-02  1.89593581e+00 
 7.31100000e-02  1.89617730e+00 
 7.31300000e-02  1.89641870e+00 
 7.31500000e-02  1.89665999e+00 
 7.31700000e-02  1.89690120e+00 
 7.31900000e-02  1.89714230e+00 
 7.32100000e-02  1.89738331e+00 
 7.32300000e-02  1.89762422e+00 
 7.32500000e-02  1.89786504e+00 
 7.32700000e-02  1.89810576e+00 
 7.32900000e-02  1.89834638e+00 
 7.33100000e-02  1.89858691e+00 
 7.33300000e-02  1.89882734e+00 
 7.33500000e-02  1.89906768e+00 
 7.33700000e-02  1.89930792e+00 
 7.33900000e-02  1.89954806e+00 
 7.34100000e-02  1.89978811e+00 
 7.34300000e-02  1.90002806e+00 
 7.34500000e-02  1.90026791e+00 
 7.34700000e-02  1.90050767e+00 
 7.34900000e-02  1.90074733e+00 
 7.35100000e-02  1.90098690e+00 
 7.35300000e-02  1.90122637e+00 
 7.35500000e-02  1.90146575e+00 
 7.35700000e-02  1.90170503e+00 
 7.35900000e-02  1.90194421e+00 
 7.36100000e-02  1.90218330e+00 
 7.36300000e-02  1.90242229e+00 
 7.36500000e-02  1.90266119e+00 
 7.36700000e-02  1.90289999e+00 
 7.36900000e-02  1.90313870e+00 
 7.37100000e-02  1.90337731e+00 
 7.37300000e-02  1.90361583e+00 
 7.37500000e-02  1.90385425e+00 
 7.37700000e-02  1.90409257e+00 
 7.37900000e-02  1.90433080e+00 
 7.38100000e-02  1.90456893e+00 
 7.38300000e-02  1.90480697e+00 
 7.38500000e-02  1.90504492e+00 
 7.38700000e-02  1.90528277e+00 
 7.38900000e-02  1.90552052e+00 
 7.39100000e-02  1.90575818e+00 
 7.39300000e-02  1.90599574e+00 
 7.39500000e-02  1.90623321e+00 
 7.39700000e-02  1.90647058e+00 
 7.39900000e-02  1.90670786e+00 
 7.40100000e-02  1.90694505e+00 
 7.40300000e-02  1.90718213e+00 
 7.40500000e-02  1.90741913e+00 
 7.40700000e-02  1.90765603e+00 
 7.40900000e-02  1.90789283e+00 
 7.41100000e-02  1.90812954e+00 
 7.41300000e-02  1.90836616e+00 
 7.41500000e-02  1.90860268e+00 
 7.41700000e-02  1.90883910e+00 
 7.41900000e-02  1.90907543e+00 
 7.42100000e-02  1.90931167e+00 
 7.42300000e-02  1.90954781e+00 
 7.42500000e-02  1.90978386e+00 
 7.42700000e-02  1.91001981e+00 
 7.42900000e-02  1.91025567e+00 
 7.43100000e-02  1.91049144e+00 
 7.43300000e-02  1.91072711e+00 
 7.43500000e-02  1.91096268e+00 
 7.43700000e-02  1.91119817e+00 
 7.43900000e-02  1.91143355e+00 
 7.44100000e-02  1.91166885e+00 
 7.44300000e-02  1.91190405e+00 
 7.44500000e-02  1.91213915e+00 
 7.44700000e-02  1.91237416e+00 
 7.44900000e-02  1.91260908e+00 
 7.45100000e-02  1.91284391e+00 
 7.45300000e-02  1.91307864e+00 
 7.45500000e-02  1.91331327e+00 
 7.45700000e-02  1.91354781e+00 
 7.45900000e-02  1.91378226e+00 
 7.46100000e-02  1.91401662e+00 
 7.46300000e-02  1.91425088e+00 
 7.46500000e-02  1.91448504e+00 
 7.46700000e-02  1.91471912e+00 
 7.46900000e-02  1.91495310e+00 
 7.47100000e-02  1.91518698e+00 
 7.47300000e-02  1.91542078e+00 
 7.47500000e-02  1.91565448e+00 
 7.47700000e-02  1.91588808e+00 
 7.47900000e-02  1.91612159e+00 
 7.48100000e-02  1.91635501e+00 
 7.48300000e-02  1.91658834e+00 
 7.48500000e-02  1.91682157e+00 
 7.48700000e-02  1.91705471e+00 
 7.48900000e-02  1.91728776e+00 
 7.49100000e-02  1.91752071e+00 
 7.49300000e-02  1.91775357e+00 
 7.49500000e-02  1.91798633e+00 
 7.49700000e-02  1.91821901e+00 
 7.49900000e-02  1.91845159e+00 
 7.50100000e-02  1.91868407e+00 
 7.50300000e-02  1.91891647e+00 
 7.50500000e-02  1.91914877e+00 
 7.50700000e-02  1.91938098e+00 
 7.50900000e-02  1.91961309e+00 
 7.51100000e-02  1.91984512e+00 
 7.51300000e-02  1.92007705e+00 
 7.51500000e-02  1.92030888e+00 
 7.51700000e-02  1.92054063e+00 
 7.51900000e-02  1.92077228e+00 
 7.52100000e-02  1.92100384e+00 
 7.52300000e-02  1.92123530e+00 
 7.52500000e-02  1.92146668e+00 
 7.52700000e-02  1.92169796e+00 
 7.52900000e-02  1.92192915e+00 
 7.53100000e-02  1.92216024e+00 
 7.53300000e-02  1.92239125e+00 
 7.53500000e-02  1.92262216e+00 
 7.53700000e-02  1.92285298e+00 
 7.53900000e-02  1.92308371e+00 
 7.54100000e-02  1.92331434e+00 
 7.54300000e-02  1.92354488e+00 
 7.54500000e-02  1.92377533e+00 
 7.54700000e-02  1.92400569e+00 
 7.54900000e-02  1.92423596e+00 
 7.55100000e-02  1.92446613e+00 
 7.55300000e-02  1.92469621e+00 
 7.55500000e-02  1.92492620e+00 
 7.55700000e-02  1.92515610e+00 
 7.55900000e-02  1.92538591e+00 
 7.56100000e-02  1.92561562e+00 
 7.56300000e-02  1.92584524e+00 
 7.56500000e-02  1.92607477e+00 
 7.56700000e-02  1.92630421e+00 
 7.56900000e-02  1.92653356e+00 
 7.57100000e-02  1.92676281e+00 
 7.57300000e-02  1.92699198e+00 
 7.57500000e-02  1.92722105e+00 
 7.57700000e-02  1.92745003e+00 
 7.57900000e-02  1.92767892e+00 
 7.58100000e-02  1.92790771e+00 
 7.58300000e-02  1.92813642e+00 
 7.58500000e-02  1.92836503e+00 
 7.58700000e-02  1.92859356e+00 
 7.58900000e-02  1.92882199e+00 
 7.59100000e-02  1.92905033e+00 
 7.59300000e-02  1.92927858e+00 
 7.59500000e-02  1.92950673e+00 
 7.59700000e-02  1.92973480e+00 
 7.59900000e-02  1.92996277e+00 
 7.60100000e-02  1.93019066e+00 
 7.60300000e-02  1.93041845e+00 
 7.60500000e-02  1.93064615e+00 
 7.60700000e-02  1.93087376e+00 
 7.60900000e-02  1.93110128e+00 
 7.61100000e-02  1.93132871e+00 
 7.61300000e-02  1.93155605e+00 
 7.61500000e-02  1.93178329e+00 
 7.61700000e-02  1.93201045e+00 
 7.61900000e-02  1.93223752e+00 
 7.62100000e-02  1.93246449e+00 
 7.62300000e-02  1.93269137e+00 
 7.62500000e-02  1.93291816e+00 
 7.62700000e-02  1.93314487e+00 
 7.62900000e-02  1.93337148e+00 
 7.63100000e-02  1.93359800e+00 
 7.63300000e-02  1.93382443e+00 
 7.63500000e-02  1.93405077e+00 
 7.63700000e-02  1.93427702e+00 
 7.63900000e-02  1.93450317e+00 
 7.64100000e-02  1.93472924e+00 
 7.64300000e-02  1.93495522e+00 
 7.64500000e-02  1.93518111e+00 
 7.64700000e-02  1.93540690e+00 
 7.64900000e-02  1.93563261e+00 
 7.65100000e-02  1.93585823e+00 
 7.65300000e-02  1.93608375e+00 
 7.65500000e-02  1.93630919e+00 
 7.65700000e-02  1.93653453e+00 
 7.65900000e-02  1.93675979e+00 
 7.66100000e-02  1.93698496e+00 
 7.66300000e-02  1.93721003e+00 
 7.66500000e-02  1.93743502e+00 
 7.66700000e-02  1.93765991e+00 
 7.66900000e-02  1.93788472e+00 
 7.67100000e-02  1.93810943e+00 
 7.67300000e-02  1.93833406e+00 
 7.67500000e-02  1.93855859e+00 
 7.67700000e-02  1.93878304e+00 
 7.67900000e-02  1.93900740e+00 
 7.68100000e-02  1.93923166e+00 
 7.68300000e-02  1.93945584e+00 
 7.68500000e-02  1.93967993e+00 
 7.68700000e-02  1.93990392e+00 
 7.68900000e-02  1.94012783e+00 
 7.69100000e-02  1.94035165e+00 
 7.69300000e-02  1.94057538e+00 
 7.69500000e-02  1.94079902e+00 
 7.69700000e-02  1.94102257e+00 
 7.69900000e-02  1.94124603e+00 
 7.70100000e-02  1.94146940e+00 
 7.70300000e-02  1.94169268e+00 
 7.70500000e-02  1.94191588e+00 
 7.70700000e-02  1.94213898e+00 
 7.70900000e-02  1.94236199e+00 
 7.71100000e-02  1.94258492e+00 
 7.71300000e-02  1.94280776e+00 
 7.71500000e-02  1.94303050e+00 
 7.71700000e-02  1.94325316e+00 
 7.71900000e-02  1.94347573e+00 
 7.72100000e-02  1.94369821e+00 
 7.72300000e-02  1.94392060e+00 
 7.72500000e-02  1.94414290e+00 
 7.72700000e-02  1.94436511e+00 
 7.72900000e-02  1.94458724e+00 
 7.73100000e-02  1.94480927e+00 
 7.73300000e-02  1.94503122e+00 
 7.73500000e-02  1.94525308e+00 
 7.73700000e-02  1.94547485e+00 
 7.73900000e-02  1.94569653e+00 
 7.74100000e-02  1.94591812e+00 
 7.74300000e-02  1.94613962e+00 
 7.74500000e-02  1.94636104e+00 
 7.74700000e-02  1.94658236e+00 
 7.74900000e-02  1.94680360e+00 
 7.75100000e-02  1.94702475e+00 
 7.75300000e-02  1.94724581e+00 
 7.75500000e-02  1.94746678e+00 
 7.75700000e-02  1.94768766e+00 
 7.75900000e-02  1.94790846e+00 
 7.76100000e-02  1.94812917e+00 
 7.76300000e-02  1.94834978e+00 
 7.76500000e-02  1.94857031e+00 
 7.76700000e-02  1.94879076e+00 
 7.76900000e-02  1.94901111e+00 
 7.77100000e-02  1.94923138e+00 
 7.77300000e-02  1.94945155e+00 
 7.77500000e-02  1.94967164e+00 
 7.77700000e-02  1.94989165e+00 
 7.77900000e-02  1.95011156e+00 
 7.78100000e-02  1.95033139e+00 
 7.78300000e-02  1.95055112e+00 
 7.78500000e-02  1.95077077e+00 
 7.78700000e-02  1.95099034e+00 
 7.78900000e-02  1.95120981e+00 
 7.79100000e-02  1.95142920e+00 
 7.79300000e-02  1.95164850e+00 
 7.79500000e-02  1.95186771e+00 
 7.79700000e-02  1.95208683e+00 
 7.79900000e-02  1.95230587e+00 
 7.80100000e-02  1.95252482e+00 
 7.80300000e-02  1.95274368e+00 
 7.80500000e-02  1.95296245e+00 
 7.80700000e-02  1.95318114e+00 
 7.80900000e-02  1.95339973e+00 
 7.81100000e-02  1.95361825e+00 
 7.81300000e-02  1.95383667e+00 
 7.81500000e-02  1.95405501e+00 
 7.81700000e-02  1.95427325e+00 
 7.81900000e-02  1.95449142e+00 
 7.82100000e-02  1.95470949e+00 
 7.82300000e-02  1.95492748e+00 
 7.82500000e-02  1.95514538e+00 
 7.82700000e-02  1.95536319e+00 
 7.82900000e-02  1.95558092e+00 
 7.83100000e-02  1.95579855e+00 
 7.83300000e-02  1.95601611e+00 
 7.83500000e-02  1.95623357e+00 
 7.83700000e-02  1.95645095e+00 
 7.83900000e-02  1.95666824e+00 
 7.84100000e-02  1.95688544e+00 
 7.84300000e-02  1.95710256e+00 
 7.84500000e-02  1.95731959e+00 
 7.84700000e-02  1.95753653e+00 
 7.84900000e-02  1.95775339e+00 
 7.85100000e-02  1.95797016e+00 
 7.85300000e-02  1.95818684e+00 
 7.85500000e-02  1.95840344e+00 
 7.85700000e-02  1.95861995e+00 
 7.85900000e-02  1.95883637e+00 
 7.86100000e-02  1.95905271e+00 
 7.86300000e-02  1.95926896e+00 
 7.86500000e-02  1.95948512e+00 
 7.86700000e-02  1.95970120e+00 
 7.86900000e-02  1.95991719e+00 
 7.87100000e-02  1.96013310e+00 
 7.87300000e-02  1.96034891e+00 
 7.87500000e-02  1.96056465e+00 
 7.87700000e-02  1.96078029e+00 
 7.87900000e-02  1.96099585e+00 
 7.88100000e-02  1.96121132e+00 
 7.88300000e-02  1.96142671e+00 
 7.88500000e-02  1.96164201e+00 
 7.88700000e-02  1.96185723e+00 
 7.88900000e-02  1.96207236e+00 
 7.89100000e-02  1.96228740e+00 
 7.89300000e-02  1.96250236e+00 
 7.89500000e-02  1.96271723e+00 
 7.89700000e-02  1.96293201e+00 
 7.89900000e-02  1.96314671e+00 
 7.90100000e-02  1.96336132e+00 
 7.90300000e-02  1.96357585e+00 
 7.90500000e-02  1.96379029e+00 
 7.90700000e-02  1.96400465e+00 
 7.90900000e-02  1.96421892e+00 
 7.91100000e-02  1.96443310e+00 
 7.91300000e-02  1.96464720e+00 
 7.91500000e-02  1.96486121e+00 
 7.91700000e-02  1.96507514e+00 
 7.91900000e-02  1.96528898e+00 
 7.92100000e-02  1.96550274e+00 
 7.92300000e-02  1.96571641e+00 
 7.92500000e-02  1.96592999e+00 
 7.92700000e-02  1.96614349e+00 
 7.92900000e-02  1.96635691e+00 
 7.93100000e-02  1.96657024e+00 
 7.93300000e-02  1.96678348e+00 
 7.93500000e-02  1.96699664e+00 
 7.93700000e-02  1.96720971e+00 
 7.93900000e-02  1.96742270e+00 
 7.94100000e-02  1.96763561e+00 
 7.94300000e-02  1.96784842e+00 
 7.94500000e-02  1.96806116e+00 
 7.94700000e-02  1.96827380e+00 
 7.94900000e-02  1.96848637e+00 
 7.95100000e-02  1.96869884e+00 
 7.95300000e-02  1.96891124e+00 
 7.95500000e-02  1.96912354e+00 
 7.95700000e-02  1.96933577e+00 
 7.95900000e-02  1.96954790e+00 
 7.96100000e-02  1.96975996e+00 
 7.96300000e-02  1.96997193e+00 
 7.96500000e-02  1.97018381e+00 
 7.96700000e-02  1.97039561e+00 
 7.96900000e-02  1.97060732e+00 
 7.97100000e-02  1.97081895e+00 
 7.97300000e-02  1.97103050e+00 
 7.97500000e-02  1.97124196e+00 
 7.97700000e-02  1.97145333e+00 
 7.97900000e-02  1.97166462e+00 
 7.98100000e-02  1.97187583e+00 
 7.98300000e-02  1.97208695e+00 
 7.98500000e-02  1.97229799e+00 
 7.98700000e-02  1.97250894e+00 
 7.98900000e-02  1.97271981e+00 
 7.99100000e-02  1.97293060e+00 
 7.99300000e-02  1.97314130e+00 
 7.99500000e-02  1.97335191e+00 
 7.99700000e-02  1.97356245e+00 
 7.99900000e-02  1.97377289e+00 
 8.00100000e-02  1.97398326e+00 
 8.00300000e-02  1.97419354e+00 
 8.00500000e-02  1.97440373e+00 
 8.00700000e-02  1.97461384e+00 
 8.00900000e-02  1.97482387e+00 
 8.01100000e-02  1.97503381e+00 
 8.01300000e-02  1.97524367e+00 
 8.01500000e-02  1.97545345e+00 
 8.01700000e-02  1.97566314e+00 
 8.01900000e-02  1.97587275e+00 
 8.02100000e-02  1.97608227e+00 
 8.02300000e-02  1.97629171e+00 
 8.02500000e-02  1.97650107e+00 
 8.02700000e-02  1.97671034e+00 
 8.02900000e-02  1.97691953e+00 
 8.03100000e-02  1.97712863e+00 
 8.03300000e-02  1.97733765e+00 
 8.03500000e-02  1.97754659e+00 
 8.03700000e-02  1.97775545e+00 
 8.03900000e-02  1.97796422e+00 
 8.04100000e-02  1.97817290e+00 
 8.04300000e-02  1.97838151e+00 
 8.04500000e-02  1.97859003e+00 
 8.04700000e-02  1.97879847e+00 
 8.04900000e-02  1.97900682e+00 
 8.05100000e-02  1.97921509e+00 
 8.05300000e-02  1.97942328e+00 
 8.05500000e-02  1.97963138e+00 
 8.05700000e-02  1.97983940e+00 
 8.05900000e-02  1.98004734e+00 
 8.06100000e-02  1.98025519e+00 
 8.06300000e-02  1.98046296e+00 
 8.06500000e-02  1.98067065e+00 
 8.06700000e-02  1.98087826e+00 
 8.06900000e-02  1.98108578e+00 
 8.07100000e-02  1.98129322e+00 
 8.07300000e-02  1.98150057e+00 
 8.07500000e-02  1.98170785e+00 
 8.07700000e-02  1.98191504e+00 
 8.07900000e-02  1.98212214e+00 
 8.08100000e-02  1.98232917e+00 
 8.08300000e-02  1.98253611e+00 
 8.08500000e-02  1.98274297e+00 
 8.08700000e-02  1.98294975e+00 
 8.08900000e-02  1.98315644e+00 
 8.09100000e-02  1.98336305e+00 
 8.09300000e-02  1.98356958e+00 
 8.09500000e-02  1.98377602e+00 
 8.09700000e-02  1.98398239e+00 
 8.09900000e-02  1.98418867e+00 
 8.10100000e-02  1.98439487e+00 
 8.10300000e-02  1.98460098e+00 
 8.10500000e-02  1.98480701e+00 
 8.10700000e-02  1.98501297e+00 
 8.10900000e-02  1.98521883e+00 
 8.11100000e-02  1.98542462e+00 
 8.11300000e-02  1.98563032e+00 
 8.11500000e-02  1.98583595e+00 
 8.11700000e-02  1.98604148e+00 
 8.11900000e-02  1.98624694e+00 
 8.12100000e-02  1.98645232e+00 
 8.12300000e-02  1.98665761e+00 
 8.12500000e-02  1.98686282e+00 
 8.12700000e-02  1.98706795e+00 
 8.12900000e-02  1.98727300e+00 
 8.13100000e-02  1.98747796e+00 
 8.13300000e-02  1.98768284e+00 
 8.13500000e-02  1.98788764e+00 
 8.13700000e-02  1.98809236e+00 
 8.13900000e-02  1.98829700e+00 
 8.14100000e-02  1.98850155e+00 
 8.14300000e-02  1.98870603e+00 
 8.14500000e-02  1.98891042e+00 
 8.14700000e-02  1.98911473e+00 
 8.14900000e-02  1.98931896e+00 
 8.15100000e-02  1.98952310e+00 
 8.15300000e-02  1.98972717e+00 
 8.15500000e-02  1.98993115e+00 
 8.15700000e-02  1.99013505e+00 
 8.15900000e-02  1.99033887e+00 
 8.16100000e-02  1.99054261e+00 
 8.16300000e-02  1.99074627e+00 
 8.16500000e-02  1.99094984e+00 
 8.16700000e-02  1.99115334e+00 
 8.16900000e-02  1.99135675e+00 
 8.17100000e-02  1.99156008e+00 
 8.17300000e-02  1.99176333e+00 
 8.17500000e-02  1.99196650e+00 
 8.17700000e-02  1.99216959e+00 
 8.17900000e-02  1.99237260e+00 
 8.18100000e-02  1.99257552e+00 
 8.18300000e-02  1.99277837e+00 
 8.18500000e-02  1.99298113e+00 
 8.18700000e-02  1.99318381e+00 
 8.18900000e-02  1.99338641e+00 
 8.19100000e-02  1.99358893e+00 
 8.19300000e-02  1.99379137e+00 
 8.19500000e-02  1.99399373e+00 
 8.19700000e-02  1.99419600e+00 
 8.19900000e-02  1.99439820e+00 
 8.20100000e-02  1.99460032e+00 
 8.20300000e-02  1.99480235e+00 
 8.20500000e-02  1.99500430e+00 
 8.20700000e-02  1.99520618e+00 
 8.20900000e-02  1.99540797e+00 
 8.21100000e-02  1.99560968e+00 
 8.21300000e-02  1.99581131e+00 
 8.21500000e-02  1.99601286e+00 
 8.21700000e-02  1.99621433e+00 
 8.21900000e-02  1.99641572e+00 
 8.22100000e-02  1.99661703e+00 
 8.22300000e-02  1.99681826e+00 
 8.22500000e-02  1.99701940e+00 
 8.22700000e-02  1.99722047e+00 
 8.22900000e-02  1.99742146e+00 
 8.23100000e-02  1.99762236e+00 
 8.23300000e-02  1.99782319e+00 
 8.23500000e-02  1.99802393e+00 
 8.23700000e-02  1.99822460e+00 
 8.23900000e-02  1.99842518e+00 
 8.24100000e-02  1.99862569e+00 
 8.24300000e-02  1.99882611e+00 
 8.24500000e-02  1.99902646e+00 
 8.24700000e-02  1.99922672e+00 
 8.24900000e-02  1.99942691e+00 
 8.25100000e-02  1.99962701e+00 
 8.25300000e-02  1.99982703e+00 
 8.25500000e-02  2.00002698e+00 
 8.25700000e-02  2.00022684e+00 
 8.25900000e-02  2.00042663e+00 
 8.26100000e-02  2.00062633e+00 
 8.26300000e-02  2.00082596e+00 
 8.26500000e-02  2.00102550e+00 
 8.26700000e-02  2.00122496e+00 
 8.26900000e-02  2.00142435e+00 
 8.27100000e-02  2.00162365e+00 
 8.27300000e-02  2.00182288e+00 
 8.27500000e-02  2.00202203e+00 
 8.27700000e-02  2.00222109e+00 
 8.27900000e-02  2.00242008e+00 
 8.28100000e-02  2.00261899e+00 
 8.28300000e-02  2.00281781e+00 
 8.28500000e-02  2.00301656e+00 
 8.28700000e-02  2.00321523e+00 
 8.28900000e-02  2.00341382e+00 
 8.29100000e-02  2.00361233e+00 
 8.29300000e-02  2.00381076e+00 
 8.29500000e-02  2.00400911e+00 
 8.29700000e-02  2.00420738e+00 
 8.29900000e-02  2.00440558e+00 
 8.30100000e-02  2.00460369e+00 
 8.30300000e-02  2.00480172e+00 
 8.30500000e-02  2.00499968e+00 
 8.30700000e-02  2.00519755e+00 
 8.30900000e-02  2.00539535e+00 
 8.31100000e-02  2.00559307e+00 
 8.31300000e-02  2.00579070e+00 
 8.31500000e-02  2.00598826e+00 
 8.31700000e-02  2.00618574e+00 
 8.31900000e-02  2.00638314e+00 
 8.32100000e-02  2.00658047e+00 
 8.32300000e-02  2.00677771e+00 
 8.32500000e-02  2.00697487e+00 
 8.32700000e-02  2.00717196e+00 
 8.32900000e-02  2.00736897e+00 
 8.33100000e-02  2.00756589e+00 
 8.33300000e-02  2.00776274e+00 
 8.33500000e-02  2.00795951e+00 
 8.33700000e-02  2.00815621e+00 
 8.33900000e-02  2.00835282e+00 
 8.34100000e-02  2.00854935e+00 
 8.34300000e-02  2.00874581e+00 
 8.34500000e-02  2.00894219e+00 
 8.34700000e-02  2.00913849e+00 
 8.34900000e-02  2.00933471e+00 
 8.35100000e-02  2.00953085e+00 
 8.35300000e-02  2.00972691e+00 
 8.35500000e-02  2.00992290e+00 
 8.35700000e-02  2.01011880e+00 
 8.35900000e-02  2.01031463e+00 
 8.36100000e-02  2.01051038e+00 
 8.36300000e-02  2.01070605e+00 
 8.36500000e-02  2.01090165e+00 
 8.36700000e-02  2.01109716e+00 
 8.36900000e-02  2.01129260e+00 
 8.37100000e-02  2.01148796e+00 
 8.37300000e-02  2.01168324e+00 
 8.37500000e-02  2.01187844e+00 
 8.37700000e-02  2.01207357e+00 
 8.37900000e-02  2.01226861e+00 
 8.38100000e-02  2.01246358e+00 
 8.38300000e-02  2.01265847e+00 
 8.38500000e-02  2.01285329e+00 
 8.38700000e-02  2.01304802e+00 
 8.38900000e-02  2.01324268e+00 
 8.39100000e-02  2.01343726e+00 
 8.39300000e-02  2.01363176e+00 
 8.39500000e-02  2.01382618e+00 
 8.39700000e-02  2.01402053e+00 
 8.39900000e-02  2.01421479e+00 
 8.40100000e-02  2.01440898e+00 
 8.40300000e-02  2.01460310e+00 
 8.40500000e-02  2.01479713e+00 
 8.40700000e-02  2.01499109e+00 
 8.40900000e-02  2.01518497e+00 
 8.41100000e-02  2.01537877e+00 
 8.41300000e-02  2.01557250e+00 
 8.41500000e-02  2.01576614e+00 
 8.41700000e-02  2.01595971e+00 
 8.41900000e-02  2.01615321e+00 
 8.42100000e-02  2.01634662e+00 
 8.42300000e-02  2.01653996e+00 
 8.42500000e-02  2.01673322e+00 
 8.42700000e-02  2.01692640e+00 
 8.42900000e-02  2.01711951e+00 
 8.43100000e-02  2.01731254e+00 
 8.43300000e-02  2.01750549e+00 
 8.43500000e-02  2.01769836e+00 
 8.43700000e-02  2.01789116e+00 
 8.43900000e-02  2.01808388e+00 
 8.44100000e-02  2.01827652e+00 
 8.44300000e-02  2.01846909e+00 
 8.44500000e-02  2.01866158e+00 
 8.44700000e-02  2.01885399e+00 
 8.44900000e-02  2.01904632e+00 
 8.45100000e-02  2.01923858e+00 
 8.45300000e-02  2.01943076e+00 
 8.45500000e-02  2.01962287e+00 
 8.45700000e-02  2.01981490e+00 
 8.45900000e-02  2.02000685e+00 
 8.46100000e-02  2.02019872e+00 
 8.46300000e-02  2.02039052e+00 
 8.46500000e-02  2.02058224e+00 
 8.46700000e-02  2.02077388e+00 
 8.46900000e-02  2.02096545e+00 
 8.47100000e-02  2.02115694e+00 
 8.47300000e-02  2.02134835e+00 
 8.47500000e-02  2.02153969e+00 
 8.47700000e-02  2.02173095e+00 
 8.47900000e-02  2.02192214e+00 
 8.48100000e-02  2.02211324e+00 
 8.48300000e-02  2.02230428e+00 
 8.48500000e-02  2.02249523e+00 
 8.48700000e-02  2.02268611e+00 
 8.48900000e-02  2.02287691e+00 
 8.49100000e-02  2.02306764e+00 
 8.49300000e-02  2.02325829e+00 
 8.49500000e-02  2.02344886e+00 
 8.49700000e-02  2.02363936e+00 
 8.49900000e-02  2.02382978e+00 
 8.50100000e-02  2.02402013e+00 
 8.50300000e-02  2.02421040e+00 
 8.50500000e-02  2.02440059e+00 
 8.50700000e-02  2.02459071e+00 
 8.50900000e-02  2.02478075e+00 
 8.51100000e-02  2.02497071e+00 
 8.51300000e-02  2.02516060e+00 
 8.51500000e-02  2.02535041e+00 
 8.51700000e-02  2.02554015e+00 
 8.51900000e-02  2.02572981e+00 
 8.52100000e-02  2.02591940e+00 
 8.52300000e-02  2.02610891e+00 
 8.52500000e-02  2.02629834e+00 
 8.52700000e-02  2.02648770e+00 
 8.52900000e-02  2.02667698e+00 
 8.53100000e-02  2.02686619e+00 
 8.53300000e-02  2.02705532e+00 
 8.53500000e-02  2.02724437e+00 
 8.53700000e-02  2.02743335e+00 
 8.53900000e-02  2.02762226e+00 
 8.54100000e-02  2.02781108e+00 
 8.54300000e-02  2.02799984e+00 
 8.54500000e-02  2.02818851e+00 
 8.54700000e-02  2.02837712e+00 
 8.54900000e-02  2.02856564e+00 
 8.55100000e-02  2.02875409e+00 
 8.55300000e-02  2.02894247e+00 
 8.55500000e-02  2.02913077e+00 
 8.55700000e-02  2.02931900e+00 
 8.55900000e-02  2.02950715e+00 
 8.56100000e-02  2.02969522e+00 
 8.56300000e-02  2.02988322e+00 
 8.56500000e-02  2.03007114e+00 
 8.56700000e-02  2.03025899e+00 
 8.56900000e-02  2.03044677e+00 
 8.57100000e-02  2.03063447e+00 
 8.57300000e-02  2.03082209e+00 
 8.57500000e-02  2.03100964e+00 
 8.57700000e-02  2.03119711e+00 
 8.57900000e-02  2.03138451e+00 
 8.58100000e-02  2.03157184e+00 
 8.58300000e-02  2.03175908e+00 
 8.58500000e-02  2.03194626e+00 
 8.58700000e-02  2.03213336e+00 
 8.58900000e-02  2.03232038e+00 
 8.59100000e-02  2.03250733e+00 
 8.59300000e-02  2.03269421e+00 
 8.59500000e-02  2.03288101e+00 
 8.59700000e-02  2.03306773e+00 
 8.59900000e-02  2.03325438e+00 
 8.60100000e-02  2.03344096e+00 
 8.60300000e-02  2.03362746e+00 
 8.60500000e-02  2.03381389e+00 
 8.60700000e-02  2.03400024e+00 
 8.60900000e-02  2.03418652e+00 
 8.61100000e-02  2.03437272e+00 
 8.61300000e-02  2.03455885e+00 
 8.61500000e-02  2.03474490e+00 
 8.61700000e-02  2.03493088e+00 
 8.61900000e-02  2.03511679e+00 
 8.62100000e-02  2.03530262e+00 
 8.62300000e-02  2.03548838e+00 
 8.62500000e-02  2.03567406e+00 
 8.62700000e-02  2.03585967e+00 
 8.62900000e-02  2.03604520e+00 
 8.63100000e-02  2.03623066e+00 
 8.63300000e-02  2.03641605e+00 
 8.63500000e-02  2.03660136e+00 
 8.63700000e-02  2.03678660e+00 
 8.63900000e-02  2.03697176e+00 
 8.64100000e-02  2.03715685e+00 
 8.64300000e-02  2.03734187e+00 
 8.64500000e-02  2.03752681e+00 
 8.64700000e-02  2.03771168e+00 
 8.64900000e-02  2.03789647e+00 
 8.65100000e-02  2.03808119e+00 
 8.65300000e-02  2.03826584e+00 
 8.65500000e-02  2.03845041e+00 
 8.65700000e-02  2.03863491e+00 
 8.65900000e-02  2.03881933e+00 
 8.66100000e-02  2.03900368e+00 
 8.66300000e-02  2.03918796e+00 
 8.66500000e-02  2.03937216e+00 
 8.66700000e-02  2.03955629e+00 
 8.66900000e-02  2.03974035e+00 
 8.67100000e-02  2.03992433e+00 
 8.67300000e-02  2.04010824e+00 
 8.67500000e-02  2.04029207e+00 
 8.67700000e-02  2.04047583e+00 
 8.67900000e-02  2.04065952e+00 
 8.68100000e-02  2.04084314e+00 
 8.68300000e-02  2.04102668e+00 
 8.68500000e-02  2.04121015e+00 
 8.68700000e-02  2.04139354e+00 
 8.68900000e-02  2.04157686e+00 
 8.69100000e-02  2.04176011e+00 
 8.69300000e-02  2.04194328e+00 
 8.69500000e-02  2.04212639e+00 
 8.69700000e-02  2.04230941e+00 
 8.69900000e-02  2.04249237e+00 
 8.70100000e-02  2.04267525e+00 
 8.70300000e-02  2.04285806e+00 
 8.70500000e-02  2.04304079e+00 
 8.70700000e-02  2.04322346e+00 
 8.70900000e-02  2.04340605e+00 
 8.71100000e-02  2.04358856e+00 
 8.71300000e-02  2.04377101e+00 
 8.71500000e-02  2.04395338e+00 
 8.71700000e-02  2.04413567e+00 
 8.71900000e-02  2.04431790e+00 
 8.72100000e-02  2.04450005e+00 
 8.72300000e-02  2.04468213e+00 
 8.72500000e-02  2.04486413e+00 
 8.72700000e-02  2.04504607e+00 
 8.72900000e-02  2.04522793e+00 
 8.73100000e-02  2.04540972e+00 
 8.73300000e-02  2.04559143e+00 
 8.73500000e-02  2.04577307e+00 
 8.73700000e-02  2.04595464e+00 
 8.73900000e-02  2.04613614e+00 
 8.74100000e-02  2.04631757e+00 
 8.74300000e-02  2.04649892e+00 
 8.74500000e-02  2.04668020e+00 
 8.74700000e-02  2.04686140e+00 
 8.74900000e-02  2.04704254e+00 
 8.75100000e-02  2.04722360e+00 
 8.75300000e-02  2.04740459e+00 
 8.75500000e-02  2.04758551e+00 
 8.75700000e-02  2.04776635e+00 
 8.75900000e-02  2.04794712e+00 
 8.76100000e-02  2.04812783e+00 
 8.76300000e-02  2.04830845e+00 
 8.76500000e-02  2.04848901e+00 
 8.76700000e-02  2.04866949e+00 
 8.76900000e-02  2.04884990e+00 
 8.77100000e-02  2.04903024e+00 
 8.77300000e-02  2.04921051e+00 
 8.77500000e-02  2.04939071e+00 
 8.77700000e-02  2.04957083e+00 
 8.77900000e-02  2.04975088e+00 
 8.78100000e-02  2.04993086e+00 
 8.78300000e-02  2.05011077e+00 
 8.78500000e-02  2.05029060e+00 
 8.78700000e-02  2.05047036e+00 
 8.78900000e-02  2.05065005e+00 
 8.79100000e-02  2.05082967e+00 
 8.79300000e-02  2.05100922e+00 
 8.79500000e-02  2.05118870e+00 
 8.79700000e-02  2.05136810e+00 
 8.79900000e-02  2.05154743e+00 
 8.80100000e-02  2.05172669e+00 
 8.80300000e-02  2.05190588e+00 
 8.80500000e-02  2.05208500e+00 
 8.80700000e-02  2.05226405e+00 
 8.80900000e-02  2.05244302e+00 
 8.81100000e-02  2.05262192e+00 
 8.81300000e-02  2.05280075e+00 
 8.81500000e-02  2.05297951e+00 
 8.81700000e-02  2.05315820e+00 
 8.81900000e-02  2.05333682e+00 
 8.82100000e-02  2.05351536e+00 
 8.82300000e-02  2.05369383e+00 
 8.82500000e-02  2.05387224e+00 
 8.82700000e-02  2.05405057e+00 
 8.82900000e-02  2.05422883e+00 
 8.83100000e-02  2.05440702e+00 
 8.83300000e-02  2.05458513e+00 
 8.83500000e-02  2.05476318e+00 
 8.83700000e-02  2.05494115e+00 
 8.83900000e-02  2.05511906e+00 
 8.84100000e-02  2.05529689e+00 
 8.84300000e-02  2.05547465e+00 
 8.84500000e-02  2.05565234e+00 
 8.84700000e-02  2.05582996e+00 
 8.84900000e-02  2.05600751e+00 
 8.85100000e-02  2.05618498e+00 
 8.85300000e-02  2.05636239e+00 
 8.85500000e-02  2.05653972e+00 
 8.85700000e-02  2.05671699e+00 
 8.85900000e-02  2.05689418e+00 
 8.86100000e-02  2.05707130e+00 
 8.86300000e-02  2.05724835e+00 
 8.86500000e-02  2.05742533e+00 
 8.86700000e-02  2.05760224e+00 
 8.86900000e-02  2.05777908e+00 
 8.87100000e-02  2.05795585e+00 
 8.87300000e-02  2.05813255e+00 
 8.87500000e-02  2.05830918e+00 
 8.87700000e-02  2.05848573e+00 
 8.87900000e-02  2.05866222e+00 
 8.88100000e-02  2.05883863e+00 
 8.88300000e-02  2.05901498e+00 
 8.88500000e-02  2.05919125e+00 
 8.88700000e-02  2.05936746e+00 
 8.88900000e-02  2.05954359e+00 
 8.89100000e-02  2.05971965e+00 
 8.89300000e-02  2.05989564e+00 
 8.89500000e-02  2.06007157e+00 
 8.89700000e-02  2.06024742e+00 
 8.89900000e-02  2.06042320e+00 
 8.90100000e-02  2.06059891e+00 
 8.90300000e-02  2.06077455e+00 
 8.90500000e-02  2.06095012e+00 
 8.90700000e-02  2.06112562e+00 
 8.90900000e-02  2.06130105e+00 
 8.91100000e-02  2.06147641e+00 
 8.91300000e-02  2.06165170e+00 
 8.91500000e-02  2.06182692e+00 
 8.91700000e-02  2.06200207e+00 
 8.91900000e-02  2.06217715e+00 
 8.92100000e-02  2.06235216e+00 
 8.92300000e-02  2.06252710e+00 
 8.92500000e-02  2.06270197e+00 
 8.92700000e-02  2.06287677e+00 
 8.92900000e-02  2.06305150e+00 
 8.93100000e-02  2.06322616e+00 
 8.93300000e-02  2.06340075e+00 
 8.93500000e-02  2.06357527e+00 
 8.93700000e-02  2.06374972e+00 
 8.93900000e-02  2.06392410e+00 
 8.94100000e-02  2.06409841e+00 
 8.94300000e-02  2.06427265e+00 
 8.94500000e-02  2.06444682e+00 
 8.94700000e-02  2.06462093e+00 
 8.94900000e-02  2.06479496e+00 
 8.95100000e-02  2.06496892e+00 
 8.95300000e-02  2.06514281e+00 
 8.95500000e-02  2.06531664e+00 
 8.95700000e-02  2.06549039e+00 
 8.95900000e-02  2.06566408e+00 
 8.96100000e-02  2.06583769e+00 
 8.96300000e-02  2.06601124e+00 
 8.96500000e-02  2.06618471e+00 
 8.96700000e-02  2.06635812e+00 
 8.96900000e-02  2.06653146e+00 
 8.97100000e-02  2.06670473e+00 
 8.97300000e-02  2.06687792e+00 
 8.97500000e-02  2.06705105e+00 
 8.97700000e-02  2.06722411e+00 
 8.97900000e-02  2.06739711e+00 
 8.98100000e-02  2.06757003e+00 
 8.98300000e-02  2.06774288e+00 
 8.98500000e-02  2.06791566e+00 
 8.98700000e-02  2.06808838e+00 
 8.98900000e-02  2.06826102e+00 
 8.99100000e-02  2.06843360e+00 
 8.99300000e-02  2.06860611e+00 
 8.99500000e-02  2.06877855e+00 
 8.99700000e-02  2.06895092e+00 
 8.99900000e-02  2.06912322e+00 
 9.00100000e-02  2.06929545e+00 
 9.00300000e-02  2.06946761e+00 
 9.00500000e-02  2.06963971e+00 
 9.00700000e-02  2.06981173e+00 
 9.00900000e-02  2.06998369e+00 
 9.01100000e-02  2.07015558e+00 
 9.01300000e-02  2.07032739e+00 
 9.01500000e-02  2.07049914e+00 
 9.01700000e-02  2.07067083e+00 
 9.01900000e-02  2.07084244e+00 
 9.02100000e-02  2.07101398e+00 
 9.02300000e-02  2.07118546e+00 
 9.02500000e-02  2.07135687e+00 
 9.02700000e-02  2.07152820e+00 
 9.02900000e-02  2.07169947e+00 
 9.03100000e-02  2.07187068e+00 
 9.03300000e-02  2.07204181e+00 
 9.03500000e-02  2.07221287e+00 
 9.03700000e-02  2.07238387e+00 
 9.03900000e-02  2.07255480e+00 
 9.04100000e-02  2.07272566e+00 
 9.04300000e-02  2.07289645e+00 
 9.04500000e-02  2.07306717e+00 
 9.04700000e-02  2.07323782e+00 
 9.04900000e-02  2.07340841e+00 
 9.05100000e-02  2.07357893e+00 
 9.05300000e-02  2.07374938e+00 
 9.05500000e-02  2.07391976e+00 
 9.05700000e-02  2.07409007e+00 
 9.05900000e-02  2.07426032e+00 
 9.06100000e-02  2.07443050e+00 
 9.06300000e-02  2.07460061e+00 
 9.06500000e-02  2.07477065e+00 
 9.06700000e-02  2.07494062e+00 
 9.06900000e-02  2.07511053e+00 
 9.07100000e-02  2.07528036e+00 
 9.07300000e-02  2.07545013e+00 
 9.07500000e-02  2.07561983e+00 
 9.07700000e-02  2.07578947e+00 
 9.07900000e-02  2.07595903e+00 
 9.08100000e-02  2.07612853e+00 
 9.08300000e-02  2.07629796e+00 
 9.08500000e-02  2.07646732e+00 
 9.08700000e-02  2.07663662e+00 
 9.08900000e-02  2.07680585e+00 
 9.09100000e-02  2.07697501e+00 
 9.09300000e-02  2.07714410e+00 
 9.09500000e-02  2.07731312e+00 
 9.09700000e-02  2.07748208e+00 
 9.09900000e-02  2.07765097e+00 
 9.10100000e-02  2.07781979e+00 
 9.10300000e-02  2.07798854e+00 
 9.10500000e-02  2.07815723e+00 
 9.10700000e-02  2.07832585e+00 
 9.10900000e-02  2.07849440e+00 
 9.11100000e-02  2.07866288e+00 
 9.11300000e-02  2.07883130e+00 
 9.11500000e-02  2.07899965e+00 
 9.11700000e-02  2.07916793e+00 
 9.11900000e-02  2.07933615e+00 
 9.12100000e-02  2.07950429e+00 
 9.12300000e-02  2.07967237e+00 
 9.12500000e-02  2.07984039e+00 
 9.12700000e-02  2.08000833e+00 
 9.12900000e-02  2.08017621e+00 
 9.13100000e-02  2.08034402e+00 
 9.13300000e-02  2.08051177e+00 
 9.13500000e-02  2.08067944e+00 
 9.13700000e-02  2.08084705e+00 
 9.13900000e-02  2.08101460e+00 
 9.14100000e-02  2.08118207e+00 
 9.14300000e-02  2.08134948e+00 
 9.14500000e-02  2.08151683e+00 
 9.14700000e-02  2.08168410e+00 
 9.14900000e-02  2.08185131e+00 
 9.15100000e-02  2.08201845e+00 
 9.15300000e-02  2.08218553e+00 
 9.15500000e-02  2.08235253e+00 
 9.15700000e-02  2.08251947e+00 
 9.15900000e-02  2.08268635e+00 
 9.16100000e-02  2.08285316e+00 
 9.16300000e-02  2.08301990e+00 
 9.16500000e-02  2.08318657e+00 
 9.16700000e-02  2.08335318e+00 
 9.16900000e-02  2.08351972e+00 
 9.17100000e-02  2.08368620e+00 
 9.17300000e-02  2.08385260e+00 
 9.17500000e-02  2.08401894e+00 
 9.17700000e-02  2.08418522e+00 
 9.17900000e-02  2.08435143e+00 
 9.18100000e-02  2.08451757e+00 
 9.18300000e-02  2.08468364e+00 
 9.18500000e-02  2.08484965e+00 
 9.18700000e-02  2.08501560e+00 
 9.18900000e-02  2.08518147e+00 
 9.19100000e-02  2.08534728e+00 
 9.19300000e-02  2.08551303e+00 
 9.19500000e-02  2.08567870e+00 
 9.19700000e-02  2.08584431e+00 
 9.19900000e-02  2.08600986e+00 
 9.20100000e-02  2.08617534e+00 
 9.20300000e-02  2.08634075e+00 
 9.20500000e-02  2.08650610e+00 
 9.20700000e-02  2.08667138e+00 
 9.20900000e-02  2.08683659e+00 
 9.21100000e-02  2.08700174e+00 
 9.21300000e-02  2.08716682e+00 
 9.21500000e-02  2.08733184e+00 
 9.21700000e-02  2.08749679e+00 
 9.21900000e-02  2.08766167e+00 
 9.22100000e-02  2.08782649e+00 
 9.22300000e-02  2.08799124e+00 
 9.22500000e-02  2.08815593e+00 
 9.22700000e-02  2.08832055e+00 
 9.22900000e-02  2.08848510e+00 
 9.23100000e-02  2.08864959e+00 
 9.23300000e-02  2.08881401e+00 
 9.23500000e-02  2.08897837e+00 
 9.23700000e-02  2.08914266e+00 
 9.23900000e-02  2.08930689e+00 
 9.24100000e-02  2.08947105e+00 
 9.24300000e-02  2.08963514e+00 
 9.24500000e-02  2.08979917e+00 
 9.24700000e-02  2.08996313e+00 
 9.24900000e-02  2.09012703e+00 
 9.25100000e-02  2.09029086e+00 
 9.25300000e-02  2.09045463e+00 
 9.25500000e-02  2.09061833e+00 
 9.25700000e-02  2.09078197e+00 
 9.25900000e-02  2.09094554e+00 
 9.26100000e-02  2.09110904e+00 
 9.26300000e-02  2.09127248e+00 
 9.26500000e-02  2.09143585e+00 
 9.26700000e-02  2.09159916e+00 
 9.26900000e-02  2.09176241e+00 
 9.27100000e-02  2.09192558e+00 
 9.27300000e-02  2.09208870e+00 
 9.27500000e-02  2.09225174e+00 
 9.27700000e-02  2.09241473e+00 
 9.27900000e-02  2.09257764e+00 
 9.28100000e-02  2.09274050e+00 
 9.28300000e-02  2.09290328e+00 
 9.28500000e-02  2.09306600e+00 
 9.28700000e-02  2.09322866e+00 
 9.28900000e-02  2.09339125e+00 
 9.29100000e-02  2.09355378e+00 
 9.29300000e-02  2.09371624e+00 
 9.29500000e-02  2.09387864e+00 
 9.29700000e-02  2.09404097e+00 
 9.29900000e-02  2.09420324e+00 
 9.30100000e-02  2.09436544e+00 
 9.30300000e-02  2.09452758e+00 
 9.30500000e-02  2.09468965e+00 
 9.30700000e-02  2.09485166e+00 
 9.30900000e-02  2.09501360e+00 
 9.31100000e-02  2.09517548e+00 
 9.31300000e-02  2.09533729e+00 
 9.31500000e-02  2.09549904e+00 
 9.31700000e-02  2.09566072e+00 
 9.31900000e-02  2.09582234e+00 
 9.32100000e-02  2.09598389e+00 
 9.32300000e-02  2.09614538e+00 
 9.32500000e-02  2.09630681e+00 
 9.32700000e-02  2.09646817e+00 
 9.32900000e-02  2.09662947e+00 
 9.33100000e-02  2.09679070e+00 
 9.33300000e-02  2.09695187e+00 
 9.33500000e-02  2.09711297e+00 
 9.33700000e-02  2.09727401e+00 
 9.33900000e-02  2.09743498e+00 
 9.34100000e-02  2.09759589e+00 
 9.34300000e-02  2.09775673e+00 
 9.34500000e-02  2.09791752e+00 
 9.34700000e-02  2.09807823e+00 
 9.34900000e-02  2.09823888e+00 
 9.35100000e-02  2.09839947e+00 
 9.35300000e-02  2.09856000e+00 
 9.35500000e-02  2.09872046e+00 
 9.35700000e-02  2.09888085e+00 
 9.35900000e-02  2.09904118e+00 
 9.36100000e-02  2.09920145e+00 
 9.36300000e-02  2.09936165e+00 
 9.36500000e-02  2.09952179e+00 
 9.36700000e-02  2.09968187e+00 
 9.36900000e-02  2.09984188e+00 
 9.37100000e-02  2.10000183e+00 
 9.37300000e-02  2.10016171e+00 
 9.37500000e-02  2.10032153e+00 
 9.37700000e-02  2.10048128e+00 
 9.37900000e-02  2.10064097e+00 
 9.38100000e-02  2.10080060e+00 
 9.38300000e-02  2.10096016e+00 
 9.38500000e-02  2.10111966e+00 
 9.38700000e-02  2.10127910e+00 
 9.38900000e-02  2.10143847e+00 
 9.39100000e-02  2.10159778e+00 
 9.39300000e-02  2.10175703e+00 
 9.39500000e-02  2.10191621e+00 
 9.39700000e-02  2.10207532e+00 
 9.39900000e-02  2.10223438e+00 
 9.40100000e-02  2.10239337e+00 
 9.40300000e-02  2.10255229e+00 
 9.40500000e-02  2.10271116e+00 
 9.40700000e-02  2.10286996e+00 
 9.40900000e-02  2.10302869e+00 
 9.41100000e-02  2.10318737e+00 
 9.41300000e-02  2.10334597e+00 
 9.41500000e-02  2.10350452e+00 
 9.41700000e-02  2.10366300e+00 
 9.41900000e-02  2.10382142e+00 
 9.42100000e-02  2.10397978e+00 
 9.42300000e-02  2.10413807e+00 
 9.42500000e-02  2.10429630e+00 
 9.42700000e-02  2.10445446e+00 
 9.42900000e-02  2.10461257e+00 
 9.43100000e-02  2.10477061e+00 
 9.43300000e-02  2.10492858e+00 
 9.43500000e-02  2.10508649e+00 
 9.43700000e-02  2.10524434e+00 
 9.43900000e-02  2.10540213e+00 
 9.44100000e-02  2.10555985e+00 
 9.44300000e-02  2.10571751e+00 
 9.44500000e-02  2.10587511e+00 
 9.44700000e-02  2.10603265e+00 
 9.44900000e-02  2.10619012e+00 
 9.45100000e-02  2.10634752e+00 
 9.45300000e-02  2.10650487e+00 
 9.45500000e-02  2.10666215e+00 
 9.45700000e-02  2.10681937e+00 
 9.45900000e-02  2.10697653e+00 
 9.46100000e-02  2.10713362e+00 
 9.46300000e-02  2.10729065e+00 
 9.46500000e-02  2.10744762e+00 
 9.46700000e-02  2.10760453e+00 
 9.46900000e-02  2.10776137e+00 
 9.47100000e-02  2.10791815e+00 
 9.47300000e-02  2.10807487e+00 
 9.47500000e-02  2.10823152e+00 
 9.47700000e-02  2.10838811e+00 
 9.47900000e-02  2.10854464e+00 
 9.48100000e-02  2.10870111e+00 
 9.48300000e-02  2.10885751e+00 
 9.48500000e-02  2.10901385e+00 
 9.48700000e-02  2.10917013e+00 
 9.48900000e-02  2.10932635e+00 
 9.49100000e-02  2.10948250e+00 
 9.49300000e-02  2.10963860e+00 
 9.49500000e-02  2.10979462e+00 
 9.49700000e-02  2.10995059e+00 
 9.49900000e-02  2.11010650e+00 
 9.50100000e-02  2.11026234e+00 
 9.50300000e-02  2.11041812e+00 
 9.50500000e-02  2.11057383e+00 
 9.50700000e-02  2.11072949e+00 
 9.50900000e-02  2.11088508e+00 
 9.51100000e-02  2.11104061e+00 
 9.51300000e-02  2.11119608e+00 
 9.51500000e-02  2.11135149e+00 
 9.51700000e-02  2.11150683e+00 
 9.51900000e-02  2.11166211e+00 
 9.52100000e-02  2.11181733e+00 
 9.52300000e-02  2.11197249e+00 
 9.52500000e-02  2.11212759e+00 
 9.52700000e-02  2.11228262e+00 
 9.52900000e-02  2.11243759e+00 
 9.53100000e-02  2.11259250e+00 
 9.53300000e-02  2.11274735e+00 
 9.53500000e-02  2.11290214e+00 
 9.53700000e-02  2.11305686e+00 
 9.53900000e-02  2.11321152e+00 
 9.54100000e-02  2.11336612e+00 
 9.54300000e-02  2.11352066e+00 
 9.54500000e-02  2.11367514e+00 
 9.54700000e-02  2.11382955e+00 
 9.54900000e-02  2.11398391e+00 
 9.55100000e-02  2.11413820e+00 
 9.55300000e-02  2.11429243e+00 
 9.55500000e-02  2.11444660e+00 
 9.55700000e-02  2.11460070e+00 
 9.55900000e-02  2.11475475e+00 
 9.56100000e-02  2.11490873e+00 
 9.56300000e-02  2.11506265e+00 
 9.56500000e-02  2.11521651e+00 
 9.56700000e-02  2.11537031e+00 
 9.56900000e-02  2.11552405e+00 
 9.57100000e-02  2.11567772e+00 
 9.57300000e-02  2.11583134e+00 
 9.57500000e-02  2.11598489e+00 
 9.57700000e-02  2.11613838e+00 
 9.57900000e-02  2.11629181e+00 
 9.58100000e-02  2.11644518e+00 
 9.58300000e-02  2.11659849e+00 
 9.58500000e-02  2.11675173e+00 
 9.58700000e-02  2.11690492e+00 
 9.58900000e-02  2.11705804e+00 
 9.59100000e-02  2.11721110e+00 
 9.59300000e-02  2.11736410e+00 
 9.59500000e-02  2.11751704e+00 
 9.59700000e-02  2.11766992e+00 
 9.59900000e-02  2.11782274e+00 
 9.60100000e-02  2.11797549e+00 
 9.60300000e-02  2.11812819e+00 
 9.60500000e-02  2.11828082e+00 
 9.60700000e-02  2.11843340e+00 
 9.60900000e-02  2.11858591e+00 
 9.61100000e-02  2.11873836e+00 
 9.61300000e-02  2.11889075e+00 
 9.61500000e-02  2.11904308e+00 
 9.61700000e-02  2.11919535e+00 
 9.61900000e-02  2.11934755e+00 
 9.62100000e-02  2.11949970e+00 
 9.62300000e-02  2.11965179e+00 
 9.62500000e-02  2.11980381e+00 
 9.62700000e-02  2.11995577e+00 
 9.62900000e-02  2.12010768e+00 
 9.63100000e-02  2.12025952e+00 
 9.63300000e-02  2.12041130e+00 
 9.63500000e-02  2.12056302e+00 
 9.63700000e-02  2.12071468e+00 
 9.63900000e-02  2.12086628e+00 
 9.64100000e-02  2.12101782e+00 
 9.64300000e-02  2.12116930e+00 
 9.64500000e-02  2.12132072e+00 
 9.64700000e-02  2.12147208e+00 
 9.64900000e-02  2.12162337e+00 
 9.65100000e-02  2.12177461e+00 
 9.65300000e-02  2.12192578e+00 
 9.65500000e-02  2.12207690e+00 
 9.65700000e-02  2.12222795e+00 
 9.65900000e-02  2.12237895e+00 
 9.66100000e-02  2.12252988e+00 
 9.66300000e-02  2.12268076e+00 
 9.66500000e-02  2.12283157e+00 
 9.66700000e-02  2.12298232e+00 
 9.66900000e-02  2.12313302e+00 
 9.67100000e-02  2.12328365e+00 
 9.67300000e-02  2.12343422e+00 
 9.67500000e-02  2.12358473e+00 
 9.67700000e-02  2.12373519e+00 
 9.67900000e-02  2.12388558e+00 
 9.68100000e-02  2.12403591e+00 
 9.68300000e-02  2.12418618e+00 
 9.68500000e-02  2.12433639e+00 
 9.68700000e-02  2.12448654e+00 
 9.68900000e-02  2.12463663e+00 
 9.69100000e-02  2.12478667e+00 
 9.69300000e-02  2.12493664e+00 
 9.69500000e-02  2.12508655e+00 
 9.69700000e-02  2.12523640e+00 
 9.69900000e-02  2.12538619e+00 
 9.70100000e-02  2.12553592e+00 
 9.70300000e-02  2.12568559e+00 
 9.70500000e-02  2.12583521e+00 
 9.70700000e-02  2.12598476e+00 
 9.70900000e-02  2.12613425e+00 
 9.71100000e-02  2.12628368e+00 
 9.71300000e-02  2.12643305e+00 
 9.71500000e-02  2.12658237e+00 
 9.71700000e-02  2.12673162e+00 
 9.71900000e-02  2.12688081e+00 
 9.72100000e-02  2.12702995e+00 
 9.72300000e-02  2.12717902e+00 
 9.72500000e-02  2.12732804e+00 
 9.72700000e-02  2.12747699e+00 
 9.72900000e-02  2.12762589e+00 
 9.73100000e-02  2.12777472e+00 
 9.73300000e-02  2.12792350e+00 
 9.73500000e-02  2.12807222e+00 
 9.73700000e-02  2.12822087e+00 
 9.73900000e-02  2.12836947e+00 
 9.74100000e-02  2.12851801e+00 
 9.74300000e-02  2.12866649e+00 
 9.74500000e-02  2.12881491e+00 
 9.74700000e-02  2.12896327e+00 
 9.74900000e-02  2.12911157e+00 
 9.75100000e-02  2.12925981e+00 
 9.75300000e-02  2.12940799e+00 
 9.75500000e-02  2.12955612e+00 
 9.75700000e-02  2.12970418e+00 
 9.75900000e-02  2.12985218e+00 
 9.76100000e-02  2.13000013e+00 
 9.76300000e-02  2.13014802e+00 
 9.76500000e-02  2.13029584e+00 
 9.76700000e-02  2.13044361e+00 
 9.76900000e-02  2.13059132e+00 
 9.77100000e-02  2.13073897e+00 
 9.77300000e-02  2.13088656e+00 
 9.77500000e-02  2.13103409e+00 
 9.77700000e-02  2.13118157e+00 
 9.77900000e-02  2.13132898e+00 
 9.78100000e-02  2.13147634e+00 
 9.78300000e-02  2.13162363e+00 
 9.78500000e-02  2.13177087e+00 
 9.78700000e-02  2.13191805e+00 
 9.78900000e-02  2.13206517e+00 
 9.79100000e-02  2.13221223e+00 
 9.79300000e-02  2.13235923e+00 
 9.79500000e-02  2.13250617e+00 
 9.79700000e-02  2.13265306e+00 
 9.79900000e-02  2.13279988e+00 
 9.80100000e-02  2.13294665e+00 
 9.80300000e-02  2.13309336e+00 
 9.80500000e-02  2.13324000e+00 
 9.80700000e-02  2.13338660e+00 
 9.80900000e-02  2.13353313e+00 
 9.81100000e-02  2.13367960e+00 
 9.81300000e-02  2.13382602e+00 
 9.81500000e-02  2.13397237e+00 
 9.81700000e-02  2.13411867e+00 
 9.81900000e-02  2.13426491e+00 
 9.82100000e-02  2.13441109e+00 
 9.82300000e-02  2.13455721e+00 
 9.82500000e-02  2.13470328e+00 
 9.82700000e-02  2.13484928e+00 
 9.82900000e-02  2.13499523e+00 
 9.83100000e-02  2.13514112e+00 
 9.83300000e-02  2.13528695e+00 
 9.83500000e-02  2.13543272e+00 
 9.83700000e-02  2.13557843e+00 
 9.83900000e-02  2.13572409e+00 
 9.84100000e-02  2.13586969e+00 
 9.84300000e-02  2.13601523e+00 
 9.84500000e-02  2.13616071e+00 
 9.84700000e-02  2.13630613e+00 
 9.84900000e-02  2.13645149e+00 
 9.85100000e-02  2.13659680e+00 
 9.85300000e-02  2.13674205e+00 
 9.85500000e-02  2.13688724e+00 
 9.85700000e-02  2.13703237e+00 
 9.85900000e-02  2.13717744e+00 
 9.86100000e-02  2.13732246e+00 
 9.86300000e-02  2.13746742e+00 
 9.86500000e-02  2.13761232e+00 
 9.86700000e-02  2.13775716e+00 
 9.86900000e-02  2.13790194e+00 
 9.87100000e-02  2.13804667e+00 
 9.87300000e-02  2.13819134e+00 
 9.87500000e-02  2.13833595e+00 
 9.87700000e-02  2.13848050e+00 
 9.87900000e-02  2.13862500e+00 
 9.88100000e-02  2.13876943e+00 
 9.88300000e-02  2.13891381e+00 
 9.88500000e-02  2.13905814e+00 
 9.88700000e-02  2.13920240e+00 
 9.88900000e-02  2.13934661e+00 
 9.89100000e-02  2.13949075e+00 
 9.89300000e-02  2.13963485e+00 
 9.89500000e-02  2.13977888e+00 
 9.89700000e-02  2.13992285e+00 
 9.89900000e-02  2.14006677e+00 
 9.90100000e-02  2.14021063e+00 
 9.90300000e-02  2.14035444e+00 
 9.90500000e-02  2.14049818e+00 
 9.90700000e-02  2.14064187e+00 
 9.90900000e-02  2.14078550e+00 
 9.91100000e-02  2.14092907e+00 
 9.91300000e-02  2.14107259e+00 
 9.91500000e-02  2.14121605e+00 
 9.91700000e-02  2.14135945e+00 
 9.91900000e-02  2.14150279e+00 
 9.92100000e-02  2.14164608e+00 
 9.92300000e-02  2.14178931e+00 
 9.92500000e-02  2.14193248e+00 
 9.92700000e-02  2.14207559e+00 
 9.92900000e-02  2.14221865e+00 
 9.93100000e-02  2.14236165e+00 
 9.93300000e-02  2.14250459e+00 
 9.93500000e-02  2.14264748e+00 
 9.93700000e-02  2.14279031e+00 
 9.93900000e-02  2.14293308e+00 
 9.94100000e-02  2.14307579e+00 
 9.94300000e-02  2.14321845e+00 
 9.94500000e-02  2.14336105e+00 
 9.94700000e-02  2.14350359e+00 
 9.94900000e-02  2.14364608e+00 
 9.95100000e-02  2.14378851e+00 
 9.95300000e-02  2.14393088e+00 
 9.95500000e-02  2.14407320e+00 
 9.95700000e-02  2.14421545e+00 
 9.95900000e-02  2.14435766e+00 
 9.96100000e-02  2.14449980e+00 
 9.96300000e-02  2.14464189e+00 
 9.96500000e-02  2.14478392e+00 
 9.96700000e-02  2.14492589e+00 
 9.96900000e-02  2.14506781e+00 
 9.97100000e-02  2.14520967e+00 
 9.97300000e-02  2.14535148e+00 
 9.97500000e-02  2.14549322e+00 
 9.97700000e-02  2.14563491e+00 
 9.97900000e-02  2.14577655e+00 
 9.98100000e-02  2.14591812e+00 
 9.98300000e-02  2.14605964e+00 
 9.98500000e-02  2.14620111e+00 
 9.98700000e-02  2.14634252e+00 
 9.98900000e-02  2.14648387e+00 
 9.99100000e-02  2.14662516e+00 
 9.99300000e-02  2.14676640e+00 
 9.99500000e-02  2.14690758e+00 
 9.99700000e-02  2.14704870e+00 
 9.99900000e-02  2.14718977e+00 
 1.00010000e-01  2.14733078e+00 
 1.00030000e-01  2.14747174e+00 
 1.00050000e-01  2.14761264e+00 
 1.00070000e-01  2.14775348e+00 
 1.00090000e-01  2.14789427e+00 
 1.00110000e-01  2.14803500e+00 
 1.00130000e-01  2.14817567e+00 
 1.00150000e-01  2.14831629e+00 
 1.00170000e-01  2.14845685e+00 
 1.00190000e-01  2.14859736e+00 
 1.00210000e-01  2.14873781e+00 
 1.00230000e-01  2.14887820e+00 
 1.00250000e-01  2.14901854e+00 
 1.00270000e-01  2.14915882e+00 
 1.00290000e-01  2.14929904e+00 
 1.00310000e-01  2.14943921e+00 
 1.00330000e-01  2.14957932e+00 
 1.00350000e-01  2.14971938e+00 
 1.00370000e-01  2.14985938e+00 
 1.00390000e-01  2.14999932e+00 
 1.00410000e-01  2.15013921e+00 
 1.00430000e-01  2.15027904e+00 
 1.00450000e-01  2.15041882e+00 
 1.00470000e-01  2.15055854e+00 
 1.00490000e-01  2.15069821e+00 
 1.00510000e-01  2.15083782e+00 
 1.00530000e-01  2.15097737e+00 
 1.00550000e-01  2.15111687e+00 
 1.00570000e-01  2.15125631e+00 
 1.00590000e-01  2.15139569e+00 
 1.00610000e-01  2.15153502e+00 
 1.00630000e-01  2.15167430e+00 
 1.00650000e-01  2.15181352e+00 
 1.00670000e-01  2.15195268e+00 
 1.00690000e-01  2.15209179e+00 
 1.00710000e-01  2.15223084e+00 
 1.00730000e-01  2.15236983e+00 
 1.00750000e-01  2.15250877e+00 
 1.00770000e-01  2.15264766e+00 
 1.00790000e-01  2.15278649e+00 
 1.00810000e-01  2.15292526e+00 
 1.00830000e-01  2.15306398e+00 
 1.00850000e-01  2.15320264e+00 
 1.00870000e-01  2.15334125e+00 
 1.00890000e-01  2.15347980e+00 
 1.00910000e-01  2.15361830e+00 
 1.00930000e-01  2.15375674e+00 
 1.00950000e-01  2.15389513e+00 
 1.00970000e-01  2.15403346e+00 
 1.00990000e-01  2.15417173e+00 
 1.01010000e-01  2.15430995e+00 
 1.01030000e-01  2.15444812e+00 
 1.01050000e-01  2.15458622e+00 
 1.01070000e-01  2.15472428e+00 
 1.01090000e-01  2.15486228e+00 
 1.01110000e-01  2.15500022e+00 
 1.01130000e-01  2.15513811e+00 
 1.01150000e-01  2.15527594e+00 
 1.01170000e-01  2.15541372e+00 
 1.01190000e-01  2.15555144e+00 
 1.01210000e-01  2.15568911e+00 
 1.01230000e-01  2.15582673e+00 
 1.01250000e-01  2.15596428e+00 
 1.01270000e-01  2.15610179e+00 
 1.01290000e-01  2.15623923e+00 
 1.01310000e-01  2.15637663e+00 
 1.01330000e-01  2.15651397e+00 
 1.01350000e-01  2.15665125e+00 
 1.01370000e-01  2.15678848e+00 
 1.01390000e-01  2.15692565e+00 
 1.01410000e-01  2.15706277e+00 
 1.01430000e-01  2.15719983e+00 
 1.01450000e-01  2.15733684e+00 
 1.01470000e-01  2.15747380e+00 
 1.01490000e-01  2.15761069e+00 
 1.01510000e-01  2.15774754e+00 
 1.01530000e-01  2.15788433e+00 
 1.01550000e-01  2.15802106e+00 
 1.01570000e-01  2.15815774e+00 
 1.01590000e-01  2.15829437e+00 
 1.01610000e-01  2.15843094e+00 
 1.01630000e-01  2.15856746e+00 
 1.01650000e-01  2.15870392e+00 
 1.01670000e-01  2.15884033e+00 
 1.01690000e-01  2.15897668e+00 
 1.01710000e-01  2.15911298e+00 
 1.01730000e-01  2.15924922e+00 
 1.01750000e-01  2.15938541e+00 
 1.01770000e-01  2.15952155e+00 
 1.01790000e-01  2.15965763e+00 
 1.01810000e-01  2.15979365e+00 
 1.01830000e-01  2.15992962e+00 
 1.01850000e-01  2.16006554e+00 
 1.01870000e-01  2.16020140e+00 
 1.01890000e-01  2.16033721e+00 
 1.01910000e-01  2.16047297e+00 
 1.01930000e-01  2.16060867e+00 
 1.01950000e-01  2.16074431e+00 
 1.01970000e-01  2.16087990e+00 
 1.01990000e-01  2.16101544e+00 
 1.02010000e-01  2.16115092e+00 
 1.02030000e-01  2.16128635e+00 
 1.02050000e-01  2.16142173e+00 
 1.02070000e-01  2.16155705e+00 
 1.02090000e-01  2.16169231e+00 
 1.02110000e-01  2.16182753e+00 
 1.02130000e-01  2.16196268e+00 
 1.02150000e-01  2.16209779e+00 
 1.02170000e-01  2.16223284e+00 
 1.02190000e-01  2.16236783e+00 
 1.02210000e-01  2.16250278e+00 
 1.02230000e-01  2.16263766e+00 
 1.02250000e-01  2.16277250e+00 
 1.02270000e-01  2.16290728e+00 
 1.02290000e-01  2.16304201e+00 
 1.02310000e-01  2.16317668e+00 
 1.02330000e-01  2.16331130e+00 
 1.02350000e-01  2.16344586e+00 
 1.02370000e-01  2.16358037e+00 
 1.02390000e-01  2.16371483e+00 
 1.02410000e-01  2.16384923e+00 
 1.02430000e-01  2.16398358e+00 
 1.02450000e-01  2.16411788e+00 
 1.02470000e-01  2.16425212e+00 
 1.02490000e-01  2.16438631e+00 
 1.02510000e-01  2.16452044e+00 
 1.02530000e-01  2.16465453e+00 
 1.02550000e-01  2.16478855e+00 
 1.02570000e-01  2.16492253e+00 
 1.02590000e-01  2.16505645e+00 
 1.02610000e-01  2.16519031e+00 
 1.02630000e-01  2.16532413e+00 
 1.02650000e-01  2.16545789e+00 
 1.02670000e-01  2.16559159e+00 
 1.02690000e-01  2.16572525e+00 
 1.02710000e-01  2.16585885e+00 
 1.02730000e-01  2.16599239e+00 
 1.02750000e-01  2.16612588e+00 
 1.02770000e-01  2.16625932e+00 
 1.02790000e-01  2.16639271e+00 
 1.02810000e-01  2.16652604e+00 
 1.02830000e-01  2.16665932e+00 
 1.02850000e-01  2.16679255e+00 
 1.02870000e-01  2.16692572e+00 
 1.02890000e-01  2.16705884e+00 
 1.02910000e-01  2.16719191e+00 
 1.02930000e-01  2.16732492e+00 
 1.02950000e-01  2.16745788e+00 
 1.02970000e-01  2.16759078e+00 
 1.02990000e-01  2.16772364e+00 
 1.03010000e-01  2.16785644e+00 
 1.03030000e-01  2.16798919e+00 
 1.03050000e-01  2.16812188e+00 
 1.03070000e-01  2.16825452e+00 
 1.03090000e-01  2.16838711e+00 
 1.03110000e-01  2.16851964e+00 
 1.03130000e-01  2.16865213e+00 
 1.03150000e-01  2.16878455e+00 
 1.03170000e-01  2.16891693e+00 
 1.03190000e-01  2.16904925e+00 
 1.03210000e-01  2.16918152e+00 
 1.03230000e-01  2.16931374e+00 
 1.03250000e-01  2.16944590e+00 
 1.03270000e-01  2.16957802e+00 
 1.03290000e-01  2.16971007e+00 
 1.03310000e-01  2.16984208e+00 
 1.03330000e-01  2.16997403e+00 
 1.03350000e-01  2.17010593e+00 
 1.03370000e-01  2.17023778e+00 
 1.03390000e-01  2.17036958e+00 
 1.03410000e-01  2.17050132e+00 
 1.03430000e-01  2.17063301e+00 
 1.03450000e-01  2.17076464e+00 
 1.03470000e-01  2.17089623e+00 
 1.03490000e-01  2.17102776e+00 
 1.03510000e-01  2.17115924e+00 
 1.03530000e-01  2.17129067e+00 
 1.03550000e-01  2.17142204e+00 
 1.03570000e-01  2.17155336e+00 
 1.03590000e-01  2.17168463e+00 
 1.03610000e-01  2.17181585e+00 
 1.03630000e-01  2.17194701e+00 
 1.03650000e-01  2.17207812e+00 
 1.03670000e-01  2.17220918e+00 
 1.03690000e-01  2.17234019e+00 
 1.03710000e-01  2.17247114e+00 
 1.03730000e-01  2.17260204e+00 
 1.03750000e-01  2.17273289e+00 
 1.03770000e-01  2.17286369e+00 
 1.03790000e-01  2.17299443e+00 
 1.03810000e-01  2.17312512e+00 
 1.03830000e-01  2.17325576e+00 
 1.03850000e-01  2.17338635e+00 
 1.03870000e-01  2.17351689e+00 
 1.03890000e-01  2.17364737e+00 
 1.03910000e-01  2.17377780e+00 
 1.03930000e-01  2.17390818e+00 
 1.03950000e-01  2.17403851e+00 
 1.03970000e-01  2.17416878e+00 
 1.03990000e-01  2.17429901e+00 
 1.04010000e-01  2.17442918e+00 
 1.04030000e-01  2.17455930e+00 
 1.04050000e-01  2.17468936e+00 
 1.04070000e-01  2.17481938e+00 
 1.04090000e-01  2.17494934e+00 
 1.04110000e-01  2.17507925e+00 
 1.04130000e-01  2.17520911e+00 
 1.04150000e-01  2.17533892e+00 
 1.04170000e-01  2.17546867e+00 
 1.04190000e-01  2.17559837e+00 
 1.04210000e-01  2.17572802e+00 
 1.04230000e-01  2.17585762e+00 
 1.04250000e-01  2.17598717e+00 
 1.04270000e-01  2.17611667e+00 
 1.04290000e-01  2.17624611e+00 
 1.04310000e-01  2.17637550e+00 
 1.04330000e-01  2.17650484e+00 
 1.04350000e-01  2.17663413e+00 
 1.04370000e-01  2.17676337e+00 
 1.04390000e-01  2.17689255e+00 
 1.04410000e-01  2.17702169e+00 
 1.04430000e-01  2.17715077e+00 
 1.04450000e-01  2.17727980e+00 
 1.04470000e-01  2.17740878e+00 
 1.04490000e-01  2.17753770e+00 
 1.04510000e-01  2.17766658e+00 
 1.04530000e-01  2.17779540e+00 
 1.04550000e-01  2.17792418e+00 
 1.04570000e-01  2.17805290e+00 
 1.04590000e-01  2.17818157e+00 
 1.04610000e-01  2.17831018e+00 
 1.04630000e-01  2.17843875e+00 
 1.04650000e-01  2.17856727e+00 
 1.04670000e-01  2.17869573e+00 
 1.04690000e-01  2.17882414e+00 
 1.04710000e-01  2.17895250e+00 
 1.04730000e-01  2.17908081e+00 
 1.04750000e-01  2.17920907e+00 
 1.04770000e-01  2.17933728e+00 
 1.04790000e-01  2.17946543e+00 
 1.04810000e-01  2.17959354e+00 
 1.04830000e-01  2.17972159e+00 
 1.04850000e-01  2.17984959e+00 
 1.04870000e-01  2.17997755e+00 
 1.04890000e-01  2.18010544e+00 
 1.04910000e-01  2.18023329e+00 
 1.04930000e-01  2.18036109e+00 
 1.04950000e-01  2.18048884e+00 
 1.04970000e-01  2.18061653e+00 
 1.04990000e-01  2.18074418e+00 
 1.05010000e-01  2.18087177e+00 
 1.05030000e-01  2.18099931e+00 
 1.05050000e-01  2.18112680e+00 
 1.05070000e-01  2.18125424e+00 
 1.05090000e-01  2.18138163e+00 
 1.05110000e-01  2.18150897e+00 
 1.05130000e-01  2.18163626e+00 
 1.05150000e-01  2.18176349e+00 
 1.05170000e-01  2.18189068e+00 
 1.05190000e-01  2.18201781e+00 
 1.05210000e-01  2.18214490e+00 
 1.05230000e-01  2.18227193e+00 
 1.05250000e-01  2.18239891e+00 
 1.05270000e-01  2.18252585e+00 
 1.05290000e-01  2.18265273e+00 
 1.05310000e-01  2.18277956e+00 
 1.05330000e-01  2.18290634e+00 
 1.05350000e-01  2.18303306e+00 
 1.05370000e-01  2.18315974e+00 
 1.05390000e-01  2.18328637e+00 
 1.05410000e-01  2.18341295e+00 
 1.05430000e-01  2.18353947e+00 
 1.05450000e-01  2.18366595e+00 
 1.05470000e-01  2.18379237e+00 
 1.05490000e-01  2.18391875e+00 
 1.05510000e-01  2.18404507e+00 
 1.05530000e-01  2.18417134e+00 
 1.05550000e-01  2.18429756e+00 
 1.05570000e-01  2.18442374e+00 
 1.05590000e-01  2.18454986e+00 
 1.05610000e-01  2.18467593e+00 
 1.05630000e-01  2.18480195e+00 
 1.05650000e-01  2.18492792e+00 
 1.05670000e-01  2.18505384e+00 
 1.05690000e-01  2.18517971e+00 
 1.05710000e-01  2.18530553e+00 
 1.05730000e-01  2.18543130e+00 
 1.05750000e-01  2.18555702e+00 
 1.05770000e-01  2.18568269e+00 
 1.05790000e-01  2.18580830e+00 
 1.05810000e-01  2.18593387e+00 
 1.05830000e-01  2.18605939e+00 
 1.05850000e-01  2.18618486e+00 
 1.05870000e-01  2.18631028e+00 
 1.05890000e-01  2.18643564e+00 
 1.05910000e-01  2.18656096e+00 
 1.05930000e-01  2.18668623e+00 
 1.05950000e-01  2.18681144e+00 
 1.05970000e-01  2.18693661e+00 
 1.05990000e-01  2.18706173e+00 
 1.06010000e-01  2.18718679e+00 
 1.06030000e-01  2.18731181e+00 
 1.06050000e-01  2.18743678e+00 
 1.06070000e-01  2.18756169e+00 
 1.06090000e-01  2.18768656e+00 
 1.06110000e-01  2.18781138e+00 
 1.06130000e-01  2.18793614e+00 
 1.06150000e-01  2.18806086e+00 
 1.06170000e-01  2.18818553e+00 
 1.06190000e-01  2.18831015e+00 
 1.06210000e-01  2.18843471e+00 
 1.06230000e-01  2.18855923e+00 
 1.06250000e-01  2.18868370e+00 
 1.06270000e-01  2.18880812e+00 
 1.06290000e-01  2.18893248e+00 
 1.06310000e-01  2.18905680e+00 
 1.06330000e-01  2.18918107e+00 
 1.06350000e-01  2.18930529e+00 
 1.06370000e-01  2.18942946e+00 
 1.06390000e-01  2.18955358e+00 
 1.06410000e-01  2.18967765e+00 
 1.06430000e-01  2.18980167e+00 
 1.06450000e-01  2.18992564e+00 
 1.06470000e-01  2.19004956e+00 
 1.06490000e-01  2.19017344e+00 
 1.06510000e-01  2.19029726e+00 
 1.06530000e-01  2.19042103e+00 
 1.06550000e-01  2.19054475e+00 
 1.06570000e-01  2.19066843e+00 
 1.06590000e-01  2.19079205e+00 
 1.06610000e-01  2.19091563e+00 
 1.06630000e-01  2.19103915e+00 
 1.06650000e-01  2.19116263e+00 
 1.06670000e-01  2.19128606e+00 
 1.06690000e-01  2.19140943e+00 
 1.06710000e-01  2.19153276e+00 
 1.06730000e-01  2.19165604e+00 
 1.06750000e-01  2.19177927e+00 
 1.06770000e-01  2.19190245e+00 
 1.06790000e-01  2.19202558e+00 
 1.06810000e-01  2.19214866e+00 
 1.06830000e-01  2.19227169e+00 
 1.06850000e-01  2.19239468e+00 
 1.06870000e-01  2.19251761e+00 
 1.06890000e-01  2.19264050e+00 
 1.06910000e-01  2.19276333e+00 
 1.06930000e-01  2.19288612e+00 
 1.06950000e-01  2.19300886e+00 
 1.06970000e-01  2.19313154e+00 
 1.06990000e-01  2.19325418e+00 
 1.07010000e-01  2.19337677e+00 
 1.07030000e-01  2.19349931e+00 
 1.07050000e-01  2.19362181e+00 
 1.07070000e-01  2.19374425e+00 
 1.07090000e-01  2.19386664e+00 
 1.07110000e-01  2.19398899e+00 
 1.07130000e-01  2.19411129e+00 
 1.07150000e-01  2.19423353e+00 
 1.07170000e-01  2.19435573e+00 
 1.07190000e-01  2.19447788e+00 
 1.07210000e-01  2.19459998e+00 
 1.07230000e-01  2.19472204e+00 
 1.07250000e-01  2.19484404e+00 
 1.07270000e-01  2.19496599e+00 
 1.07290000e-01  2.19508790e+00 
 1.07310000e-01  2.19520976e+00 
 1.07330000e-01  2.19533156e+00 
 1.07350000e-01  2.19545332e+00 
 1.07370000e-01  2.19557503e+00 
 1.07390000e-01  2.19569670e+00 
 1.07410000e-01  2.19581831e+00 
 1.07430000e-01  2.19593987e+00 
 1.07450000e-01  2.19606139e+00 
 1.07470000e-01  2.19618286e+00 
 1.07490000e-01  2.19630428e+00 
 1.07510000e-01  2.19642565e+00 
 1.07530000e-01  2.19654697e+00 
 1.07550000e-01  2.19666824e+00 
 1.07570000e-01  2.19678947e+00 
 1.07590000e-01  2.19691064e+00 
 1.07610000e-01  2.19703177e+00 
 1.07630000e-01  2.19715285e+00 
 1.07650000e-01  2.19727388e+00 
 1.07670000e-01  2.19739487e+00 
 1.07690000e-01  2.19751580e+00 
 1.07710000e-01  2.19763669e+00 
 1.07730000e-01  2.19775752e+00 
 1.07750000e-01  2.19787831e+00 
 1.07770000e-01  2.19799905e+00 
 1.07790000e-01  2.19811975e+00 
 1.07810000e-01  2.19824039e+00 
 1.07830000e-01  2.19836099e+00 
 1.07850000e-01  2.19848154e+00 
 1.07870000e-01  2.19860204e+00 
 1.07890000e-01  2.19872249e+00 
 1.07910000e-01  2.19884289e+00 
 1.07930000e-01  2.19896325e+00 
 1.07950000e-01  2.19908355e+00 
 1.07970000e-01  2.19920381e+00 
 1.07990000e-01  2.19932402e+00 
 1.08010000e-01  2.19944419e+00 
 1.08030000e-01  2.19956430e+00 
 1.08050000e-01  2.19968437e+00 
 1.08070000e-01  2.19980439e+00 
 1.08090000e-01  2.19992436e+00 
 1.08110000e-01  2.20004428e+00 
 1.08130000e-01  2.20016416e+00 
 1.08150000e-01  2.20028398e+00 
 1.08170000e-01  2.20040376e+00 
 1.08190000e-01  2.20052349e+00 
 1.08210000e-01  2.20064318e+00 
 1.08230000e-01  2.20076281e+00 
 1.08250000e-01  2.20088240e+00 
 1.08270000e-01  2.20100194e+00 
 1.08290000e-01  2.20112143e+00 
 1.08310000e-01  2.20124087e+00 
 1.08330000e-01  2.20136027e+00 
 1.08350000e-01  2.20147962e+00 
 1.08370000e-01  2.20159892e+00 
 1.08390000e-01  2.20171817e+00 
 1.08410000e-01  2.20183738e+00 
 1.08430000e-01  2.20195654e+00 
 1.08450000e-01  2.20207565e+00 
 1.08470000e-01  2.20219471e+00 
 1.08490000e-01  2.20231372e+00 
 1.08510000e-01  2.20243269e+00 
 1.08530000e-01  2.20255161e+00 
 1.08550000e-01  2.20267048e+00 
 1.08570000e-01  2.20278931e+00 
 1.08590000e-01  2.20290808e+00 
 1.08610000e-01  2.20302681e+00 
 1.08630000e-01  2.20314550e+00 
 1.08650000e-01  2.20326413e+00 
 1.08670000e-01  2.20338272e+00 
 1.08690000e-01  2.20350126e+00 
 1.08710000e-01  2.20361975e+00 
 1.08730000e-01  2.20373819e+00 
 1.08750000e-01  2.20385659e+00 
 1.08770000e-01  2.20397494e+00 
 1.08790000e-01  2.20409324e+00 
 1.08810000e-01  2.20421150e+00 
 1.08830000e-01  2.20432971e+00 
 1.08850000e-01  2.20444787e+00 
 1.08870000e-01  2.20456598e+00 
 1.08890000e-01  2.20468405e+00 
 1.08910000e-01  2.20480207e+00 
 1.08930000e-01  2.20492004e+00 
 1.08950000e-01  2.20503797e+00 
 1.08970000e-01  2.20515584e+00 
 1.08990000e-01  2.20527368e+00 
 1.09010000e-01  2.20539146e+00 
 1.09030000e-01  2.20550920e+00 
 1.09050000e-01  2.20562688e+00 
 1.09070000e-01  2.20574453e+00 
 1.09090000e-01  2.20586212e+00 
 1.09110000e-01  2.20597967e+00 
 1.09130000e-01  2.20609717e+00 
 1.09150000e-01  2.20621463e+00 
 1.09170000e-01  2.20633203e+00 
 1.09190000e-01  2.20644939e+00 
 1.09210000e-01  2.20656671e+00 
 1.09230000e-01  2.20668397e+00 
 1.09250000e-01  2.20680119e+00 
 1.09270000e-01  2.20691837e+00 
 1.09290000e-01  2.20703549e+00 
 1.09310000e-01  2.20715257e+00 
 1.09330000e-01  2.20726960e+00 
 1.09350000e-01  2.20738659e+00 
 1.09370000e-01  2.20750353e+00 
 1.09390000e-01  2.20762042e+00 
 1.09410000e-01  2.20773726e+00 
 1.09430000e-01  2.20785406e+00 
 1.09450000e-01  2.20797081e+00 
 1.09470000e-01  2.20808752e+00 
 1.09490000e-01  2.20820418e+00 
 1.09510000e-01  2.20832079e+00 
 1.09530000e-01  2.20843735e+00 
 1.09550000e-01  2.20855387e+00 
 1.09570000e-01  2.20867034e+00 
 1.09590000e-01  2.20878677e+00 
 1.09610000e-01  2.20890315e+00 
 1.09630000e-01  2.20901948e+00 
 1.09650000e-01  2.20913576e+00 
 1.09670000e-01  2.20925200e+00 
 1.09690000e-01  2.20936820e+00 
 1.09710000e-01  2.20948434e+00 
 1.09730000e-01  2.20960044e+00 
 1.09750000e-01  2.20971649e+00 
 1.09770000e-01  2.20983250e+00 
 1.09790000e-01  2.20994846e+00 
 1.09810000e-01  2.21006438e+00 
 1.09830000e-01  2.21018024e+00 
 1.09850000e-01  2.21029606e+00 
 1.09870000e-01  2.21041184e+00 
 1.09890000e-01  2.21052757e+00 
 1.09910000e-01  2.21064325e+00 
 1.09930000e-01  2.21075889e+00 
 1.09950000e-01  2.21087448e+00 
 1.09970000e-01  2.21099002e+00 
 1.09990000e-01  2.21110552e+00 
 1.10010000e-01  2.21122097e+00 
 1.10030000e-01  2.21133637e+00 
 1.10050000e-01  2.21145173e+00 
 1.10070000e-01  2.21156705e+00 
 1.10090000e-01  2.21168231e+00 
 1.10110000e-01  2.21179753e+00 
 1.10130000e-01  2.21191271e+00 
 1.10150000e-01  2.21202784e+00 
 1.10170000e-01  2.21214292e+00 
 1.10190000e-01  2.21225796e+00 
 1.10210000e-01  2.21237295e+00 
 1.10230000e-01  2.21248789e+00 
 1.10250000e-01  2.21260279e+00 
 1.10270000e-01  2.21271764e+00 
 1.10290000e-01  2.21283245e+00 
 1.10310000e-01  2.21294721e+00 
 1.10330000e-01  2.21306192e+00 
 1.10350000e-01  2.21317659e+00 
 1.10370000e-01  2.21329122e+00 
 1.10390000e-01  2.21340579e+00 
 1.10410000e-01  2.21352032e+00 
 1.10430000e-01  2.21363481e+00 
 1.10450000e-01  2.21374925e+00 
 1.10470000e-01  2.21386364e+00 
 1.10490000e-01  2.21397799e+00 
 1.10510000e-01  2.21409229e+00 
 1.10530000e-01  2.21420655e+00 
 1.10550000e-01  2.21432076e+00 
 1.10570000e-01  2.21443493e+00 
 1.10590000e-01  2.21454905e+00 
 1.10610000e-01  2.21466312e+00 
 1.10630000e-01  2.21477715e+00 
 1.10650000e-01  2.21489113e+00 
 1.10670000e-01  2.21500507e+00 
 1.10690000e-01  2.21511896e+00 
 1.10710000e-01  2.21523281e+00 
 1.10730000e-01  2.21534661e+00 
 1.10750000e-01  2.21546037e+00 
 1.10770000e-01  2.21557408e+00 
 1.10790000e-01  2.21568774e+00 
 1.10810000e-01  2.21580136e+00 
 1.10830000e-01  2.21591493e+00 
 1.10850000e-01  2.21602846e+00 
 1.10870000e-01  2.21614194e+00 
 1.10890000e-01  2.21625538e+00 
 1.10910000e-01  2.21636877e+00 
 1.10930000e-01  2.21648212e+00 
 1.10950000e-01  2.21659542e+00 
 1.10970000e-01  2.21670867e+00 
 1.10990000e-01  2.21682189e+00 
 1.11010000e-01  2.21693505e+00 
 1.11030000e-01  2.21704817e+00 
 1.11050000e-01  2.21716125e+00 
 1.11070000e-01  2.21727427e+00 
 1.11090000e-01  2.21738726e+00 
 1.11110000e-01  2.21750020e+00 
 1.11130000e-01  2.21761309e+00 
 1.11150000e-01  2.21772594e+00 
 1.11170000e-01  2.21783874e+00 
 1.11190000e-01  2.21795150e+00 
 1.11210000e-01  2.21806422e+00 
 1.11230000e-01  2.21817689e+00 
 1.11250000e-01  2.21828951e+00 
 1.11270000e-01  2.21840209e+00 
 1.11290000e-01  2.21851462e+00 
 1.11310000e-01  2.21862711e+00 
 1.11330000e-01  2.21873955e+00 
 1.11350000e-01  2.21885195e+00 
 1.11370000e-01  2.21896430e+00 
 1.11390000e-01  2.21907661e+00 
 1.11410000e-01  2.21918888e+00 
 1.11430000e-01  2.21930109e+00 
 1.11450000e-01  2.21941327e+00 
 1.11470000e-01  2.21952540e+00 
 1.11490000e-01  2.21963748e+00 
 1.11510000e-01  2.21974952e+00 
 1.11530000e-01  2.21986152e+00 
 1.11550000e-01  2.21997346e+00 
 1.11570000e-01  2.22008537e+00 
 1.11590000e-01  2.22019723e+00 
 1.11610000e-01  2.22030905e+00 
 1.11630000e-01  2.22042082e+00 
 1.11650000e-01  2.22053254e+00 
 1.11670000e-01  2.22064422e+00 
 1.11690000e-01  2.22075586e+00 
 1.11710000e-01  2.22086745e+00 
 1.11730000e-01  2.22097900e+00 
 1.11750000e-01  2.22109050e+00 
 1.11770000e-01  2.22120196e+00 
 1.11790000e-01  2.22131337e+00 
 1.11810000e-01  2.22142474e+00 
 1.11830000e-01  2.22153607e+00 
 1.11850000e-01  2.22164735e+00 
 1.11870000e-01  2.22175858e+00 
 1.11890000e-01  2.22186977e+00 
 1.11910000e-01  2.22198092e+00 
 1.11930000e-01  2.22209202e+00 
 1.11950000e-01  2.22220308e+00 
 1.11970000e-01  2.22231409e+00 
 1.11990000e-01  2.22242506e+00 
 1.12010000e-01  2.22253599e+00 
 1.12030000e-01  2.22264687e+00 
 1.12050000e-01  2.22275770e+00 
 1.12070000e-01  2.22286849e+00 
 1.12090000e-01  2.22297924e+00 
 1.12110000e-01  2.22308994e+00 
 1.12130000e-01  2.22320060e+00 
 1.12150000e-01  2.22331122e+00 
 1.12170000e-01  2.22342179e+00 
 1.12190000e-01  2.22353231e+00 
 1.12210000e-01  2.22364280e+00 
 1.12230000e-01  2.22375323e+00 
 1.12250000e-01  2.22386363e+00 
 1.12270000e-01  2.22397398e+00 
 1.12290000e-01  2.22408428e+00 
 1.12310000e-01  2.22419454e+00 
 1.12330000e-01  2.22430476e+00 
 1.12350000e-01  2.22441493e+00 
 1.12370000e-01  2.22452506e+00 
 1.12390000e-01  2.22463514e+00 
 1.12410000e-01  2.22474518e+00 
 1.12430000e-01  2.22485518e+00 
 1.12450000e-01  2.22496513e+00 
 1.12470000e-01  2.22507504e+00 
 1.12490000e-01  2.22518491e+00 
 1.12510000e-01  2.22529473e+00 
 1.12530000e-01  2.22540451e+00 
 1.12550000e-01  2.22551424e+00 
 1.12570000e-01  2.22562393e+00 
 1.12590000e-01  2.22573357e+00 
 1.12610000e-01  2.22584317e+00 
 1.12630000e-01  2.22595273e+00 
 1.12650000e-01  2.22606225e+00 
 1.12670000e-01  2.22617172e+00 
 1.12690000e-01  2.22628114e+00 
 1.12710000e-01  2.22639052e+00 
 1.12730000e-01  2.22649986e+00 
 1.12750000e-01  2.22660916e+00 
 1.12770000e-01  2.22671841e+00 
 1.12790000e-01  2.22682762e+00 
 1.12810000e-01  2.22693678e+00 
 1.12830000e-01  2.22704590e+00 
 1.12850000e-01  2.22715498e+00 
 1.12870000e-01  2.22726401e+00 
 1.12890000e-01  2.22737300e+00 
 1.12910000e-01  2.22748194e+00 
 1.12930000e-01  2.22759085e+00 
 1.12950000e-01  2.22769971e+00 
 1.12970000e-01  2.22780852e+00 
 1.12990000e-01  2.22791729e+00 
 1.13010000e-01  2.22802602e+00 
 1.13030000e-01  2.22813470e+00 
 1.13050000e-01  2.22824335e+00 
 1.13070000e-01  2.22835194e+00 
 1.13090000e-01  2.22846050e+00 
 1.13110000e-01  2.22856901e+00 
 1.13130000e-01  2.22867748e+00 
 1.13150000e-01  2.22878590e+00 
 1.13170000e-01  2.22889428e+00 
 1.13190000e-01  2.22900262e+00 
 1.13210000e-01  2.22911091e+00 
 1.13230000e-01  2.22921916e+00 
 1.13250000e-01  2.22932737e+00 
 1.13270000e-01  2.22943553e+00 
 1.13290000e-01  2.22954366e+00 
 1.13310000e-01  2.22965173e+00 
 1.13330000e-01  2.22975977e+00 
 1.13350000e-01  2.22986776e+00 
 1.13370000e-01  2.22997571e+00 
 1.13390000e-01  2.23008361e+00 
 1.13410000e-01  2.23019147e+00 
 1.13430000e-01  2.23029929e+00 
 1.13450000e-01  2.23040707e+00 
 1.13470000e-01  2.23051480e+00 
 1.13490000e-01  2.23062249e+00 
 1.13510000e-01  2.23073014e+00 
 1.13530000e-01  2.23083774e+00 
 1.13550000e-01  2.23094530e+00 
 1.13570000e-01  2.23105282e+00 
 1.13590000e-01  2.23116029e+00 
 1.13610000e-01  2.23126772e+00 
 1.13630000e-01  2.23137511e+00 
 1.13650000e-01  2.23148245e+00 
 1.13670000e-01  2.23158976e+00 
 1.13690000e-01  2.23169702e+00 
 1.13710000e-01  2.23180423e+00 
 1.13730000e-01  2.23191141e+00 
 1.13750000e-01  2.23201854e+00 
 1.13770000e-01  2.23212563e+00 
 1.13790000e-01  2.23223267e+00 
 1.13810000e-01  2.23233967e+00 
 1.13830000e-01  2.23244663e+00 
 1.13850000e-01  2.23255355e+00 
 1.13870000e-01  2.23266042e+00 
 1.13890000e-01  2.23276725e+00 
 1.13910000e-01  2.23287404e+00 
 1.13930000e-01  2.23298079e+00 
 1.13950000e-01  2.23308749e+00 
 1.13970000e-01  2.23319415e+00 
 1.13990000e-01  2.23330077e+00 
 1.14010000e-01  2.23340735e+00 
 1.14030000e-01  2.23351388e+00 
 1.14050000e-01  2.23362037e+00 
 1.14070000e-01  2.23372682e+00 
 1.14090000e-01  2.23383322e+00 
 1.14110000e-01  2.23393958e+00 
 1.14130000e-01  2.23404590e+00 
 1.14150000e-01  2.23415218e+00 
 1.14170000e-01  2.23425841e+00 
 1.14190000e-01  2.23436461e+00 
 1.14210000e-01  2.23447076e+00 
 1.14230000e-01  2.23457686e+00 
 1.14250000e-01  2.23468293e+00 
 1.14270000e-01  2.23478895e+00 
 1.14290000e-01  2.23489493e+00 
 1.14310000e-01  2.23500087e+00 
 1.14330000e-01  2.23510676e+00 
 1.14350000e-01  2.23521262e+00 
 1.14370000e-01  2.23531843e+00 
 1.14390000e-01  2.23542419e+00 
 1.14410000e-01  2.23552992e+00 
 1.14430000e-01  2.23563560e+00 
 1.14450000e-01  2.23574125e+00 
 1.14470000e-01  2.23584685e+00 
 1.14490000e-01  2.23595240e+00 
 1.14510000e-01  2.23605792e+00 
 1.14530000e-01  2.23616339e+00 
 1.14550000e-01  2.23626882e+00 
 1.14570000e-01  2.23637421e+00 
 1.14590000e-01  2.23647955e+00 
 1.14610000e-01  2.23658486e+00 
 1.14630000e-01  2.23669012e+00 
 1.14650000e-01  2.23679534e+00 
 1.14670000e-01  2.23690052e+00 
 1.14690000e-01  2.23700565e+00 
 1.14710000e-01  2.23711075e+00 
 1.14730000e-01  2.23721580e+00 
 1.14750000e-01  2.23732081e+00 
 1.14770000e-01  2.23742577e+00 
 1.14790000e-01  2.23753070e+00 
 1.14810000e-01  2.23763558e+00 
 1.14830000e-01  2.23774043e+00 
 1.14850000e-01  2.23784523e+00 
 1.14870000e-01  2.23794998e+00 
 1.14890000e-01  2.23805470e+00 
 1.14910000e-01  2.23815937e+00 
 1.14930000e-01  2.23826401e+00 
 1.14950000e-01  2.23836860e+00 
 1.14970000e-01  2.23847314e+00 
 1.14990000e-01  2.23857765e+00 
 1.15010000e-01  2.23868212e+00 
 1.15030000e-01  2.23878654e+00 
 1.15050000e-01  2.23889092e+00 
 1.15070000e-01  2.23899526e+00 
 1.15090000e-01  2.23909956e+00 
 1.15110000e-01  2.23920381e+00 
 1.15130000e-01  2.23930803e+00 
 1.15150000e-01  2.23941220e+00 
 1.15170000e-01  2.23951633e+00 
 1.15190000e-01  2.23962042e+00 
 1.15210000e-01  2.23972447e+00 
 1.15230000e-01  2.23982848e+00 
 1.15250000e-01  2.23993244e+00 
 1.15270000e-01  2.24003636e+00 
 1.15290000e-01  2.24014024e+00 
 1.15310000e-01  2.24024408e+00 
 1.15330000e-01  2.24034788e+00 
 1.15350000e-01  2.24045164e+00 
 1.15370000e-01  2.24055536e+00 
 1.15390000e-01  2.24065903e+00 
 1.15410000e-01  2.24076266e+00 
 1.15430000e-01  2.24086625e+00 
 1.15450000e-01  2.24096980e+00 
 1.15470000e-01  2.24107331e+00 
 1.15490000e-01  2.24117678e+00 
 1.15510000e-01  2.24128020e+00 
 1.15530000e-01  2.24138359e+00 
 1.15550000e-01  2.24148693e+00 
 1.15570000e-01  2.24159023e+00 
 1.15590000e-01  2.24169349e+00 
 1.15610000e-01  2.24179671e+00 
 1.15630000e-01  2.24189989e+00 
 1.15650000e-01  2.24200302e+00 
 1.15670000e-01  2.24210612e+00 
 1.15690000e-01  2.24220917e+00 
 1.15710000e-01  2.24231219e+00 
 1.15730000e-01  2.24241516e+00 
 1.15750000e-01  2.24251809e+00 
 1.15770000e-01  2.24262098e+00 
 1.15790000e-01  2.24272382e+00 
 1.15810000e-01  2.24282663e+00 
 1.15830000e-01  2.24292940e+00 
 1.15850000e-01  2.24303212e+00 
 1.15870000e-01  2.24313480e+00 
 1.15890000e-01  2.24323745e+00 
 1.15910000e-01  2.24334005e+00 
 1.15930000e-01  2.24344261e+00 
 1.15950000e-01  2.24354513e+00 
 1.15970000e-01  2.24364761e+00 
 1.15990000e-01  2.24375004e+00 
 1.16010000e-01  2.24385244e+00 
 1.16030000e-01  2.24395480e+00 
 1.16050000e-01  2.24405711e+00 
 1.16070000e-01  2.24415938e+00 
 1.16090000e-01  2.24426162e+00 
 1.16110000e-01  2.24436381e+00 
 1.16130000e-01  2.24446596e+00 
 1.16150000e-01  2.24456807e+00 
 1.16170000e-01  2.24467014e+00 
 1.16190000e-01  2.24477217e+00 
 1.16210000e-01  2.24487415e+00 
 1.16230000e-01  2.24497610e+00 
 1.16250000e-01  2.24507801e+00 
 1.16270000e-01  2.24517987e+00 
 1.16290000e-01  2.24528170e+00 
 1.16310000e-01  2.24538348e+00 
 1.16330000e-01  2.24548522e+00 
 1.16350000e-01  2.24558693e+00 
 1.16370000e-01  2.24568859e+00 
 1.16390000e-01  2.24579021e+00 
 1.16410000e-01  2.24589179e+00 
 1.16430000e-01  2.24599333e+00 
 1.16450000e-01  2.24609483e+00 
 1.16470000e-01  2.24619629e+00 
 1.16490000e-01  2.24629771e+00 
 1.16510000e-01  2.24639908e+00 
 1.16530000e-01  2.24650042e+00 
 1.16550000e-01  2.24660172e+00 
 1.16570000e-01  2.24670297e+00 
 1.16590000e-01  2.24680419e+00 
 1.16610000e-01  2.24690536e+00 
 1.16630000e-01  2.24700650e+00 
 1.16650000e-01  2.24710759e+00 
 1.16670000e-01  2.24720865e+00 
 1.16690000e-01  2.24730966e+00 
 1.16710000e-01  2.24741063e+00 
 1.16730000e-01  2.24751156e+00 
 1.16750000e-01  2.24761246e+00 
 1.16770000e-01  2.24771331e+00 
 1.16790000e-01  2.24781412e+00 
 1.16810000e-01  2.24791489e+00 
 1.16830000e-01  2.24801562e+00 
 1.16850000e-01  2.24811631e+00 
 1.16870000e-01  2.24821696e+00 
 1.16890000e-01  2.24831757e+00 
 1.16910000e-01  2.24841814e+00 
 1.16930000e-01  2.24851867e+00 
 1.16950000e-01  2.24861916e+00 
 1.16970000e-01  2.24871961e+00 
 1.16990000e-01  2.24882002e+00 
 1.17010000e-01  2.24892039e+00 
 1.17030000e-01  2.24902072e+00 
 1.17050000e-01  2.24912100e+00 
 1.17070000e-01  2.24922125e+00 
 1.17090000e-01  2.24932146e+00 
 1.17110000e-01  2.24942163e+00 
 1.17130000e-01  2.24952176e+00 
 1.17150000e-01  2.24962185e+00 
 1.17170000e-01  2.24972189e+00 
 1.17190000e-01  2.24982190e+00 
 1.17210000e-01  2.24992187e+00 
 1.17230000e-01  2.25002180e+00 
 1.17250000e-01  2.25012169e+00 
 1.17270000e-01  2.25022154e+00 
 1.17290000e-01  2.25032134e+00 
 1.17310000e-01  2.25042111e+00 
 1.17330000e-01  2.25052084e+00 
 1.17350000e-01  2.25062053e+00 
 1.17370000e-01  2.25072018e+00 
 1.17390000e-01  2.25081979e+00 
 1.17410000e-01  2.25091936e+00 
 1.17430000e-01  2.25101889e+00 
 1.17450000e-01  2.25111837e+00 
 1.17470000e-01  2.25121782e+00 
 1.17490000e-01  2.25131723e+00 
 1.17510000e-01  2.25141660e+00 
 1.17530000e-01  2.25151594e+00 
 1.17550000e-01  2.25161523e+00 
 1.17570000e-01  2.25171448e+00 
 1.17590000e-01  2.25181369e+00 
 1.17610000e-01  2.25191286e+00 
 1.17630000e-01  2.25201199e+00 
 1.17650000e-01  2.25211108e+00 
 1.17670000e-01  2.25221014e+00 
 1.17690000e-01  2.25230915e+00 
 1.17710000e-01  2.25240812e+00 
 1.17730000e-01  2.25250706e+00 
 1.17750000e-01  2.25260595e+00 
 1.17770000e-01  2.25270481e+00 
 1.17790000e-01  2.25280362e+00 
 1.17810000e-01  2.25290240e+00 
 1.17830000e-01  2.25300113e+00 
 1.17850000e-01  2.25309983e+00 
 1.17870000e-01  2.25319849e+00 
 1.17890000e-01  2.25329711e+00 
 1.17910000e-01  2.25339568e+00 
 1.17930000e-01  2.25349422e+00 
 1.17950000e-01  2.25359272e+00 
 1.17970000e-01  2.25369118e+00 
 1.17990000e-01  2.25378960e+00 
 1.18010000e-01  2.25388798e+00 
 1.18030000e-01  2.25398633e+00 
 1.18050000e-01  2.25408463e+00 
 1.18070000e-01  2.25418289e+00 
 1.18090000e-01  2.25428112e+00 
 1.18110000e-01  2.25437930e+00 
 1.18130000e-01  2.25447745e+00 
 1.18150000e-01  2.25457555e+00 
 1.18170000e-01  2.25467362e+00 
 1.18190000e-01  2.25477165e+00 
 1.18210000e-01  2.25486964e+00 
 1.18230000e-01  2.25496759e+00 
 1.18250000e-01  2.25506550e+00 
 1.18270000e-01  2.25516337e+00 
 1.18290000e-01  2.25526120e+00 
 1.18310000e-01  2.25535899e+00 
 1.18330000e-01  2.25545675e+00 
 1.18350000e-01  2.25555446e+00 
 1.18370000e-01  2.25565214e+00 
 1.18390000e-01  2.25574977e+00 
 1.18410000e-01  2.25584737e+00 
 1.18430000e-01  2.25594493e+00 
 1.18450000e-01  2.25604245e+00 
 1.18470000e-01  2.25613993e+00 
 1.18490000e-01  2.25623737e+00 
 1.18510000e-01  2.25633477e+00 
 1.18530000e-01  2.25643214e+00 
 1.18550000e-01  2.25652946e+00 
 1.18570000e-01  2.25662675e+00 
 1.18590000e-01  2.25672400e+00 
 1.18610000e-01  2.25682120e+00 
 1.18630000e-01  2.25691837e+00 
 1.18650000e-01  2.25701550e+00 
 1.18670000e-01  2.25711259e+00 
 1.18690000e-01  2.25720965e+00 
 1.18710000e-01  2.25730666e+00 
 1.18730000e-01  2.25740363e+00 
 1.18750000e-01  2.25750057e+00 
 1.18770000e-01  2.25759747e+00 
 1.18790000e-01  2.25769433e+00 
 1.18810000e-01  2.25779115e+00 
 1.18830000e-01  2.25788793e+00 
 1.18850000e-01  2.25798467e+00 
 1.18870000e-01  2.25808137e+00 
 1.18890000e-01  2.25817804e+00 
 1.18910000e-01  2.25827467e+00 
 1.18930000e-01  2.25837125e+00 
 1.18950000e-01  2.25846780e+00 
 1.18970000e-01  2.25856431e+00 
 1.18990000e-01  2.25866079e+00 
 1.19010000e-01  2.25875722e+00 
 1.19030000e-01  2.25885361e+00 
 1.19050000e-01  2.25894997e+00 
 1.19070000e-01  2.25904629e+00 
 1.19090000e-01  2.25914257e+00 
 1.19110000e-01  2.25923881e+00 
 1.19130000e-01  2.25933501e+00 
 1.19150000e-01  2.25943117e+00 
 1.19170000e-01  2.25952730e+00 
 1.19190000e-01  2.25962339e+00 
 1.19210000e-01  2.25971943e+00 
 1.19230000e-01  2.25981544e+00 
 1.19250000e-01  2.25991142e+00 
 1.19270000e-01  2.26000735e+00 
 1.19290000e-01  2.26010324e+00 
 1.19310000e-01  2.26019910e+00 
 1.19330000e-01  2.26029492e+00 
 1.19350000e-01  2.26039070e+00 
 1.19370000e-01  2.26048644e+00 
 1.19390000e-01  2.26058214e+00 
 1.19410000e-01  2.26067781e+00 
 1.19430000e-01  2.26077344e+00 
 1.19450000e-01  2.26086902e+00 
 1.19470000e-01  2.26096457e+00 
 1.19490000e-01  2.26106009e+00 
 1.19510000e-01  2.26115556e+00 
 1.19530000e-01  2.26125100e+00 
 1.19550000e-01  2.26134639e+00 
 1.19570000e-01  2.26144175e+00 
 1.19590000e-01  2.26153707e+00 
 1.19610000e-01  2.26163236e+00 
 1.19630000e-01  2.26172760e+00 
 1.19650000e-01  2.26182281e+00 
 1.19670000e-01  2.26191798e+00 
 1.19690000e-01  2.26201311e+00 
 1.19710000e-01  2.26210820e+00 
 1.19730000e-01  2.26220326e+00 
 1.19750000e-01  2.26229827e+00 
 1.19770000e-01  2.26239325e+00 
 1.19790000e-01  2.26248819e+00 
 1.19810000e-01  2.26258309e+00 
 1.19830000e-01  2.26267796e+00 
 1.19850000e-01  2.26277279e+00 
 1.19870000e-01  2.26286758e+00 
 1.19890000e-01  2.26296233e+00 
 1.19910000e-01  2.26305704e+00 
 1.19930000e-01  2.26315171e+00 
 1.19950000e-01  2.26324635e+00 
 1.19970000e-01  2.26334095e+00 
 1.19990000e-01  2.26343551e+00 
 1.20010000e-01  2.26353004e+00 
 1.20030000e-01  2.26362452e+00 
 1.20050000e-01  2.26371897e+00 
 1.20070000e-01  2.26381338e+00 
 1.20090000e-01  2.26390776e+00 
 1.20110000e-01  2.26400209e+00 
 1.20130000e-01  2.26409639e+00 
 1.20150000e-01  2.26419065e+00 
 1.20170000e-01  2.26428487e+00 
 1.20190000e-01  2.26437905e+00 
 1.20210000e-01  2.26447320e+00 
 1.20230000e-01  2.26456731e+00 
 1.20250000e-01  2.26466138e+00 
 1.20270000e-01  2.26475541e+00 
 1.20290000e-01  2.26484941e+00 
 1.20310000e-01  2.26494337e+00 
 1.20330000e-01  2.26503729e+00 
 1.20350000e-01  2.26513117e+00 
 1.20370000e-01  2.26522502e+00 
 1.20390000e-01  2.26531883e+00 
 1.20410000e-01  2.26541260e+00 
 1.20430000e-01  2.26550633e+00 
 1.20450000e-01  2.26560003e+00 
 1.20470000e-01  2.26569369e+00 
 1.20490000e-01  2.26578731e+00 
 1.20510000e-01  2.26588089e+00 
 1.20530000e-01  2.26597444e+00 
 1.20550000e-01  2.26606794e+00 
 1.20570000e-01  2.26616142e+00 
 1.20590000e-01  2.26625485e+00 
 1.20610000e-01  2.26634825e+00 
 1.20630000e-01  2.26644160e+00 
 1.20650000e-01  2.26653493e+00 
 1.20670000e-01  2.26662821e+00 
 1.20690000e-01  2.26672146e+00 
 1.20710000e-01  2.26681467e+00 
 1.20730000e-01  2.26690784e+00 
 1.20750000e-01  2.26700098e+00 
 1.20770000e-01  2.26709407e+00 
 1.20790000e-01  2.26718713e+00 
 1.20810000e-01  2.26728016e+00 
 1.20830000e-01  2.26737314e+00 
 1.20850000e-01  2.26746609e+00 
 1.20870000e-01  2.26755901e+00 
 1.20890000e-01  2.26765188e+00 
 1.20910000e-01  2.26774472e+00 
 1.20930000e-01  2.26783752e+00 
 1.20950000e-01  2.26793028e+00 
 1.20970000e-01  2.26802301e+00 
 1.20990000e-01  2.26811570e+00 
 1.21010000e-01  2.26820835e+00 
 1.21030000e-01  2.26830097e+00 
 1.21050000e-01  2.26839354e+00 
 1.21070000e-01  2.26848608e+00 
 1.21090000e-01  2.26857859e+00 
 1.21110000e-01  2.26867106e+00 
 1.21130000e-01  2.26876349e+00 
 1.21150000e-01  2.26885588e+00 
 1.21170000e-01  2.26894824e+00 
 1.21190000e-01  2.26904055e+00 
 1.21210000e-01  2.26913284e+00 
 1.21230000e-01  2.26922508e+00 
 1.21250000e-01  2.26931729e+00 
 1.21270000e-01  2.26940946e+00 
 1.21290000e-01  2.26950160e+00 
 1.21310000e-01  2.26959370e+00 
 1.21330000e-01  2.26968576e+00 
 1.21350000e-01  2.26977778e+00 
 1.21370000e-01  2.26986977e+00 
 1.21390000e-01  2.26996172e+00 
 1.21410000e-01  2.27005363e+00 
 1.21430000e-01  2.27014551e+00 
 1.21450000e-01  2.27023735e+00 
 1.21470000e-01  2.27032916e+00 
 1.21490000e-01  2.27042092e+00 
 1.21510000e-01  2.27051265e+00 
 1.21530000e-01  2.27060435e+00 
 1.21550000e-01  2.27069600e+00 
 1.21570000e-01  2.27078762e+00 
 1.21590000e-01  2.27087921e+00 
 1.21610000e-01  2.27097075e+00 
 1.21630000e-01  2.27106227e+00 
 1.21650000e-01  2.27115374e+00 
 1.21670000e-01  2.27124518e+00 
 1.21690000e-01  2.27133658e+00 
 1.21710000e-01  2.27142794e+00 
 1.21730000e-01  2.27151927e+00 
 1.21750000e-01  2.27161056e+00 
 1.21770000e-01  2.27170181e+00 
 1.21790000e-01  2.27179303e+00 
 1.21810000e-01  2.27188421e+00 
 1.21830000e-01  2.27197536e+00 
 1.21850000e-01  2.27206647e+00 
 1.21870000e-01  2.27215754e+00 
 1.21890000e-01  2.27224858e+00 
 1.21910000e-01  2.27233958e+00 
 1.21930000e-01  2.27243054e+00 
 1.21950000e-01  2.27252147e+00 
 1.21970000e-01  2.27261236e+00 
 1.21990000e-01  2.27270321e+00 
 1.22010000e-01  2.27279403e+00 
 1.22030000e-01  2.27288481e+00 
 1.22050000e-01  2.27297555e+00 
 1.22070000e-01  2.27306626e+00 
 1.22090000e-01  2.27315694e+00 
 1.22110000e-01  2.27324757e+00 
 1.22130000e-01  2.27333817e+00 
 1.22150000e-01  2.27342874e+00 
 1.22170000e-01  2.27351926e+00 
 1.22190000e-01  2.27360975e+00 
 1.22210000e-01  2.27370021e+00 
 1.22230000e-01  2.27379063e+00 
 1.22250000e-01  2.27388101e+00 
 1.22270000e-01  2.27397136e+00 
 1.22290000e-01  2.27406167e+00 
 1.22310000e-01  2.27415194e+00 
 1.22330000e-01  2.27424218e+00 
 1.22350000e-01  2.27433238e+00 
 1.22370000e-01  2.27442255e+00 
 1.22390000e-01  2.27451268e+00 
 1.22410000e-01  2.27460277e+00 
 1.22430000e-01  2.27469283e+00 
 1.22450000e-01  2.27478285e+00 
 1.22470000e-01  2.27487284e+00 
 1.22490000e-01  2.27496279e+00 
 1.22510000e-01  2.27505270e+00 
 1.22530000e-01  2.27514258e+00 
 1.22550000e-01  2.27523242e+00 
 1.22570000e-01  2.27532223e+00 
 1.22590000e-01  2.27541200e+00 
 1.22610000e-01  2.27550173e+00 
 1.22630000e-01  2.27559143e+00 
 1.22650000e-01  2.27568110e+00 
 1.22670000e-01  2.27577072e+00 
 1.22690000e-01  2.27586031e+00 
 1.22710000e-01  2.27594987e+00 
 1.22730000e-01  2.27603939e+00 
 1.22750000e-01  2.27612887e+00 
 1.22770000e-01  2.27621832e+00 
 1.22790000e-01  2.27630773e+00 
 1.22810000e-01  2.27639711e+00 
 1.22830000e-01  2.27648645e+00 
 1.22850000e-01  2.27657575e+00 
 1.22870000e-01  2.27666502e+00 
 1.22890000e-01  2.27675425e+00 
 1.22910000e-01  2.27684345e+00 
 1.22930000e-01  2.27693261e+00 
 1.22950000e-01  2.27702174e+00 
 1.22970000e-01  2.27711083e+00 
 1.22990000e-01  2.27719989e+00 
 1.23010000e-01  2.27728890e+00 
 1.23030000e-01  2.27737789e+00 
 1.23050000e-01  2.27746684e+00 
 1.23070000e-01  2.27755575e+00 
 1.23090000e-01  2.27764463e+00 
 1.23110000e-01  2.27773347e+00 
 1.23130000e-01  2.27782227e+00 
 1.23150000e-01  2.27791104e+00 
 1.23170000e-01  2.27799978e+00 
 1.23190000e-01  2.27808848e+00 
 1.23210000e-01  2.27817714e+00 
 1.23230000e-01  2.27826577e+00 
 1.23250000e-01  2.27835436e+00 
 1.23270000e-01  2.27844292e+00 
 1.23290000e-01  2.27853144e+00 
 1.23310000e-01  2.27861993e+00 
 1.23330000e-01  2.27870838e+00 
 1.23350000e-01  2.27879680e+00 
 1.23370000e-01  2.27888518e+00 
 1.23390000e-01  2.27897352e+00 
 1.23410000e-01  2.27906184e+00 
 1.23430000e-01  2.27915011e+00 
 1.23450000e-01  2.27923835e+00 
 1.23470000e-01  2.27932655e+00 
 1.23490000e-01  2.27941472e+00 
 1.23510000e-01  2.27950286e+00 
 1.23530000e-01  2.27959095e+00 
 1.23550000e-01  2.27967902e+00 
 1.23570000e-01  2.27976705e+00 
 1.23590000e-01  2.27985504e+00 
 1.23610000e-01  2.27994300e+00 
 1.23630000e-01  2.28003092e+00 
 1.23650000e-01  2.28011881e+00 
 1.23670000e-01  2.28020666e+00 
 1.23690000e-01  2.28029447e+00 
 1.23710000e-01  2.28038226e+00 
 1.23730000e-01  2.28047000e+00 
 1.23750000e-01  2.28055771e+00 
 1.23770000e-01  2.28064539e+00 
 1.23790000e-01  2.28073303e+00 
 1.23810000e-01  2.28082064e+00 
 1.23830000e-01  2.28090821e+00 
 1.23850000e-01  2.28099575e+00 
 1.23870000e-01  2.28108325e+00 
 1.23890000e-01  2.28117071e+00 
 1.23910000e-01  2.28125815e+00 
 1.23930000e-01  2.28134554e+00 
 1.23950000e-01  2.28143290e+00 
 1.23970000e-01  2.28152023e+00 
 1.23990000e-01  2.28160752e+00 
 1.24010000e-01  2.28169478e+00 
 1.24030000e-01  2.28178200e+00 
 1.24050000e-01  2.28186919e+00 
 1.24070000e-01  2.28195634e+00 
 1.24090000e-01  2.28204346e+00 
 1.24110000e-01  2.28213054e+00 
 1.24130000e-01  2.28221759e+00 
 1.24150000e-01  2.28230460e+00 
 1.24170000e-01  2.28239158e+00 
 1.24190000e-01  2.28247852e+00 
 1.24210000e-01  2.28256543e+00 
 1.24230000e-01  2.28265230e+00 
 1.24250000e-01  2.28273914e+00 
 1.24270000e-01  2.28282595e+00 
 1.24290000e-01  2.28291271e+00 
 1.24310000e-01  2.28299945e+00 
 1.24330000e-01  2.28308615e+00 
 1.24350000e-01  2.28317282e+00 
 1.24370000e-01  2.28325945e+00 
 1.24390000e-01  2.28334604e+00 
 1.24410000e-01  2.28343260e+00 
 1.24430000e-01  2.28351913e+00 
 1.24450000e-01  2.28360562e+00 
 1.24470000e-01  2.28369208e+00 
 1.24490000e-01  2.28377850e+00 
 1.24510000e-01  2.28386489e+00 
 1.24530000e-01  2.28395125e+00 
 1.24550000e-01  2.28403757e+00 
 1.24570000e-01  2.28412385e+00 
 1.24590000e-01  2.28421010e+00 
 1.24610000e-01  2.28429632e+00 
 1.24630000e-01  2.28438250e+00 
 1.24650000e-01  2.28446864e+00 
 1.24670000e-01  2.28455476e+00 
 1.24690000e-01  2.28464084e+00 
 1.24710000e-01  2.28472688e+00 
 1.24730000e-01  2.28481289e+00 
 1.24750000e-01  2.28489886e+00 
 1.24770000e-01  2.28498480e+00 
 1.24790000e-01  2.28507071e+00 
 1.24810000e-01  2.28515658e+00 
 1.24830000e-01  2.28524242e+00 
 1.24850000e-01  2.28532822e+00 
 1.24870000e-01  2.28541399e+00 
 1.24890000e-01  2.28549973e+00 
 1.24910000e-01  2.28558543e+00 
 1.24930000e-01  2.28567109e+00 
 1.24950000e-01  2.28575672e+00 
 1.24970000e-01  2.28584232e+00 
 1.24990000e-01  2.28592788e+00 
 1.25010000e-01  2.28601341e+00 
 1.25030000e-01  2.28609891e+00 
 1.25050000e-01  2.28618437e+00 
 1.25070000e-01  2.28626979e+00 
 1.25090000e-01  2.28635519e+00 
 1.25110000e-01  2.28644054e+00 
 1.25130000e-01  2.28652587e+00 
 1.25150000e-01  2.28661116e+00 
 1.25170000e-01  2.28669641e+00 
 1.25190000e-01  2.28678164e+00 
 1.25210000e-01  2.28686682e+00 
 1.25230000e-01  2.28695198e+00 
 1.25250000e-01  2.28703710e+00 
 1.25270000e-01  2.28712218e+00 
 1.25290000e-01  2.28720723e+00 
 1.25310000e-01  2.28729225e+00 
 1.25330000e-01  2.28737723e+00 
 1.25350000e-01  2.28746218e+00 
 1.25370000e-01  2.28754710e+00 
 1.25390000e-01  2.28763198e+00 
 1.25410000e-01  2.28771683e+00 
 1.25430000e-01  2.28780164e+00 
 1.25450000e-01  2.28788642e+00 
 1.25470000e-01  2.28797117e+00 
 1.25490000e-01  2.28805588e+00 
 1.25510000e-01  2.28814056e+00 
 1.25530000e-01  2.28822520e+00 
 1.25550000e-01  2.28830981e+00 
 1.25570000e-01  2.28839439e+00 
 1.25590000e-01  2.28847893e+00 
 1.25610000e-01  2.28856344e+00 
 1.25630000e-01  2.28864791e+00 
 1.25650000e-01  2.28873235e+00 
 1.25670000e-01  2.28881676e+00 
 1.25690000e-01  2.28890113e+00 
 1.25710000e-01  2.28898547e+00 
 1.25730000e-01  2.28906978e+00 
 1.25750000e-01  2.28915405e+00 
 1.25770000e-01  2.28923829e+00 
 1.25790000e-01  2.28932250e+00 
 1.25810000e-01  2.28940667e+00 
 1.25830000e-01  2.28949081e+00 
 1.25850000e-01  2.28957491e+00 
 1.25870000e-01  2.28965898e+00 
 1.25890000e-01  2.28974302e+00 
 1.25910000e-01  2.28982702e+00 
 1.25930000e-01  2.28991099e+00 
 1.25950000e-01  2.28999493e+00 
 1.25970000e-01  2.29007883e+00 
 1.25990000e-01  2.29016270e+00 
 1.26010000e-01  2.29024653e+00 
 1.26030000e-01  2.29033033e+00 
 1.26050000e-01  2.29041410e+00 
 1.26070000e-01  2.29049784e+00 
 1.26090000e-01  2.29058154e+00 
 1.26110000e-01  2.29066521e+00 
 1.26130000e-01  2.29074884e+00 
 1.26150000e-01  2.29083244e+00 
 1.26170000e-01  2.29091601e+00 
 1.26190000e-01  2.29099954e+00 
 1.26210000e-01  2.29108305e+00 
 1.26230000e-01  2.29116651e+00 
 1.26250000e-01  2.29124995e+00 
 1.26270000e-01  2.29133335e+00 
 1.26290000e-01  2.29141671e+00 
 1.26310000e-01  2.29150005e+00 
 1.26330000e-01  2.29158335e+00 
 1.26350000e-01  2.29166662e+00 
 1.26370000e-01  2.29174985e+00 
 1.26390000e-01  2.29183305e+00 
 1.26410000e-01  2.29191622e+00 
 1.26430000e-01  2.29199935e+00 
 1.26450000e-01  2.29208245e+00 
 1.26470000e-01  2.29216552e+00 
 1.26490000e-01  2.29224856e+00 
 1.26510000e-01  2.29233156e+00 
 1.26530000e-01  2.29241452e+00 
 1.26550000e-01  2.29249746e+00 
 1.26570000e-01  2.29258036e+00 
 1.26590000e-01  2.29266323e+00 
 1.26610000e-01  2.29274606e+00 
 1.26630000e-01  2.29282887e+00 
 1.26650000e-01  2.29291164e+00 
 1.26670000e-01  2.29299437e+00 
 1.26690000e-01  2.29307708e+00 
 1.26710000e-01  2.29315975e+00 
 1.26730000e-01  2.29324238e+00 
 1.26750000e-01  2.29332499e+00 
 1.26770000e-01  2.29340756e+00 
 1.26790000e-01  2.29349009e+00 
 1.26810000e-01  2.29357260e+00 
 1.26830000e-01  2.29365507e+00 
 1.26850000e-01  2.29373751e+00 
 1.26870000e-01  2.29381992e+00 
 1.26890000e-01  2.29390229e+00 
 1.26910000e-01  2.29398463e+00 
 1.26930000e-01  2.29406694e+00 
 1.26950000e-01  2.29414921e+00 
 1.26970000e-01  2.29423145e+00 
 1.26990000e-01  2.29431366e+00 
 1.27010000e-01  2.29439583e+00 
 1.27030000e-01  2.29447798e+00 
 1.27050000e-01  2.29456009e+00 
 1.27070000e-01  2.29464216e+00 
 1.27090000e-01  2.29472421e+00 
 1.27110000e-01  2.29480622e+00 
 1.27130000e-01  2.29488820e+00 
 1.27150000e-01  2.29497014e+00 
 1.27170000e-01  2.29505205e+00 
 1.27190000e-01  2.29513394e+00 
 1.27210000e-01  2.29521578e+00 
 1.27230000e-01  2.29529760e+00 
 1.27250000e-01  2.29537938e+00 
 1.27270000e-01  2.29546113e+00 
 1.27290000e-01  2.29554284e+00 
 1.27310000e-01  2.29562453e+00 
 1.27330000e-01  2.29570618e+00 
 1.27350000e-01  2.29578780e+00 
 1.27370000e-01  2.29586938e+00 
 1.27390000e-01  2.29595094e+00 
 1.27410000e-01  2.29603246e+00 
 1.27430000e-01  2.29611395e+00 
 1.27450000e-01  2.29619540e+00 
 1.27470000e-01  2.29627682e+00 
 1.27490000e-01  2.29635821e+00 
 1.27510000e-01  2.29643957e+00 
 1.27530000e-01  2.29652090e+00 
 1.27550000e-01  2.29660219e+00 
 1.27570000e-01  2.29668345e+00 
 1.27590000e-01  2.29676468e+00 
 1.27610000e-01  2.29684587e+00 
 1.27630000e-01  2.29692704e+00 
 1.27650000e-01  2.29700817e+00 
 1.27670000e-01  2.29708926e+00 
 1.27690000e-01  2.29717033e+00 
 1.27710000e-01  2.29725136e+00 
 1.27730000e-01  2.29733236e+00 
 1.27750000e-01  2.29741333e+00 
 1.27770000e-01  2.29749427e+00 
 1.27790000e-01  2.29757517e+00 
 1.27810000e-01  2.29765604e+00 
 1.27830000e-01  2.29773688e+00 
 1.27850000e-01  2.29781769e+00 
 1.27870000e-01  2.29789846e+00 
 1.27890000e-01  2.29797920e+00 
 1.27910000e-01  2.29805991e+00 
 1.27930000e-01  2.29814059e+00 
 1.27950000e-01  2.29822123e+00 
 1.27970000e-01  2.29830185e+00 
 1.27990000e-01  2.29838243e+00 
 1.28010000e-01  2.29846297e+00 
 1.28030000e-01  2.29854349e+00 
 1.28050000e-01  2.29862397e+00 
 1.28070000e-01  2.29870443e+00 
 1.28090000e-01  2.29878485e+00 
 1.28110000e-01  2.29886523e+00 
 1.28130000e-01  2.29894559e+00 
 1.28150000e-01  2.29902591e+00 
 1.28170000e-01  2.29910620e+00 
 1.28190000e-01  2.29918646e+00 
 1.28210000e-01  2.29926669e+00 
 1.28230000e-01  2.29934688e+00 
 1.28250000e-01  2.29942704e+00 
 1.28270000e-01  2.29950718e+00 
 1.28290000e-01  2.29958727e+00 
 1.28310000e-01  2.29966734e+00 
 1.28330000e-01  2.29974737e+00 
 1.28350000e-01  2.29982738e+00 
 1.28370000e-01  2.29990735e+00 
 1.28390000e-01  2.29998729e+00 
 1.28410000e-01  2.30006719e+00 
 1.28430000e-01  2.30014707e+00 
 1.28450000e-01  2.30022691e+00 
 1.28470000e-01  2.30030672e+00 
 1.28490000e-01  2.30038650e+00 
 1.28510000e-01  2.30046624e+00 
 1.28530000e-01  2.30054596e+00 
 1.28550000e-01  2.30062564e+00 
 1.28570000e-01  2.30070529e+00 
 1.28590000e-01  2.30078491e+00 
 1.28610000e-01  2.30086450e+00 
 1.28630000e-01  2.30094406e+00 
 1.28650000e-01  2.30102358e+00 
 1.28670000e-01  2.30110307e+00 
 1.28690000e-01  2.30118253e+00 
 1.28710000e-01  2.30126196e+00 
 1.28730000e-01  2.30134136e+00 
 1.28750000e-01  2.30142072e+00 
 1.28770000e-01  2.30150006e+00 
 1.28790000e-01  2.30157936e+00 
 1.28810000e-01  2.30165863e+00 
 1.28830000e-01  2.30173786e+00 
 1.28850000e-01  2.30181707e+00 
 1.28870000e-01  2.30189625e+00 
 1.28890000e-01  2.30197539e+00 
 1.28910000e-01  2.30205450e+00 
 1.28930000e-01  2.30213358e+00 
 1.28950000e-01  2.30221263e+00 
 1.28970000e-01  2.30229164e+00 
 1.28990000e-01  2.30237063e+00 
 1.29010000e-01  2.30244958e+00 
 1.29030000e-01  2.30252850e+00 
 1.29050000e-01  2.30260739e+00 
 1.29070000e-01  2.30268625e+00 
 1.29090000e-01  2.30276508e+00 
 1.29110000e-01  2.30284388e+00 
 1.29130000e-01  2.30292264e+00 
 1.29150000e-01  2.30300137e+00 
 1.29170000e-01  2.30308007e+00 
 1.29190000e-01  2.30315874e+00 
 1.29210000e-01  2.30323738e+00 
 1.29230000e-01  2.30331599e+00 
 1.29250000e-01  2.30339456e+00 
 1.29270000e-01  2.30347311e+00 
 1.29290000e-01  2.30355162e+00 
 1.29310000e-01  2.30363010e+00 
 1.29330000e-01  2.30370855e+00 
 1.29350000e-01  2.30378697e+00 
 1.29370000e-01  2.30386535e+00 
 1.29390000e-01  2.30394371e+00 
 1.29410000e-01  2.30402203e+00 
 1.29430000e-01  2.30410033e+00 
 1.29450000e-01  2.30417859e+00 
 1.29470000e-01  2.30425682e+00 
 1.29490000e-01  2.30433502e+00 
 1.29510000e-01  2.30441319e+00 
 1.29530000e-01  2.30449132e+00 
 1.29550000e-01  2.30456943e+00 
 1.29570000e-01  2.30464750e+00 
 1.29590000e-01  2.30472554e+00 
 1.29610000e-01  2.30480356e+00 
 1.29630000e-01  2.30488154e+00 
 1.29650000e-01  2.30495949e+00 
 1.29670000e-01  2.30503740e+00 
 1.29690000e-01  2.30511529e+00 
 1.29710000e-01  2.30519315e+00 
 1.29730000e-01  2.30527097e+00 
 1.29750000e-01  2.30534876e+00 
 1.29770000e-01  2.30542653e+00 
 1.29790000e-01  2.30550426e+00 
 1.29810000e-01  2.30558196e+00 
 1.29830000e-01  2.30565963e+00 
 1.29850000e-01  2.30573726e+00 
 1.29870000e-01  2.30581487e+00 
 1.29890000e-01  2.30589245e+00 
 1.29910000e-01  2.30596999e+00 
 1.29930000e-01  2.30604751e+00 
 1.29950000e-01  2.30612499e+00 
 1.29970000e-01  2.30620244e+00 
 1.29990000e-01  2.30627986e+00 
 1.30010000e-01  2.30635725e+00 
 1.30030000e-01  2.30643461e+00 
 1.30050000e-01  2.30651194e+00 
 1.30070000e-01  2.30658924e+00 
 1.30090000e-01  2.30666650e+00 
 1.30110000e-01  2.30674374e+00 
 1.30130000e-01  2.30682094e+00 
 1.30150000e-01  2.30689812e+00 
 1.30170000e-01  2.30697526e+00 
 1.30190000e-01  2.30705237e+00 
 1.30210000e-01  2.30712945e+00 
 1.30230000e-01  2.30720650e+00 
 1.30250000e-01  2.30728352e+00 
 1.30270000e-01  2.30736051e+00 
 1.30290000e-01  2.30743747e+00 
 1.30310000e-01  2.30751439e+00 
 1.30330000e-01  2.30759129e+00 
 1.30350000e-01  2.30766816e+00 
 1.30370000e-01  2.30774499e+00 
 1.30390000e-01  2.30782179e+00 
 1.30410000e-01  2.30789857e+00 
 1.30430000e-01  2.30797531e+00 
 1.30450000e-01  2.30805202e+00 
 1.30470000e-01  2.30812870e+00 
 1.30490000e-01  2.30820535e+00 
 1.30510000e-01  2.30828197e+00 
 1.30530000e-01  2.30835856e+00 
 1.30550000e-01  2.30843512e+00 
 1.30570000e-01  2.30851165e+00 
 1.30590000e-01  2.30858815e+00 
 1.30610000e-01  2.30866461e+00 
 1.30630000e-01  2.30874105e+00 
 1.30650000e-01  2.30881746e+00 
 1.30670000e-01  2.30889383e+00 
 1.30690000e-01  2.30897018e+00 
 1.30710000e-01  2.30904649e+00 
 1.30730000e-01  2.30912277e+00 
 1.30750000e-01  2.30919903e+00 
 1.30770000e-01  2.30927525e+00 
 1.30790000e-01  2.30935144e+00 
 1.30810000e-01  2.30942760e+00 
 1.30830000e-01  2.30950373e+00 
 1.30850000e-01  2.30957983e+00 
 1.30870000e-01  2.30965590e+00 
 1.30890000e-01  2.30973194e+00 
 1.30910000e-01  2.30980795e+00 
 1.30930000e-01  2.30988393e+00 
 1.30950000e-01  2.30995988e+00 
 1.30970000e-01  2.31003580e+00 
 1.30990000e-01  2.31011169e+00 
 1.31010000e-01  2.31018755e+00 
 1.31030000e-01  2.31026337e+00 
 1.31050000e-01  2.31033917e+00 
 1.31070000e-01  2.31041494e+00 
 1.31090000e-01  2.31049067e+00 
 1.31110000e-01  2.31056638e+00 
 1.31130000e-01  2.31064205e+00 
 1.31150000e-01  2.31071770e+00 
 1.31170000e-01  2.31079331e+00 
 1.31190000e-01  2.31086890e+00 
 1.31210000e-01  2.31094445e+00 
 1.31230000e-01  2.31101998e+00 
 1.31250000e-01  2.31109547e+00 
 1.31270000e-01  2.31117094e+00 
 1.31290000e-01  2.31124637e+00 
 1.31310000e-01  2.31132178e+00 
 1.31330000e-01  2.31139715e+00 
 1.31350000e-01  2.31147249e+00 
 1.31370000e-01  2.31154781e+00 
 1.31390000e-01  2.31162309e+00 
 1.31410000e-01  2.31169834e+00 
 1.31430000e-01  2.31177356e+00 
 1.31450000e-01  2.31184876e+00 
 1.31470000e-01  2.31192392e+00 
 1.31490000e-01  2.31199905e+00 
 1.31510000e-01  2.31207416e+00 
 1.31530000e-01  2.31214923e+00 
 1.31550000e-01  2.31222427e+00 
 1.31570000e-01  2.31229928e+00 
 1.31590000e-01  2.31237427e+00 
 1.31610000e-01  2.31244922e+00 
 1.31630000e-01  2.31252414e+00 
 1.31650000e-01  2.31259904e+00 
 1.31670000e-01  2.31267390e+00 
 1.31690000e-01  2.31274873e+00 
 1.31710000e-01  2.31282353e+00 
 1.31730000e-01  2.31289831e+00 
 1.31750000e-01  2.31297305e+00 
 1.31770000e-01  2.31304776e+00 
 1.31790000e-01  2.31312245e+00 
 1.31810000e-01  2.31319710e+00 
 1.31830000e-01  2.31327172e+00 
 1.31850000e-01  2.31334632e+00 
 1.31870000e-01  2.31342088e+00 
 1.31890000e-01  2.31349542e+00 
 1.31910000e-01  2.31356992e+00 
 1.31930000e-01  2.31364440e+00 
 1.31950000e-01  2.31371884e+00 
 1.31970000e-01  2.31379325e+00 
 1.31990000e-01  2.31386764e+00 
 1.32010000e-01  2.31394200e+00 
 1.32030000e-01  2.31401632e+00 
 1.32050000e-01  2.31409062e+00 
 1.32070000e-01  2.31416488e+00 
 1.32090000e-01  2.31423912e+00 
 1.32110000e-01  2.31431333e+00 
 1.32130000e-01  2.31438750e+00 
 1.32150000e-01  2.31446165e+00 
 1.32170000e-01  2.31453577e+00 
 1.32190000e-01  2.31460986e+00 
 1.32210000e-01  2.31468392e+00 
 1.32230000e-01  2.31475795e+00 
 1.32250000e-01  2.31483195e+00 
 1.32270000e-01  2.31490592e+00 
 1.32290000e-01  2.31497986e+00 
 1.32310000e-01  2.31505377e+00 
 1.32330000e-01  2.31512765e+00 
 1.32350000e-01  2.31520150e+00 
 1.32370000e-01  2.31527532e+00 
 1.32390000e-01  2.31534911e+00 
 1.32410000e-01  2.31542288e+00 
 1.32430000e-01  2.31549661e+00 
 1.32450000e-01  2.31557031e+00 
 1.32470000e-01  2.31564399e+00 
 1.32490000e-01  2.31571763e+00 
 1.32510000e-01  2.31579125e+00 
 1.32530000e-01  2.31586484e+00 
 1.32550000e-01  2.31593839e+00 
 1.32570000e-01  2.31601192e+00 
 1.32590000e-01  2.31608542e+00 
 1.32610000e-01  2.31615889e+00 
 1.32630000e-01  2.31623233e+00 
 1.32650000e-01  2.31630574e+00 
 1.32670000e-01  2.31637912e+00 
 1.32690000e-01  2.31645247e+00 
 1.32710000e-01  2.31652579e+00 
 1.32730000e-01  2.31659908e+00 
 1.32750000e-01  2.31667235e+00 
 1.32770000e-01  2.31674558e+00 
 1.32790000e-01  2.31681878e+00 
 1.32810000e-01  2.31689196e+00 
 1.32830000e-01  2.31696510e+00 
 1.32850000e-01  2.31703822e+00 
 1.32870000e-01  2.31711131e+00 
 1.32890000e-01  2.31718437e+00 
 1.32910000e-01  2.31725740e+00 
 1.32930000e-01  2.31733040e+00 
 1.32950000e-01  2.31740337e+00 
 1.32970000e-01  2.31747631e+00 
 1.32990000e-01  2.31754922e+00 
 1.33010000e-01  2.31762210e+00 
 1.33030000e-01  2.31769496e+00 
 1.33050000e-01  2.31776778e+00 
 1.33070000e-01  2.31784058e+00 
 1.33090000e-01  2.31791335e+00 
 1.33110000e-01  2.31798608e+00 
 1.33130000e-01  2.31805879e+00 
 1.33150000e-01  2.31813147e+00 
 1.33170000e-01  2.31820412e+00 
 1.33190000e-01  2.31827674e+00 
 1.33210000e-01  2.31834934e+00 
 1.33230000e-01  2.31842190e+00 
 1.33250000e-01  2.31849443e+00 
 1.33270000e-01  2.31856694e+00 
 1.33290000e-01  2.31863941e+00 
 1.33310000e-01  2.31871186e+00 
 1.33330000e-01  2.31878428e+00 
 1.33350000e-01  2.31885667e+00 
 1.33370000e-01  2.31892903e+00 
 1.33390000e-01  2.31900136e+00 
 1.33410000e-01  2.31907366e+00 
 1.33430000e-01  2.31914594e+00 
 1.33450000e-01  2.31921818e+00 
 1.33470000e-01  2.31929040e+00 
 1.33490000e-01  2.31936258e+00 
 1.33510000e-01  2.31943474e+00 
 1.33530000e-01  2.31950687e+00 
 1.33550000e-01  2.31957897e+00 
 1.33570000e-01  2.31965104e+00 
 1.33590000e-01  2.31972309e+00 
 1.33610000e-01  2.31979510e+00 
 1.33630000e-01  2.31986708e+00 
 1.33650000e-01  2.31993904e+00 
 1.33670000e-01  2.32001097e+00 
 1.33690000e-01  2.32008287e+00 
 1.33710000e-01  2.32015474e+00 
 1.33730000e-01  2.32022658e+00 
 1.33750000e-01  2.32029839e+00 
 1.33770000e-01  2.32037017e+00 
 1.33790000e-01  2.32044193e+00 
 1.33810000e-01  2.32051366e+00 
 1.33830000e-01  2.32058535e+00 
 1.33850000e-01  2.32065702e+00 
 1.33870000e-01  2.32072866e+00 
 1.33890000e-01  2.32080027e+00 
 1.33910000e-01  2.32087186e+00 
 1.33930000e-01  2.32094341e+00 
 1.33950000e-01  2.32101494e+00 
 1.33970000e-01  2.32108643e+00 
 1.33990000e-01  2.32115790e+00 
 1.34010000e-01  2.32122934e+00 
 1.34030000e-01  2.32130075e+00 
 1.34050000e-01  2.32137214e+00 
 1.34070000e-01  2.32144349e+00 
 1.34090000e-01  2.32151482e+00 
 1.34110000e-01  2.32158612e+00 
 1.34130000e-01  2.32165738e+00 
 1.34150000e-01  2.32172862e+00 
 1.34170000e-01  2.32179984e+00 
 1.34190000e-01  2.32187102e+00 
 1.34210000e-01  2.32194217e+00 
 1.34230000e-01  2.32201330e+00 
 1.34250000e-01  2.32208440e+00 
 1.34270000e-01  2.32215547e+00 
 1.34290000e-01  2.32222651e+00 
 1.34310000e-01  2.32229752e+00 
 1.34330000e-01  2.32236851e+00 
 1.34350000e-01  2.32243946e+00 
 1.34370000e-01  2.32251039e+00 
 1.34390000e-01  2.32258129e+00 
 1.34410000e-01  2.32265216e+00 
 1.34430000e-01  2.32272300e+00 
 1.34450000e-01  2.32279382e+00 
 1.34470000e-01  2.32286460e+00 
 1.34490000e-01  2.32293536e+00 
 1.34510000e-01  2.32300609e+00 
 1.34530000e-01  2.32307679e+00 
 1.34550000e-01  2.32314746e+00 
 1.34570000e-01  2.32321811e+00 
 1.34590000e-01  2.32328872e+00 
 1.34610000e-01  2.32335931e+00 
 1.34630000e-01  2.32342987e+00 
 1.34650000e-01  2.32350040e+00 
 1.34670000e-01  2.32357091e+00 
 1.34690000e-01  2.32364138e+00 
 1.34710000e-01  2.32371183e+00 
 1.34730000e-01  2.32378225e+00 
 1.34750000e-01  2.32385264e+00 
 1.34770000e-01  2.32392300e+00 
 1.34790000e-01  2.32399333e+00 
 1.34810000e-01  2.32406364e+00 
 1.34830000e-01  2.32413392e+00 
 1.34850000e-01  2.32420417e+00 
 1.34870000e-01  2.32427439e+00 
 1.34890000e-01  2.32434458e+00 
 1.34910000e-01  2.32441475e+00 
 1.34930000e-01  2.32448489e+00 
 1.34950000e-01  2.32455500e+00 
 1.34970000e-01  2.32462508e+00 
 1.34990000e-01  2.32469513e+00 
 1.35010000e-01  2.32476516e+00 
 1.35030000e-01  2.32483515e+00 
 1.35050000e-01  2.32490512e+00 
 1.35070000e-01  2.32497506e+00 
 1.35090000e-01  2.32504498e+00 
 1.35110000e-01  2.32511486e+00 
 1.35130000e-01  2.32518472e+00 
 1.35150000e-01  2.32525455e+00 
 1.35170000e-01  2.32532435e+00 
 1.35190000e-01  2.32539413e+00 
 1.35210000e-01  2.32546387e+00 
 1.35230000e-01  2.32553359e+00 
 1.35250000e-01  2.32560328e+00 
 1.35270000e-01  2.32567294e+00 
 1.35290000e-01  2.32574258e+00 
 1.35310000e-01  2.32581218e+00 
 1.35330000e-01  2.32588176e+00 
 1.35350000e-01  2.32595131e+00 
 1.35370000e-01  2.32602084e+00 
 1.35390000e-01  2.32609033e+00 
 1.35410000e-01  2.32615980e+00 
 1.35430000e-01  2.32622924e+00 
 1.35450000e-01  2.32629865e+00 
 1.35470000e-01  2.32636803e+00 
 1.35490000e-01  2.32643739e+00 
 1.35510000e-01  2.32650672e+00 
 1.35530000e-01  2.32657602e+00 
 1.35550000e-01  2.32664529e+00 
 1.35570000e-01  2.32671454e+00 
 1.35590000e-01  2.32678376e+00 
 1.35610000e-01  2.32685295e+00 
 1.35630000e-01  2.32692211e+00 
 1.35650000e-01  2.32699125e+00 
 1.35670000e-01  2.32706035e+00 
 1.35690000e-01  2.32712943e+00 
 1.35710000e-01  2.32719848e+00 
 1.35730000e-01  2.32726751e+00 
 1.35750000e-01  2.32733651e+00 
 1.35770000e-01  2.32740547e+00 
 1.35790000e-01  2.32747442e+00 
 1.35810000e-01  2.32754333e+00 
 1.35830000e-01  2.32761222e+00 
 1.35850000e-01  2.32768108e+00 
 1.35870000e-01  2.32774991e+00 
 1.35890000e-01  2.32781871e+00 
 1.35910000e-01  2.32788749e+00 
 1.35930000e-01  2.32795624e+00 
 1.35950000e-01  2.32802496e+00 
 1.35970000e-01  2.32809365e+00 
 1.35990000e-01  2.32816232e+00 
 1.36010000e-01  2.32823096e+00 
 1.36030000e-01  2.32829957e+00 
 1.36050000e-01  2.32836815e+00 
 1.36070000e-01  2.32843671e+00 
 1.36090000e-01  2.32850524e+00 
 1.36110000e-01  2.32857374e+00 
 1.36130000e-01  2.32864221e+00 
 1.36150000e-01  2.32871066e+00 
 1.36170000e-01  2.32877908e+00 
 1.36190000e-01  2.32884747e+00 
 1.36210000e-01  2.32891584e+00 
 1.36230000e-01  2.32898417e+00 
 1.36250000e-01  2.32905248e+00 
 1.36270000e-01  2.32912077e+00 
 1.36290000e-01  2.32918902e+00 
 1.36310000e-01  2.32925725e+00 
 1.36330000e-01  2.32932545e+00 
 1.36350000e-01  2.32939363e+00 
 1.36370000e-01  2.32946177e+00 
 1.36390000e-01  2.32952989e+00 
 1.36410000e-01  2.32959798e+00 
 1.36430000e-01  2.32966605e+00 
 1.36450000e-01  2.32973409e+00 
 1.36470000e-01  2.32980210e+00 
 1.36490000e-01  2.32987008e+00 
 1.36510000e-01  2.32993804e+00 
 1.36530000e-01  2.33000596e+00 
 1.36550000e-01  2.33007387e+00 
 1.36570000e-01  2.33014174e+00 
 1.36590000e-01  2.33020959e+00 
 1.36610000e-01  2.33027741e+00 
 1.36630000e-01  2.33034520e+00 
 1.36650000e-01  2.33041297e+00 
 1.36670000e-01  2.33048071e+00 
 1.36690000e-01  2.33054842e+00 
 1.36710000e-01  2.33061610e+00 
 1.36730000e-01  2.33068376e+00 
 1.36750000e-01  2.33075139e+00 
 1.36770000e-01  2.33081899e+00 
 1.36790000e-01  2.33088657e+00 
 1.36810000e-01  2.33095412e+00 
 1.36830000e-01  2.33102164e+00 
 1.36850000e-01  2.33108914e+00 
 1.36870000e-01  2.33115661e+00 
 1.36890000e-01  2.33122405e+00 
 1.36910000e-01  2.33129146e+00 
 1.36930000e-01  2.33135885e+00 
 1.36950000e-01  2.33142621e+00 
 1.36970000e-01  2.33149354e+00 
 1.36990000e-01  2.33156085e+00 
 1.37010000e-01  2.33162813e+00 
 1.37030000e-01  2.33169538e+00 
 1.37050000e-01  2.33176261e+00 
 1.37070000e-01  2.33182981e+00 
 1.37090000e-01  2.33189698e+00 
 1.37110000e-01  2.33196413e+00 
 1.37130000e-01  2.33203124e+00 
 1.37150000e-01  2.33209834e+00 
 1.37170000e-01  2.33216540e+00 
 1.37190000e-01  2.33223244e+00 
 1.37210000e-01  2.33229945e+00 
 1.37230000e-01  2.33236643e+00 
 1.37250000e-01  2.33243339e+00 
 1.37270000e-01  2.33250032e+00 
 1.37290000e-01  2.33256723e+00 
 1.37310000e-01  2.33263410e+00 
 1.37330000e-01  2.33270095e+00 
 1.37350000e-01  2.33276778e+00 
 1.37370000e-01  2.33283458e+00 
 1.37390000e-01  2.33290135e+00 
 1.37410000e-01  2.33296809e+00 
 1.37430000e-01  2.33303481e+00 
 1.37450000e-01  2.33310150e+00 
 1.37470000e-01  2.33316816e+00 
 1.37490000e-01  2.33323480e+00 
 1.37510000e-01  2.33330141e+00 
 1.37530000e-01  2.33336799e+00 
 1.37550000e-01  2.33343455e+00 
 1.37570000e-01  2.33350108e+00 
 1.37590000e-01  2.33356758e+00 
 1.37610000e-01  2.33363406e+00 
 1.37630000e-01  2.33370051e+00 
 1.37650000e-01  2.33376693e+00 
 1.37670000e-01  2.33383333e+00 
 1.37690000e-01  2.33389970e+00 
 1.37710000e-01  2.33396605e+00 
 1.37730000e-01  2.33403237e+00 
 1.37750000e-01  2.33409866e+00 
 1.37770000e-01  2.33416492e+00 
 1.37790000e-01  2.33423116e+00 
 1.37810000e-01  2.33429737e+00 
 1.37830000e-01  2.33436356e+00 
 1.37850000e-01  2.33442972e+00 
 1.37870000e-01  2.33449585e+00 
 1.37890000e-01  2.33456195e+00 
 1.37910000e-01  2.33462803e+00 
 1.37930000e-01  2.33469409e+00 
 1.37950000e-01  2.33476011e+00 
 1.37970000e-01  2.33482611e+00 
 1.37990000e-01  2.33489209e+00 
 1.38010000e-01  2.33495804e+00 
 1.38030000e-01  2.33502396e+00 
 1.38050000e-01  2.33508985e+00 
 1.38070000e-01  2.33515572e+00 
 1.38090000e-01  2.33522156e+00 
 1.38110000e-01  2.33528738e+00 
 1.38130000e-01  2.33535317e+00 
 1.38150000e-01  2.33541893e+00 
 1.38170000e-01  2.33548467e+00 
 1.38190000e-01  2.33555038e+00 
 1.38210000e-01  2.33561606e+00 
 1.38230000e-01  2.33568172e+00 
 1.38250000e-01  2.33574735e+00 
 1.38270000e-01  2.33581296e+00 
 1.38290000e-01  2.33587854e+00 
 1.38310000e-01  2.33594409e+00 
 1.38330000e-01  2.33600962e+00 
 1.38350000e-01  2.33607512e+00 
 1.38370000e-01  2.33614059e+00 
 1.38390000e-01  2.33620604e+00 
 1.38410000e-01  2.33627146e+00 
 1.38430000e-01  2.33633686e+00 
 1.38450000e-01  2.33640223e+00 
 1.38470000e-01  2.33646757e+00 
 1.38490000e-01  2.33653289e+00 
 1.38510000e-01  2.33659818e+00 
 1.38530000e-01  2.33666345e+00 
 1.38550000e-01  2.33672869e+00 
 1.38570000e-01  2.33679390e+00 
 1.38590000e-01  2.33685909e+00 
 1.38610000e-01  2.33692425e+00 
 1.38630000e-01  2.33698938e+00 
 1.38650000e-01  2.33705449e+00 
 1.38670000e-01  2.33711957e+00 
 1.38690000e-01  2.33718463e+00 
 1.38710000e-01  2.33724966e+00 
 1.38730000e-01  2.33731467e+00 
 1.38750000e-01  2.33737964e+00 
 1.38770000e-01  2.33744460e+00 
 1.38790000e-01  2.33750952e+00 
 1.38810000e-01  2.33757443e+00 
 1.38830000e-01  2.33763930e+00 
 1.38850000e-01  2.33770415e+00 
 1.38870000e-01  2.33776897e+00 
 1.38890000e-01  2.33783377e+00 
 1.38910000e-01  2.33789854e+00 
 1.38930000e-01  2.33796329e+00 
 1.38950000e-01  2.33802800e+00 
 1.38970000e-01  2.33809270e+00 
 1.38990000e-01  2.33815737e+00 
 1.39010000e-01  2.33822201e+00 
 1.39030000e-01  2.33828662e+00 
 1.39050000e-01  2.33835121e+00 
 1.39070000e-01  2.33841578e+00 
 1.39090000e-01  2.33848032e+00 
 1.39110000e-01  2.33854483e+00 
 1.39130000e-01  2.33860932e+00 
 1.39150000e-01  2.33867378e+00 
 1.39170000e-01  2.33873821e+00 
 1.39190000e-01  2.33880262e+00 
 1.39210000e-01  2.33886701e+00 
 1.39230000e-01  2.33893136e+00 
 1.39250000e-01  2.33899570e+00 
 1.39270000e-01  2.33906000e+00 
 1.39290000e-01  2.33912428e+00 
 1.39310000e-01  2.33918854e+00 
 1.39330000e-01  2.33925277e+00 
 1.39350000e-01  2.33931697e+00 
 1.39370000e-01  2.33938115e+00 
 1.39390000e-01  2.33944530e+00 
 1.39410000e-01  2.33950943e+00 
 1.39430000e-01  2.33957353e+00 
 1.39450000e-01  2.33963760e+00 
 1.39470000e-01  2.33970165e+00 
 1.39490000e-01  2.33976568e+00 
 1.39510000e-01  2.33982968e+00 
 1.39530000e-01  2.33989365e+00 
 1.39550000e-01  2.33995760e+00 
 1.39570000e-01  2.34002152e+00 
 1.39590000e-01  2.34008542e+00 
 1.39610000e-01  2.34014929e+00 
 1.39630000e-01  2.34021313e+00 
 1.39650000e-01  2.34027695e+00 
 1.39670000e-01  2.34034074e+00 
 1.39690000e-01  2.34040451e+00 
 1.39710000e-01  2.34046826e+00 
 1.39730000e-01  2.34053197e+00 
 1.39750000e-01  2.34059567e+00 
 1.39770000e-01  2.34065933e+00 
 1.39790000e-01  2.34072297e+00 
 1.39810000e-01  2.34078659e+00 
 1.39830000e-01  2.34085018e+00 
 1.39850000e-01  2.34091374e+00 
 1.39870000e-01  2.34097728e+00 
 1.39890000e-01  2.34104080e+00 
 1.39910000e-01  2.34110429e+00 
 1.39930000e-01  2.34116775e+00 
 1.39950000e-01  2.34123119e+00 
 1.39970000e-01  2.34129460e+00 
 1.39990000e-01  2.34135799e+00 
 1.40010000e-01  2.34142135e+00 
 1.40030000e-01  2.34148469e+00 
 1.40050000e-01  2.34154800e+00 
 1.40070000e-01  2.34161128e+00 
 1.40090000e-01  2.34167454e+00 
 1.40110000e-01  2.34173778e+00 
 1.40130000e-01  2.34180099e+00 
 1.40150000e-01  2.34186417e+00 
 1.40170000e-01  2.34192733e+00 
 1.40190000e-01  2.34199047e+00 
 1.40210000e-01  2.34205358e+00 
 1.40230000e-01  2.34211666e+00 
 1.40250000e-01  2.34217972e+00 
 1.40270000e-01  2.34224275e+00 
 1.40290000e-01  2.34230576e+00 
 1.40310000e-01  2.34236874e+00 
 1.40330000e-01  2.34243170e+00 
 1.40350000e-01  2.34249463e+00 
 1.40370000e-01  2.34255754e+00 
 1.40390000e-01  2.34262042e+00 
 1.40410000e-01  2.34268328e+00 
 1.40430000e-01  2.34274611e+00 
 1.40450000e-01  2.34280892e+00 
 1.40470000e-01  2.34287170e+00 
 1.40490000e-01  2.34293445e+00 
 1.40510000e-01  2.34299718e+00 
 1.40530000e-01  2.34305989e+00 
 1.40550000e-01  2.34312257e+00 
 1.40570000e-01  2.34318523e+00 
 1.40590000e-01  2.34324786e+00 
 1.40610000e-01  2.34331047e+00 
 1.40630000e-01  2.34337305e+00 
 1.40650000e-01  2.34343560e+00 
 1.40670000e-01  2.34349813e+00 
 1.40690000e-01  2.34356064e+00 
 1.40710000e-01  2.34362312e+00 
 1.40730000e-01  2.34368558e+00 
 1.40750000e-01  2.34374801e+00 
 1.40770000e-01  2.34381041e+00 
 1.40790000e-01  2.34387279e+00 
 1.40810000e-01  2.34393515e+00 
 1.40830000e-01  2.34399748e+00 
 1.40850000e-01  2.34405979e+00 
 1.40870000e-01  2.34412207e+00 
 1.40890000e-01  2.34418433e+00 
 1.40910000e-01  2.34424656e+00 
 1.40930000e-01  2.34430876e+00 
 1.40950000e-01  2.34437095e+00 
 1.40970000e-01  2.34443310e+00 
 1.40990000e-01  2.34449523e+00 
 1.41010000e-01  2.34455734e+00 
 1.41030000e-01  2.34461942e+00 
 1.41050000e-01  2.34468148e+00 
 1.41070000e-01  2.34474351e+00 
 1.41090000e-01  2.34480552e+00 
 1.41110000e-01  2.34486750e+00 
 1.41130000e-01  2.34492946e+00 
 1.41150000e-01  2.34499140e+00 
 1.41170000e-01  2.34505331e+00 
 1.41190000e-01  2.34511519e+00 
 1.41210000e-01  2.34517705e+00 
 1.41230000e-01  2.34523888e+00 
 1.41250000e-01  2.34530069e+00 
 1.41270000e-01  2.34536248e+00 
 1.41290000e-01  2.34542424e+00 
 1.41310000e-01  2.34548597e+00 
 1.41330000e-01  2.34554768e+00 
 1.41350000e-01  2.34560937e+00 
 1.41370000e-01  2.34567103e+00 
 1.41390000e-01  2.34573267e+00 
 1.41410000e-01  2.34579428e+00 
 1.41430000e-01  2.34585587e+00 
 1.41450000e-01  2.34591743e+00 
 1.41470000e-01  2.34597897e+00 
 1.41490000e-01  2.34604048e+00 
 1.41510000e-01  2.34610197e+00 
 1.41530000e-01  2.34616344e+00 
 1.41550000e-01  2.34622488e+00 
 1.41570000e-01  2.34628629e+00 
 1.41590000e-01  2.34634768e+00 
 1.41610000e-01  2.34640905e+00 
 1.41630000e-01  2.34647039e+00 
 1.41650000e-01  2.34653171e+00 
 1.41670000e-01  2.34659300e+00 
 1.41690000e-01  2.34665427e+00 
 1.41710000e-01  2.34671551e+00 
 1.41730000e-01  2.34677673e+00 
 1.41750000e-01  2.34683793e+00 
 1.41770000e-01  2.34689910e+00 
 1.41790000e-01  2.34696024e+00 
 1.41810000e-01  2.34702137e+00 
 1.41830000e-01  2.34708246e+00 
 1.41850000e-01  2.34714354e+00 
 1.41870000e-01  2.34720458e+00 
 1.41890000e-01  2.34726561e+00 
 1.41910000e-01  2.34732661e+00 
 1.41930000e-01  2.34738758e+00 
 1.41950000e-01  2.34744853e+00 
 1.41970000e-01  2.34750946e+00 
 1.41990000e-01  2.34757036e+00 
 1.42010000e-01  2.34763124e+00 
 1.42030000e-01  2.34769209e+00 
 1.42050000e-01  2.34775292e+00 
 1.42070000e-01  2.34781372e+00 
 1.42090000e-01  2.34787450e+00 
 1.42110000e-01  2.34793526e+00 
 1.42130000e-01  2.34799599e+00 
 1.42150000e-01  2.34805670e+00 
 1.42170000e-01  2.34811738e+00 
 1.42190000e-01  2.34817804e+00 
 1.42210000e-01  2.34823867e+00 
 1.42230000e-01  2.34829928e+00 
 1.42250000e-01  2.34835987e+00 
 1.42270000e-01  2.34842043e+00 
 1.42290000e-01  2.34848097e+00 
 1.42310000e-01  2.34854148e+00 
 1.42330000e-01  2.34860197e+00 
 1.42350000e-01  2.34866244e+00 
 1.42370000e-01  2.34872288e+00 
 1.42390000e-01  2.34878329e+00 
 1.42410000e-01  2.34884369e+00 
 1.42430000e-01  2.34890405e+00 
 1.42450000e-01  2.34896440e+00 
 1.42470000e-01  2.34902472e+00 
 1.42490000e-01  2.34908501e+00 
 1.42510000e-01  2.34914528e+00 
 1.42530000e-01  2.34920553e+00 
 1.42550000e-01  2.34926576e+00 
 1.42570000e-01  2.34932596e+00 
 1.42590000e-01  2.34938613e+00 
 1.42610000e-01  2.34944628e+00 
 1.42630000e-01  2.34950641e+00 
 1.42650000e-01  2.34956651e+00 
 1.42670000e-01  2.34962659e+00 
 1.42690000e-01  2.34968665e+00 
 1.42710000e-01  2.34974668e+00 
 1.42730000e-01  2.34980668e+00 
 1.42750000e-01  2.34986667e+00 
 1.42770000e-01  2.34992663e+00 
 1.42790000e-01  2.34998656e+00 
 1.42810000e-01  2.35004647e+00 
 1.42830000e-01  2.35010636e+00 
 1.42850000e-01  2.35016622e+00 
 1.42870000e-01  2.35022606e+00 
 1.42890000e-01  2.35028588e+00 
 1.42910000e-01  2.35034567e+00 
 1.42930000e-01  2.35040544e+00 
 1.42950000e-01  2.35046518e+00 
 1.42970000e-01  2.35052490e+00 
 1.42990000e-01  2.35058460e+00 
 1.43010000e-01  2.35064427e+00 
 1.43030000e-01  2.35070392e+00 
 1.43050000e-01  2.35076354e+00 
 1.43070000e-01  2.35082314e+00 
 1.43090000e-01  2.35088272e+00 
 1.43110000e-01  2.35094227e+00 
 1.43130000e-01  2.35100180e+00 
 1.43150000e-01  2.35106130e+00 
 1.43170000e-01  2.35112078e+00 
 1.43190000e-01  2.35118024e+00 
 1.43210000e-01  2.35123968e+00 
 1.43230000e-01  2.35129909e+00 
 1.43250000e-01  2.35135847e+00 
 1.43270000e-01  2.35141783e+00 
 1.43290000e-01  2.35147717e+00 
 1.43310000e-01  2.35153649e+00 
 1.43330000e-01  2.35159578e+00 
 1.43350000e-01  2.35165505e+00 
 1.43370000e-01  2.35171429e+00 
 1.43390000e-01  2.35177351e+00 
 1.43410000e-01  2.35183271e+00 
 1.43430000e-01  2.35189188e+00 
 1.43450000e-01  2.35195103e+00 
 1.43470000e-01  2.35201016e+00 
 1.43490000e-01  2.35206926e+00 
 1.43510000e-01  2.35212834e+00 
 1.43530000e-01  2.35218739e+00 
 1.43550000e-01  2.35224642e+00 
 1.43570000e-01  2.35230543e+00 
 1.43590000e-01  2.35236441e+00 
 1.43610000e-01  2.35242337e+00 
 1.43630000e-01  2.35248231e+00 
 1.43650000e-01  2.35254122e+00 
 1.43670000e-01  2.35260011e+00 
 1.43690000e-01  2.35265898e+00 
 1.43710000e-01  2.35271782e+00 
 1.43730000e-01  2.35277664e+00 
 1.43750000e-01  2.35283543e+00 
 1.43770000e-01  2.35289421e+00 
 1.43790000e-01  2.35295295e+00 
 1.43810000e-01  2.35301168e+00 
 1.43830000e-01  2.35307038e+00 
 1.43850000e-01  2.35312906e+00 
 1.43870000e-01  2.35318771e+00 
 1.43890000e-01  2.35324634e+00 
 1.43910000e-01  2.35330495e+00 
 1.43930000e-01  2.35336353e+00 
 1.43950000e-01  2.35342210e+00 
 1.43970000e-01  2.35348063e+00 
 1.43990000e-01  2.35353915e+00 
 1.44010000e-01  2.35359764e+00 
 1.44030000e-01  2.35365610e+00 
 1.44050000e-01  2.35371455e+00 
 1.44070000e-01  2.35377297e+00 
 1.44090000e-01  2.35383136e+00 
 1.44110000e-01  2.35388974e+00 
 1.44130000e-01  2.35394809e+00 
 1.44150000e-01  2.35400642e+00 
 1.44170000e-01  2.35406472e+00 
 1.44190000e-01  2.35412300e+00 
 1.44210000e-01  2.35418126e+00 
 1.44230000e-01  2.35423949e+00 
 1.44250000e-01  2.35429770e+00 
 1.44270000e-01  2.35435589e+00 
 1.44290000e-01  2.35441405e+00 
 1.44310000e-01  2.35447219e+00 
 1.44330000e-01  2.35453031e+00 
 1.44350000e-01  2.35458840e+00 
 1.44370000e-01  2.35464647e+00 
 1.44390000e-01  2.35470452e+00 
 1.44410000e-01  2.35476254e+00 
 1.44430000e-01  2.35482055e+00 
 1.44450000e-01  2.35487852e+00 
 1.44470000e-01  2.35493648e+00 
 1.44490000e-01  2.35499441e+00 
 1.44510000e-01  2.35505232e+00 
 1.44530000e-01  2.35511020e+00 
 1.44550000e-01  2.35516807e+00 
 1.44570000e-01  2.35522591e+00 
 1.44590000e-01  2.35528372e+00 
 1.44610000e-01  2.35534151e+00 
 1.44630000e-01  2.35539928e+00 
 1.44650000e-01  2.35545703e+00 
 1.44670000e-01  2.35551475e+00 
 1.44690000e-01  2.35557245e+00 
 1.44710000e-01  2.35563013e+00 
 1.44730000e-01  2.35568778e+00 
 1.44750000e-01  2.35574542e+00 
 1.44770000e-01  2.35580302e+00 
 1.44790000e-01  2.35586061e+00 
 1.44810000e-01  2.35591817e+00 
 1.44830000e-01  2.35597571e+00 
 1.44850000e-01  2.35603323e+00 
 1.44870000e-01  2.35609072e+00 
 1.44890000e-01  2.35614819e+00 
 1.44910000e-01  2.35620564e+00 
 1.44930000e-01  2.35626306e+00 
 1.44950000e-01  2.35632046e+00 
 1.44970000e-01  2.35637784e+00 
 1.44990000e-01  2.35643519e+00 
 1.45010000e-01  2.35649253e+00 
 1.45030000e-01  2.35654984e+00 
 1.45050000e-01  2.35660712e+00 
 1.45070000e-01  2.35666439e+00 
 1.45090000e-01  2.35672163e+00 
 1.45110000e-01  2.35677884e+00 
 1.45130000e-01  2.35683604e+00 
 1.45150000e-01  2.35689321e+00 
 1.45170000e-01  2.35695036e+00 
 1.45190000e-01  2.35700749e+00 
 1.45210000e-01  2.35706459e+00 
 1.45230000e-01  2.35712167e+00 
 1.45250000e-01  2.35717873e+00 
 1.45270000e-01  2.35723576e+00 
 1.45290000e-01  2.35729277e+00 
 1.45310000e-01  2.35734976e+00 
 1.45330000e-01  2.35740673e+00 
 1.45350000e-01  2.35746367e+00 
 1.45370000e-01  2.35752059e+00 
 1.45390000e-01  2.35757749e+00 
 1.45410000e-01  2.35763437e+00 
 1.45430000e-01  2.35769122e+00 
 1.45450000e-01  2.35774805e+00 
 1.45470000e-01  2.35780486e+00 
 1.45490000e-01  2.35786164e+00 
 1.45510000e-01  2.35791840e+00 
 1.45530000e-01  2.35797514e+00 
 1.45550000e-01  2.35803186e+00 
 1.45570000e-01  2.35808855e+00 
 1.45590000e-01  2.35814522e+00 
 1.45610000e-01  2.35820187e+00 
 1.45630000e-01  2.35825850e+00 
 1.45650000e-01  2.35831510e+00 
 1.45670000e-01  2.35837168e+00 
 1.45690000e-01  2.35842824e+00 
 1.45710000e-01  2.35848478e+00 
 1.45730000e-01  2.35854129e+00 
 1.45750000e-01  2.35859778e+00 
 1.45770000e-01  2.35865425e+00 
 1.45790000e-01  2.35871069e+00 
 1.45810000e-01  2.35876711e+00 
 1.45830000e-01  2.35882351e+00 
 1.45850000e-01  2.35887989e+00 
 1.45870000e-01  2.35893624e+00 
 1.45890000e-01  2.35899258e+00 
 1.45910000e-01  2.35904889e+00 
 1.45930000e-01  2.35910517e+00 
 1.45950000e-01  2.35916144e+00 
 1.45970000e-01  2.35921768e+00 
 1.45990000e-01  2.35927390e+00 
 1.46010000e-01  2.35933010e+00 
 1.46030000e-01  2.35938627e+00 
 1.46050000e-01  2.35944242e+00 
 1.46070000e-01  2.35949855e+00 
 1.46090000e-01  2.35955466e+00 
 1.46110000e-01  2.35961074e+00 
 1.46130000e-01  2.35966681e+00 
 1.46150000e-01  2.35972285e+00 
 1.46170000e-01  2.35977886e+00 
 1.46190000e-01  2.35983486e+00 
 1.46210000e-01  2.35989083e+00 
 1.46230000e-01  2.35994678e+00 
 1.46250000e-01  2.36000271e+00 
 1.46270000e-01  2.36005861e+00 
 1.46290000e-01  2.36011450e+00 
 1.46310000e-01  2.36017036e+00 
 1.46330000e-01  2.36022620e+00 
 1.46350000e-01  2.36028201e+00 
 1.46370000e-01  2.36033781e+00 
 1.46390000e-01  2.36039358e+00 
 1.46410000e-01  2.36044933e+00 
 1.46430000e-01  2.36050505e+00 
 1.46450000e-01  2.36056076e+00 
 1.46470000e-01  2.36061644e+00 
 1.46490000e-01  2.36067210e+00 
 1.46510000e-01  2.36072774e+00 
 1.46530000e-01  2.36078335e+00 
 1.46550000e-01  2.36083895e+00 
 1.46570000e-01  2.36089452e+00 
 1.46590000e-01  2.36095007e+00 
 1.46610000e-01  2.36100559e+00 
 1.46630000e-01  2.36106110e+00 
 1.46650000e-01  2.36111658e+00 
 1.46670000e-01  2.36117204e+00 
 1.46690000e-01  2.36122748e+00 
 1.46710000e-01  2.36128290e+00 
 1.46730000e-01  2.36133829e+00 
 1.46750000e-01  2.36139366e+00 
 1.46770000e-01  2.36144901e+00 
 1.46790000e-01  2.36150434e+00 
 1.46810000e-01  2.36155964e+00 
 1.46830000e-01  2.36161492e+00 
 1.46850000e-01  2.36167019e+00 
 1.46870000e-01  2.36172542e+00 
 1.46890000e-01  2.36178064e+00 
 1.46910000e-01  2.36183584e+00 
 1.46930000e-01  2.36189101e+00 
 1.46950000e-01  2.36194616e+00 
 1.46970000e-01  2.36200129e+00 
 1.46990000e-01  2.36205639e+00 
 1.47010000e-01  2.36211148e+00 
 1.47030000e-01  2.36216654e+00 
 1.47050000e-01  2.36222158e+00 
 1.47070000e-01  2.36227660e+00 
 1.47090000e-01  2.36233159e+00 
 1.47110000e-01  2.36238657e+00 
 1.47130000e-01  2.36244152e+00 
 1.47150000e-01  2.36249645e+00 
 1.47170000e-01  2.36255136e+00 
 1.47190000e-01  2.36260624e+00 
 1.47210000e-01  2.36266111e+00 
 1.47230000e-01  2.36271595e+00 
 1.47250000e-01  2.36277077e+00 
 1.47270000e-01  2.36282557e+00 
 1.47290000e-01  2.36288035e+00 
 1.47310000e-01  2.36293510e+00 
 1.47330000e-01  2.36298983e+00 
 1.47350000e-01  2.36304455e+00 
 1.47370000e-01  2.36309923e+00 
 1.47390000e-01  2.36315390e+00 
 1.47410000e-01  2.36320855e+00 
 1.47430000e-01  2.36326317e+00 
 1.47450000e-01  2.36331777e+00 
 1.47470000e-01  2.36337235e+00 
 1.47490000e-01  2.36342691e+00 
 1.47510000e-01  2.36348145e+00 
 1.47530000e-01  2.36353596e+00 
 1.47550000e-01  2.36359045e+00 
 1.47570000e-01  2.36364492e+00 
 1.47590000e-01  2.36369937e+00 
 1.47610000e-01  2.36375380e+00 
 1.47630000e-01  2.36380821e+00 
 1.47650000e-01  2.36386259e+00 
 1.47670000e-01  2.36391695e+00 
 1.47690000e-01  2.36397129e+00 
 1.47710000e-01  2.36402561e+00 
 1.47730000e-01  2.36407991e+00 
 1.47750000e-01  2.36413418e+00 
 1.47770000e-01  2.36418843e+00 
 1.47790000e-01  2.36424267e+00 
 1.47810000e-01  2.36429688e+00 
 1.47830000e-01  2.36435106e+00 
 1.47850000e-01  2.36440523e+00 
 1.47870000e-01  2.36445938e+00 
 1.47890000e-01  2.36451350e+00 
 1.47910000e-01  2.36456760e+00 
 1.47930000e-01  2.36462168e+00 
 1.47950000e-01  2.36467574e+00 
 1.47970000e-01  2.36472978e+00 
 1.47990000e-01  2.36478379e+00 
 1.48010000e-01  2.36483778e+00 
 1.48030000e-01  2.36489176e+00 
 1.48050000e-01  2.36494571e+00 
 1.48070000e-01  2.36499964e+00 
 1.48090000e-01  2.36505354e+00 
 1.48110000e-01  2.36510743e+00 
 1.48130000e-01  2.36516129e+00 
 1.48150000e-01  2.36521514e+00 
 1.48170000e-01  2.36526896e+00 
 1.48190000e-01  2.36532276e+00 
 1.48210000e-01  2.36537653e+00 
 1.48230000e-01  2.36543029e+00 
 1.48250000e-01  2.36548403e+00 
 1.48270000e-01  2.36553774e+00 
 1.48290000e-01  2.36559143e+00 
 1.48310000e-01  2.36564510e+00 
 1.48330000e-01  2.36569875e+00 
 1.48350000e-01  2.36575238e+00 
 1.48370000e-01  2.36580598e+00 
 1.48390000e-01  2.36585957e+00 
 1.48410000e-01  2.36591313e+00 
 1.48430000e-01  2.36596667e+00 
 1.48450000e-01  2.36602019e+00 
 1.48470000e-01  2.36607369e+00 
 1.48490000e-01  2.36612717e+00 
 1.48510000e-01  2.36618063e+00 
 1.48530000e-01  2.36623406e+00 
 1.48550000e-01  2.36628748e+00 
 1.48570000e-01  2.36634087e+00 
 1.48590000e-01  2.36639424e+00 
 1.48610000e-01  2.36644759e+00 
 1.48630000e-01  2.36650092e+00 
 1.48650000e-01  2.36655422e+00 
 1.48670000e-01  2.36660751e+00 
 1.48690000e-01  2.36666077e+00 
 1.48710000e-01  2.36671402e+00 
 1.48730000e-01  2.36676724e+00 
 1.48750000e-01  2.36682044e+00 
 1.48770000e-01  2.36687362e+00 
 1.48790000e-01  2.36692677e+00 
 1.48810000e-01  2.36697991e+00 
 1.48830000e-01  2.36703303e+00 
 1.48850000e-01  2.36708612e+00 
 1.48870000e-01  2.36713919e+00 
 1.48890000e-01  2.36719225e+00 
 1.48910000e-01  2.36724528e+00 
 1.48930000e-01  2.36729828e+00 
 1.48950000e-01  2.36735127e+00 
 1.48970000e-01  2.36740424e+00 
 1.48990000e-01  2.36745718e+00 
 1.49010000e-01  2.36751011e+00 
 1.49030000e-01  2.36756301e+00 
 1.49050000e-01  2.36761589e+00 
 1.49070000e-01  2.36766876e+00 
 1.49090000e-01  2.36772160e+00 
 1.49110000e-01  2.36777441e+00 
 1.49130000e-01  2.36782721e+00 
 1.49150000e-01  2.36787999e+00 
 1.49170000e-01  2.36793274e+00 
 1.49190000e-01  2.36798548e+00 
 1.49210000e-01  2.36803819e+00 
 1.49230000e-01  2.36809088e+00 
 1.49250000e-01  2.36814355e+00 
 1.49270000e-01  2.36819620e+00 
 1.49290000e-01  2.36824883e+00 
 1.49310000e-01  2.36830144e+00 
 1.49330000e-01  2.36835403e+00 
 1.49350000e-01  2.36840659e+00 
 1.49370000e-01  2.36845914e+00 
 1.49390000e-01  2.36851166e+00 
 1.49410000e-01  2.36856416e+00 
 1.49430000e-01  2.36861665e+00 
 1.49450000e-01  2.36866911e+00 
 1.49470000e-01  2.36872155e+00 
 1.49490000e-01  2.36877396e+00 
 1.49510000e-01  2.36882636e+00 
 1.49530000e-01  2.36887874e+00 
 1.49550000e-01  2.36893110e+00 
 1.49570000e-01  2.36898343e+00 
 1.49590000e-01  2.36903574e+00 
 1.49610000e-01  2.36908804e+00 
 1.49630000e-01  2.36914031e+00 
 1.49650000e-01  2.36919256e+00 
 1.49670000e-01  2.36924479e+00 
 1.49690000e-01  2.36929700e+00 
 1.49710000e-01  2.36934919e+00 
 1.49730000e-01  2.36940136e+00 
 1.49750000e-01  2.36945350e+00 
 1.49770000e-01  2.36950563e+00 
 1.49790000e-01  2.36955774e+00 
 1.49810000e-01  2.36960982e+00 
 1.49830000e-01  2.36966188e+00 
 1.49850000e-01  2.36971393e+00 
 1.49870000e-01  2.36976595e+00 
 1.49890000e-01  2.36981795e+00 
 1.49910000e-01  2.36986993e+00 
 1.49930000e-01  2.36992189e+00 
 1.49950000e-01  2.36997383e+00 
 1.49970000e-01  2.37002575e+00 
 1.49990000e-01  2.37007764e+00 
 1.50010000e-01  2.37012952e+00 
 1.50030000e-01  2.37018137e+00 
 1.50050000e-01  2.37023321e+00 
 1.50070000e-01  2.37028502e+00 
 1.50090000e-01  2.37033682e+00 
 1.50110000e-01  2.37038859e+00 
 1.50130000e-01  2.37044034e+00 
 1.50150000e-01  2.37049207e+00 
 1.50170000e-01  2.37054378e+00 
 1.50190000e-01  2.37059547e+00 
 1.50210000e-01  2.37064714e+00 
 1.50230000e-01  2.37069879e+00 
 1.50250000e-01  2.37075042e+00 
 1.50270000e-01  2.37080203e+00 
 1.50290000e-01  2.37085361e+00 
 1.50310000e-01  2.37090518e+00 
 1.50330000e-01  2.37095673e+00 
 1.50350000e-01  2.37100825e+00 
 1.50370000e-01  2.37105976e+00 
 1.50390000e-01  2.37111124e+00 
 1.50410000e-01  2.37116270e+00 
 1.50430000e-01  2.37121415e+00 
 1.50450000e-01  2.37126557e+00 
 1.50470000e-01  2.37131697e+00 
 1.50490000e-01  2.37136835e+00 
 1.50510000e-01  2.37141971e+00 
 1.50530000e-01  2.37147105e+00 
 1.50550000e-01  2.37152237e+00 
 1.50570000e-01  2.37157367e+00 
 1.50590000e-01  2.37162495e+00 
 1.50610000e-01  2.37167620e+00 
 1.50630000e-01  2.37172744e+00 
 1.50650000e-01  2.37177866e+00 
 1.50670000e-01  2.37182985e+00 
 1.50690000e-01  2.37188103e+00 
 1.50710000e-01  2.37193218e+00 
 1.50730000e-01  2.37198332e+00 
 1.50750000e-01  2.37203443e+00 
 1.50770000e-01  2.37208553e+00 
 1.50790000e-01  2.37213660e+00 
 1.50810000e-01  2.37218765e+00 
 1.50830000e-01  2.37223869e+00 
 1.50850000e-01  2.37228970e+00 
 1.50870000e-01  2.37234069e+00 
 1.50890000e-01  2.37239166e+00 
 1.50910000e-01  2.37244261e+00 
 1.50930000e-01  2.37249354e+00 
 1.50950000e-01  2.37254445e+00 
 1.50970000e-01  2.37259534e+00 
 1.50990000e-01  2.37264621e+00 
 1.51010000e-01  2.37269706e+00 
 1.51030000e-01  2.37274789e+00 
 1.51050000e-01  2.37279870e+00 
 1.51070000e-01  2.37284949e+00 
 1.51090000e-01  2.37290026e+00 
 1.51110000e-01  2.37295100e+00 
 1.51130000e-01  2.37300173e+00 
 1.51150000e-01  2.37305244e+00 
 1.51170000e-01  2.37310312e+00 
 1.51190000e-01  2.37315379e+00 
 1.51210000e-01  2.37320444e+00 
 1.51230000e-01  2.37325506e+00 
 1.51250000e-01  2.37330567e+00 
 1.51270000e-01  2.37335626e+00 
 1.51290000e-01  2.37340682e+00 
 1.51310000e-01  2.37345737e+00 
 1.51330000e-01  2.37350789e+00 
 1.51350000e-01  2.37355839e+00 
 1.51370000e-01  2.37360888e+00 
 1.51390000e-01  2.37365934e+00 
 1.51410000e-01  2.37370979e+00 
 1.51430000e-01  2.37376021e+00 
 1.51450000e-01  2.37381062e+00 
 1.51470000e-01  2.37386100e+00 
 1.51490000e-01  2.37391136e+00 
 1.51510000e-01  2.37396171e+00 
 1.51530000e-01  2.37401203e+00 
 1.51550000e-01  2.37406233e+00 
 1.51570000e-01  2.37411261e+00 
 1.51590000e-01  2.37416288e+00 
 1.51610000e-01  2.37421312e+00 
 1.51630000e-01  2.37426334e+00 
 1.51650000e-01  2.37431355e+00 
 1.51670000e-01  2.37436373e+00 
 1.51690000e-01  2.37441389e+00 
 1.51710000e-01  2.37446403e+00 
 1.51730000e-01  2.37451415e+00 
 1.51750000e-01  2.37456426e+00 
 1.51770000e-01  2.37461434e+00 
 1.51790000e-01  2.37466440e+00 
 1.51810000e-01  2.37471444e+00 
 1.51830000e-01  2.37476447e+00 
 1.51850000e-01  2.37481447e+00 
 1.51870000e-01  2.37486445e+00 
 1.51890000e-01  2.37491441e+00 
 1.51910000e-01  2.37496435e+00 
 1.51930000e-01  2.37501428e+00 
 1.51950000e-01  2.37506418e+00 
 1.51970000e-01  2.37511406e+00 
 1.51990000e-01  2.37516392e+00 
 1.52010000e-01  2.37521377e+00 
 1.52030000e-01  2.37526359e+00 
 1.52050000e-01  2.37531339e+00 
 1.52070000e-01  2.37536317e+00 
 1.52090000e-01  2.37541294e+00 
 1.52110000e-01  2.37546268e+00 
 1.52130000e-01  2.37551240e+00 
 1.52150000e-01  2.37556210e+00 
 1.52170000e-01  2.37561179e+00 
 1.52190000e-01  2.37566145e+00 
 1.52210000e-01  2.37571109e+00 
 1.52230000e-01  2.37576072e+00 
 1.52250000e-01  2.37581032e+00 
 1.52270000e-01  2.37585991e+00 
 1.52290000e-01  2.37590947e+00 
 1.52310000e-01  2.37595901e+00 
 1.52330000e-01  2.37600854e+00 
 1.52350000e-01  2.37605804e+00 
 1.52370000e-01  2.37610753e+00 
 1.52390000e-01  2.37615699e+00 
 1.52410000e-01  2.37620644e+00 
 1.52430000e-01  2.37625586e+00 
 1.52450000e-01  2.37630527e+00 
 1.52470000e-01  2.37635466e+00 
 1.52490000e-01  2.37640402e+00 
 1.52510000e-01  2.37645337e+00 
 1.52530000e-01  2.37650269e+00 
 1.52550000e-01  2.37655200e+00 
 1.52570000e-01  2.37660129e+00 
 1.52590000e-01  2.37665056e+00 
 1.52610000e-01  2.37669980e+00 
 1.52630000e-01  2.37674903e+00 
 1.52650000e-01  2.37679824e+00 
 1.52670000e-01  2.37684743e+00 
 1.52690000e-01  2.37689660e+00 
 1.52710000e-01  2.37694575e+00 
 1.52730000e-01  2.37699488e+00 
 1.52750000e-01  2.37704399e+00 
 1.52770000e-01  2.37709308e+00 
 1.52790000e-01  2.37714215e+00 
 1.52810000e-01  2.37719120e+00 
 1.52830000e-01  2.37724023e+00 
 1.52850000e-01  2.37728924e+00 
 1.52870000e-01  2.37733824e+00 
 1.52890000e-01  2.37738721e+00 
 1.52910000e-01  2.37743616e+00 
 1.52930000e-01  2.37748510e+00 
 1.52950000e-01  2.37753401e+00 
 1.52970000e-01  2.37758291e+00 
 1.52990000e-01  2.37763178e+00 
 1.53010000e-01  2.37768064e+00 
 1.53030000e-01  2.37772947e+00 
 1.53050000e-01  2.37777829e+00 
 1.53070000e-01  2.37782709e+00 
 1.53090000e-01  2.37787586e+00 
 1.53110000e-01  2.37792462e+00 
 1.53130000e-01  2.37797336e+00 
 1.53150000e-01  2.37802208e+00 
 1.53170000e-01  2.37807078e+00 
 1.53190000e-01  2.37811946e+00 
 1.53210000e-01  2.37816812e+00 
 1.53230000e-01  2.37821676e+00 
 1.53250000e-01  2.37826538e+00 
 1.53270000e-01  2.37831398e+00 
 1.53290000e-01  2.37836256e+00 
 1.53310000e-01  2.37841113e+00 
 1.53330000e-01  2.37845967e+00 
 1.53350000e-01  2.37850820e+00 
 1.53370000e-01  2.37855670e+00 
 1.53390000e-01  2.37860519e+00 
 1.53410000e-01  2.37865365e+00 
 1.53430000e-01  2.37870210e+00 
 1.53450000e-01  2.37875053e+00 
 1.53470000e-01  2.37879893e+00 
 1.53490000e-01  2.37884732e+00 
 1.53510000e-01  2.37889569e+00 
 1.53530000e-01  2.37894404e+00 
 1.53550000e-01  2.37899237e+00 
 1.53570000e-01  2.37904069e+00 
 1.53590000e-01  2.37908898e+00 
 1.53610000e-01  2.37913725e+00 
 1.53630000e-01  2.37918550e+00 
 1.53650000e-01  2.37923374e+00 
 1.53670000e-01  2.37928195e+00 
 1.53690000e-01  2.37933015e+00 
 1.53710000e-01  2.37937832e+00 
 1.53730000e-01  2.37942648e+00 
 1.53750000e-01  2.37947462e+00 
 1.53770000e-01  2.37952274e+00 
 1.53790000e-01  2.37957084e+00 
 1.53810000e-01  2.37961892e+00 
 1.53830000e-01  2.37966698e+00 
 1.53850000e-01  2.37971502e+00 
 1.53870000e-01  2.37976304e+00 
 1.53890000e-01  2.37981104e+00 
 1.53910000e-01  2.37985903e+00 
 1.53930000e-01  2.37990699e+00 
 1.53950000e-01  2.37995494e+00 
 1.53970000e-01  2.38000286e+00 
 1.53990000e-01  2.38005077e+00 
 1.54010000e-01  2.38009866e+00 
 1.54030000e-01  2.38014653e+00 
 1.54050000e-01  2.38019438e+00 
 1.54070000e-01  2.38024221e+00 
 1.54090000e-01  2.38029002e+00 
 1.54110000e-01  2.38033781e+00 
 1.54130000e-01  2.38038559e+00 
 1.54150000e-01  2.38043334e+00 
 1.54170000e-01  2.38048108e+00 
 1.54190000e-01  2.38052879e+00 
 1.54210000e-01  2.38057649e+00 
 1.54230000e-01  2.38062417e+00 
 1.54250000e-01  2.38067183e+00 
 1.54270000e-01  2.38071947e+00 
 1.54290000e-01  2.38076709e+00 
 1.54310000e-01  2.38081469e+00 
 1.54330000e-01  2.38086227e+00 
 1.54350000e-01  2.38090983e+00 
 1.54370000e-01  2.38095738e+00 
 1.54390000e-01  2.38100490e+00 
 1.54410000e-01  2.38105241e+00 
 1.54430000e-01  2.38109990e+00 
 1.54450000e-01  2.38114737e+00 
 1.54470000e-01  2.38119482e+00 
 1.54490000e-01  2.38124225e+00 
 1.54510000e-01  2.38128966e+00 
 1.54530000e-01  2.38133705e+00 
 1.54550000e-01  2.38138442e+00 
 1.54570000e-01  2.38143178e+00 
 1.54590000e-01  2.38147911e+00 
 1.54610000e-01  2.38152643e+00 
 1.54630000e-01  2.38157373e+00 
 1.54650000e-01  2.38162101e+00 
 1.54670000e-01  2.38166827e+00 
 1.54690000e-01  2.38171551e+00 
 1.54710000e-01  2.38176273e+00 
 1.54730000e-01  2.38180994e+00 
 1.54750000e-01  2.38185712e+00 
 1.54770000e-01  2.38190429e+00 
 1.54790000e-01  2.38195143e+00 
 1.54810000e-01  2.38199856e+00 
 1.54830000e-01  2.38204567e+00 
 1.54850000e-01  2.38209276e+00 
 1.54870000e-01  2.38213983e+00 
 1.54890000e-01  2.38218688e+00 
 1.54910000e-01  2.38223392e+00 
 1.54930000e-01  2.38228093e+00 
 1.54950000e-01  2.38232793e+00 
 1.54970000e-01  2.38237491e+00 
 1.54990000e-01  2.38242187e+00 
 1.55010000e-01  2.38246880e+00 
 1.55030000e-01  2.38251573e+00 
 1.55050000e-01  2.38256263e+00 
 1.55070000e-01  2.38260951e+00 
 1.55090000e-01  2.38265638e+00 
 1.55110000e-01  2.38270322e+00 
 1.55130000e-01  2.38275005e+00 
 1.55150000e-01  2.38279686e+00 
 1.55170000e-01  2.38284365e+00 
 1.55190000e-01  2.38289042e+00 
 1.55210000e-01  2.38293717e+00 
 1.55230000e-01  2.38298391e+00 
 1.55250000e-01  2.38303062e+00 
 1.55270000e-01  2.38307732e+00 
 1.55290000e-01  2.38312400e+00 
 1.55310000e-01  2.38317065e+00 
 1.55330000e-01  2.38321729e+00 
 1.55350000e-01  2.38326392e+00 
 1.55370000e-01  2.38331052e+00 
 1.55390000e-01  2.38335710e+00 
 1.55410000e-01  2.38340367e+00 
 1.55430000e-01  2.38345022e+00 
 1.55450000e-01  2.38349675e+00 
 1.55470000e-01  2.38354326e+00 
 1.55490000e-01  2.38358975e+00 
 1.55510000e-01  2.38363622e+00 
 1.55530000e-01  2.38368267e+00 
 1.55550000e-01  2.38372911e+00 
 1.55570000e-01  2.38377553e+00 
 1.55590000e-01  2.38382193e+00 
 1.55610000e-01  2.38386831e+00 
 1.55630000e-01  2.38391467e+00 
 1.55650000e-01  2.38396101e+00 
 1.55670000e-01  2.38400733e+00 
 1.55690000e-01  2.38405364e+00 
 1.55710000e-01  2.38409993e+00 
 1.55730000e-01  2.38414620e+00 
 1.55750000e-01  2.38419245e+00 
 1.55770000e-01  2.38423868e+00 
 1.55790000e-01  2.38428489e+00 
 1.55810000e-01  2.38433109e+00 
 1.55830000e-01  2.38437726e+00 
 1.55850000e-01  2.38442342e+00 
 1.55870000e-01  2.38446956e+00 
 1.55890000e-01  2.38451568e+00 
 1.55910000e-01  2.38456178e+00 
 1.55930000e-01  2.38460787e+00 
 1.55950000e-01  2.38465393e+00 
 1.55970000e-01  2.38469998e+00 
 1.55990000e-01  2.38474601e+00 
 1.56010000e-01  2.38479202e+00 
 1.56030000e-01  2.38483801e+00 
 1.56050000e-01  2.38488398e+00 
 1.56070000e-01  2.38492994e+00 
 1.56090000e-01  2.38497588e+00 
 1.56110000e-01  2.38502179e+00 
 1.56130000e-01  2.38506769e+00 
 1.56150000e-01  2.38511358e+00 
 1.56170000e-01  2.38515944e+00 
 1.56190000e-01  2.38520529e+00 
 1.56210000e-01  2.38525111e+00 
 1.56230000e-01  2.38529692e+00 
 1.56250000e-01  2.38534271e+00 
 1.56270000e-01  2.38538848e+00 
 1.56290000e-01  2.38543424e+00 
 1.56310000e-01  2.38547997e+00 
 1.56330000e-01  2.38552569e+00 
 1.56350000e-01  2.38557139e+00 
 1.56370000e-01  2.38561707e+00 
 1.56390000e-01  2.38566273e+00 
 1.56410000e-01  2.38570837e+00 
 1.56430000e-01  2.38575400e+00 
 1.56450000e-01  2.38579961e+00 
 1.56470000e-01  2.38584519e+00 
 1.56490000e-01  2.38589077e+00 
 1.56510000e-01  2.38593632e+00 
 1.56530000e-01  2.38598185e+00 
 1.56550000e-01  2.38602737e+00 
 1.56570000e-01  2.38607287e+00 
 1.56590000e-01  2.38611835e+00 
 1.56610000e-01  2.38616381e+00 
 1.56630000e-01  2.38620925e+00 
 1.56650000e-01  2.38625468e+00 
 1.56670000e-01  2.38630008e+00 
 1.56690000e-01  2.38634547e+00 
 1.56710000e-01  2.38639084e+00 
 1.56730000e-01  2.38643620e+00 
 1.56750000e-01  2.38648153e+00 
 1.56770000e-01  2.38652685e+00 
 1.56790000e-01  2.38657214e+00 
 1.56810000e-01  2.38661742e+00 
 1.56830000e-01  2.38666269e+00 
 1.56850000e-01  2.38670793e+00 
 1.56870000e-01  2.38675316e+00 
 1.56890000e-01  2.38679836e+00 
 1.56910000e-01  2.38684355e+00 
 1.56930000e-01  2.38688873e+00 
 1.56950000e-01  2.38693388e+00 
 1.56970000e-01  2.38697901e+00 
 1.56990000e-01  2.38702413e+00 
 1.57010000e-01  2.38706923e+00 
 1.57030000e-01  2.38711431e+00 
 1.57050000e-01  2.38715938e+00 
 1.57070000e-01  2.38720442e+00 
 1.57090000e-01  2.38724945e+00 
 1.57110000e-01  2.38729446e+00 
 1.57130000e-01  2.38733945e+00 
 1.57150000e-01  2.38738442e+00 
 1.57170000e-01  2.38742938e+00 
 1.57190000e-01  2.38747431e+00 
 1.57210000e-01  2.38751923e+00 
 1.57230000e-01  2.38756413e+00 
 1.57250000e-01  2.38760902e+00 
 1.57270000e-01  2.38765388e+00 
 1.57290000e-01  2.38769873e+00 
 1.57310000e-01  2.38774356e+00 
 1.57330000e-01  2.38778837e+00 
 1.57350000e-01  2.38783317e+00 
 1.57370000e-01  2.38787794e+00 
 1.57390000e-01  2.38792270e+00 
 1.57410000e-01  2.38796744e+00 
 1.57430000e-01  2.38801216e+00 
 1.57450000e-01  2.38805687e+00 
 1.57470000e-01  2.38810155e+00 
 1.57490000e-01  2.38814622e+00 
 1.57510000e-01  2.38819087e+00 
 1.57530000e-01  2.38823550e+00 
 1.57550000e-01  2.38828012e+00 
 1.57570000e-01  2.38832472e+00 
 1.57590000e-01  2.38836930e+00 
 1.57610000e-01  2.38841386e+00 
 1.57630000e-01  2.38845840e+00 
 1.57650000e-01  2.38850293e+00 
 1.57670000e-01  2.38854743e+00 
 1.57690000e-01  2.38859192e+00 
 1.57710000e-01  2.38863640e+00 
 1.57730000e-01  2.38868085e+00 
 1.57750000e-01  2.38872529e+00 
 1.57770000e-01  2.38876971e+00 
 1.57790000e-01  2.38881411e+00 
 1.57810000e-01  2.38885849e+00 
 1.57830000e-01  2.38890286e+00 
 1.57850000e-01  2.38894721e+00 
 1.57870000e-01  2.38899154e+00 
 1.57890000e-01  2.38903585e+00 
 1.57910000e-01  2.38908014e+00 
 1.57930000e-01  2.38912442e+00 
 1.57950000e-01  2.38916868e+00 
 1.57970000e-01  2.38921292e+00 
 1.57990000e-01  2.38925715e+00 
 1.58010000e-01  2.38930135e+00 
 1.58030000e-01  2.38934554e+00 
 1.58050000e-01  2.38938971e+00 
 1.58070000e-01  2.38943386e+00 
 1.58090000e-01  2.38947800e+00 
 1.58110000e-01  2.38952212e+00 
 1.58130000e-01  2.38956622e+00 
 1.58150000e-01  2.38961030e+00 
 1.58170000e-01  2.38965437e+00 
 1.58190000e-01  2.38969841e+00 
 1.58210000e-01  2.38974244e+00 
 1.58230000e-01  2.38978646e+00 
 1.58250000e-01  2.38983045e+00 
 1.58270000e-01  2.38987443e+00 
 1.58290000e-01  2.38991839e+00 
 1.58310000e-01  2.38996233e+00 
 1.58330000e-01  2.39000625e+00 
 1.58350000e-01  2.39005016e+00 
 1.58370000e-01  2.39009405e+00 
 1.58390000e-01  2.39013792e+00 
 1.58410000e-01  2.39018178e+00 
 1.58430000e-01  2.39022561e+00 
 1.58450000e-01  2.39026943e+00 
 1.58470000e-01  2.39031323e+00 
 1.58490000e-01  2.39035702e+00 
 1.58510000e-01  2.39040078e+00 
 1.58530000e-01  2.39044453e+00 
 1.58550000e-01  2.39048826e+00 
 1.58570000e-01  2.39053198e+00 
 1.58590000e-01  2.39057567e+00 
 1.58610000e-01  2.39061935e+00 
 1.58630000e-01  2.39066301e+00 
 1.58650000e-01  2.39070666e+00 
 1.58670000e-01  2.39075029e+00 
 1.58690000e-01  2.39079389e+00 
 1.58710000e-01  2.39083749e+00 
 1.58730000e-01  2.39088106e+00 
 1.58750000e-01  2.39092462e+00 
 1.58770000e-01  2.39096816e+00 
 1.58790000e-01  2.39101168e+00 
 1.58810000e-01  2.39105518e+00 
 1.58830000e-01  2.39109867e+00 
 1.58850000e-01  2.39114214e+00 
 1.58870000e-01  2.39118559e+00 
 1.58890000e-01  2.39122903e+00 
 1.58910000e-01  2.39127245e+00 
 1.58930000e-01  2.39131585e+00 
 1.58950000e-01  2.39135923e+00 
 1.58970000e-01  2.39140260e+00 
 1.58990000e-01  2.39144594e+00 
 1.59010000e-01  2.39148927e+00 
 1.59030000e-01  2.39153259e+00 
 1.59050000e-01  2.39157588e+00 
 1.59070000e-01  2.39161916e+00 
 1.59090000e-01  2.39166243e+00 
 1.59110000e-01  2.39170567e+00 
 1.59130000e-01  2.39174890e+00 
 1.59150000e-01  2.39179211e+00 
 1.59170000e-01  2.39183530e+00 
 1.59190000e-01  2.39187847e+00 
 1.59210000e-01  2.39192163e+00 
 1.59230000e-01  2.39196477e+00 
 1.59250000e-01  2.39200790e+00 
 1.59270000e-01  2.39205100e+00 
 1.59290000e-01  2.39209409e+00 
 1.59310000e-01  2.39213716e+00 
 1.59330000e-01  2.39218022e+00 
 1.59350000e-01  2.39222326e+00 
 1.59370000e-01  2.39226628e+00 
 1.59390000e-01  2.39230928e+00 
 1.59410000e-01  2.39235227e+00 
 1.59430000e-01  2.39239523e+00 
 1.59450000e-01  2.39243819e+00 
 1.59470000e-01  2.39248112e+00 
 1.59490000e-01  2.39252404e+00 
 1.59510000e-01  2.39256694e+00 
 1.59530000e-01  2.39260982e+00 
 1.59550000e-01  2.39265268e+00 
 1.59570000e-01  2.39269553e+00 
 1.59590000e-01  2.39273836e+00 
 1.59610000e-01  2.39278118e+00 
 1.59630000e-01  2.39282398e+00 
 1.59650000e-01  2.39286676e+00 
 1.59670000e-01  2.39290952e+00 
 1.59690000e-01  2.39295226e+00 
 1.59710000e-01  2.39299499e+00 
 1.59730000e-01  2.39303770e+00 
 1.59750000e-01  2.39308040e+00 
 1.59770000e-01  2.39312308e+00 
 1.59790000e-01  2.39316574e+00 
 1.59810000e-01  2.39320838e+00 
 1.59830000e-01  2.39325101e+00 
 1.59850000e-01  2.39329361e+00 
 1.59870000e-01  2.39333621e+00 
 1.59890000e-01  2.39337878e+00 
 1.59910000e-01  2.39342134e+00 
 1.59930000e-01  2.39346388e+00 
 1.59950000e-01  2.39350640e+00 
 1.59970000e-01  2.39354891e+00 
 1.59990000e-01  2.39359140e+00 
 1.60010000e-01  2.39363387e+00 
 1.60030000e-01  2.39367633e+00 
 1.60050000e-01  2.39371877e+00 
 1.60070000e-01  2.39376119e+00 
 1.60090000e-01  2.39380360e+00 
 1.60110000e-01  2.39384599e+00 
 1.60130000e-01  2.39388836e+00 
 1.60150000e-01  2.39393071e+00 
 1.60170000e-01  2.39397305e+00 
 1.60190000e-01  2.39401537e+00 
 1.60210000e-01  2.39405767e+00 
 1.60230000e-01  2.39409996e+00 
 1.60250000e-01  2.39414223e+00 
 1.60270000e-01  2.39418448e+00 
 1.60290000e-01  2.39422672e+00 
 1.60310000e-01  2.39426894e+00 
 1.60330000e-01  2.39431114e+00 
 1.60350000e-01  2.39435332e+00 
 1.60370000e-01  2.39439549e+00 
 1.60390000e-01  2.39443764e+00 
 1.60410000e-01  2.39447978e+00 
 1.60430000e-01  2.39452189e+00 
 1.60450000e-01  2.39456400e+00 
 1.60470000e-01  2.39460608e+00 
 1.60490000e-01  2.39464815e+00 
 1.60510000e-01  2.39469020e+00 
 1.60530000e-01  2.39473223e+00 
 1.60550000e-01  2.39477425e+00 
 1.60570000e-01  2.39481625e+00 
 1.60590000e-01  2.39485823e+00 
 1.60610000e-01  2.39490020e+00 
 1.60630000e-01  2.39494215e+00 
 1.60650000e-01  2.39498408e+00 
 1.60670000e-01  2.39502600e+00 
 1.60690000e-01  2.39506790e+00 
 1.60710000e-01  2.39510978e+00 
 1.60730000e-01  2.39515164e+00 
 1.60750000e-01  2.39519349e+00 
 1.60770000e-01  2.39523532e+00 
 1.60790000e-01  2.39527714e+00 
 1.60810000e-01  2.39531894e+00 
 1.60830000e-01  2.39536072e+00 
 1.60850000e-01  2.39540249e+00 
 1.60870000e-01  2.39544424e+00 
 1.60890000e-01  2.39548597e+00 
 1.60910000e-01  2.39552768e+00 
 1.60930000e-01  2.39556938e+00 
 1.60950000e-01  2.39561106e+00 
 1.60970000e-01  2.39565273e+00 
 1.60990000e-01  2.39569438e+00 
 1.61010000e-01  2.39573601e+00 
 1.61030000e-01  2.39577763e+00 
 1.61050000e-01  2.39581922e+00 
 1.61070000e-01  2.39586081e+00 
 1.61090000e-01  2.39590237e+00 
 1.61110000e-01  2.39594392e+00 
 1.61130000e-01  2.39598545e+00 
 1.61150000e-01  2.39602697e+00 
 1.61170000e-01  2.39606847e+00 
 1.61190000e-01  2.39610995e+00 
 1.61210000e-01  2.39615142e+00 
 1.61230000e-01  2.39619286e+00 
 1.61250000e-01  2.39623430e+00 
 1.61270000e-01  2.39627571e+00 
 1.61290000e-01  2.39631711e+00 
 1.61310000e-01  2.39635850e+00 
 1.61330000e-01  2.39639986e+00 
 1.61350000e-01  2.39644121e+00 
 1.61370000e-01  2.39648255e+00 
 1.61390000e-01  2.39652386e+00 
 1.61410000e-01  2.39656516e+00 
 1.61430000e-01  2.39660645e+00 
 1.61450000e-01  2.39664771e+00 
 1.61470000e-01  2.39668896e+00 
 1.61490000e-01  2.39673020e+00 
 1.61510000e-01  2.39677142e+00 
 1.61530000e-01  2.39681262e+00 
 1.61550000e-01  2.39685380e+00 
 1.61570000e-01  2.39689497e+00 
 1.61590000e-01  2.39693612e+00 
 1.61610000e-01  2.39697726e+00 
 1.61630000e-01  2.39701838e+00 
 1.61650000e-01  2.39705948e+00 
 1.61670000e-01  2.39710057e+00 
 1.61690000e-01  2.39714164e+00 
 1.61710000e-01  2.39718269e+00 
 1.61730000e-01  2.39722373e+00 
 1.61750000e-01  2.39726475e+00 
 1.61770000e-01  2.39730575e+00 
 1.61790000e-01  2.39734674e+00 
 1.61810000e-01  2.39738771e+00 
 1.61830000e-01  2.39742866e+00 
 1.61850000e-01  2.39746960e+00 
 1.61870000e-01  2.39751052e+00 
 1.61890000e-01  2.39755143e+00 
 1.61910000e-01  2.39759232e+00 
 1.61930000e-01  2.39763319e+00 
 1.61950000e-01  2.39767405e+00 
 1.61970000e-01  2.39771489e+00 
 1.61990000e-01  2.39775571e+00 
 1.62010000e-01  2.39779652e+00 
 1.62030000e-01  2.39783731e+00 
 1.62050000e-01  2.39787809e+00 
 1.62070000e-01  2.39791885e+00 
 1.62090000e-01  2.39795959e+00 
 1.62110000e-01  2.39800031e+00 
 1.62130000e-01  2.39804102e+00 
 1.62150000e-01  2.39808172e+00 
 1.62170000e-01  2.39812239e+00 
 1.62190000e-01  2.39816306e+00 
 1.62210000e-01  2.39820370e+00 
 1.62230000e-01  2.39824433e+00 
 1.62250000e-01  2.39828494e+00 
 1.62270000e-01  2.39832554e+00 
 1.62290000e-01  2.39836612e+00 
 1.62310000e-01  2.39840668e+00 
 1.62330000e-01  2.39844723e+00 
 1.62350000e-01  2.39848776e+00 
 1.62370000e-01  2.39852827e+00 
 1.62390000e-01  2.39856877e+00 
 1.62410000e-01  2.39860926e+00 
 1.62430000e-01  2.39864972e+00 
 1.62450000e-01  2.39869017e+00 
 1.62470000e-01  2.39873061e+00 
 1.62490000e-01  2.39877102e+00 
 1.62510000e-01  2.39881142e+00 
 1.62530000e-01  2.39885181e+00 
 1.62550000e-01  2.39889218e+00 
 1.62570000e-01  2.39893253e+00 
 1.62590000e-01  2.39897287e+00 
 1.62610000e-01  2.39901319e+00 
 1.62630000e-01  2.39905350e+00 
 1.62650000e-01  2.39909378e+00 
 1.62670000e-01  2.39913406e+00 
 1.62690000e-01  2.39917431e+00 
 1.62710000e-01  2.39921455e+00 
 1.62730000e-01  2.39925478e+00 
 1.62750000e-01  2.39929499e+00 
 1.62770000e-01  2.39933518e+00 
 1.62790000e-01  2.39937535e+00 
 1.62810000e-01  2.39941551e+00 
 1.62830000e-01  2.39945566e+00 
 1.62850000e-01  2.39949579e+00 
 1.62870000e-01  2.39953590e+00 
 1.62890000e-01  2.39957599e+00 
 1.62910000e-01  2.39961607e+00 
 1.62930000e-01  2.39965614e+00 
 1.62950000e-01  2.39969618e+00 
 1.62970000e-01  2.39973622e+00 
 1.62990000e-01  2.39977623e+00 
 1.63010000e-01  2.39981623e+00 
 1.63030000e-01  2.39985621e+00 
 1.63050000e-01  2.39989618e+00 
 1.63070000e-01  2.39993613e+00 
 1.63090000e-01  2.39997607e+00 
 1.63110000e-01  2.40001599e+00 
 1.63130000e-01  2.40005589e+00 
 1.63150000e-01  2.40009578e+00 
 1.63170000e-01  2.40013565e+00 
 1.63190000e-01  2.40017551e+00 
 1.63210000e-01  2.40021535e+00 
 1.63230000e-01  2.40025517e+00 
 1.63250000e-01  2.40029498e+00 
 1.63270000e-01  2.40033477e+00 
 1.63290000e-01  2.40037455e+00 
 1.63310000e-01  2.40041431e+00 
 1.63330000e-01  2.40045405e+00 
 1.63350000e-01  2.40049378e+00 
 1.63370000e-01  2.40053350e+00 
 1.63390000e-01  2.40057319e+00 
 1.63410000e-01  2.40061287e+00 
 1.63430000e-01  2.40065254e+00 
 1.63450000e-01  2.40069219e+00 
 1.63470000e-01  2.40073182e+00 
 1.63490000e-01  2.40077144e+00 
 1.63510000e-01  2.40081104e+00 
 1.63530000e-01  2.40085063e+00 
 1.63550000e-01  2.40089020e+00 
 1.63570000e-01  2.40092975e+00 
 1.63590000e-01  2.40096929e+00 
 1.63610000e-01  2.40100881e+00 
 1.63630000e-01  2.40104832e+00 
 1.63650000e-01  2.40108781e+00 
 1.63670000e-01  2.40112728e+00 
 1.63690000e-01  2.40116674e+00 
 1.63710000e-01  2.40120619e+00 
 1.63730000e-01  2.40124561e+00 
 1.63750000e-01  2.40128503e+00 
 1.63770000e-01  2.40132442e+00 
 1.63790000e-01  2.40136380e+00 
 1.63810000e-01  2.40140317e+00 
 1.63830000e-01  2.40144252e+00 
 1.63850000e-01  2.40148185e+00 
 1.63870000e-01  2.40152117e+00 
 1.63890000e-01  2.40156047e+00 
 1.63910000e-01  2.40159975e+00 
 1.63930000e-01  2.40163903e+00 
 1.63950000e-01  2.40167828e+00 
 1.63970000e-01  2.40171752e+00 
 1.63990000e-01  2.40175674e+00 
 1.64010000e-01  2.40179595e+00 
 1.64030000e-01  2.40183514e+00 
 1.64050000e-01  2.40187432e+00 
 1.64070000e-01  2.40191348e+00 
 1.64090000e-01  2.40195262e+00 
 1.64110000e-01  2.40199175e+00 
 1.64130000e-01  2.40203087e+00 
 1.64150000e-01  2.40206996e+00 
 1.64170000e-01  2.40210905e+00 
 1.64190000e-01  2.40214811e+00 
 1.64210000e-01  2.40218716e+00 
 1.64230000e-01  2.40222620e+00 
 1.64250000e-01  2.40226522e+00 
 1.64270000e-01  2.40230422e+00 
 1.64290000e-01  2.40234321e+00 
 1.64310000e-01  2.40238219e+00 
 1.64330000e-01  2.40242114e+00 
 1.64350000e-01  2.40246008e+00 
 1.64370000e-01  2.40249901e+00 
 1.64390000e-01  2.40253792e+00 
 1.64410000e-01  2.40257682e+00 
 1.64430000e-01  2.40261570e+00 
 1.64450000e-01  2.40265456e+00 
 1.64470000e-01  2.40269341e+00 
 1.64490000e-01  2.40273224e+00 
 1.64510000e-01  2.40277106e+00 
 1.64530000e-01  2.40280986e+00 
 1.64550000e-01  2.40284865e+00 
 1.64570000e-01  2.40288742e+00 
 1.64590000e-01  2.40292617e+00 
 1.64610000e-01  2.40296491e+00 
 1.64630000e-01  2.40300364e+00 
 1.64650000e-01  2.40304235e+00 
 1.64670000e-01  2.40308104e+00 
 1.64690000e-01  2.40311972e+00 
 1.64710000e-01  2.40315838e+00 
 1.64730000e-01  2.40319703e+00 
 1.64750000e-01  2.40323566e+00 
 1.64770000e-01  2.40327428e+00 
 1.64790000e-01  2.40331288e+00 
 1.64810000e-01  2.40335146e+00 
 1.64830000e-01  2.40339003e+00 
 1.64850000e-01  2.40342859e+00 
 1.64870000e-01  2.40346713e+00 
 1.64890000e-01  2.40350565e+00 
 1.64910000e-01  2.40354416e+00 
 1.64930000e-01  2.40358265e+00 
 1.64950000e-01  2.40362113e+00 
 1.64970000e-01  2.40365959e+00 
 1.64990000e-01  2.40369804e+00 
 1.65010000e-01  2.40373647e+00 
 1.65030000e-01  2.40377488e+00 
 1.65050000e-01  2.40381328e+00 
 1.65070000e-01  2.40385167e+00 
 1.65090000e-01  2.40389004e+00 
 1.65110000e-01  2.40392839e+00 
 1.65130000e-01  2.40396673e+00 
 1.65150000e-01  2.40400506e+00 
 1.65170000e-01  2.40404337e+00 
 1.65190000e-01  2.40408166e+00 
 1.65210000e-01  2.40411994e+00 
 1.65230000e-01  2.40415820e+00 
 1.65250000e-01  2.40419645e+00 
 1.65270000e-01  2.40423468e+00 
 1.65290000e-01  2.40427289e+00 
 1.65310000e-01  2.40431110e+00 
 1.65330000e-01  2.40434928e+00 
 1.65350000e-01  2.40438745e+00 
 1.65370000e-01  2.40442561e+00 
 1.65390000e-01  2.40446375e+00 
 1.65410000e-01  2.40450187e+00 
 1.65430000e-01  2.40453998e+00 
 1.65450000e-01  2.40457808e+00 
 1.65470000e-01  2.40461616e+00 
 1.65490000e-01  2.40465422e+00 
 1.65510000e-01  2.40469227e+00 
 1.65530000e-01  2.40473030e+00 
 1.65550000e-01  2.40476832e+00 
 1.65570000e-01  2.40480633e+00 
 1.65590000e-01  2.40484431e+00 
 1.65610000e-01  2.40488229e+00 
 1.65630000e-01  2.40492024e+00 
 1.65650000e-01  2.40495819e+00 
 1.65670000e-01  2.40499611e+00 
 1.65690000e-01  2.40503403e+00 
 1.65710000e-01  2.40507192e+00 
 1.65730000e-01  2.40510980e+00 
 1.65750000e-01  2.40514767e+00 
 1.65770000e-01  2.40518552e+00 
 1.65790000e-01  2.40522336e+00 
 1.65810000e-01  2.40526118e+00 
 1.65830000e-01  2.40529899e+00 
 1.65850000e-01  2.40533678e+00 
 1.65870000e-01  2.40537455e+00 
 1.65890000e-01  2.40541231e+00 
 1.65910000e-01  2.40545006e+00 
 1.65930000e-01  2.40548779e+00 
 1.65950000e-01  2.40552551e+00 
 1.65970000e-01  2.40556321e+00 
 1.65990000e-01  2.40560089e+00 
 1.66010000e-01  2.40563856e+00 
 1.66030000e-01  2.40567622e+00 
 1.66050000e-01  2.40571386e+00 
 1.66070000e-01  2.40575148e+00 
 1.66090000e-01  2.40578909e+00 
 1.66110000e-01  2.40582669e+00 
 1.66130000e-01  2.40586427e+00 
 1.66150000e-01  2.40590183e+00 
 1.66170000e-01  2.40593938e+00 
 1.66190000e-01  2.40597692e+00 
 1.66210000e-01  2.40601444e+00 
 1.66230000e-01  2.40605194e+00 
 1.66250000e-01  2.40608943e+00 
 1.66270000e-01  2.40612691e+00 
 1.66290000e-01  2.40616437e+00 
 1.66310000e-01  2.40620181e+00 
 1.66330000e-01  2.40623924e+00 
 1.66350000e-01  2.40627666e+00 
 1.66370000e-01  2.40631406e+00 
 1.66390000e-01  2.40635144e+00 
 1.66410000e-01  2.40638881e+00 
 1.66430000e-01  2.40642617e+00 
 1.66450000e-01  2.40646351e+00 
 1.66470000e-01  2.40650083e+00 
 1.66490000e-01  2.40653814e+00 
 1.66510000e-01  2.40657544e+00 
 1.66530000e-01  2.40661272e+00 
 1.66550000e-01  2.40664998e+00 
 1.66570000e-01  2.40668724e+00 
 1.66590000e-01  2.40672447e+00 
 1.66610000e-01  2.40676169e+00 
 1.66630000e-01  2.40679890e+00 
 1.66650000e-01  2.40683609e+00 
 1.66670000e-01  2.40687327e+00 
 1.66690000e-01  2.40691043e+00 
 1.66710000e-01  2.40694757e+00 
 1.66730000e-01  2.40698471e+00 
 1.66750000e-01  2.40702182e+00 
 1.66770000e-01  2.40705892e+00 
 1.66790000e-01  2.40709601e+00 
 1.66810000e-01  2.40713308e+00 
 1.66830000e-01  2.40717014e+00 
 1.66850000e-01  2.40720718e+00 
 1.66870000e-01  2.40724421e+00 
 1.66890000e-01  2.40728123e+00 
 1.66910000e-01  2.40731822e+00 
 1.66930000e-01  2.40735521e+00 
 1.66950000e-01  2.40739218e+00 
 1.66970000e-01  2.40742913e+00 
 1.66990000e-01  2.40746607e+00 
 1.67010000e-01  2.40750299e+00 
 1.67030000e-01  2.40753990e+00 
 1.67050000e-01  2.40757680e+00 
 1.67070000e-01  2.40761368e+00 
 1.67090000e-01  2.40765054e+00 
 1.67110000e-01  2.40768739e+00 
 1.67130000e-01  2.40772423e+00 
 1.67150000e-01  2.40776105e+00 
 1.67170000e-01  2.40779786e+00 
 1.67190000e-01  2.40783465e+00 
 1.67210000e-01  2.40787143e+00 
 1.67230000e-01  2.40790819e+00 
 1.67250000e-01  2.40794494e+00 
 1.67270000e-01  2.40798167e+00 
 1.67290000e-01  2.40801839e+00 
 1.67310000e-01  2.40805509e+00 
 1.67330000e-01  2.40809178e+00 
 1.67350000e-01  2.40812845e+00 
 1.67370000e-01  2.40816511e+00 
 1.67390000e-01  2.40820176e+00 
 1.67410000e-01  2.40823839e+00 
 1.67430000e-01  2.40827500e+00 
 1.67450000e-01  2.40831160e+00 
 1.67470000e-01  2.40834819e+00 
 1.67490000e-01  2.40838476e+00 
 1.67510000e-01  2.40842132e+00 
 1.67530000e-01  2.40845786e+00 
 1.67550000e-01  2.40849439e+00 
 1.67570000e-01  2.40853090e+00 
 1.67590000e-01  2.40856740e+00 
 1.67610000e-01  2.40860388e+00 
 1.67630000e-01  2.40864035e+00 
 1.67650000e-01  2.40867681e+00 
 1.67670000e-01  2.40871325e+00 
 1.67690000e-01  2.40874967e+00 
 1.67710000e-01  2.40878608e+00 
 1.67730000e-01  2.40882248e+00 
 1.67750000e-01  2.40885886e+00 
 1.67770000e-01  2.40889523e+00 
 1.67790000e-01  2.40893158e+00 
 1.67810000e-01  2.40896792e+00 
 1.67830000e-01  2.40900425e+00 
 1.67850000e-01  2.40904055e+00 
 1.67870000e-01  2.40907685e+00 
 1.67890000e-01  2.40911313e+00 
 1.67910000e-01  2.40914940e+00 
 1.67930000e-01  2.40918565e+00 
 1.67950000e-01  2.40922188e+00 
 1.67970000e-01  2.40925811e+00 
 1.67990000e-01  2.40929431e+00 
 1.68010000e-01  2.40933051e+00 
 1.68030000e-01  2.40936669e+00 
 1.68050000e-01  2.40940285e+00 
 1.68070000e-01  2.40943900e+00 
 1.68090000e-01  2.40947513e+00 
 1.68110000e-01  2.40951126e+00 
 1.68130000e-01  2.40954736e+00 
 1.68150000e-01  2.40958345e+00 
 1.68170000e-01  2.40961953e+00 
 1.68190000e-01  2.40965559e+00 
 1.68210000e-01  2.40969164e+00 
 1.68230000e-01  2.40972768e+00 
 1.68250000e-01  2.40976370e+00 
 1.68270000e-01  2.40979970e+00 
 1.68290000e-01  2.40983569e+00 
 1.68310000e-01  2.40987167e+00 
 1.68330000e-01  2.40990763e+00 
 1.68350000e-01  2.40994358e+00 
 1.68370000e-01  2.40997952e+00 
 1.68390000e-01  2.41001543e+00 
 1.68410000e-01  2.41005134e+00 
 1.68430000e-01  2.41008723e+00 
 1.68450000e-01  2.41012311e+00 
 1.68470000e-01  2.41015897e+00 
 1.68490000e-01  2.41019482e+00 
 1.68510000e-01  2.41023065e+00 
 1.68530000e-01  2.41026647e+00 
 1.68550000e-01  2.41030227e+00 
 1.68570000e-01  2.41033806e+00 
 1.68590000e-01  2.41037384e+00 
 1.68610000e-01  2.41040960e+00 
 1.68630000e-01  2.41044535e+00 
 1.68650000e-01  2.41048108e+00 
 1.68670000e-01  2.41051680e+00 
 1.68690000e-01  2.41055250e+00 
 1.68710000e-01  2.41058819e+00 
 1.68730000e-01  2.41062387e+00 
 1.68750000e-01  2.41065953e+00 
 1.68770000e-01  2.41069518e+00 
 1.68790000e-01  2.41073081e+00 
 1.68810000e-01  2.41076643e+00 
 1.68830000e-01  2.41080203e+00 
 1.68850000e-01  2.41083762e+00 
 1.68870000e-01  2.41087320e+00 
 1.68890000e-01  2.41090876e+00 
 1.68910000e-01  2.41094431e+00 
 1.68930000e-01  2.41097984e+00 
 1.68950000e-01  2.41101536e+00 
 1.68970000e-01  2.41105087e+00 
 1.68990000e-01  2.41108636e+00 
 1.69010000e-01  2.41112183e+00 
 1.69030000e-01  2.41115730e+00 
 1.69050000e-01  2.41119274e+00 
 1.69070000e-01  2.41122818e+00 
 1.69090000e-01  2.41126360e+00 
 1.69110000e-01  2.41129900e+00 
 1.69130000e-01  2.41133440e+00 
 1.69150000e-01  2.41136977e+00 
 1.69170000e-01  2.41140514e+00 
 1.69190000e-01  2.41144048e+00 
 1.69210000e-01  2.41147582e+00 
 1.69230000e-01  2.41151114e+00 
 1.69250000e-01  2.41154645e+00 
 1.69270000e-01  2.41158174e+00 
 1.69290000e-01  2.41161702e+00 
 1.69310000e-01  2.41165228e+00 
 1.69330000e-01  2.41168753e+00 
 1.69350000e-01  2.41172277e+00 
 1.69370000e-01  2.41175799e+00 
 1.69390000e-01  2.41179320e+00 
 1.69410000e-01  2.41182839e+00 
 1.69430000e-01  2.41186357e+00 
 1.69450000e-01  2.41189874e+00 
 1.69470000e-01  2.41193389e+00 
 1.69490000e-01  2.41196903e+00 
 1.69510000e-01  2.41200415e+00 
 1.69530000e-01  2.41203926e+00 
 1.69550000e-01  2.41207436e+00 
 1.69570000e-01  2.41210944e+00 
 1.69590000e-01  2.41214451e+00 
 1.69610000e-01  2.41217956e+00 
 1.69630000e-01  2.41221460e+00 
 1.69650000e-01  2.41224962e+00 
 1.69670000e-01  2.41228463e+00 
 1.69690000e-01  2.41231963e+00 
 1.69710000e-01  2.41235462e+00 
 1.69730000e-01  2.41238959e+00 
 1.69750000e-01  2.41242454e+00 
 1.69770000e-01  2.41245948e+00 
 1.69790000e-01  2.41249441e+00 
 1.69810000e-01  2.41252932e+00 
 1.69830000e-01  2.41256422e+00 
 1.69850000e-01  2.41259911e+00 
 1.69870000e-01  2.41263398e+00 
 1.69890000e-01  2.41266884e+00 
 1.69910000e-01  2.41270368e+00 
 1.69930000e-01  2.41273851e+00 
 1.69950000e-01  2.41277333e+00 
 1.69970000e-01  2.41280813e+00 
 1.69990000e-01  2.41284292e+00 
 1.70010000e-01  2.41287769e+00 
 1.70030000e-01  2.41291245e+00 
 1.70050000e-01  2.41294720e+00 
 1.70070000e-01  2.41298193e+00 
 1.70090000e-01  2.41301665e+00 
 1.70110000e-01  2.41305135e+00 
 1.70130000e-01  2.41308604e+00 
 1.70150000e-01  2.41312072e+00 
 1.70170000e-01  2.41315538e+00 
 1.70190000e-01  2.41319003e+00 
 1.70210000e-01  2.41322467e+00 
 1.70230000e-01  2.41325929e+00 
 1.70250000e-01  2.41329390e+00 
 1.70270000e-01  2.41332849e+00 
 1.70290000e-01  2.41336307e+00 
 1.70310000e-01  2.41339764e+00 
 1.70330000e-01  2.41343219e+00 
 1.70350000e-01  2.41346673e+00 
 1.70370000e-01  2.41350125e+00 
 1.70390000e-01  2.41353576e+00 
 1.70410000e-01  2.41357026e+00 
 1.70430000e-01  2.41360474e+00 
 1.70450000e-01  2.41363921e+00 
 1.70470000e-01  2.41367367e+00 
 1.70490000e-01  2.41370811e+00 
 1.70510000e-01  2.41374254e+00 
 1.70530000e-01  2.41377695e+00 
 1.70550000e-01  2.41381135e+00 
 1.70570000e-01  2.41384574e+00 
 1.70590000e-01  2.41388011e+00 
 1.70610000e-01  2.41391447e+00 
 1.70630000e-01  2.41394882e+00 
 1.70650000e-01  2.41398315e+00 
 1.70670000e-01  2.41401747e+00 
 1.70690000e-01  2.41405177e+00 
 1.70710000e-01  2.41408606e+00 
 1.70730000e-01  2.41412034e+00 
 1.70750000e-01  2.41415460e+00 
 1.70770000e-01  2.41418885e+00 
 1.70790000e-01  2.41422309e+00 
 1.70810000e-01  2.41425731e+00 
 1.70830000e-01  2.41429152e+00 
 1.70850000e-01  2.41432571e+00 
 1.70870000e-01  2.41435989e+00 
 1.70890000e-01  2.41439406e+00 
 1.70910000e-01  2.41442822e+00 
 1.70930000e-01  2.41446236e+00 
 1.70950000e-01  2.41449648e+00 
 1.70970000e-01  2.41453060e+00 
 1.70990000e-01  2.41456469e+00 
 1.71010000e-01  2.41459878e+00 
 1.71030000e-01  2.41463285e+00 
 1.71050000e-01  2.41466691e+00 
 1.71070000e-01  2.41470095e+00 
 1.71090000e-01  2.41473499e+00 
 1.71110000e-01  2.41476900e+00 
 1.71130000e-01  2.41480301e+00 
 1.71150000e-01  2.41483700e+00 
 1.71170000e-01  2.41487097e+00 
 1.71190000e-01  2.41490494e+00 
 1.71210000e-01  2.41493889e+00 
 1.71230000e-01  2.41497282e+00 
 1.71250000e-01  2.41500674e+00 
 1.71270000e-01  2.41504065e+00 
 1.71290000e-01  2.41507455e+00 
 1.71310000e-01  2.41510843e+00 
 1.71330000e-01  2.41514230e+00 
 1.71350000e-01  2.41517615e+00 
 1.71370000e-01  2.41520999e+00 
 1.71390000e-01  2.41524382e+00 
 1.71410000e-01  2.41527764e+00 
 1.71430000e-01  2.41531144e+00 
 1.71450000e-01  2.41534522e+00 
 1.71470000e-01  2.41537900e+00 
 1.71490000e-01  2.41541276e+00 
 1.71510000e-01  2.41544650e+00 
 1.71530000e-01  2.41548024e+00 
 1.71550000e-01  2.41551395e+00 
 1.71570000e-01  2.41554766e+00 
 1.71590000e-01  2.41558135e+00 
 1.71610000e-01  2.41561503e+00 
 1.71630000e-01  2.41564870e+00 
 1.71650000e-01  2.41568235e+00 
 1.71670000e-01  2.41571599e+00 
 1.71690000e-01  2.41574961e+00 
 1.71710000e-01  2.41578322e+00 
 1.71730000e-01  2.41581682e+00 
 1.71750000e-01  2.41585041e+00 
 1.71770000e-01  2.41588398e+00 
 1.71790000e-01  2.41591754e+00 
 1.71810000e-01  2.41595108e+00 
 1.71830000e-01  2.41598461e+00 
 1.71850000e-01  2.41601813e+00 
 1.71870000e-01  2.41605163e+00 
 1.71890000e-01  2.41608513e+00 
 1.71910000e-01  2.41611860e+00 
 1.71930000e-01  2.41615207e+00 
 1.71950000e-01  2.41618552e+00 
 1.71970000e-01  2.41621896e+00 
 1.71990000e-01  2.41625238e+00 
 1.72010000e-01  2.41628579e+00 
 1.72030000e-01  2.41631919e+00 
 1.72050000e-01  2.41635257e+00 
 1.72070000e-01  2.41638594e+00 
 1.72090000e-01  2.41641930e+00 
 1.72110000e-01  2.41645264e+00 
 1.72130000e-01  2.41648597e+00 
 1.72150000e-01  2.41651929e+00 
 1.72170000e-01  2.41655259e+00 
 1.72190000e-01  2.41658589e+00 
 1.72210000e-01  2.41661916e+00 
 1.72230000e-01  2.41665243e+00 
 1.72250000e-01  2.41668568e+00 
 1.72270000e-01  2.41671891e+00 
 1.72290000e-01  2.41675214e+00 
 1.72310000e-01  2.41678535e+00 
 1.72330000e-01  2.41681855e+00 
 1.72350000e-01  2.41685173e+00 
 1.72370000e-01  2.41688490e+00 
 1.72390000e-01  2.41691806e+00 
 1.72410000e-01  2.41695120e+00 
 1.72430000e-01  2.41698433e+00 
 1.72450000e-01  2.41701745e+00 
 1.72470000e-01  2.41705056e+00 
 1.72490000e-01  2.41708365e+00 
 1.72510000e-01  2.41711673e+00 
 1.72530000e-01  2.41714979e+00 
 1.72550000e-01  2.41718284e+00 
 1.72570000e-01  2.41721588e+00 
 1.72590000e-01  2.41724891e+00 
 1.72610000e-01  2.41728192e+00 
 1.72630000e-01  2.41731492e+00 
 1.72650000e-01  2.41734790e+00 
 1.72670000e-01  2.41738088e+00 
 1.72690000e-01  2.41741384e+00 
 1.72710000e-01  2.41744678e+00 
 1.72730000e-01  2.41747972e+00 
 1.72750000e-01  2.41751263e+00 
 1.72770000e-01  2.41754554e+00 
 1.72790000e-01  2.41757843e+00 
 1.72810000e-01  2.41761132e+00 
 1.72830000e-01  2.41764418e+00 
 1.72850000e-01  2.41767704e+00 
 1.72870000e-01  2.41770988e+00 
 1.72890000e-01  2.41774271e+00 
 1.72910000e-01  2.41777552e+00 
 1.72930000e-01  2.41780832e+00 
 1.72950000e-01  2.41784111e+00 
 1.72970000e-01  2.41787388e+00 
 1.72990000e-01  2.41790665e+00 
 1.73010000e-01  2.41793940e+00 
 1.73030000e-01  2.41797213e+00 
 1.73050000e-01  2.41800485e+00 
 1.73070000e-01  2.41803756e+00 
 1.73090000e-01  2.41807026e+00 
 1.73110000e-01  2.41810294e+00 
 1.73130000e-01  2.41813562e+00 
 1.73150000e-01  2.41816827e+00 
 1.73170000e-01  2.41820092e+00 
 1.73190000e-01  2.41823355e+00 
 1.73210000e-01  2.41826617e+00 
 1.73230000e-01  2.41829877e+00 
 1.73250000e-01  2.41833136e+00 
 1.73270000e-01  2.41836394e+00 
 1.73290000e-01  2.41839651e+00 
 1.73310000e-01  2.41842906e+00 
 1.73330000e-01  2.41846160e+00 
 1.73350000e-01  2.41849413e+00 
 1.73370000e-01  2.41852664e+00 
 1.73390000e-01  2.41855915e+00 
 1.73410000e-01  2.41859163e+00 
 1.73430000e-01  2.41862411e+00 
 1.73450000e-01  2.41865657e+00 
 1.73470000e-01  2.41868902e+00 
 1.73490000e-01  2.41872146e+00 
 1.73510000e-01  2.41875388e+00 
 1.73530000e-01  2.41878629e+00 
 1.73550000e-01  2.41881869e+00 
 1.73570000e-01  2.41885107e+00 
 1.73590000e-01  2.41888344e+00 
 1.73610000e-01  2.41891580e+00 
 1.73630000e-01  2.41894815e+00 
 1.73650000e-01  2.41898048e+00 
 1.73670000e-01  2.41901280e+00 
 1.73690000e-01  2.41904511e+00 
 1.73710000e-01  2.41907740e+00 
 1.73730000e-01  2.41910968e+00 
 1.73750000e-01  2.41914195e+00 
 1.73770000e-01  2.41917420e+00 
 1.73790000e-01  2.41920645e+00 
 1.73810000e-01  2.41923867e+00 
 1.73830000e-01  2.41927089e+00 
 1.73850000e-01  2.41930309e+00 
 1.73870000e-01  2.41933528e+00 
 1.73890000e-01  2.41936746e+00 
 1.73910000e-01  2.41939963e+00 
 1.73930000e-01  2.41943178e+00 
 1.73950000e-01  2.41946392e+00 
 1.73970000e-01  2.41949604e+00 
 1.73990000e-01  2.41952816e+00 
 1.74010000e-01  2.41956026e+00 
 1.74030000e-01  2.41959235e+00 
 1.74050000e-01  2.41962442e+00 
 1.74070000e-01  2.41965648e+00 
 1.74090000e-01  2.41968853e+00 
 1.74110000e-01  2.41972057e+00 
 1.74130000e-01  2.41975259e+00 
 1.74150000e-01  2.41978460e+00 
 1.74170000e-01  2.41981660e+00 
 1.74190000e-01  2.41984859e+00 
 1.74210000e-01  2.41988056e+00 
 1.74230000e-01  2.41991252e+00 
 1.74250000e-01  2.41994447e+00 
 1.74270000e-01  2.41997640e+00 
 1.74290000e-01  2.42000832e+00 
 1.74310000e-01  2.42004023e+00 
 1.74330000e-01  2.42007213e+00 
 1.74350000e-01  2.42010401e+00 
 1.74370000e-01  2.42013588e+00 
 1.74390000e-01  2.42016774e+00 
 1.74410000e-01  2.42019958e+00 
 1.74430000e-01  2.42023141e+00 
 1.74450000e-01  2.42026323e+00 
 1.74470000e-01  2.42029504e+00 
 1.74490000e-01  2.42032683e+00 
 1.74510000e-01  2.42035861e+00 
 1.74530000e-01  2.42039038e+00 
 1.74550000e-01  2.42042214e+00 
 1.74570000e-01  2.42045388e+00 
 1.74590000e-01  2.42048561e+00 
 1.74610000e-01  2.42051733e+00 
 1.74630000e-01  2.42054904e+00 
 1.74650000e-01  2.42058073e+00 
 1.74670000e-01  2.42061241e+00 
 1.74690000e-01  2.42064407e+00 
 1.74710000e-01  2.42067573e+00 
 1.74730000e-01  2.42070737e+00 
 1.74750000e-01  2.42073900e+00 
 1.74770000e-01  2.42077062e+00 
 1.74790000e-01  2.42080222e+00 
 1.74810000e-01  2.42083381e+00 
 1.74830000e-01  2.42086539e+00 
 1.74850000e-01  2.42089695e+00 
 1.74870000e-01  2.42092851e+00 
 1.74890000e-01  2.42096005e+00 
 1.74910000e-01  2.42099158e+00 
 1.74930000e-01  2.42102309e+00 
 1.74950000e-01  2.42105459e+00 
 1.74970000e-01  2.42108608e+00 
 1.74990000e-01  2.42111756e+00 
 1.75010000e-01  2.42114903e+00 
 1.75030000e-01  2.42118048e+00 
 1.75050000e-01  2.42121192e+00 
 1.75070000e-01  2.42124335e+00 
 1.75090000e-01  2.42127476e+00 
 1.75110000e-01  2.42130616e+00 
 1.75130000e-01  2.42133755e+00 
 1.75150000e-01  2.42136893e+00 
 1.75170000e-01  2.42140029e+00 
 1.75190000e-01  2.42143165e+00 
 1.75210000e-01  2.42146299e+00 
 1.75230000e-01  2.42149431e+00 
 1.75250000e-01  2.42152563e+00 
 1.75270000e-01  2.42155693e+00 
 1.75290000e-01  2.42158822e+00 
 1.75310000e-01  2.42161949e+00 
 1.75330000e-01  2.42165076e+00 
 1.75350000e-01  2.42168201e+00 
 1.75370000e-01  2.42171325e+00 
 1.75390000e-01  2.42174448e+00 
 1.75410000e-01  2.42177569e+00 
 1.75430000e-01  2.42180689e+00 
 1.75450000e-01  2.42183808e+00 
 1.75470000e-01  2.42186926e+00 
 1.75490000e-01  2.42190042e+00 
 1.75510000e-01  2.42193158e+00 
 1.75530000e-01  2.42196271e+00 
 1.75550000e-01  2.42199384e+00 
 1.75570000e-01  2.42202496e+00 
 1.75590000e-01  2.42205606e+00 
 1.75610000e-01  2.42208715e+00 
 1.75630000e-01  2.42211822e+00 
 1.75650000e-01  2.42214929e+00 
 1.75670000e-01  2.42218034e+00 
 1.75690000e-01  2.42221138e+00 
 1.75710000e-01  2.42224241e+00 
 1.75730000e-01  2.42227342e+00 
 1.75750000e-01  2.42230443e+00 
 1.75770000e-01  2.42233542e+00 
 1.75790000e-01  2.42236640e+00 
 1.75810000e-01  2.42239736e+00 
 1.75830000e-01  2.42242831e+00 
 1.75850000e-01  2.42245926e+00 
 1.75870000e-01  2.42249018e+00 
 1.75890000e-01  2.42252110e+00 
 1.75910000e-01  2.42255200e+00 
 1.75930000e-01  2.42258289e+00 
 1.75950000e-01  2.42261377e+00 
 1.75970000e-01  2.42264464e+00 
 1.75990000e-01  2.42267549e+00 
 1.76010000e-01  2.42270634e+00 
 1.76030000e-01  2.42273717e+00 
 1.76050000e-01  2.42276798e+00 
 1.76070000e-01  2.42279879e+00 
 1.76090000e-01  2.42282958e+00 
 1.76110000e-01  2.42286036e+00 
 1.76130000e-01  2.42289113e+00 
 1.76150000e-01  2.42292188e+00 
 1.76170000e-01  2.42295263e+00 
 1.76190000e-01  2.42298336e+00 
 1.76210000e-01  2.42301408e+00 
 1.76230000e-01  2.42304478e+00 
 1.76250000e-01  2.42307548e+00 
 1.76270000e-01  2.42310616e+00 
 1.76290000e-01  2.42313683e+00 
 1.76310000e-01  2.42316749e+00 
 1.76330000e-01  2.42319813e+00 
 1.76350000e-01  2.42322877e+00 
 1.76370000e-01  2.42325939e+00 
 1.76390000e-01  2.42329000e+00 
 1.76410000e-01  2.42332059e+00 
 1.76430000e-01  2.42335118e+00 
 1.76450000e-01  2.42338175e+00 
 1.76470000e-01  2.42341231e+00 
 1.76490000e-01  2.42344285e+00 
 1.76510000e-01  2.42347339e+00 
 1.76530000e-01  2.42350391e+00 
 1.76550000e-01  2.42353442e+00 
 1.76570000e-01  2.42356492e+00 
 1.76590000e-01  2.42359541e+00 
 1.76610000e-01  2.42362588e+00 
 1.76630000e-01  2.42365634e+00 
 1.76650000e-01  2.42368679e+00 
 1.76670000e-01  2.42371723e+00 
 1.76690000e-01  2.42374766e+00 
 1.76710000e-01  2.42377807e+00 
 1.76730000e-01  2.42380847e+00 
 1.76750000e-01  2.42383886e+00 
 1.76770000e-01  2.42386924e+00 
 1.76790000e-01  2.42389960e+00 
 1.76810000e-01  2.42392995e+00 
 1.76830000e-01  2.42396029e+00 
 1.76850000e-01  2.42399062e+00 
 1.76870000e-01  2.42402094e+00 
 1.76890000e-01  2.42405124e+00 
 1.76910000e-01  2.42408153e+00 
 1.76930000e-01  2.42411181e+00 
 1.76950000e-01  2.42414208e+00 
 1.76970000e-01  2.42417233e+00 
 1.76990000e-01  2.42420258e+00 
 1.77010000e-01  2.42423281e+00 
 1.77030000e-01  2.42426303e+00 
 1.77050000e-01  2.42429324e+00 
 1.77070000e-01  2.42432343e+00 
 1.77090000e-01  2.42435361e+00 
 1.77110000e-01  2.42438378e+00 
 1.77130000e-01  2.42441394e+00 
 1.77150000e-01  2.42444409e+00 
 1.77170000e-01  2.42447422e+00 
 1.77190000e-01  2.42450435e+00 
 1.77210000e-01  2.42453446e+00 
 1.77230000e-01  2.42456456e+00 
 1.77250000e-01  2.42459464e+00 
 1.77270000e-01  2.42462472e+00 
 1.77290000e-01  2.42465478e+00 
 1.77310000e-01  2.42468483e+00 
 1.77330000e-01  2.42471487e+00 
 1.77350000e-01  2.42474489e+00 
 1.77370000e-01  2.42477491e+00 
 1.77390000e-01  2.42480491e+00 
 1.77410000e-01  2.42483490e+00 
 1.77430000e-01  2.42486488e+00 
 1.77450000e-01  2.42489485e+00 
 1.77470000e-01  2.42492480e+00 
 1.77490000e-01  2.42495474e+00 
 1.77510000e-01  2.42498467e+00 
 1.77530000e-01  2.42501459e+00 
 1.77550000e-01  2.42504450e+00 
 1.77570000e-01  2.42507439e+00 
 1.77590000e-01  2.42510428e+00 
 1.77610000e-01  2.42513415e+00 
 1.77630000e-01  2.42516401e+00 
 1.77650000e-01  2.42519385e+00 
 1.77670000e-01  2.42522369e+00 
 1.77690000e-01  2.42525351e+00 
 1.77710000e-01  2.42528332e+00 
 1.77730000e-01  2.42531312e+00 
 1.77750000e-01  2.42534291e+00 
 1.77770000e-01  2.42537268e+00 
 1.77790000e-01  2.42540245e+00 
 1.77810000e-01  2.42543220e+00 
 1.77830000e-01  2.42546194e+00 
 1.77850000e-01  2.42549166e+00 
 1.77870000e-01  2.42552138e+00 
 1.77890000e-01  2.42555108e+00 
 1.77910000e-01  2.42558078e+00 
 1.77930000e-01  2.42561046e+00 
 1.77950000e-01  2.42564012e+00 
 1.77970000e-01  2.42566978e+00 
 1.77990000e-01  2.42569942e+00 
 1.78010000e-01  2.42572906e+00 
 1.78030000e-01  2.42575868e+00 
 1.78050000e-01  2.42578829e+00 
 1.78070000e-01  2.42581788e+00 
 1.78090000e-01  2.42584747e+00 
 1.78110000e-01  2.42587704e+00 
 1.78130000e-01  2.42590660e+00 
 1.78150000e-01  2.42593615e+00 
 1.78170000e-01  2.42596569e+00 
 1.78190000e-01  2.42599522e+00 
 1.78210000e-01  2.42602473e+00 
 1.78230000e-01  2.42605423e+00 
 1.78250000e-01  2.42608373e+00 
 1.78270000e-01  2.42611320e+00 
 1.78290000e-01  2.42614267e+00 
 1.78310000e-01  2.42617213e+00 
 1.78330000e-01  2.42620157e+00 
 1.78350000e-01  2.42623100e+00 
 1.78370000e-01  2.42626042e+00 
 1.78390000e-01  2.42628983e+00 
 1.78410000e-01  2.42631923e+00 
 1.78430000e-01  2.42634861e+00 
 1.78450000e-01  2.42637799e+00 
 1.78470000e-01  2.42640735e+00 
 1.78490000e-01  2.42643670e+00 
 1.78510000e-01  2.42646603e+00 
 1.78530000e-01  2.42649536e+00 
 1.78550000e-01  2.42652467e+00 
 1.78570000e-01  2.42655398e+00 
 1.78590000e-01  2.42658327e+00 
 1.78610000e-01  2.42661255e+00 
 1.78630000e-01  2.42664181e+00 
 1.78650000e-01  2.42667107e+00 
 1.78670000e-01  2.42670031e+00 
 1.78690000e-01  2.42672955e+00 
 1.78710000e-01  2.42675877e+00 
 1.78730000e-01  2.42678798e+00 
 1.78750000e-01  2.42681717e+00 
 1.78770000e-01  2.42684636e+00 
 1.78790000e-01  2.42687553e+00 
 1.78810000e-01  2.42690470e+00 
 1.78830000e-01  2.42693385e+00 
 1.78850000e-01  2.42696298e+00 
 1.78870000e-01  2.42699211e+00 
 1.78890000e-01  2.42702123e+00 
 1.78910000e-01  2.42705033e+00 
 1.78930000e-01  2.42707942e+00 
 1.78950000e-01  2.42710850e+00 
 1.78970000e-01  2.42713757e+00 
 1.78990000e-01  2.42716663e+00 
 1.79010000e-01  2.42719568e+00 
 1.79030000e-01  2.42722471e+00 
 1.79050000e-01  2.42725373e+00 
 1.79070000e-01  2.42728275e+00 
 1.79090000e-01  2.42731174e+00 
 1.79110000e-01  2.42734073e+00 
 1.79130000e-01  2.42736971e+00 
 1.79150000e-01  2.42739867e+00 
 1.79170000e-01  2.42742763e+00 
 1.79190000e-01  2.42745657e+00 
 1.79210000e-01  2.42748550e+00 
 1.79230000e-01  2.42751442e+00 
 1.79250000e-01  2.42754332e+00 
 1.79270000e-01  2.42757222e+00 
 1.79290000e-01  2.42760110e+00 
 1.79310000e-01  2.42762997e+00 
 1.79330000e-01  2.42765883e+00 
 1.79350000e-01  2.42768768e+00 
 1.79370000e-01  2.42771652e+00 
 1.79390000e-01  2.42774535e+00 
 1.79410000e-01  2.42777416e+00 
 1.79430000e-01  2.42780296e+00 
 1.79450000e-01  2.42783176e+00 
 1.79470000e-01  2.42786054e+00 
 1.79490000e-01  2.42788930e+00 
 1.79510000e-01  2.42791806e+00 
 1.79530000e-01  2.42794681e+00 
 1.79550000e-01  2.42797554e+00 
 1.79570000e-01  2.42800426e+00 
 1.79590000e-01  2.42803297e+00 
 1.79610000e-01  2.42806167e+00 
 1.79630000e-01  2.42809036e+00 
 1.79650000e-01  2.42811904e+00 
 1.79670000e-01  2.42814770e+00 
 1.79690000e-01  2.42817636e+00 
 1.79710000e-01  2.42820500e+00 
 1.79730000e-01  2.42823363e+00 
 1.79750000e-01  2.42826225e+00 
 1.79770000e-01  2.42829086e+00 
 1.79790000e-01  2.42831945e+00 
 1.79810000e-01  2.42834804e+00 
 1.79830000e-01  2.42837661e+00 
 1.79850000e-01  2.42840517e+00 
 1.79870000e-01  2.42843372e+00 
 1.79890000e-01  2.42846226e+00 
 1.79910000e-01  2.42849079e+00 
 1.79930000e-01  2.42851931e+00 
 1.79950000e-01  2.42854781e+00 
 1.79970000e-01  2.42857630e+00 
 1.79990000e-01  2.42860479e+00 
 1.80010000e-01  2.42863326e+00 
 1.80030000e-01  2.42866172e+00 
 1.80050000e-01  2.42869016e+00 
 1.80070000e-01  2.42871860e+00 
 1.80090000e-01  2.42874703e+00 
 1.80110000e-01  2.42877544e+00 
 1.80130000e-01  2.42880384e+00 
 1.80150000e-01  2.42883223e+00 
 1.80170000e-01  2.42886061e+00 
 1.80190000e-01  2.42888898e+00 
 1.80210000e-01  2.42891734e+00 
 1.80230000e-01  2.42894568e+00 
 1.80250000e-01  2.42897402e+00 
 1.80270000e-01  2.42900234e+00 
 1.80290000e-01  2.42903065e+00 
 1.80310000e-01  2.42905895e+00 
 1.80330000e-01  2.42908724e+00 
 1.80350000e-01  2.42911552e+00 
 1.80370000e-01  2.42914379e+00 
 1.80390000e-01  2.42917204e+00 
 1.80410000e-01  2.42920029e+00 
 1.80430000e-01  2.42922852e+00 
 1.80450000e-01  2.42925674e+00 
 1.80470000e-01  2.42928495e+00 
 1.80490000e-01  2.42931315e+00 
 1.80510000e-01  2.42934134e+00 
 1.80530000e-01  2.42936951e+00 
 1.80550000e-01  2.42939768e+00 
 1.80570000e-01  2.42942583e+00 
 1.80590000e-01  2.42945397e+00 
 1.80610000e-01  2.42948211e+00 
 1.80630000e-01  2.42951023e+00 
 1.80650000e-01  2.42953833e+00 
 1.80670000e-01  2.42956643e+00 
 1.80690000e-01  2.42959452e+00 
 1.80710000e-01  2.42962259e+00 
 1.80730000e-01  2.42965066e+00 
 1.80750000e-01  2.42967871e+00 
 1.80770000e-01  2.42970675e+00 
 1.80790000e-01  2.42973478e+00 
 1.80810000e-01  2.42976280e+00 
 1.80830000e-01  2.42979081e+00 
 1.80850000e-01  2.42981880e+00 
 1.80870000e-01  2.42984679e+00 
 1.80890000e-01  2.42987476e+00 
 1.80910000e-01  2.42990273e+00 
 1.80930000e-01  2.42993068e+00 
 1.80950000e-01  2.42995862e+00 
 1.80970000e-01  2.42998655e+00 
 1.80990000e-01  2.43001446e+00 
 1.81010000e-01  2.43004237e+00 
 1.81030000e-01  2.43007027e+00 
 1.81050000e-01  2.43009815e+00 
 1.81070000e-01  2.43012603e+00 
 1.81090000e-01  2.43015389e+00 
 1.81110000e-01  2.43018174e+00 
 1.81130000e-01  2.43020958e+00 
 1.81150000e-01  2.43023741e+00 
 1.81170000e-01  2.43026523e+00 
 1.81190000e-01  2.43029303e+00 
 1.81210000e-01  2.43032083e+00 
 1.81230000e-01  2.43034861e+00 
 1.81250000e-01  2.43037639e+00 
 1.81270000e-01  2.43040415e+00 
 1.81290000e-01  2.43043190e+00 
 1.81310000e-01  2.43045964e+00 
 1.81330000e-01  2.43048737e+00 
 1.81350000e-01  2.43051509e+00 
 1.81370000e-01  2.43054279e+00 
 1.81390000e-01  2.43057049e+00 
 1.81410000e-01  2.43059817e+00 
 1.81430000e-01  2.43062585e+00 
 1.81450000e-01  2.43065351e+00 
 1.81470000e-01  2.43068116e+00 
 1.81490000e-01  2.43070880e+00 
 1.81510000e-01  2.43073643e+00 
 1.81530000e-01  2.43076405e+00 
 1.81550000e-01  2.43079166e+00 
 1.81570000e-01  2.43081925e+00 
 1.81590000e-01  2.43084684e+00 
 1.81610000e-01  2.43087441e+00 
 1.81630000e-01  2.43090198e+00 
 1.81650000e-01  2.43092953e+00 
 1.81670000e-01  2.43095707e+00 
 1.81690000e-01  2.43098460e+00 
 1.81710000e-01  2.43101212e+00 
 1.81730000e-01  2.43103963e+00 
 1.81750000e-01  2.43106712e+00 
 1.81770000e-01  2.43109461e+00 
 1.81790000e-01  2.43112208e+00 
 1.81810000e-01  2.43114955e+00 
 1.81830000e-01  2.43117700e+00 
 1.81850000e-01  2.43120444e+00 
 1.81870000e-01  2.43123187e+00 
 1.81890000e-01  2.43125929e+00 
 1.81910000e-01  2.43128670e+00 
 1.81930000e-01  2.43131410e+00 
 1.81950000e-01  2.43134149e+00 
 1.81970000e-01  2.43136886e+00 
 1.81990000e-01  2.43139623e+00 
 1.82010000e-01  2.43142358e+00 
 1.82030000e-01  2.43145093e+00 
 1.82050000e-01  2.43147826e+00 
 1.82070000e-01  2.43150558e+00 
 1.82090000e-01  2.43153289e+00 
 1.82110000e-01  2.43156019e+00 
 1.82130000e-01  2.43158748e+00 
 1.82150000e-01  2.43161476e+00 
 1.82170000e-01  2.43164203e+00 
 1.82190000e-01  2.43166928e+00 
 1.82210000e-01  2.43169653e+00 
 1.82230000e-01  2.43172376e+00 
 1.82250000e-01  2.43175099e+00 
 1.82270000e-01  2.43177820e+00 
 1.82290000e-01  2.43180540e+00 
 1.82310000e-01  2.43183259e+00 
 1.82330000e-01  2.43185977e+00 
 1.82350000e-01  2.43188694e+00 
 1.82370000e-01  2.43191410e+00 
 1.82390000e-01  2.43194124e+00 
 1.82410000e-01  2.43196838e+00 
 1.82430000e-01  2.43199551e+00 
 1.82450000e-01  2.43202262e+00 
 1.82470000e-01  2.43204973e+00 
 1.82490000e-01  2.43207682e+00 
 1.82510000e-01  2.43210390e+00 
 1.82530000e-01  2.43213097e+00 
 1.82550000e-01  2.43215803e+00 
 1.82570000e-01  2.43218508e+00 
 1.82590000e-01  2.43221212e+00 
 1.82610000e-01  2.43223915e+00 
 1.82630000e-01  2.43226617e+00 
 1.82650000e-01  2.43229317e+00 
 1.82670000e-01  2.43232017e+00 
 1.82690000e-01  2.43234715e+00 
 1.82710000e-01  2.43237413e+00 
 1.82730000e-01  2.43240109e+00 
 1.82750000e-01  2.43242804e+00 
 1.82770000e-01  2.43245499e+00 
 1.82790000e-01  2.43248192e+00 
 1.82810000e-01  2.43250884e+00 
 1.82830000e-01  2.43253575e+00 
 1.82850000e-01  2.43256265e+00 
 1.82870000e-01  2.43258953e+00 
 1.82890000e-01  2.43261641e+00 
 1.82910000e-01  2.43264328e+00 
 1.82930000e-01  2.43267013e+00 
 1.82950000e-01  2.43269698e+00 
 1.82970000e-01  2.43272381e+00 
 1.82990000e-01  2.43275064e+00 
 1.83010000e-01  2.43277745e+00 
 1.83030000e-01  2.43280425e+00 
 1.83050000e-01  2.43283104e+00 
 1.83070000e-01  2.43285782e+00 
 1.83090000e-01  2.43288459e+00 
 1.83110000e-01  2.43291135e+00 
 1.83130000e-01  2.43293810e+00 
 1.83150000e-01  2.43296484e+00 
 1.83170000e-01  2.43299156e+00 
 1.83190000e-01  2.43301828e+00 
 1.83210000e-01  2.43304499e+00 
 1.83230000e-01  2.43307168e+00 
 1.83250000e-01  2.43309837e+00 
 1.83270000e-01  2.43312504e+00 
 1.83290000e-01  2.43315170e+00 
 1.83310000e-01  2.43317835e+00 
 1.83330000e-01  2.43320500e+00 
 1.83350000e-01  2.43323163e+00 
 1.83370000e-01  2.43325825e+00 
 1.83390000e-01  2.43328486e+00 
 1.83410000e-01  2.43331146e+00 
 1.83430000e-01  2.43333805e+00 
 1.83450000e-01  2.43336462e+00 
 1.83470000e-01  2.43339119e+00 
 1.83490000e-01  2.43341775e+00 
 1.83510000e-01  2.43344429e+00 
 1.83530000e-01  2.43347083e+00 
 1.83550000e-01  2.43349735e+00 
 1.83570000e-01  2.43352387e+00 
 1.83590000e-01  2.43355037e+00 
 1.83610000e-01  2.43357686e+00 
 1.83630000e-01  2.43360335e+00 
 1.83650000e-01  2.43362982e+00 
 1.83670000e-01  2.43365628e+00 
 1.83690000e-01  2.43368273e+00 
 1.83710000e-01  2.43370917e+00 
 1.83730000e-01  2.43373560e+00 
 1.83750000e-01  2.43376202e+00 
 1.83770000e-01  2.43378843e+00 
 1.83790000e-01  2.43381482e+00 
 1.83810000e-01  2.43384121e+00 
 1.83830000e-01  2.43386759e+00 
 1.83850000e-01  2.43389395e+00 
 1.83870000e-01  2.43392031e+00 
 1.83890000e-01  2.43394665e+00 
 1.83910000e-01  2.43397299e+00 
 1.83930000e-01  2.43399931e+00 
 1.83950000e-01  2.43402563e+00 
 1.83970000e-01  2.43405193e+00 
 1.83990000e-01  2.43407822e+00 
 1.84010000e-01  2.43410450e+00 
 1.84030000e-01  2.43413077e+00 
 1.84050000e-01  2.43415704e+00 
 1.84070000e-01  2.43418329e+00 
 1.84090000e-01  2.43420953e+00 
 1.84110000e-01  2.43423576e+00 
 1.84130000e-01  2.43426197e+00 
 1.84150000e-01  2.43428818e+00 
 1.84170000e-01  2.43431438e+00 
 1.84190000e-01  2.43434057e+00 
 1.84210000e-01  2.43436674e+00 
 1.84230000e-01  2.43439291e+00 
 1.84250000e-01  2.43441907e+00 
 1.84270000e-01  2.43444521e+00 
 1.84290000e-01  2.43447135e+00 
 1.84310000e-01  2.43449747e+00 
 1.84330000e-01  2.43452359e+00 
 1.84350000e-01  2.43454969e+00 
 1.84370000e-01  2.43457578e+00 
 1.84390000e-01  2.43460187e+00 
 1.84410000e-01  2.43462794e+00 
 1.84430000e-01  2.43465400e+00 
 1.84450000e-01  2.43468005e+00 
 1.84470000e-01  2.43470609e+00 
 1.84490000e-01  2.43473212e+00 
 1.84510000e-01  2.43475814e+00 
 1.84530000e-01  2.43478415e+00 
 1.84550000e-01  2.43481015e+00 
 1.84570000e-01  2.43483614e+00 
 1.84590000e-01  2.43486212e+00 
 1.84610000e-01  2.43488809e+00 
 1.84630000e-01  2.43491405e+00 
 1.84650000e-01  2.43494000e+00 
 1.84670000e-01  2.43496593e+00 
 1.84690000e-01  2.43499186e+00 
 1.84710000e-01  2.43501778e+00 
 1.84730000e-01  2.43504368e+00 
 1.84750000e-01  2.43506958e+00 
 1.84770000e-01  2.43509546e+00 
 1.84790000e-01  2.43512134e+00 
 1.84810000e-01  2.43514720e+00 
 1.84830000e-01  2.43517306e+00 
 1.84850000e-01  2.43519890e+00 
 1.84870000e-01  2.43522474e+00 
 1.84890000e-01  2.43525056e+00 
 1.84910000e-01  2.43527637e+00 
 1.84930000e-01  2.43530217e+00 
 1.84950000e-01  2.43532797e+00 
 1.84970000e-01  2.43535375e+00 
 1.84990000e-01  2.43537952e+00 
 1.85010000e-01  2.43540528e+00 
 1.85030000e-01  2.43543103e+00 
 1.85050000e-01  2.43545677e+00 
 1.85070000e-01  2.43548250e+00 
 1.85090000e-01  2.43550822e+00 
 1.85110000e-01  2.43553393e+00 
 1.85130000e-01  2.43555963e+00 
 1.85150000e-01  2.43558532e+00 
 1.85170000e-01  2.43561100e+00 
 1.85190000e-01  2.43563667e+00 
 1.85210000e-01  2.43566233e+00 
 1.85230000e-01  2.43568798e+00 
 1.85250000e-01  2.43571362e+00 
 1.85270000e-01  2.43573924e+00 
 1.85290000e-01  2.43576486e+00 
 1.85310000e-01  2.43579047e+00 
 1.85330000e-01  2.43581607e+00 
 1.85350000e-01  2.43584165e+00 
 1.85370000e-01  2.43586723e+00 
 1.85390000e-01  2.43589280e+00 
 1.85410000e-01  2.43591835e+00 
 1.85430000e-01  2.43594390e+00 
 1.85450000e-01  2.43596943e+00 
 1.85470000e-01  2.43599496e+00 
 1.85490000e-01  2.43602048e+00 
 1.85510000e-01  2.43604598e+00 
 1.85530000e-01  2.43607148e+00 
 1.85550000e-01  2.43609696e+00 
 1.85570000e-01  2.43612243e+00 
 1.85590000e-01  2.43614790e+00 
 1.85610000e-01  2.43617335e+00 
 1.85630000e-01  2.43619880e+00 
 1.85650000e-01  2.43622423e+00 
 1.85670000e-01  2.43624965e+00 
 1.85690000e-01  2.43627507e+00 
 1.85710000e-01  2.43630047e+00 
 1.85730000e-01  2.43632586e+00 
 1.85750000e-01  2.43635125e+00 
 1.85770000e-01  2.43637662e+00 
 1.85790000e-01  2.43640198e+00 
 1.85810000e-01  2.43642734e+00 
 1.85830000e-01  2.43645268e+00 
 1.85850000e-01  2.43647801e+00 
 1.85870000e-01  2.43650333e+00 
 1.85890000e-01  2.43652864e+00 
 1.85910000e-01  2.43655395e+00 
 1.85930000e-01  2.43657924e+00 
 1.85950000e-01  2.43660452e+00 
 1.85970000e-01  2.43662979e+00 
 1.85990000e-01  2.43665505e+00 
 1.86010000e-01  2.43668030e+00 
 1.86030000e-01  2.43670555e+00 
 1.86050000e-01  2.43673078e+00 
 1.86070000e-01  2.43675600e+00 
 1.86090000e-01  2.43678121e+00 
 1.86110000e-01  2.43680641e+00 
 1.86130000e-01  2.43683160e+00 
 1.86150000e-01  2.43685678e+00 
 1.86170000e-01  2.43688195e+00 
 1.86190000e-01  2.43690711e+00 
 1.86210000e-01  2.43693226e+00 
 1.86230000e-01  2.43695740e+00 
 1.86250000e-01  2.43698253e+00 
 1.86270000e-01  2.43700765e+00 
 1.86290000e-01  2.43703276e+00 
 1.86310000e-01  2.43705786e+00 
 1.86330000e-01  2.43708296e+00 
 1.86350000e-01  2.43710804e+00 
 1.86370000e-01  2.43713311e+00 
 1.86390000e-01  2.43715817e+00 
 1.86410000e-01  2.43718322e+00 
 1.86430000e-01  2.43720826e+00 
 1.86450000e-01  2.43723329e+00 
 1.86470000e-01  2.43725831e+00 
 1.86490000e-01  2.43728332e+00 
 1.86510000e-01  2.43730832e+00 
 1.86530000e-01  2.43733331e+00 
 1.86550000e-01  2.43735829e+00 
 1.86570000e-01  2.43738326e+00 
 1.86590000e-01  2.43740822e+00 
 1.86610000e-01  2.43743317e+00 
 1.86630000e-01  2.43745811e+00 
 1.86650000e-01  2.43748304e+00 
 1.86670000e-01  2.43750796e+00 
 1.86690000e-01  2.43753287e+00 
 1.86710000e-01  2.43755777e+00 
 1.86730000e-01  2.43758266e+00 
 1.86750000e-01  2.43760754e+00 
 1.86770000e-01  2.43763241e+00 
 1.86790000e-01  2.43765727e+00 
 1.86810000e-01  2.43768212e+00 
 1.86830000e-01  2.43770696e+00 
 1.86850000e-01  2.43773179e+00 
 1.86870000e-01  2.43775661e+00 
 1.86890000e-01  2.43778142e+00 
 1.86910000e-01  2.43780622e+00 
 1.86930000e-01  2.43783101e+00 
 1.86950000e-01  2.43785580e+00 
 1.86970000e-01  2.43788057e+00 
 1.86990000e-01  2.43790533e+00 
 1.87010000e-01  2.43793008e+00 
 1.87030000e-01  2.43795482e+00 
 1.87050000e-01  2.43797955e+00 
 1.87070000e-01  2.43800427e+00 
 1.87090000e-01  2.43802899e+00 
 1.87110000e-01  2.43805369e+00 
 1.87130000e-01  2.43807838e+00 
 1.87150000e-01  2.43810306e+00 
 1.87170000e-01  2.43812773e+00 
 1.87190000e-01  2.43815240e+00 
 1.87210000e-01  2.43817705e+00 
 1.87230000e-01  2.43820169e+00 
 1.87250000e-01  2.43822632e+00 
 1.87270000e-01  2.43825095e+00 
 1.87290000e-01  2.43827556e+00 
 1.87310000e-01  2.43830016e+00 
 1.87330000e-01  2.43832476e+00 
 1.87350000e-01  2.43834934e+00 
 1.87370000e-01  2.43837391e+00 
 1.87390000e-01  2.43839848e+00 
 1.87410000e-01  2.43842303e+00 
 1.87430000e-01  2.43844758e+00 
 1.87450000e-01  2.43847211e+00 
 1.87470000e-01  2.43849664e+00 
 1.87490000e-01  2.43852115e+00 
 1.87510000e-01  2.43854566e+00 
 1.87530000e-01  2.43857015e+00 
 1.87550000e-01  2.43859464e+00 
 1.87570000e-01  2.43861911e+00 
 1.87590000e-01  2.43864358e+00 
 1.87610000e-01  2.43866803e+00 
 1.87630000e-01  2.43869248e+00 
 1.87650000e-01  2.43871692e+00 
 1.87670000e-01  2.43874134e+00 
 1.87690000e-01  2.43876576e+00 
 1.87710000e-01  2.43879017e+00 
 1.87730000e-01  2.43881457e+00 
 1.87750000e-01  2.43883895e+00 
 1.87770000e-01  2.43886333e+00 
 1.87790000e-01  2.43888770e+00 
 1.87810000e-01  2.43891206e+00 
 1.87830000e-01  2.43893641e+00 
 1.87850000e-01  2.43896075e+00 
 1.87870000e-01  2.43898508e+00 
 1.87890000e-01  2.43900940e+00 
 1.87910000e-01  2.43903371e+00 
 1.87930000e-01  2.43905801e+00 
 1.87950000e-01  2.43908230e+00 
 1.87970000e-01  2.43910658e+00 
 1.87990000e-01  2.43913085e+00 
 1.88010000e-01  2.43915511e+00 
 1.88030000e-01  2.43917936e+00 
 1.88050000e-01  2.43920360e+00 
 1.88070000e-01  2.43922783e+00 
 1.88090000e-01  2.43925206e+00 
 1.88110000e-01  2.43927627e+00 
 1.88130000e-01  2.43930047e+00 
 1.88150000e-01  2.43932467e+00 
 1.88170000e-01  2.43934885e+00 
 1.88190000e-01  2.43937302e+00 
 1.88210000e-01  2.43939719e+00 
 1.88230000e-01  2.43942134e+00 
 1.88250000e-01  2.43944549e+00 
 1.88270000e-01  2.43946962e+00 
 1.88290000e-01  2.43949375e+00 
 1.88310000e-01  2.43951786e+00 
 1.88330000e-01  2.43954197e+00 
 1.88350000e-01  2.43956607e+00 
 1.88370000e-01  2.43959016e+00 
 1.88390000e-01  2.43961423e+00 
 1.88410000e-01  2.43963830e+00 
 1.88430000e-01  2.43966236e+00 
 1.88450000e-01  2.43968641e+00 
 1.88470000e-01  2.43971045e+00 
 1.88490000e-01  2.43973448e+00 
 1.88510000e-01  2.43975850e+00 
 1.88530000e-01  2.43978251e+00 
 1.88550000e-01  2.43980651e+00 
 1.88570000e-01  2.43983050e+00 
 1.88590000e-01  2.43985448e+00 
 1.88610000e-01  2.43987845e+00 
 1.88630000e-01  2.43990241e+00 
 1.88650000e-01  2.43992637e+00 
 1.88670000e-01  2.43995031e+00 
 1.88690000e-01  2.43997424e+00 
 1.88710000e-01  2.43999817e+00 
 1.88730000e-01  2.44002208e+00 
 1.88750000e-01  2.44004599e+00 
 1.88770000e-01  2.44006988e+00 
 1.88790000e-01  2.44009377e+00 
 1.88810000e-01  2.44011764e+00 
 1.88830000e-01  2.44014151e+00 
 1.88850000e-01  2.44016537e+00 
 1.88870000e-01  2.44018921e+00 
 1.88890000e-01  2.44021305e+00 
 1.88910000e-01  2.44023688e+00 
 1.88930000e-01  2.44026070e+00 
 1.88950000e-01  2.44028451e+00 
 1.88970000e-01  2.44030831e+00 
 1.88990000e-01  2.44033210e+00 
 1.89010000e-01  2.44035588e+00 
 1.89030000e-01  2.44037965e+00 
 1.89050000e-01  2.44040341e+00 
 1.89070000e-01  2.44042717e+00 
 1.89090000e-01  2.44045091e+00 
 1.89110000e-01  2.44047464e+00 
 1.89130000e-01  2.44049837e+00 
 1.89150000e-01  2.44052208e+00 
 1.89170000e-01  2.44054579e+00 
 1.89190000e-01  2.44056948e+00 
 1.89210000e-01  2.44059317e+00 
 1.89230000e-01  2.44061684e+00 
 1.89250000e-01  2.44064051e+00 
 1.89270000e-01  2.44066417e+00 
 1.89290000e-01  2.44068782e+00 
 1.89310000e-01  2.44071145e+00 
 1.89330000e-01  2.44073508e+00 
 1.89350000e-01  2.44075870e+00 
 1.89370000e-01  2.44078231e+00 
 1.89390000e-01  2.44080591e+00 
 1.89410000e-01  2.44082951e+00 
 1.89430000e-01  2.44085309e+00 
 1.89450000e-01  2.44087666e+00 
 1.89470000e-01  2.44090022e+00 
 1.89490000e-01  2.44092378e+00 
 1.89510000e-01  2.44094732e+00 
 1.89530000e-01  2.44097086e+00 
 1.89550000e-01  2.44099438e+00 
 1.89570000e-01  2.44101790e+00 
 1.89590000e-01  2.44104140e+00 
 1.89610000e-01  2.44106490e+00 
 1.89630000e-01  2.44108839e+00 
 1.89650000e-01  2.44111187e+00 
 1.89670000e-01  2.44113534e+00 
 1.89690000e-01  2.44115880e+00 
 1.89710000e-01  2.44118225e+00 
 1.89730000e-01  2.44120569e+00 
 1.89750000e-01  2.44122912e+00 
 1.89770000e-01  2.44125254e+00 
 1.89790000e-01  2.44127595e+00 
 1.89810000e-01  2.44129936e+00 
 1.89830000e-01  2.44132275e+00 
 1.89850000e-01  2.44134613e+00 
 1.89870000e-01  2.44136951e+00 
 1.89890000e-01  2.44139288e+00 
 1.89910000e-01  2.44141623e+00 
 1.89930000e-01  2.44143958e+00 
 1.89950000e-01  2.44146292e+00 
 1.89970000e-01  2.44148625e+00 
 1.89990000e-01  2.44150957e+00 
 1.90010000e-01  2.44153288e+00 
 1.90030000e-01  2.44155618e+00 
 1.90050000e-01  2.44157947e+00 
 1.90070000e-01  2.44160275e+00 
 1.90090000e-01  2.44162602e+00 
 1.90110000e-01  2.44164929e+00 
 1.90130000e-01  2.44167254e+00 
 1.90150000e-01  2.44169578e+00 
 1.90170000e-01  2.44171902e+00 
 1.90190000e-01  2.44174225e+00 
 1.90210000e-01  2.44176546e+00 
 1.90230000e-01  2.44178867e+00 
 1.90250000e-01  2.44181187e+00 
 1.90270000e-01  2.44183506e+00 
 1.90290000e-01  2.44185824e+00 
 1.90310000e-01  2.44188141e+00 
 1.90330000e-01  2.44190457e+00 
 1.90350000e-01  2.44192772e+00 
 1.90370000e-01  2.44195086e+00 
 1.90390000e-01  2.44197400e+00 
 1.90410000e-01  2.44199712e+00 
 1.90430000e-01  2.44202024e+00 
 1.90450000e-01  2.44204334e+00 
 1.90470000e-01  2.44206644e+00 
 1.90490000e-01  2.44208953e+00 
 1.90510000e-01  2.44211261e+00 
 1.90530000e-01  2.44213567e+00 
 1.90550000e-01  2.44215873e+00 
 1.90570000e-01  2.44218178e+00 
 1.90590000e-01  2.44220482e+00 
 1.90610000e-01  2.44222786e+00 
 1.90630000e-01  2.44225088e+00 
 1.90650000e-01  2.44227389e+00 
 1.90670000e-01  2.44229690e+00 
 1.90690000e-01  2.44231989e+00 
 1.90710000e-01  2.44234288e+00 
 1.90730000e-01  2.44236586e+00 
 1.90750000e-01  2.44238882e+00 
 1.90770000e-01  2.44241178e+00 
 1.90790000e-01  2.44243473e+00 
 1.90810000e-01  2.44245767e+00 
 1.90830000e-01  2.44248060e+00 
 1.90850000e-01  2.44250352e+00 
 1.90870000e-01  2.44252643e+00 
 1.90890000e-01  2.44254934e+00 
 1.90910000e-01  2.44257223e+00 
 1.90930000e-01  2.44259512e+00 
 1.90950000e-01  2.44261799e+00 
 1.90970000e-01  2.44264086e+00 
 1.90990000e-01  2.44266372e+00 
 1.91010000e-01  2.44268657e+00 
 1.91030000e-01  2.44270941e+00 
 1.91050000e-01  2.44273224e+00 
 1.91070000e-01  2.44275506e+00 
 1.91090000e-01  2.44277787e+00 
 1.91110000e-01  2.44280067e+00 
 1.91130000e-01  2.44282346e+00 
 1.91150000e-01  2.44284625e+00 
 1.91170000e-01  2.44286902e+00 
 1.91190000e-01  2.44289179e+00 
 1.91210000e-01  2.44291455e+00 
 1.91230000e-01  2.44293730e+00 
 1.91250000e-01  2.44296004e+00 
 1.91270000e-01  2.44298276e+00 
 1.91290000e-01  2.44300549e+00 
 1.91310000e-01  2.44302820e+00 
 1.91330000e-01  2.44305090e+00 
 1.91350000e-01  2.44307359e+00 
 1.91370000e-01  2.44309628e+00 
 1.91390000e-01  2.44311895e+00 
 1.91410000e-01  2.44314162e+00 
 1.91430000e-01  2.44316428e+00 
 1.91450000e-01  2.44318693e+00 
 1.91470000e-01  2.44320956e+00 
 1.91490000e-01  2.44323219e+00 
 1.91510000e-01  2.44325482e+00 
 1.91530000e-01  2.44327743e+00 
 1.91550000e-01  2.44330003e+00 
 1.91570000e-01  2.44332262e+00 
 1.91590000e-01  2.44334521e+00 
 1.91610000e-01  2.44336779e+00 
 1.91630000e-01  2.44339035e+00 
 1.91650000e-01  2.44341291e+00 
 1.91670000e-01  2.44343546e+00 
 1.91690000e-01  2.44345800e+00 
 1.91710000e-01  2.44348053e+00 
 1.91730000e-01  2.44350305e+00 
 1.91750000e-01  2.44352556e+00 
 1.91770000e-01  2.44354807e+00 
 1.91790000e-01  2.44357056e+00 
 1.91810000e-01  2.44359305e+00 
 1.91830000e-01  2.44361553e+00 
 1.91850000e-01  2.44363799e+00 
 1.91870000e-01  2.44366045e+00 
 1.91890000e-01  2.44368290e+00 
 1.91910000e-01  2.44370534e+00 
 1.91930000e-01  2.44372777e+00 
 1.91950000e-01  2.44375020e+00 
 1.91970000e-01  2.44377261e+00 
 1.91990000e-01  2.44379502e+00 
 1.92010000e-01  2.44381741e+00 
 1.92030000e-01  2.44383980e+00 
 1.92050000e-01  2.44386218e+00 
 1.92070000e-01  2.44388455e+00 
 1.92090000e-01  2.44390691e+00 
 1.92110000e-01  2.44392926e+00 
 1.92130000e-01  2.44395160e+00 
 1.92150000e-01  2.44397393e+00 
 1.92170000e-01  2.44399626e+00 
 1.92190000e-01  2.44401857e+00 
 1.92210000e-01  2.44404088e+00 
 1.92230000e-01  2.44406318e+00 
 1.92250000e-01  2.44408547e+00 
 1.92270000e-01  2.44410775e+00 
 1.92290000e-01  2.44413002e+00 
 1.92310000e-01  2.44415228e+00 
 1.92330000e-01  2.44417453e+00 
 1.92350000e-01  2.44419678e+00 
 1.92370000e-01  2.44421901e+00 
 1.92390000e-01  2.44424124e+00 
 1.92410000e-01  2.44426346e+00 
 1.92430000e-01  2.44428566e+00 
 1.92450000e-01  2.44430786e+00 
 1.92470000e-01  2.44433005e+00 
 1.92490000e-01  2.44435224e+00 
 1.92510000e-01  2.44437441e+00 
 1.92530000e-01  2.44439657e+00 
 1.92550000e-01  2.44441873e+00 
 1.92570000e-01  2.44444088e+00 
 1.92590000e-01  2.44446301e+00 
 1.92610000e-01  2.44448514e+00 
 1.92630000e-01  2.44450726e+00 
 1.92650000e-01  2.44452937e+00 
 1.92670000e-01  2.44455148e+00 
 1.92690000e-01  2.44457357e+00 
 1.92710000e-01  2.44459565e+00 
 1.92730000e-01  2.44461773e+00 
 1.92750000e-01  2.44463980e+00 
 1.92770000e-01  2.44466186e+00 
 1.92790000e-01  2.44468390e+00 
 1.92810000e-01  2.44470594e+00 
 1.92830000e-01  2.44472798e+00 
 1.92850000e-01  2.44475000e+00 
 1.92870000e-01  2.44477201e+00 
 1.92890000e-01  2.44479402e+00 
 1.92910000e-01  2.44481602e+00 
 1.92930000e-01  2.44483800e+00 
 1.92950000e-01  2.44485998e+00 
 1.92970000e-01  2.44488195e+00 
 1.92990000e-01  2.44490391e+00 
 1.93010000e-01  2.44492587e+00 
 1.93030000e-01  2.44494781e+00 
 1.93050000e-01  2.44496974e+00 
 1.93070000e-01  2.44499167e+00 
 1.93090000e-01  2.44501359e+00 
 1.93110000e-01  2.44503550e+00 
 1.93130000e-01  2.44505740e+00 
 1.93150000e-01  2.44507929e+00 
 1.93170000e-01  2.44510117e+00 
 1.93190000e-01  2.44512304e+00 
 1.93210000e-01  2.44514491e+00 
 1.93230000e-01  2.44516676e+00 
 1.93250000e-01  2.44518861e+00 
 1.93270000e-01  2.44521045e+00 
 1.93290000e-01  2.44523228e+00 
 1.93310000e-01  2.44525410e+00 
 1.93330000e-01  2.44527591e+00 
 1.93350000e-01  2.44529772e+00 
 1.93370000e-01  2.44531951e+00 
 1.93390000e-01  2.44534130e+00 
 1.93410000e-01  2.44536308e+00 
 1.93430000e-01  2.44538485e+00 
 1.93450000e-01  2.44540661e+00 
 1.93470000e-01  2.44542836e+00 
 1.93490000e-01  2.44545010e+00 
 1.93510000e-01  2.44547183e+00 
 1.93530000e-01  2.44549356e+00 
 1.93550000e-01  2.44551528e+00 
 1.93570000e-01  2.44553698e+00 
 1.93590000e-01  2.44555868e+00 
 1.93610000e-01  2.44558037e+00 
 1.93630000e-01  2.44560206e+00 
 1.93650000e-01  2.44562373e+00 
 1.93670000e-01  2.44564539e+00 
 1.93690000e-01  2.44566705e+00 
 1.93710000e-01  2.44568870e+00 
 1.93730000e-01  2.44571034e+00 
 1.93750000e-01  2.44573197e+00 
 1.93770000e-01  2.44575359e+00 
 1.93790000e-01  2.44577520e+00 
 1.93810000e-01  2.44579681e+00 
 1.93830000e-01  2.44581840e+00 
 1.93850000e-01  2.44583999e+00 
 1.93870000e-01  2.44586157e+00 
 1.93890000e-01  2.44588314e+00 
 1.93910000e-01  2.44590470e+00 
 1.93930000e-01  2.44592625e+00 
 1.93950000e-01  2.44594779e+00 
 1.93970000e-01  2.44596933e+00 
 1.93990000e-01  2.44599085e+00 
 1.94010000e-01  2.44601237e+00 
 1.94030000e-01  2.44603388e+00 
 1.94050000e-01  2.44605538e+00 
 1.94070000e-01  2.44607687e+00 
 1.94090000e-01  2.44609836e+00 
 1.94110000e-01  2.44611983e+00 
 1.94130000e-01  2.44614130e+00 
 1.94150000e-01  2.44616276e+00 
 1.94170000e-01  2.44618420e+00 
 1.94190000e-01  2.44620565e+00 
 1.94210000e-01  2.44622708e+00 
 1.94230000e-01  2.44624850e+00 
 1.94250000e-01  2.44626992e+00 
 1.94270000e-01  2.44629132e+00 
 1.94290000e-01  2.44631272e+00 
 1.94310000e-01  2.44633411e+00 
 1.94330000e-01  2.44635549e+00 
 1.94350000e-01  2.44637686e+00 
 1.94370000e-01  2.44639822e+00 
 1.94390000e-01  2.44641958e+00 
 1.94410000e-01  2.44644093e+00 
 1.94430000e-01  2.44646226e+00 
 1.94450000e-01  2.44648359e+00 
 1.94470000e-01  2.44650491e+00 
 1.94490000e-01  2.44652623e+00 
 1.94510000e-01  2.44654753e+00 
 1.94530000e-01  2.44656882e+00 
 1.94550000e-01  2.44659011e+00 
 1.94570000e-01  2.44661139e+00 
 1.94590000e-01  2.44663266e+00 
 1.94610000e-01  2.44665392e+00 
 1.94630000e-01  2.44667517e+00 
 1.94650000e-01  2.44669642e+00 
 1.94670000e-01  2.44671765e+00 
 1.94690000e-01  2.44673888e+00 
 1.94710000e-01  2.44676010e+00 
 1.94730000e-01  2.44678131e+00 
 1.94750000e-01  2.44680251e+00 
 1.94770000e-01  2.44682370e+00 
 1.94790000e-01  2.44684489e+00 
 1.94810000e-01  2.44686607e+00 
 1.94830000e-01  2.44688723e+00 
 1.94850000e-01  2.44690839e+00 
 1.94870000e-01  2.44692954e+00 
 1.94890000e-01  2.44695069e+00 
 1.94910000e-01  2.44697182e+00 
 1.94930000e-01  2.44699295e+00 
 1.94950000e-01  2.44701406e+00 
 1.94970000e-01  2.44703517e+00 
 1.94990000e-01  2.44705627e+00 
 1.95010000e-01  2.44707736e+00 
 1.95030000e-01  2.44709845e+00 
 1.95050000e-01  2.44711952e+00 
 1.95070000e-01  2.44714059e+00 
 1.95090000e-01  2.44716165e+00 
 1.95110000e-01  2.44718270e+00 
 1.95130000e-01  2.44720374e+00 
 1.95150000e-01  2.44722477e+00 
 1.95170000e-01  2.44724579e+00 
 1.95190000e-01  2.44726681e+00 
 1.95210000e-01  2.44728782e+00 
 1.95230000e-01  2.44730882e+00 
 1.95250000e-01  2.44732981e+00 
 1.95270000e-01  2.44735079e+00 
 1.95290000e-01  2.44737176e+00 
 1.95310000e-01  2.44739273e+00 
 1.95330000e-01  2.44741369e+00 
 1.95350000e-01  2.44743464e+00 
 1.95370000e-01  2.44745558e+00 
 1.95390000e-01  2.44747651e+00 
 1.95410000e-01  2.44749743e+00 
 1.95430000e-01  2.44751835e+00 
 1.95450000e-01  2.44753925e+00 
 1.95470000e-01  2.44756015e+00 
 1.95490000e-01  2.44758104e+00 
 1.95510000e-01  2.44760192e+00 
 1.95530000e-01  2.44762280e+00 
 1.95550000e-01  2.44764366e+00 
 1.95570000e-01  2.44766452e+00 
 1.95590000e-01  2.44768537e+00 
 1.95610000e-01  2.44770621e+00 
 1.95630000e-01  2.44772704e+00 
 1.95650000e-01  2.44774786e+00 
 1.95670000e-01  2.44776868e+00 
 1.95690000e-01  2.44778949e+00 
 1.95710000e-01  2.44781029e+00 
 1.95730000e-01  2.44783108e+00 
 1.95750000e-01  2.44785186e+00 
 1.95770000e-01  2.44787263e+00 
 1.95790000e-01  2.44789340e+00 
 1.95810000e-01  2.44791415e+00 
 1.95830000e-01  2.44793490e+00 
 1.95850000e-01  2.44795564e+00 
 1.95870000e-01  2.44797637e+00 
 1.95890000e-01  2.44799710e+00 
 1.95910000e-01  2.44801781e+00 
 1.95930000e-01  2.44803852e+00 
 1.95950000e-01  2.44805922e+00 
 1.95970000e-01  2.44807991e+00 
 1.95990000e-01  2.44810059e+00 
 1.96010000e-01  2.44812127e+00 
 1.96030000e-01  2.44814193e+00 
 1.96050000e-01  2.44816259e+00 
 1.96070000e-01  2.44818324e+00 
 1.96090000e-01  2.44820388e+00 
 1.96110000e-01  2.44822451e+00 
 1.96130000e-01  2.44824514e+00 
 1.96150000e-01  2.44826575e+00 
 1.96170000e-01  2.44828636e+00 
 1.96190000e-01  2.44830696e+00 
 1.96210000e-01  2.44832755e+00 
 1.96230000e-01  2.44834814e+00 
 1.96250000e-01  2.44836871e+00 
 1.96270000e-01  2.44838928e+00 
 1.96290000e-01  2.44840984e+00 
 1.96310000e-01  2.44843039e+00 
 1.96330000e-01  2.44845093e+00 
 1.96350000e-01  2.44847147e+00 
 1.96370000e-01  2.44849199e+00 
 1.96390000e-01  2.44851251e+00 
 1.96410000e-01  2.44853302e+00 
 1.96430000e-01  2.44855352e+00 
 1.96450000e-01  2.44857401e+00 
 1.96470000e-01  2.44859450e+00 
 1.96490000e-01  2.44861497e+00 
 1.96510000e-01  2.44863544e+00 
 1.96530000e-01  2.44865590e+00 
 1.96550000e-01  2.44867635e+00 
 1.96570000e-01  2.44869680e+00 
 1.96590000e-01  2.44871723e+00 
 1.96610000e-01  2.44873766e+00 
 1.96630000e-01  2.44875808e+00 
 1.96650000e-01  2.44877849e+00 
 1.96670000e-01  2.44879889e+00 
 1.96690000e-01  2.44881929e+00 
 1.96710000e-01  2.44883968e+00 
 1.96730000e-01  2.44886006e+00 
 1.96750000e-01  2.44888043e+00 
 1.96770000e-01  2.44890079e+00 
 1.96790000e-01  2.44892114e+00 
 1.96810000e-01  2.44894149e+00 
 1.96830000e-01  2.44896183e+00 
 1.96850000e-01  2.44898216e+00 
 1.96870000e-01  2.44900248e+00 
 1.96890000e-01  2.44902279e+00 
 1.96910000e-01  2.44904310e+00 
 1.96930000e-01  2.44906339e+00 
 1.96950000e-01  2.44908368e+00 
 1.96970000e-01  2.44910396e+00 
 1.96990000e-01  2.44912424e+00 
 1.97010000e-01  2.44914450e+00 
 1.97030000e-01  2.44916476e+00 
 1.97050000e-01  2.44918501e+00 
 1.97070000e-01  2.44920525e+00 
 1.97090000e-01  2.44922548e+00 
 1.97110000e-01  2.44924570e+00 
 1.97130000e-01  2.44926592e+00 
 1.97150000e-01  2.44928613e+00 
 1.97170000e-01  2.44930633e+00 
 1.97190000e-01  2.44932652e+00 
 1.97210000e-01  2.44934670e+00 
 1.97230000e-01  2.44936688e+00 
 1.97250000e-01  2.44938705e+00 
 1.97270000e-01  2.44940721e+00 
 1.97290000e-01  2.44942736e+00 
 1.97310000e-01  2.44944750e+00 
 1.97330000e-01  2.44946764e+00 
 1.97350000e-01  2.44948776e+00 
 1.97370000e-01  2.44950788e+00 
 1.97390000e-01  2.44952800e+00 
 1.97410000e-01  2.44954810e+00 
 1.97430000e-01  2.44956819e+00 
 1.97450000e-01  2.44958828e+00 
 1.97470000e-01  2.44960836e+00 
 1.97490000e-01  2.44962843e+00 
 1.97510000e-01  2.44964849e+00 
 1.97530000e-01  2.44966855e+00 
 1.97550000e-01  2.44968860e+00 
 1.97570000e-01  2.44970864e+00 
 1.97590000e-01  2.44972867e+00 
 1.97610000e-01  2.44974869e+00 
 1.97630000e-01  2.44976870e+00 
 1.97650000e-01  2.44978871e+00 
 1.97670000e-01  2.44980871e+00 
 1.97690000e-01  2.44982870e+00 
 1.97710000e-01  2.44984869e+00 
 1.97730000e-01  2.44986866e+00 
 1.97750000e-01  2.44988863e+00 
 1.97770000e-01  2.44990859e+00 
 1.97790000e-01  2.44992854e+00 
 1.97810000e-01  2.44994848e+00 
 1.97830000e-01  2.44996842e+00 
 1.97850000e-01  2.44998834e+00 
 1.97870000e-01  2.45000826e+00 
 1.97890000e-01  2.45002817e+00 
 1.97910000e-01  2.45004808e+00 
 1.97930000e-01  2.45006797e+00 
 1.97950000e-01  2.45008786e+00 
 1.97970000e-01  2.45010774e+00 
 1.97990000e-01  2.45012761e+00 
 1.98010000e-01  2.45014747e+00 
 1.98030000e-01  2.45016733e+00 
 1.98050000e-01  2.45018718e+00 
 1.98070000e-01  2.45020702e+00 
 1.98090000e-01  2.45022685e+00 
 1.98110000e-01  2.45024667e+00 
 1.98130000e-01  2.45026649e+00 
 1.98150000e-01  2.45028630e+00 
 1.98170000e-01  2.45030610e+00 
 1.98190000e-01  2.45032589e+00 
 1.98210000e-01  2.45034567e+00 
 1.98230000e-01  2.45036545e+00 
 1.98250000e-01  2.45038522e+00 
 1.98270000e-01  2.45040498e+00 
 1.98290000e-01  2.45042473e+00 
 1.98310000e-01  2.45044447e+00 
 1.98330000e-01  2.45046421e+00 
 1.98350000e-01  2.45048394e+00 
 1.98370000e-01  2.45050366e+00 
 1.98390000e-01  2.45052337e+00 
 1.98410000e-01  2.45054308e+00 
 1.98430000e-01  2.45056278e+00 
 1.98450000e-01  2.45058247e+00 
 1.98470000e-01  2.45060215e+00 
 1.98490000e-01  2.45062182e+00 
 1.98510000e-01  2.45064149e+00 
 1.98530000e-01  2.45066115e+00 
 1.98550000e-01  2.45068080e+00 
 1.98570000e-01  2.45070044e+00 
 1.98590000e-01  2.45072007e+00 
 1.98610000e-01  2.45073970e+00 
 1.98630000e-01  2.45075932e+00 
 1.98650000e-01  2.45077893e+00 
 1.98670000e-01  2.45079853e+00 
 1.98690000e-01  2.45081813e+00 
 1.98710000e-01  2.45083771e+00 
 1.98730000e-01  2.45085729e+00 
 1.98750000e-01  2.45087687e+00 
 1.98770000e-01  2.45089643e+00 
 1.98790000e-01  2.45091599e+00 
 1.98810000e-01  2.45093553e+00 
 1.98830000e-01  2.45095507e+00 
 1.98850000e-01  2.45097461e+00 
 1.98870000e-01  2.45099413e+00 
 1.98890000e-01  2.45101365e+00 
 1.98910000e-01  2.45103316e+00 
 1.98930000e-01  2.45105266e+00 
 1.98950000e-01  2.45107215e+00 
 1.98970000e-01  2.45109164e+00 
 1.98990000e-01  2.45111112e+00 
 1.99010000e-01  2.45113059e+00 
 1.99030000e-01  2.45115005e+00 
 1.99050000e-01  2.45116950e+00 
 1.99070000e-01  2.45118895e+00 
 1.99090000e-01  2.45120839e+00 
 1.99110000e-01  2.45122782e+00 
 1.99130000e-01  2.45124724e+00 
 1.99150000e-01  2.45126666e+00 
 1.99170000e-01  2.45128607e+00 
 1.99190000e-01  2.45130547e+00 
 1.99210000e-01  2.45132486e+00 
 1.99230000e-01  2.45134425e+00 
 1.99250000e-01  2.45136362e+00 
 1.99270000e-01  2.45138299e+00 
 1.99290000e-01  2.45140235e+00 
 1.99310000e-01  2.45142171e+00 
 1.99330000e-01  2.45144105e+00 
 1.99350000e-01  2.45146039e+00 
 1.99370000e-01  2.45147972e+00 
 1.99390000e-01  2.45149904e+00 
 1.99410000e-01  2.45151836e+00 
 1.99430000e-01  2.45153767e+00 
 1.99450000e-01  2.45155697e+00 
 1.99470000e-01  2.45157626e+00 
 1.99490000e-01  2.45159554e+00 
 1.99510000e-01  2.45161482e+00 
 1.99530000e-01  2.45163409e+00 
 1.99550000e-01  2.45165335e+00 
 1.99570000e-01  2.45167260e+00 
 1.99590000e-01  2.45169185e+00 
 1.99610000e-01  2.45171109e+00 
 1.99630000e-01  2.45173032e+00 
 1.99650000e-01  2.45174954e+00 
 1.99670000e-01  2.45176875e+00 
 1.99690000e-01  2.45178796e+00 
 1.99710000e-01  2.45180716e+00 
 1.99730000e-01  2.45182635e+00 
 1.99750000e-01  2.45184554e+00 
 1.99770000e-01  2.45186471e+00 
 1.99790000e-01  2.45188388e+00 
 1.99810000e-01  2.45190304e+00 
 1.99830000e-01  2.45192220e+00 
 1.99850000e-01  2.45194134e+00 
 1.99870000e-01  2.45196048e+00 
 1.99890000e-01  2.45197961e+00 
 1.99910000e-01  2.45199873e+00 
 1.99930000e-01  2.45201785e+00 
 1.99950000e-01  2.45203696e+00 
 1.99970000e-01  2.45205606e+00 
 1.99990000e-01  2.45207515e+00 
 1.99999000e-01  2.45208374e+00 
 1.99999100e-01  2.45206393e+00 
 1.99999300e-01  2.45198485e+00 
 1.99999700e-01  2.45159631e+00 
 2.00000000e-01  2.45111258e+00 
 2.00000080e-01  2.45096494e+00 
 2.00000240e-01  2.45067492e+00 
 2.00000560e-01  2.45013260e+00 
 2.00001200e-01  2.44925252e+00 
 2.00002480e-01  2.44856732e+00 
 2.00005040e-01  2.45093292e+00 
 2.00010160e-01  2.45548286e+00 
 2.00017618e-01  2.45012623e+00 
 2.00025753e-01  2.45139880e+00 
 2.00037959e-01  2.45446236e+00 
 2.00050422e-01  2.44897566e+00 
 2.00066760e-01  2.45523386e+00 
 2.00086760e-01  2.44958702e+00 
 2.00106760e-01  2.45393000e+00 
 2.00126760e-01  2.45151290e+00 
 2.00146760e-01  2.45178877e+00 
 2.00166760e-01  2.45373296e+00 
 2.00186760e-01  2.44992719e+00 
 2.00206760e-01  2.45514409e+00 
 2.00226760e-01  2.44929052e+00 
 2.00246760e-01  2.45508010e+00 
 2.00266760e-01  2.45018285e+00 
 2.00286760e-01  2.45363361e+00 
 2.00306760e-01  2.45213253e+00 
 2.00326760e-01  2.45158832e+00 
 2.00346760e-01  2.45415062e+00 
 2.00366760e-01  2.45000632e+00 
 2.00386760e-01  2.45524164e+00 
 2.00406760e-01  2.44968738e+00 
 2.00426760e-01  2.45490325e+00 
 2.00446760e-01  2.45077501e+00 
 2.00466760e-01  2.45336442e+00 
 2.00486760e-01  2.45270295e+00 
 2.00506760e-01  2.45144998e+00 
 2.00526760e-01  2.45449920e+00 
 2.00546760e-01  2.45015002e+00 
 2.00566760e-01  2.45528514e+00 
 2.00586760e-01  2.45011849e+00 
 2.00606760e-01  2.45471379e+00 
 2.00626760e-01  2.45135447e+00 
 2.00646760e-01  2.45312889e+00 
 2.00666760e-01  2.45322110e+00 
 2.00686760e-01  2.45137308e+00 
 2.00706760e-01  2.45478297e+00 
 2.00726760e-01  2.45035104e+00 
 2.00746760e-01  2.45528387e+00 
 2.00766760e-01  2.45057383e+00 
 2.00786760e-01  2.45452117e+00 
 2.00806760e-01  2.45191354e+00 
 2.00826760e-01  2.45293195e+00 
 2.00846760e-01  2.45368541e+00 
 2.00866760e-01  2.45135566e+00 
 2.00886760e-01  2.45500711e+00 
 2.00906760e-01  2.45060169e+00 
 2.00926760e-01  2.45524694e+00 
 2.00946760e-01  2.45104403e+00 
 2.00966760e-01  2.45433379e+00 
 2.00986760e-01  2.45244591e+00 
 2.01006760e-01  2.45277704e+00 
 2.01026760e-01  2.45409573e+00 
 2.01046760e-01  2.45139465e+00 
 2.01066760e-01  2.45517751e+00 
 2.01086760e-01  2.45089411e+00 
 2.01106760e-01  2.45518318e+00 
 2.01126760e-01  2.45152051e+00 
 2.01146760e-01  2.45415888e+00 
 2.01166760e-01  2.45294661e+00 
 2.01186760e-01  2.45266625e+00 
 2.01206760e-01  2.45445309e+00 
 2.01226760e-01  2.45148607e+00 
 2.01246760e-01  2.45530052e+00 
 2.01266760e-01  2.45122043e+00 
 2.01286760e-01  2.45510092e+00 
 2.01306760e-01  2.45199556e+00 
 2.01326760e-01  2.45400254e+00 
 2.01346760e-01  2.45341196e+00 
 2.01366760e-01  2.45260041e+00 
 2.01386760e-01  2.45475957e+00 
 2.01406760e-01  2.45162525e+00 
 2.01426760e-01  2.45538279e+00 
 2.01446760e-01  2.45157295e+00 
 2.01466760e-01  2.45500790e+00 
 2.01486760e-01  2.45246243e+00 
 2.01506760e-01  2.45386967e+00 
 2.01526760e-01  2.45383951e+00 
 2.01546760e-01  2.45257926e+00 
 2.01566760e-01  2.45501812e+00 
 2.01586760e-01  2.45180698e+00 
 2.01606760e-01  2.45543103e+00 
 2.01626760e-01  2.45194432e+00 
 2.01646760e-01  2.45491115e+00 
 2.01666760e-01  2.45291534e+00 
 2.01686760e-01  2.45376408e+00 
 2.01706760e-01  2.45422792e+00 
 2.01726760e-01  2.45260153e+00 
 2.01746760e-01  2.45523240e+00 
 2.01766760e-01  2.45202574e+00 
 2.01786760e-01  2.45545193e+00 
 2.01806760e-01  2.45232762e+00 
 2.01826760e-01  2.45481692e+00 
 2.01846760e-01  2.45334951e+00 
 2.01866760e-01  2.45368848e+00 
 2.01886760e-01  2.45457688e+00 
 2.01906760e-01  2.45266513e+00 
 2.01926760e-01  2.45540659e+00 
 2.01946760e-01  2.45227583e+00 
 2.01966760e-01  2.45545193e+00 
 2.01986760e-01  2.45271651e+00 
 2.02006760e-01  2.45473063e+00 
 2.02026760e-01  2.45376113e+00 
 2.02046760e-01  2.45364456e+00 
 2.02066760e-01  2.45488698e+00 
 2.02086760e-01  2.45276729e+00 
 2.02106760e-01  2.45554526e+00 
 2.02126760e-01  2.45255151e+00 
 2.02146760e-01  2.45543719e+00 
 2.02166760e-01  2.45310524e+00 
 2.02186760e-01  2.45465689e+00 
 2.02206760e-01  2.45414737e+00 
 2.02226760e-01  2.45363311e+00 
 2.02246760e-01  2.45515960e+00 
 2.02266760e-01  2.45290471e+00 
 2.02286760e-01  2.45565321e+00 
 2.02306760e-01  2.45284716e+00 
 2.02326760e-01  2.45541341e+00 
 2.02346760e-01  2.45348878e+00 
 2.02366760e-01  2.45459942e+00 
 2.02386760e-01  2.45450625e+00 
 2.02406760e-01  2.45365408e+00 
 2.02426760e-01  2.45539677e+00 
 2.02446760e-01  2.45307367e+00 
 2.02466760e-01  2.45573532e+00 
 2.02486760e-01  2.45315738e+00 
 2.02506760e-01  2.45538580e+00 
 2.02526760e-01  2.45386278e+00 
 2.02546760e-01  2.45456115e+00 
 2.02566760e-01  2.45483667e+00 
 2.02586760e-01  2.45370669e+00 
 2.02606760e-01  2.45560105e+00 
 2.02626760e-01  2.45327018e+00 
 2.02646760e-01  2.45579646e+00 
 2.02666760e-01  2.45347708e+00 
 2.02686760e-01  2.45535903e+00 
 2.02706760e-01  2.45422363e+00 
 2.02726760e-01  2.45454419e+00 
 2.02746760e-01  2.45513825e+00 
 2.02766760e-01  2.45378952e+00 
 2.02786760e-01  2.45577542e+00 
 2.02806760e-01  2.45349013e+00 
 2.02826760e-01  2.45584137e+00 
 2.02846760e-01  2.45380154e+00 
 2.02866760e-01  2.45533717e+00 
 2.02886760e-01  2.45456844e+00 
 2.02906760e-01  2.45454992e+00 
 2.02926760e-01  2.45541130e+00 
 2.02946760e-01  2.45390066e+00 
 2.02966760e-01  2.45592316e+00 
 2.02986760e-01  2.45372934e+00 
 2.03006760e-01  2.45587455e+00 
 2.03026760e-01  2.45412652e+00 
 2.03046760e-01  2.45532366e+00 
 2.03066760e-01  2.45489498e+00 
 2.03086760e-01  2.45457904e+00 
 2.03106760e-01  2.45565672e+00 
 2.03126760e-01  2.45403776e+00 
 2.03146760e-01  2.45604773e+00 
 2.03166760e-01  2.45398370e+00 
 2.03186760e-01  2.45590023e+00 
 2.03206760e-01  2.45444825e+00 
 2.03226760e-01  2.45532134e+00 
 2.03246760e-01  2.45520173e+00 
 2.03266760e-01  2.45463162e+00 
 2.03286760e-01  2.45587590e+00 
 2.03306760e-01  2.45419818e+00 
 2.03326760e-01  2.45615267e+00 
 2.03346760e-01  2.45424925e+00 
 2.03366760e-01  2.45592226e+00 
 2.03386760e-01  2.45476348e+00 
 2.03406760e-01  2.45533246e+00 
 2.03426760e-01  2.45548775e+00 
 2.03446760e-01  2.45470719e+00 
 2.03466760e-01  2.45607064e+00 
 2.03486760e-01  2.45437906e+00 
 2.03506760e-01  2.45624153e+00 
 2.03526760e-01  2.45452224e+00 
 2.03546760e-01  2.45594413e+00 
 2.03566760e-01  2.45506947e+00 
 2.03586760e-01  2.45535866e+00 
 2.03606760e-01  2.45575267e+00 
 2.03626760e-01  2.45480481e+00 
 2.03646760e-01  2.45624305e+00 
 2.03666760e-01  2.45457742e+00 
 2.03686760e-01  2.45631778e+00 
 2.03706760e-01  2.45479919e+00 
 2.03726760e-01  2.45596886e+00 
 2.03746760e-01  2.45536402e+00 
 2.03766760e-01  2.45540104e+00 
 2.03786760e-01  2.45599663e+00 
 2.03806760e-01  2.45492316e+00 
 2.03826760e-01  2.45639547e+00 
 2.03846760e-01  2.45479021e+00 
 2.03866760e-01  2.45638474e+00 
 2.03886760e-01  2.45507694e+00 
 2.03906760e-01  2.45599906e+00 
 2.03926760e-01  2.45564542e+00 
 2.03946760e-01  2.45546022e+00 
 2.03966760e-01  2.45622020e+00 
 2.03986760e-01  2.45506058e+00 
 2.04006760e-01  2.45653040e+00 
 2.04026760e-01  2.45501444e+00 
 2.04046760e-01  2.45644551e+00 
 2.04066760e-01  2.45535269e+00 
 2.04086760e-01  2.45603688e+00 
 2.04106760e-01  2.45591247e+00 
 2.04126760e-01  2.45553632e+00 
 2.04146760e-01  2.45642433e+00 
 2.04166760e-01  2.45521519e+00 
 2.04186760e-01  2.45665042e+00 
 2.04206760e-01  2.45524721e+00 
 2.04226760e-01  2.45650295e+00 
 2.04246760e-01  2.45562400e+00 
 2.04266760e-01  2.45608403e+00 
 2.04286760e-01  2.45616441e+00 
 2.04306760e-01  2.45562907e+00 
 2.04326760e-01  2.45661027e+00 
 2.04346760e-01  2.45538494e+00 
 2.04366760e-01  2.45675810e+00 
 2.04386760e-01  2.45548576e+00 
 2.04406760e-01  2.45655966e+00 
 2.04426760e-01  2.45588881e+00 
 2.04446760e-01  2.45614180e+00 
 2.04466760e-01  2.45640088e+00 
 2.04486760e-01  2.45573787e+00 
 2.04506760e-01  2.45677951e+00 
 2.04526760e-01  2.45556767e+00 
 2.04546760e-01  2.45685598e+00 
 2.04566760e-01  2.45572752e+00 
 2.04586760e-01  2.45661790e+00 
 2.04606760e-01  2.45614543e+00 
 2.04626760e-01  2.45621105e+00 
 2.04646760e-01  2.45662193e+00 
 2.04666760e-01  2.45586179e+00 
 2.04686760e-01  2.45693374e+00 
 2.04706760e-01  2.45576118e+00 
 2.04726760e-01  2.45694649e+00 
 2.04746760e-01  2.45597015e+00 
 2.04766760e-01  2.45667962e+00 
 2.04786760e-01  2.45639257e+00 
 2.04806760e-01  2.45629230e+00 
 2.04826760e-01  2.45682791e+00 
 2.04846760e-01  2.45599967e+00 
 2.04866760e-01  2.45707475e+00 
 2.04886760e-01  2.45596328e+00 
 2.04906760e-01  2.45703193e+00 
 2.04926760e-01  2.45621155e+00 
 2.04946760e-01  2.45674645e+00 
 2.04966760e-01  2.45662928e+00 
 2.04986760e-01  2.45638571e+00 
 2.05006760e-01  2.45701945e+00 
 2.05026760e-01  2.45615018e+00 
 2.05046760e-01  2.45720440e+00 
 2.05066760e-01  2.45617184e+00 
 2.05086760e-01  2.45711443e+00 
 2.05106760e-01  2.45644990e+00 
 2.05126760e-01  2.45681970e+00 
 2.05146760e-01  2.45685494e+00 
 2.05166760e-01  2.45649115e+00 
 2.05186760e-01  2.45719744e+00 
 2.05206760e-01  2.45631185e+00 
 2.05226760e-01  2.45732458e+00 
 2.05246760e-01  2.45638484e+00 
 2.05266760e-01  2.45719588e+00 
 2.05286760e-01  2.45668365e+00 
 2.05306760e-01  2.45690035e+00 
 2.05326760e-01  2.45706924e+00 
 2.05346760e-01  2.45660820e+00 
 2.05366760e-01  2.45736292e+00 
 2.05386760e-01  2.45648312e+00 
 2.05406760e-01  2.45743713e+00 
 2.05426760e-01  2.45660038e+00 
 2.05446760e-01  2.45727800e+00 
 2.05466760e-01  2.45691153e+00 
 2.05486760e-01  2.45698912e+00 
 2.05506760e-01  2.45727216e+00 
 2.05526760e-01  2.45673624e+00 
 2.05546760e-01  2.45751710e+00 
 2.05566760e-01  2.45666239e+00 
 2.05586760e-01  2.45754385e+00 
 2.05606760e-01  2.45681673e+00 
 2.05626760e-01  2.45736225e+00 
 2.05646760e-01  2.45713253e+00 
 2.05666760e-01  2.45708640e+00 
 2.05686760e-01  2.45746392e+00 
 2.05706760e-01  2.45687446e+00 
 2.05726760e-01  2.45766127e+00 
 2.05746760e-01  2.45684807e+00 
 2.05766760e-01  2.45764642e+00 
 2.05786760e-01  2.45703233e+00 
 2.05806760e-01  2.45744986e+00 
 2.05826760e-01  2.45734593e+00 
 2.05846760e-01  2.45719238e+00 
 2.05866760e-01  2.45764494e+00 
 2.05886760e-01  2.45702192e+00 
 2.05906760e-01  2.45779677e+00 
 2.05926760e-01  2.45703860e+00 
 2.05946760e-01  2.45774641e+00 
 2.05966760e-01  2.45724581e+00 
 2.05986760e-01  2.45754182e+00 
 2.06006760e-01  2.45755122e+00 
 2.06026760e-01  2.45730698e+00 
 2.06046760e-01  2.45781582e+00 
 2.06066760e-01  2.45717756e+00 
 2.06086760e-01  2.45792498e+00 
 2.06106760e-01  2.45723250e+00 
 2.06126760e-01  2.45784525e+00 
 2.06146760e-01  2.45745601e+00 
 2.06166760e-01  2.45763890e+00 
 2.06186760e-01  2.45774814e+00 
 2.06206760e-01  2.45742996e+00 
 2.06226760e-01  2.45797732e+00 
 2.06246760e-01  2.45734026e+00 
 2.06266760e-01  2.45804724e+00 
 2.06286760e-01  2.45742836e+00 
 2.06306760e-01  2.45794420e+00 
 2.06326760e-01  2.45766196e+00 
 2.06346760e-01  2.45774165e+00 
 2.06366760e-01  2.45793663e+00 
 2.06386760e-01  2.45756089e+00 
 2.06406760e-01  2.45813028e+00 
 2.06426760e-01  2.45750886e+00 
 2.06446760e-01  2.45816487e+00 
 2.06466760e-01  2.45762490e+00 
 2.06486760e-01  2.45804436e+00 
 2.06506760e-01  2.45786290e+00 
 2.06526760e-01  2.45785040e+00 
 2.06546760e-01  2.45811683e+00 
 2.06566760e-01  2.45769919e+00 
 2.06586760e-01  2.45827564e+00 
 2.06606760e-01  2.45768220e+00 
 2.06626760e-01  2.45827911e+00 
 2.06646760e-01  2.45782097e+00 
 2.06666760e-01  2.45814666e+00 
 2.06686760e-01  2.45805826e+00 
 2.06706760e-01  2.45796532e+00 
 2.06726760e-01  2.45828901e+00 
 2.06746760e-01  2.45784422e+00 
 2.06766760e-01  2.45841436e+00 
 2.06786760e-01  2.45785915e+00 
 2.06806760e-01  2.45839112e+00 
 2.06826760e-01  2.45801554e+00 
 2.06846760e-01  2.45825185e+00 
 2.06866760e-01  2.45824765e+00 
 2.06886760e-01  2.45808639e+00 
 2.06906760e-01  2.45845358e+00 
 2.06926760e-01  2.45799520e+00 
 2.06946760e-01  2.45854745e+00 
 2.06966760e-01  2.45803861e+00 
 2.06986760e-01  2.45850196e+00 
 2.07006760e-01  2.45820774e+00 
 2.07026760e-01  2.45836053e+00 
 2.07046760e-01  2.45843083e+00 
 2.07066760e-01  2.45821346e+00 
 2.07086760e-01  2.45861108e+00 
 2.07106760e-01  2.45815133e+00 
 2.07126760e-01  2.45867588e+00 
 2.07146760e-01  2.45821955e+00 
 2.07166760e-01  2.45861257e+00 
 2.07186760e-01  2.45839683e+00 
 2.07206760e-01  2.45847312e+00 
 2.07226760e-01  2.45860775e+00 
 2.07246760e-01  2.45834622e+00 
 2.07266760e-01  2.45876212e+00 
 2.07286760e-01  2.45831178e+00 
 2.07306760e-01  2.45880063e+00 
 2.07326760e-01  2.45840102e+00 
 2.07346760e-01  2.45872377e+00 
 2.07366760e-01  2.45858225e+00 
 2.07386760e-01  2.45858990e+00 
 2.07406760e-01  2.45877848e+00 
 2.07426760e-01  2.45848431e+00 
 2.07446760e-01  2.45890735e+00 
 2.07466760e-01  2.45847570e+00 
 2.07486760e-01  2.45892260e+00 
 2.07506760e-01  2.45858216e+00 
 2.07526760e-01  2.45883627e+00 
 2.07546760e-01  2.45876354e+00 
 2.07566760e-01  2.45871101e+00 
 2.07586760e-01  2.45894319e+00 
 2.07606760e-01  2.45862723e+00 
 2.07626760e-01  2.45904748e+00 
 2.07646760e-01  2.45864226e+00 
 2.07666760e-01  2.45904265e+00 
 2.07686760e-01  2.45876222e+00 
 2.07706760e-01  2.45895063e+00 
 2.07726760e-01  2.45894039e+00 
 2.07746760e-01  2.45883646e+00 
 2.07766760e-01  2.45910217e+00 
 2.07786760e-01  2.45877446e+00 
 2.07806760e-01  2.45918323e+00 
 2.07826760e-01  2.45881066e+00 
 2.07846760e-01  2.45916157e+00 
 2.07866760e-01  2.45894052e+00 
 2.07886760e-01  2.45906731e+00 
 2.07906760e-01  2.45911263e+00 
 2.07926760e-01  2.45896616e+00 
 2.07946760e-01  2.45925579e+00 
 2.07966760e-01  2.45892541e+00 
 2.07986760e-01  2.45931533e+00 
 2.08006760e-01  2.45898014e+00 
 2.08026760e-01  2.45928005e+00 
 2.08046760e-01  2.45911654e+00 
 2.08066760e-01  2.45918665e+00 
 2.08086760e-01  2.45928017e+00 
 2.08106760e-01  2.45909992e+00 
 2.08126760e-01  2.45940448e+00 
 2.08146760e-01  2.45907948e+00 
 2.08166760e-01  2.45944447e+00 
 2.08186760e-01  2.45915000e+00 
 2.08206760e-01  2.45939872e+00 
 2.08226760e-01  2.45928981e+00 
 2.08246760e-01  2.45930886e+00 
 2.08266760e-01  2.45944306e+00 
 2.08286760e-01  2.45923746e+00 
 2.08306760e-01  2.45954872e+00 
 2.08326760e-01  2.45923606e+00 
 2.08346760e-01  2.45957133e+00 
 2.08366760e-01  2.45931961e+00 
 2.08386760e-01  2.45951811e+00 
 2.08406760e-01  2.45946000e+00 
 2.08426760e-01  2.45943408e+00 
 2.08446760e-01  2.45960141e+00 
 2.08466760e-01  2.45937846e+00 
 2.08486760e-01  2.45968901e+00 
 2.08506760e-01  2.45939454e+00 
 2.08526760e-01  2.45969655e+00 
 2.08546760e-01  2.45948838e+00 
 2.08566760e-01  2.45963863e+00 
 2.08586760e-01  2.45962688e+00 
 2.08606760e-01  2.45956232e+00 
 2.08626760e-01  2.45975541e+00 
 2.08646760e-01  2.45952253e+00 
 2.08666760e-01  2.45982589e+00 
 2.08686760e-01  2.45955433e+00 
 2.08706760e-01  2.45982069e+00 
 2.08726760e-01  2.45965584e+00 
 2.08746760e-01  2.45976066e+00 
 2.08766760e-01  2.45979027e+00 
 2.08786760e-01  2.45969353e+00 
 2.08806760e-01  2.45990532e+00 
 2.08826760e-01  2.45966925e+00 
 2.08846760e-01  2.45995987e+00 
 2.08866760e-01  2.45971487e+00 
 2.08886760e-01  2.45994430e+00 
 2.08906760e-01  2.45982157e+00 
 2.08926760e-01  2.45988443e+00 
 2.08946760e-01  2.45995013e+00 
 2.08966760e-01  2.45982758e+00 
 2.08986760e-01  2.46005145e+00 
 2.09006760e-01  2.45981820e+00 
 2.09026760e-01  2.46009147e+00 
 2.09046760e-01  2.45987566e+00 
 2.09066760e-01  2.46006782e+00 
 2.09086760e-01  2.45998523e+00 
 2.09106760e-01  2.46001014e+00 
 2.09126760e-01  2.46010646e+00 
 2.09146760e-01  2.45996430e+00 
 2.09166760e-01  2.46019414e+00 
 2.09186760e-01  2.45996892e+00 
 2.09206760e-01  2.46022118e+00 
 2.09226760e-01  2.46003620e+00 
 2.09246760e-01  2.46019165e+00 
 2.09266760e-01  2.46014656e+00 
 2.09286760e-01  2.46013788e+00 
 2.09306760e-01  2.46025933e+00 
 2.09326760e-01  2.46010344e+00 
 2.09346760e-01  2.46033376e+00 
 2.09366760e-01  2.46012097e+00 
 2.09386760e-01  2.46034948e+00 
 2.09406760e-01  2.46019609e+00 
 2.09426760e-01  2.46031613e+00 
 2.09446760e-01  2.46030538e+00 
 2.09466760e-01  2.46026769e+00 
 2.09486760e-01  2.46040888e+00 
 2.09506760e-01  2.46024474e+00 
 2.09526760e-01  2.46047069e+00 
 2.09546760e-01  2.46027392e+00 
 2.09566760e-01  2.46047679e+00 
 2.09586760e-01  2.46035496e+00 
 2.09606760e-01  2.46044151e+00 
 2.09626760e-01  2.46046155e+00 
 2.09646760e-01  2.46039953e+00 
 2.09666760e-01  2.46055529e+00 
 2.09686760e-01  2.46038789e+00 
 2.09706760e-01  2.46060530e+00 
 2.09726760e-01  2.46042737e+00 
 2.09746760e-01  2.46060350e+00 
 2.09766760e-01  2.46051249e+00 
 2.09786760e-01  2.46056801e+00 
 2.09806760e-01  2.46061502e+00 
 2.09826760e-01  2.46053333e+00 
 2.09846760e-01  2.46069877e+00 
 2.09866760e-01  2.46053259e+00 
 2.09886760e-01  2.46073798e+00 
 2.09906760e-01  2.46058093e+00 
 2.09926760e-01  2.46072995e+00 
 2.09946760e-01  2.46066843e+00 
 2.09966760e-01  2.46069575e+00 
 2.09986760e-01  2.46076578e+00 
 2.10006760e-01  2.46066897e+00 
 2.10026760e-01  2.46083956e+00 
 2.10046760e-01  2.46067851e+00 
 2.10066760e-01  2.46086909e+00 
 2.10086760e-01  2.46073425e+00 
 2.10106760e-01  2.46085645e+00 
 2.10126760e-01  2.46082257e+00 
 2.10146760e-01  2.46082483e+00 
 2.10166760e-01  2.46091389e+00 
 2.10186760e-01  2.46080627e+00 
 2.10206760e-01  2.46097794e+00 
 2.10226760e-01  2.46082533e+00 
 2.10246760e-01  2.46099897e+00 
 2.10266760e-01  2.46088702e+00 
 2.10286760e-01  2.46098324e+00 
 2.10306760e-01  2.46097478e+00 
 2.10326760e-01  2.46095528e+00 
 2.10346760e-01  2.46105943e+00 
 2.10366760e-01  2.46094504e+00 
 2.10386760e-01  2.46111417e+00 
 2.10406760e-01  2.46097274e+00 
 2.10426760e-01  2.46112794e+00 
 2.10446760e-01  2.46103896e+00 
 2.10466760e-01  2.46111053e+00 
 2.10486760e-01  2.46112495e+00 
 2.10506760e-01  2.46108709e+00 
 2.10526760e-01  2.46120253e+00 
 2.10546760e-01  2.46108508e+00 
 2.10566760e-01  2.46124854e+00 
 2.10586760e-01  2.46112043e+00 
 2.10606760e-01  2.46125629e+00 
 2.10626760e-01  2.46118984e+00 
 2.10646760e-01  2.46123846e+00 
 2.10666760e-01  2.46127303e+00 
 2.10686760e-01  2.46122020e+00 
 2.10706760e-01  2.46134334e+00 
 2.10726760e-01  2.46122616e+00 
 2.10746760e-01  2.46138132e+00 
 2.10766760e-01  2.46126812e+00 
 2.10786760e-01  2.46138428e+00 
 2.10806760e-01  2.46133947e+00 
 2.10826760e-01  2.46136716e+00 
 2.10846760e-01  2.46141901e+00 
 2.10866760e-01  2.46135454e+00 
 2.10886760e-01  2.46148203e+00 
 2.10906760e-01  2.46136804e+00 
 2.10926760e-01  2.46151278e+00 
 2.10946760e-01  2.46141556e+00 
 2.10966760e-01  2.46151214e+00 
 2.10986760e-01  2.46148769e+00 
 2.11006760e-01  2.46149669e+00 
 2.11026760e-01  2.46156293e+00 
 2.11046760e-01  2.46148998e+00 
 2.11066760e-01  2.46161880e+00 
 2.11086760e-01  2.46151049e+00 
 2.11106760e-01  2.46164317e+00 
 2.11126760e-01  2.46156251e+00 
 2.11146760e-01  2.46164004e+00 
 2.11166760e-01  2.46163439e+00 
 2.11186760e-01  2.46162709e+00 
 2.11206760e-01  2.46170483e+00 
 2.11226760e-01  2.46162640e+00 
 2.11246760e-01  2.46175384e+00 
 2.11266760e-01  2.46165328e+00 
 2.11286760e-01  2.46177273e+00 
 2.11306760e-01  2.46170877e+00 
 2.11326760e-01  2.46176815e+00 
 2.11346760e-01  2.46177949e+00 
 2.11366760e-01  2.46175835e+00 
 2.11386760e-01  2.46184481e+00 
 2.11406760e-01  2.46176363e+00 
 2.11426760e-01  2.46188736e+00 
 2.11446760e-01  2.46179619e+00 
 2.11466760e-01  2.46190167e+00 
 2.11486760e-01  2.46185416e+00 
 2.11506760e-01  2.46189659e+00 
 2.11526760e-01  2.46192295e+00 
 2.11546760e-01  2.46189044e+00 
 2.11566760e-01  2.46198297e+00 
 2.11586760e-01  2.46190153e+00 
 2.11606760e-01  2.46201955e+00 
 2.11626760e-01  2.46193902e+00 
 2.11646760e-01  2.46203018e+00 
 2.11666760e-01  2.46199853e+00 
 2.11686760e-01  2.46202544e+00 
 2.11706760e-01  2.46206476e+00 
 2.11726760e-01  2.46202330e+00 
 2.11746760e-01  2.46211945e+00 
 2.11766760e-01  2.46203991e+00 
 2.11786760e-01  2.46215062e+00 
 2.11806760e-01  2.46208156e+00 
 2.11826760e-01  2.46215844e+00 
 2.11846760e-01  2.46214178e+00 
 2.11866760e-01  2.46215476e+00 
 2.11886760e-01  2.46220493e+00 
 2.11906760e-01  2.46215686e+00 
 2.11926760e-01  2.46225437e+00 
 2.11946760e-01  2.46217862e+00 
 2.11966760e-01  2.46228075e+00 
 2.11986760e-01  2.46222366e+00 
 2.12006760e-01  2.46228658e+00 
 2.12026760e-01  2.46228380e+00 
 2.12046760e-01  2.46228457e+00 
 2.12066760e-01  2.46234350e+00 
 2.12086760e-01  2.46229101e+00 
 2.12106760e-01  2.46238787e+00 
 2.12126760e-01  2.46231748e+00 
 2.12146760e-01  2.46241012e+00 
 2.12166760e-01  2.46236515e+00 
 2.12186760e-01  2.46241473e+00 
 2.12206760e-01  2.46242455e+00 
 2.12226760e-01  2.46241489e+00 
 2.12246760e-01  2.46248054e+00 
 2.12266760e-01  2.46242566e+00 
 2.12286760e-01  2.46252012e+00 
 2.12306760e-01  2.46245633e+00 
 2.12326760e-01  2.46253888e+00 
 2.12346760e-01  2.46250592e+00 
 2.12366760e-01  2.46254297e+00 
 2.12386760e-01  2.46256398e+00 
 2.12406760e-01  2.46254570e+00 
 2.12426760e-01  2.46261611e+00 
 2.12446760e-01  2.46256069e+00 
 2.12466760e-01  2.46265125e+00 
 2.12486760e-01  2.46259502e+00 
 2.12506760e-01  2.46266718e+00 
 2.12526760e-01  2.46264583e+00 
 2.12546760e-01  2.46267137e+00 
 2.12566760e-01  2.46270209e+00 
 2.12586760e-01  2.46267695e+00 
 2.12606760e-01  2.46275031e+00 
 2.12626760e-01  2.46269597e+00 
 2.12646760e-01  2.46278141e+00 
 2.12666760e-01  2.46273341e+00 
 2.12686760e-01  2.46279515e+00 
 2.12706760e-01  2.46278482e+00 
 2.12726760e-01  2.46279998e+00 
 2.12746760e-01  2.46283888e+00 
 2.12766760e-01  2.46280859e+00 
 2.12786760e-01  2.46288323e+00 
 2.12806760e-01  2.46283139e+00 
 2.12826760e-01  2.46291074e+00 
 2.12846760e-01  2.46287137e+00 
 2.12866760e-01  2.46292289e+00 
 2.12886760e-01  2.46292280e+00 
 2.12906760e-01  2.46292883e+00 
 2.12926760e-01  2.46297437e+00 
 2.12946760e-01  2.46294056e+00 
 2.12966760e-01  2.46301499e+00 
 2.12986760e-01  2.46296681e+00 
 2.13006760e-01  2.46303936e+00 
 2.13026760e-01  2.46300878e+00 
 2.13046760e-01  2.46305049e+00 
 2.13066760e-01  2.46305974e+00 
 2.13086760e-01  2.46305792e+00 
 2.13106760e-01  2.46310861e+00 
 2.13126760e-01  2.46307278e+00 
 2.13146760e-01  2.46314568e+00 
 2.13166760e-01  2.46310213e+00 
 2.13186760e-01  2.46316740e+00 
 2.13206760e-01  2.46314556e+00 
 2.13226760e-01  2.46317803e+00 
 2.13246760e-01  2.46319560e+00 
 2.13266760e-01  2.46318725e+00 
 2.13286760e-01  2.46324166e+00 
 2.13306760e-01  2.46320516e+00 
 2.13326760e-01  2.46327542e+00 
 2.13346760e-01  2.46323723e+00 
 2.13366760e-01  2.46329496e+00 
 2.13386760e-01  2.46328162e+00 
 2.13406760e-01  2.46330555e+00 
 2.13426760e-01  2.46333038e+00 
 2.13446760e-01  2.46331678e+00 
 2.13466760e-01  2.46337357e+00 
 2.13486760e-01  2.46333763e+00 
 2.13506760e-01  2.46340430e+00 
 2.13526760e-01  2.46337200e+00 
 2.13546760e-01  2.46342214e+00 
 2.13566760e-01  2.46341689e+00 
 2.13586760e-01  2.46343310e+00 
 2.13606760e-01  2.46346407e+00 
 2.13626760e-01  2.46344648e+00 
 2.13646760e-01  2.46350441e+00 
 2.13666760e-01  2.46347008e+00 
 2.13686760e-01  2.46353244e+00 
 2.13706760e-01  2.46350636e+00 
 2.13726760e-01  2.46354901e+00 
 2.13746760e-01  2.46355131e+00 
 2.13766760e-01  2.46356069e+00 
 2.13786760e-01  2.46359670e+00 
 2.13806760e-01  2.46357630e+00 
 2.13826760e-01  2.46363427e+00 
 2.13846760e-01  2.46360244e+00 
 2.13866760e-01  2.46365993e+00 
 2.13886760e-01  2.46364022e+00 
 2.13906760e-01  2.46367566e+00 
 2.13926760e-01  2.46368486e+00 
 2.13946760e-01  2.46368834e+00 
 2.13966760e-01  2.46372829e+00 
 2.13986760e-01  2.46370620e+00 
 2.14006760e-01  2.46376322e+00 
 2.14026760e-01  2.46373461e+00 
 2.14046760e-01  2.46378686e+00 
 2.14066760e-01  2.46377350e+00 
 2.14086760e-01  2.46380212e+00 
 2.14106760e-01  2.46381751e+00 
 2.14126760e-01  2.46381604e+00 
 2.14146760e-01  2.46385887e+00 
 2.14166760e-01  2.46383611e+00 
 2.14186760e-01  2.46389134e+00 
 2.14206760e-01  2.46386652e+00 
 2.14226760e-01  2.46391330e+00 
 2.14246760e-01  2.46390615e+00 
 2.14266760e-01  2.46392844e+00 
 2.14286760e-01  2.46394925e+00 
 2.14306760e-01  2.46394377e+00 
 2.14326760e-01  2.46398850e+00 
 2.14346760e-01  2.46396597e+00 
 2.14366760e-01  2.46401871e+00 
 2.14386760e-01  2.46399809e+00 
 2.14406760e-01  2.46403933e+00 
 2.14426760e-01  2.46403811e+00 
 2.14446760e-01  2.46405466e+00 
 2.14466760e-01  2.46408008e+00 
 2.14486760e-01  2.46407151e+00 
 2.14506760e-01  2.46411723e+00 
 2.14526760e-01  2.46409571e+00 
 2.14546760e-01  2.46414539e+00 
 2.14566760e-01  2.46412925e+00 
 2.14586760e-01  2.46416501e+00 
 2.14606760e-01  2.46416935e+00 
 2.14626760e-01  2.46418079e+00 
 2.14646760e-01  2.46421001e+00 
 2.14666760e-01  2.46419922e+00 
 2.14686760e-01  2.46424511e+00 
 2.14706760e-01  2.46422527e+00 
 2.14726760e-01  2.46427147e+00 
 2.14746760e-01  2.46425993e+00 
 2.14766760e-01  2.46429039e+00 
 2.14786760e-01  2.46429983e+00 
 2.14806760e-01  2.46430684e+00 
 2.14826760e-01  2.46433906e+00 
 2.14846760e-01  2.46432688e+00 
 2.14866760e-01  2.46437220e+00 
 2.14886760e-01  2.46435459e+00 
 2.14906760e-01  2.46439701e+00 
 2.14926760e-01  2.46439009e+00 
 2.14946760e-01  2.46441551e+00 
 2.14966760e-01  2.46442955e+00 
 2.14986760e-01  2.46443280e+00 
 2.15006760e-01  2.46446726e+00 
 2.15026760e-01  2.46445443e+00 
 2.15046760e-01  2.46449855e+00 
 2.15066760e-01  2.46448362e+00 
 2.15086760e-01  2.46452207e+00 
 2.15106760e-01  2.46451967e+00 
 2.15126760e-01  2.46454041e+00 
 2.15146760e-01  2.46455848e+00 
 2.15166760e-01  2.46455867e+00 
 2.15186760e-01  2.46459464e+00 
 2.15206760e-01  2.46458184e+00 
 2.15226760e-01  2.46462422e+00 
 2.15246760e-01  2.46461228e+00 
 2.15266760e-01  2.46464670e+00 
 2.15286760e-01  2.46464864e+00 
 2.15306760e-01  2.46466511e+00 
 2.15326760e-01  2.46468663e+00 
 2.15346760e-01  2.46468444e+00 
 2.15366760e-01  2.46472123e+00 
 2.15386760e-01  2.46470905e+00 
 2.15406760e-01  2.46474927e+00 
 2.15426760e-01  2.46474054e+00 
 2.15446760e-01  2.46477095e+00 
 2.15466760e-01  2.46477698e+00 
 2.15486760e-01  2.46478962e+00 
 2.15506760e-01  2.46481401e+00 
 2.15526760e-01  2.46481007e+00 
 2.15546760e-01  2.46484708e+00 
 2.15566760e-01  2.46483603e+00 
 2.15586760e-01  2.46487376e+00 
 2.15606760e-01  2.46486834e+00 
 2.15626760e-01  2.46489485e+00 
 2.15646760e-01  2.46490465e+00 
 2.15666760e-01  2.46491396e+00 
 2.15686760e-01  2.46494063e+00 
 2.15706760e-01  2.46493555e+00 
 2.15726760e-01  2.46497223e+00 
 2.15746760e-01  2.46496272e+00 
 2.15766760e-01  2.46499772e+00 
 2.15786760e-01  2.46499565e+00 
 2.15806760e-01  2.46501845e+00 
 2.15826760e-01  2.46503164e+00 
 2.15846760e-01  2.46503812e+00 
 2.15866760e-01  2.46506650e+00 
 2.15886760e-01  2.46506084e+00 
 2.15906760e-01  2.46509672e+00 
 2.15926760e-01  2.46508908e+00 
 2.15946760e-01  2.46512121e+00 
 2.15966760e-01  2.46512244e+00 
 2.15986760e-01  2.46514176e+00 
 2.16006760e-01  2.46515795e+00 
 2.16026760e-01  2.46516209e+00 
 2.16046760e-01  2.46519166e+00 
 2.16066760e-01  2.46518592e+00 
 2.16086760e-01  2.46522059e+00 
 2.16106760e-01  2.46521507e+00 
 2.16126760e-01  2.46524426e+00 
 2.16146760e-01  2.46524866e+00 
 2.16166760e-01  2.46526481e+00 
 2.16186760e-01  2.46528358e+00 
 2.16206760e-01  2.46528588e+00 
 2.16226760e-01  2.46531613e+00 
 2.16246760e-01  2.46531074e+00 
 2.16266760e-01  2.46534389e+00 
 2.16286760e-01  2.46534066e+00 
 2.16306760e-01  2.46536691e+00 
 2.16326760e-01  2.46537431e+00 
 2.16346760e-01  2.46538760e+00 
 2.16366760e-01  2.46540853e+00 
 2.16386760e-01  2.46540945e+00 
 2.16406760e-01  2.46543993e+00 
 2.16426760e-01  2.46543528e+00 
 2.16446760e-01  2.46546665e+00 
 2.16466760e-01  2.46546581e+00 
 2.16486760e-01  2.46548919e+00 
 2.16506760e-01  2.46549937e+00 
 2.16526760e-01  2.46551015e+00 
 2.16546760e-01  2.46553280e+00 
 2.16566760e-01  2.46553281e+00 
 2.16586760e-01  2.46556310e+00 
 2.16606760e-01  2.46555951e+00 
 2.16626760e-01  2.46558891e+00 
 2.16646760e-01  2.46559049e+00 
 2.16666760e-01  2.46561113e+00 
 2.16686760e-01  2.46562381e+00 
 2.16706760e-01  2.46563245e+00 
 2.16726760e-01  2.46565642e+00 
 2.16746760e-01  2.46565591e+00 
 2.16766760e-01  2.46568568e+00 
 2.16786760e-01  2.46568339e+00 
 2.16806760e-01  2.46571070e+00 
 2.16826760e-01  2.46571468e+00 
 2.16846760e-01  2.46573274e+00 
 2.16866760e-01  2.46574765e+00 
 2.16886760e-01  2.46575451e+00 
 2.16906760e-01  2.46577940e+00 
 2.16926760e-01  2.46577875e+00 
 2.16946760e-01  2.46580768e+00 
 2.16966760e-01  2.46580689e+00 
 2.16986760e-01  2.46583205e+00 
 2.17006760e-01  2.46583835e+00 
 2.17026760e-01  2.46585404e+00 
 2.17046760e-01  2.46587088e+00 
 2.17066760e-01  2.46587631e+00 
 2.17086760e-01  2.46590175e+00 
 2.17106760e-01  2.46590129e+00 
 2.17126760e-01  2.46592914e+00 
 2.17146760e-01  2.46592998e+00 
 2.17166760e-01  2.46595300e+00 
 2.17186760e-01  2.46596148e+00 
 2.17206760e-01  2.46597505e+00 
 2.17226760e-01  2.46599349e+00 
 2.17246760e-01  2.46599785e+00 
 2.17266760e-01  2.46602351e+00 
 2.17286760e-01  2.46602352e+00 
 2.17306760e-01  2.46605009e+00 
 2.17326760e-01  2.46605265e+00 
 2.17346760e-01  2.46607356e+00 
 2.17366760e-01  2.46608408e+00 
 2.17386760e-01  2.46609576e+00 
 2.17406760e-01  2.46611550e+00 
 2.17426760e-01  2.46611912e+00 
 2.17446760e-01  2.46614469e+00 
 2.17466760e-01  2.46614541e+00 
 2.17486760e-01  2.46617056e+00 
 2.17506760e-01  2.46617487e+00 
 2.17526760e-01  2.46619375e+00 
 2.17546760e-01  2.46620612e+00 
 2.17566760e-01  2.46621617e+00 
 2.17586760e-01  2.46623692e+00 
 2.17606760e-01  2.46624010e+00 
 2.17626760e-01  2.46626531e+00 
 2.17646760e-01  2.46626694e+00 
 2.17666760e-01  2.46629058e+00 
 2.17686760e-01  2.46629662e+00 
 2.17706760e-01  2.46631359e+00 
 2.17726760e-01  2.46632761e+00 
 2.17746760e-01  2.46633630e+00 
 2.17766760e-01  2.46635776e+00 
 2.17786760e-01  2.46636077e+00 
 2.17806760e-01  2.46638541e+00 
 2.17826760e-01  2.46638809e+00 
 2.17846760e-01  2.46641016e+00 
 2.17866760e-01  2.46641788e+00 
 2.17886760e-01  2.46643308e+00 
 2.17906760e-01  2.46644853e+00 
 2.17926760e-01  2.46645613e+00 
 2.17946760e-01  2.46647803e+00 
 2.17966760e-01  2.46648112e+00 
 2.17986760e-01  2.46650499e+00 
 2.18006760e-01  2.46650883e+00 
 2.18026760e-01  2.46652932e+00 
 2.18046760e-01  2.46653865e+00 
 2.18066760e-01  2.46655225e+00 
 2.18086760e-01  2.46656890e+00 
 2.18106760e-01  2.46657566e+00 
 2.18126760e-01  2.46659775e+00 
 2.18146760e-01  2.46660113e+00 
 2.18166760e-01  2.46662409e+00 
 2.18186760e-01  2.46662915e+00 
 2.18206760e-01  2.46664809e+00 
 2.18226760e-01  2.46665891e+00 
 2.18246760e-01  2.46667109e+00 
 2.18266760e-01  2.46668872e+00 
 2.18286760e-01  2.46669488e+00 
 2.18306760e-01  2.46671694e+00 
 2.18326760e-01  2.46672079e+00 
 2.18346760e-01  2.46674272e+00 
 2.18366760e-01  2.46674904e+00 
 2.18386760e-01  2.46676648e+00 
 2.18406760e-01  2.46677865e+00 
 2.18426760e-01  2.46678961e+00 
 2.18446760e-01  2.46680800e+00 
 2.18466760e-01  2.46681378e+00 
 2.18486760e-01  2.46683560e+00 
 2.18506760e-01  2.46684008e+00 
 2.18526760e-01  2.46686090e+00 
 2.18546760e-01  2.46686847e+00 
 2.18566760e-01  2.46688449e+00 
 2.18586760e-01  2.46689789e+00 
 2.18606760e-01  2.46690780e+00 
 2.18626760e-01  2.46692674e+00 
 2.18646760e-01  2.46693235e+00 
 2.18666760e-01  2.46695377e+00 
 2.18686760e-01  2.46695898e+00 
 2.18706760e-01  2.46697866e+00 
 2.18726760e-01  2.46698745e+00 
 2.18746760e-01  2.46700215e+00 
 2.18766760e-01  2.46701660e+00 
 2.18786760e-01  2.46702567e+00 
 2.18806760e-01  2.46704495e+00 
 2.18826760e-01  2.46705058e+00 
 2.18846760e-01  2.46707145e+00 
 2.18866760e-01  2.46707748e+00 
 2.18886760e-01  2.46709600e+00 
 2.18906760e-01  2.46710595e+00 
 2.18926760e-01  2.46711946e+00 
 2.18946760e-01  2.46713480e+00 
 2.18966760e-01  2.46714322e+00 
 2.18986760e-01  2.46716265e+00 
 2.19006760e-01  2.46716845e+00 
 2.19026760e-01  2.46718867e+00 
 2.19046760e-01  2.46719556e+00 
 2.19066760e-01  2.46721294e+00 
 2.19086760e-01  2.46722398e+00 
 2.19106760e-01  2.46723642e+00 
 2.19126760e-01  2.46725249e+00 
 2.19146760e-01  2.46726042e+00 
 2.19166760e-01  2.46727985e+00 
 2.19186760e-01  2.46728596e+00 
 2.19206760e-01  2.46730543e+00 
 2.19226760e-01  2.46731322e+00 
 2.19246760e-01  2.46732948e+00 
 2.19266760e-01  2.46734153e+00 
 2.19286760e-01  2.46735303e+00 
 2.19306760e-01  2.46736967e+00 
 2.19326760e-01  2.46737729e+00 
 2.19346760e-01  2.46739656e+00 
 2.19366760e-01  2.46740309e+00 
 2.19386760e-01  2.46742176e+00 
 2.19406760e-01  2.46743045e+00 
 2.19426760e-01  2.46744566e+00 
 2.19446760e-01  2.46745859e+00 
 2.19466760e-01  2.46746930e+00 
 2.19486760e-01  2.46748635e+00 
 2.19506760e-01  2.46749381e+00 
 2.19526760e-01  2.46751280e+00 
 2.19546760e-01  2.46751983e+00 
 2.19566760e-01  2.46753766e+00 
 2.19586760e-01  2.46754723e+00 
 2.19606760e-01  2.46756145e+00 
 2.19626760e-01  2.46757517e+00 
 2.19646760e-01  2.46758522e+00 
 2.19666760e-01  2.46760255e+00 
 2.19686760e-01  2.46760997e+00 
 2.19706760e-01  2.46762857e+00 
 2.19726760e-01  2.46763618e+00 
 2.19746760e-01  2.46765315e+00 
 2.19766760e-01  2.46766357e+00 
 2.19786760e-01  2.46767689e+00 
 2.19806760e-01  2.46769126e+00 
 2.19826760e-01  2.46770080e+00 
 2.19846760e-01  2.46771825e+00 
 2.19866760e-01  2.46772577e+00 
 2.19886760e-01  2.46774390e+00 
 2.19906760e-01  2.46775212e+00 
 2.19926760e-01  2.46776824e+00 
 2.19946760e-01  2.46777945e+00 
 2.19966760e-01  2.46779196e+00 
 2.19986760e-01  2.46780688e+00 
 2.20006760e-01  2.46781603e+00 
 2.20026760e-01  2.46783349e+00 
 2.20046760e-01  2.46784120e+00 
 2.20066760e-01  2.46785878e+00 
 2.20086760e-01  2.46786764e+00 
 2.20106760e-01  2.46788293e+00 
 2.20126760e-01  2.46789487e+00 
 2.20146760e-01  2.46790667e+00 
 2.20166760e-01  2.46792201e+00 
 2.20186760e-01  2.46793090e+00 
 2.20206760e-01  2.46794825e+00 
 2.20226760e-01  2.46795624e+00 
 2.20246760e-01  2.46797324e+00 
 2.20266760e-01  2.46798274e+00 
 2.20286760e-01  2.46799725e+00 
 2.20306760e-01  2.46800983e+00 
 2.20326760e-01  2.46802103e+00 
 2.20346760e-01  2.46803668e+00 
 2.20366760e-01  2.46804541e+00 
 2.20386760e-01  2.46806257e+00 
 2.20406760e-01  2.46807090e+00 
 2.20426760e-01  2.46808728e+00 
 2.20446760e-01  2.46809741e+00 
 2.20466760e-01  2.46811118e+00 
 2.20486760e-01  2.46812434e+00 
 2.20506760e-01  2.46813503e+00 
 2.20526760e-01  2.46815088e+00 
 2.20546760e-01  2.46815956e+00 
 2.20566760e-01  2.46817644e+00 
 2.20586760e-01  2.46818517e+00 
 2.20606760e-01  2.46820091e+00 
 2.20626760e-01  2.46821165e+00 
 2.20646760e-01  2.46822474e+00 
 2.20666760e-01  2.46823838e+00 
 2.20686760e-01  2.46824866e+00 
 2.20706760e-01  2.46826462e+00 
 2.20726760e-01  2.46827334e+00 
 2.20746760e-01  2.46828987e+00 
 2.20766760e-01  2.46829903e+00 
 2.20786760e-01  2.46831414e+00 
 2.20806760e-01  2.46832545e+00 
 2.20826760e-01  2.46833793e+00 
 2.20846760e-01  2.46835197e+00 
 2.20866760e-01  2.46836194e+00 
 2.20886760e-01  2.46837791e+00 
 2.20906760e-01  2.46838675e+00 
 2.20926760e-01  2.46840288e+00 
 2.20946760e-01  2.46841249e+00 
 2.20966760e-01  2.46842698e+00 
 2.20986760e-01  2.46843882e+00 
 2.21006760e-01  2.46845076e+00 
 2.21026760e-01  2.46846511e+00 
 2.21046760e-01  2.46847486e+00 
 2.21066760e-01  2.46849075e+00 
 2.21086760e-01  2.46849977e+00 
 2.21106760e-01  2.46851546e+00 
 2.21126760e-01  2.46852553e+00 
 2.21146760e-01  2.46853944e+00 
 2.21166760e-01  2.46855175e+00 
 2.21186760e-01  2.46856321e+00 
 2.21206760e-01  2.46857780e+00 
 2.21226760e-01  2.46858741e+00 
 2.21246760e-01  2.46860316e+00 
 2.21266760e-01  2.46861241e+00 
 2.21286760e-01  2.46862764e+00 
 2.21306760e-01  2.46863816e+00 
 2.21326760e-01  2.46865151e+00 
 2.21346760e-01  2.46866423e+00 
 2.21366760e-01  2.46867531e+00 
 2.21386760e-01  2.46869004e+00 
 2.21406760e-01  2.46869959e+00 
 2.21426760e-01  2.46871513e+00 
 2.21446760e-01  2.46872465e+00 
 2.21466760e-01  2.46873942e+00 
 2.21486760e-01  2.46875037e+00 
 2.21506760e-01  2.46876320e+00 
 2.21526760e-01  2.46877628e+00 
 2.21546760e-01  2.46878703e+00 
 2.21566760e-01  2.46880185e+00 
 2.21586760e-01  2.46881140e+00 
 2.21606760e-01  2.46882669e+00 
 2.21626760e-01  2.46883650e+00 
 2.21646760e-01  2.46885080e+00 
 2.21666760e-01  2.46886216e+00 
 2.21686760e-01  2.46887453e+00 
 2.21706760e-01  2.46888790e+00 
 2.21726760e-01  2.46889840e+00 
 2.21746760e-01  2.46891322e+00 
 2.21766760e-01  2.46892283e+00 
 2.21786760e-01  2.46893782e+00 
 2.21806760e-01  2.46894795e+00 
 2.21826760e-01  2.46896179e+00 
 2.21846760e-01  2.46897352e+00 
 2.21866760e-01  2.46898548e+00 
 2.21886760e-01  2.46899908e+00 
 2.21906760e-01  2.46900939e+00 
 2.21926760e-01  2.46902416e+00 
 2.21946760e-01  2.46903388e+00 
 2.21966760e-01  2.46904855e+00 
 2.21986760e-01  2.46905900e+00 
 2.22006760e-01  2.46907239e+00 
 2.22026760e-01  2.46908447e+00 
 2.22046760e-01  2.46909606e+00 
 2.22066760e-01  2.46910982e+00 
 2.22086760e-01  2.46912002e+00 
 2.22106760e-01  2.46913468e+00 
 2.22126760e-01  2.46914455e+00 
 2.22146760e-01  2.46915888e+00 
 2.22166760e-01  2.46916965e+00 
 2.22186760e-01  2.46918261e+00 
 2.22206760e-01  2.46919499e+00 
 2.22226760e-01  2.46920627e+00 
 2.22246760e-01  2.46922015e+00 
 2.22266760e-01  2.46923027e+00 
 2.22286760e-01  2.46924478e+00 
 2.22306760e-01  2.46925483e+00 
 2.22326760e-01  2.46926881e+00 
 2.22346760e-01  2.46927988e+00 
 2.22366760e-01  2.46929246e+00 
 2.22386760e-01  2.46930509e+00 
 2.22406760e-01  2.46931611e+00 
 2.22426760e-01  2.46933004e+00 
 2.22446760e-01  2.46934015e+00 
 2.22466760e-01  2.46935447e+00 
 2.22486760e-01  2.46936473e+00 
 2.22506760e-01  2.46937834e+00 
 2.22526760e-01  2.46938971e+00 
 2.22546760e-01  2.46940193e+00 
 2.22566760e-01  2.46941477e+00 
 2.22586760e-01  2.46942559e+00 
 2.22606760e-01  2.46943952e+00 
 2.22626760e-01  2.46944966e+00 
 2.22646760e-01  2.46946375e+00 
 2.22666760e-01  2.46947422e+00 
 2.22686760e-01  2.46948750e+00 
 2.22706760e-01  2.46949913e+00 
 2.22726760e-01  2.46951102e+00 
 2.22746760e-01  2.46952403e+00 
 2.22766760e-01  2.46953470e+00 
 2.22786760e-01  2.46954859e+00 
 2.22806760e-01  2.46955878e+00 
 2.22826760e-01  2.46957264e+00 
 2.22846760e-01  2.46958333e+00 
 2.22866760e-01  2.46959626e+00 
 2.22886760e-01  2.46960814e+00 
 2.22906760e-01  2.46961975e+00 
 2.22926760e-01  2.46963287e+00 
 2.22946760e-01  2.46964343e+00 
 2.22966760e-01  2.46965724e+00 
 2.22986760e-01  2.46966753e+00 
 2.23006760e-01  2.46968112e+00 
 2.23026760e-01  2.46969204e+00 
 2.23046760e-01  2.46970465e+00 
 2.23066760e-01  2.46971674e+00 
 2.23086760e-01  2.46972810e+00 
 2.23106760e-01  2.46974130e+00 
 2.23126760e-01  2.46975180e+00 
 2.23146760e-01  2.46976549e+00 
 2.23166760e-01  2.46977589e+00 
 2.23186760e-01  2.46978922e+00 
 2.23206760e-01  2.46980035e+00 
 2.23226760e-01  2.46981266e+00 
 2.23246760e-01  2.46982493e+00 
 2.23266760e-01  2.46983609e+00 
 2.23286760e-01  2.46984933e+00 
 2.23306760e-01  2.46985979e+00 
 2.23326760e-01  2.46987334e+00 
 2.23346760e-01  2.46988387e+00 
 2.23366760e-01  2.46989693e+00 
 2.23386760e-01  2.46990826e+00 
 2.23406760e-01  2.46992030e+00 
 2.23426760e-01  2.46993271e+00 
 2.23446760e-01  2.46994371e+00 
 2.23466760e-01  2.46995694e+00 
 2.23486760e-01  2.46996741e+00 
 2.23506760e-01  2.46998079e+00 
 2.23526760e-01  2.46999147e+00 
 2.23546760e-01  2.47000426e+00 
 2.23566760e-01  2.47001578e+00 
 2.23586760e-01  2.47002756e+00 
 2.23606760e-01  2.47004009e+00 
 2.23626760e-01  2.47005096e+00 
 2.23646760e-01  2.47006416e+00 
 2.23666760e-01  2.47007465e+00 
 2.23686760e-01  2.47008784e+00 
 2.23706760e-01  2.47009868e+00 
 2.23726760e-01  2.47011121e+00 
 2.23746760e-01  2.47012290e+00 
 2.23766760e-01  2.47013446e+00 
 2.23786760e-01  2.47014707e+00 
 2.23806760e-01  2.47015784e+00 
 2.23826760e-01  2.47017097e+00 
 2.23846760e-01  2.47018152e+00 
 2.23866760e-01  2.47019452e+00 
 2.23886760e-01  2.47020550e+00 
 2.23906760e-01  2.47021778e+00 
 2.23926760e-01  2.47022962e+00 
 2.23946760e-01  2.47024099e+00 
 2.23966760e-01  2.47025365e+00 
 2.23986760e-01  2.47026435e+00 
 2.24006760e-01  2.47027739e+00 
 2.24026760e-01  2.47028801e+00 
 2.24046760e-01  2.47030080e+00 
 2.24066760e-01  2.47031193e+00 
 2.24086760e-01  2.47032398e+00 
 2.24106760e-01  2.47033594e+00 
 2.24126760e-01  2.47034714e+00 
 2.24146760e-01  2.47035982e+00 
 2.24166760e-01  2.47037049e+00 
 2.24186760e-01  2.47038342e+00 
 2.24206760e-01  2.47039412e+00 
 2.24226760e-01  2.47040671e+00 
 2.24246760e-01  2.47041797e+00 
 2.24266760e-01  2.47042981e+00 
 2.24286760e-01  2.47044187e+00 
 2.24306760e-01  2.47045294e+00 
 2.24326760e-01  2.47046561e+00 
 2.24346760e-01  2.47047626e+00 
 2.24366760e-01  2.47048906e+00 
 2.24386760e-01  2.47049985e+00 
 2.24406760e-01  2.47051223e+00 
 2.24426760e-01  2.47052362e+00 
 2.24446760e-01  2.47053527e+00 
 2.24466760e-01  2.47054740e+00 
 2.24486760e-01  2.47055836e+00 
 2.24506760e-01  2.47057100e+00 
 2.24526760e-01  2.47058166e+00 
 2.24546760e-01  2.47059432e+00 
 2.24566760e-01  2.47060520e+00 
 2.24586760e-01  2.47061739e+00 
 2.24606760e-01  2.47062889e+00 
 2.24626760e-01  2.47064036e+00 
 2.24646760e-01  2.47065255e+00 
 2.24666760e-01  2.47066342e+00 
 2.24686760e-01  2.47067600e+00 
 2.24706760e-01  2.47068669e+00 
 2.24726760e-01  2.47069919e+00 
 2.24746760e-01  2.47071018e+00 
 2.24766760e-01  2.47072217e+00 
 2.24786760e-01  2.47073377e+00 
 2.24806760e-01  2.47074508e+00 
 2.24826760e-01  2.47075730e+00 
 2.24846760e-01  2.47076811e+00 
 2.24866760e-01  2.47078062e+00 
 2.24886760e-01  2.47079134e+00 
 2.24906760e-01  2.47080369e+00 
 2.24926760e-01  2.47081477e+00 
 2.24946760e-01  2.47082658e+00 
 2.24966760e-01  2.47083826e+00 
 2.24986760e-01  2.47084944e+00 
 2.25006760e-01  2.47086167e+00 
 2.25026760e-01  2.47087243e+00 
 2.25046760e-01  2.47088485e+00 
 2.25066760e-01  2.47089563e+00 
 2.25086760e-01  2.47090781e+00 
 2.25106760e-01  2.47091898e+00 
 2.25126760e-01  2.47093062e+00 
 2.25146760e-01  2.47094237e+00 
 2.25166760e-01  2.47095344e+00 
 2.25186760e-01  2.47096565e+00 
 2.25206760e-01  2.47097639e+00 
 2.25226760e-01  2.47098871e+00 
 2.25246760e-01  2.47099953e+00 
 2.25266760e-01  2.47101156e+00 
 2.25286760e-01  2.47102281e+00 
 2.25306760e-01  2.47103430e+00 
 2.25326760e-01  2.47104610e+00 
 2.25346760e-01  2.47105707e+00 
 2.25366760e-01  2.47106925e+00 
 2.25386760e-01  2.47107998e+00 
 2.25406760e-01  2.47109219e+00 
 2.25426760e-01  2.47110307e+00 
 2.25446760e-01  2.47111494e+00 
 2.25466760e-01  2.47112627e+00 
 2.25486760e-01  2.47113761e+00 
 2.25506760e-01  2.47114944e+00 
 2.25526760e-01  2.47116033e+00 
 2.25546760e-01  2.47117247e+00 
 2.25566760e-01  2.47118320e+00 
 2.25586760e-01  2.47119529e+00 
 2.25606760e-01  2.47120624e+00 
 2.25626760e-01  2.47121795e+00 
 2.25646760e-01  2.47122934e+00 
 2.25666760e-01  2.47124056e+00 
 2.25686760e-01  2.47125240e+00 
 2.25706760e-01  2.47126324e+00 
 2.25726760e-01  2.47127531e+00 
 2.25746760e-01  2.47128606e+00 
 2.25766760e-01  2.47129802e+00 
 2.25786760e-01  2.47130903e+00 
 2.25806760e-01  2.47132060e+00 
 2.25826760e-01  2.47133204e+00 
 2.25846760e-01  2.47134314e+00 
 2.25866760e-01  2.47135499e+00 
 2.25886760e-01  2.47136578e+00 
 2.25906760e-01  2.47137778e+00 
 2.25926760e-01  2.47138855e+00 
 2.25946760e-01  2.47140038e+00 
 2.25966760e-01  2.47141144e+00 
 2.25986760e-01  2.47142288e+00 
 2.26006760e-01  2.47143436e+00 
 2.26026760e-01  2.47144537e+00 
 2.26046760e-01  2.47145720e+00 
 2.26066760e-01  2.47146795e+00 
 2.26086760e-01  2.47147987e+00 
 2.26106760e-01  2.47149067e+00 
 2.26126760e-01  2.47150238e+00 
 2.26146760e-01  2.47151349e+00 
 2.26166760e-01  2.47152480e+00 
 2.26186760e-01  2.47153631e+00 
 2.26206760e-01  2.47154724e+00 
 2.26226760e-01  2.47155903e+00 
 2.26246760e-01  2.47156977e+00 
 2.26266760e-01  2.47158159e+00 
 2.26286760e-01  2.47159243e+00 
 2.26306760e-01  2.47160401e+00 
 2.26326760e-01  2.47161517e+00 
 2.26346760e-01  2.47162636e+00 
 2.26366760e-01  2.47163789e+00 
 2.26386760e-01  2.47164874e+00 
 2.26406760e-01  2.47166050e+00 
 2.26426760e-01  2.47167123e+00 
 2.26446760e-01  2.47168295e+00 
 2.26466760e-01  2.47169382e+00 
 2.26486760e-01  2.47170528e+00 
 2.26506760e-01  2.47171647e+00 
 2.26526760e-01  2.47172756e+00 
 2.26546760e-01  2.47173909e+00 
 2.26566760e-01  2.47174989e+00 
 2.26586760e-01  2.47176159e+00 
 2.26606760e-01  2.47177232e+00 
 2.26626760e-01  2.47178394e+00 
 2.26646760e-01  2.47179485e+00 
 2.26666760e-01  2.47180619e+00 
 2.26686760e-01  2.47181741e+00 
 2.26706760e-01  2.47182841e+00 
 2.26726760e-01  2.47183992e+00 
 2.26746760e-01  2.47185068e+00 
 2.26766760e-01  2.47186232e+00 
 2.26786760e-01  2.47187305e+00 
 2.26806760e-01  2.47188457e+00 
 2.26826760e-01  2.47189551e+00 
 2.26846760e-01  2.47190674e+00 
 2.26866760e-01  2.47191798e+00 
 2.26886760e-01  2.47192889e+00 
 2.26906760e-01  2.47194039e+00 
 2.26926760e-01  2.47195111e+00 
 2.26946760e-01  2.47196268e+00 
 2.26966760e-01  2.47197342e+00 
 2.26986760e-01  2.47198484e+00 
 2.27006760e-01  2.47199580e+00 
 2.27026760e-01  2.47200693e+00 
 2.27046760e-01  2.47201818e+00 
 2.27066760e-01  2.47202902e+00 
 2.27086760e-01  2.47204049e+00 
 2.27106760e-01  2.47205118e+00 
 2.27126760e-01  2.47206268e+00 
 2.27146760e-01  2.47207343e+00 
 2.27166760e-01  2.47208475e+00 
 2.27186760e-01  2.47209574e+00 
 2.27206760e-01  2.47210677e+00 
 2.27226760e-01  2.47211802e+00 
 2.27246760e-01  2.47212880e+00 
 2.27266760e-01  2.47214023e+00 
 2.27286760e-01  2.47215090e+00 
 2.27306760e-01  2.47216231e+00 
 2.27326760e-01  2.47217308e+00 
 2.27346760e-01  2.47218430e+00 
 2.27366760e-01  2.47219531e+00 
 2.27386760e-01  2.47220625e+00 
 2.27406760e-01  2.47221750e+00 
 2.27426760e-01  2.47222822e+00 
 2.27446760e-01  2.47223960e+00 
 2.27466760e-01  2.47225026e+00 
 2.27486760e-01  2.47226159e+00 
 2.27506760e-01  2.47227238e+00 
 2.27526760e-01  2.47228350e+00 
 2.27546760e-01  2.47229451e+00 
 2.27566760e-01  2.47230538e+00 
 2.27586760e-01  2.47231661e+00 
 2.27606760e-01  2.47232729e+00 
 2.27626760e-01  2.47233862e+00 
 2.27646760e-01  2.47234927e+00 
 2.27666760e-01  2.47236052e+00 
 2.27686760e-01  2.47237131e+00 
 2.27706760e-01  2.47238234e+00 
 2.27726760e-01  2.47239336e+00 
 2.27746760e-01  2.47240415e+00 
 2.27766760e-01  2.47241536e+00 
 2.27786760e-01  2.47242601e+00 
 2.27806760e-01  2.47243727e+00 
 2.27826760e-01  2.47244792e+00 
 2.27846760e-01  2.47245908e+00 
 2.27866760e-01  2.47246989e+00 
 2.27886760e-01  2.47248083e+00 
 2.27906760e-01  2.47249185e+00 
 2.27926760e-01  2.47250258e+00 
 2.27946760e-01  2.47251376e+00 
 2.27966760e-01  2.47252437e+00 
 2.27986760e-01  2.47253557e+00 
 2.28006760e-01  2.47254622e+00 
 2.28026760e-01  2.47255730e+00 
 2.28046760e-01  2.47256811e+00 
 2.28066760e-01  2.47257897e+00 
 2.28086760e-01  2.47258998e+00 
 2.28106760e-01  2.47260066e+00 
 2.28126760e-01  2.47261180e+00 
 2.28146760e-01  2.47262238e+00 
 2.28166760e-01  2.47263352e+00 
 2.28186760e-01  2.47264417e+00 
 2.28206760e-01  2.47265516e+00 
 2.28226760e-01  2.47266598e+00 
 2.28246760e-01  2.47267676e+00 
 2.28266760e-01  2.47268776e+00 
 2.28286760e-01  2.47269838e+00 
 2.28306760e-01  2.47270948e+00 
 2.28326760e-01  2.47272005e+00 
 2.28346760e-01  2.47273111e+00 
 2.28366760e-01  2.47274176e+00 
 2.28386760e-01  2.47275267e+00 
 2.28406760e-01  2.47276349e+00 
 2.28426760e-01  2.47277420e+00 
 2.28446760e-01  2.47278518e+00 
 2.28466760e-01  2.47279576e+00 
 2.28486760e-01  2.47280681e+00 
 2.28506760e-01  2.47281736e+00 
 2.28526760e-01  2.47282835e+00 
 2.28546760e-01  2.47283900e+00 
 2.28566760e-01  2.47284983e+00 
 2.28586760e-01  2.47286064e+00 
 2.28606760e-01  2.47287130e+00 
 2.28626760e-01  2.47288225e+00 
 2.28646760e-01  2.47289279e+00 
 2.28666760e-01  2.47290378e+00 
 2.28686760e-01  2.47291432e+00 
 2.28706760e-01  2.47292524e+00 
 2.28726760e-01  2.47293589e+00 
 2.28746760e-01  2.47294665e+00 
 2.28766760e-01  2.47295745e+00 
 2.28786760e-01  2.47296805e+00 
 2.28806760e-01  2.47297897e+00 
 2.28826760e-01  2.47298947e+00 
 2.28846760e-01  2.47300041e+00 
 2.28866760e-01  2.47301094e+00 
 2.28886760e-01  2.47302179e+00 
 2.28906760e-01  2.47303243e+00 
 2.28926760e-01  2.47304312e+00 
 2.28946760e-01  2.47305391e+00 
 2.28966760e-01  2.47306445e+00 
 2.28986760e-01  2.47307533e+00 
 2.29006760e-01  2.47308581e+00 
 2.29026760e-01  2.47309669e+00 
 2.29046760e-01  2.47310721e+00 
 2.29066760e-01  2.47311799e+00 
 2.29086760e-01  2.47312862e+00 
 2.29106760e-01  2.47313925e+00 
 2.29126760e-01  2.47315001e+00 
 2.29146760e-01  2.47316051e+00 
 2.29166760e-01  2.47317135e+00 
 2.29186760e-01  2.47318181e+00 
 2.29206760e-01  2.47319262e+00 
 2.29226760e-01  2.47320313e+00 
 2.29246760e-01  2.47321384e+00 
 2.29266760e-01  2.47322447e+00 
 2.29286760e-01  2.47323503e+00 
 2.29306760e-01  2.47324577e+00 
 2.29326760e-01  2.47325623e+00 
 2.29346760e-01  2.47326703e+00 
 2.29366760e-01  2.47327746e+00 
 2.29386760e-01  2.47328821e+00 
 2.29406760e-01  2.47329871e+00 
 2.29426760e-01  2.47330935e+00 
 2.29446760e-01  2.47331996e+00 
 2.29466760e-01  2.47333047e+00 
 2.29486760e-01  2.47334119e+00 
 2.29506760e-01  2.47335160e+00 
 2.29526760e-01  2.47336235e+00 
 2.29546760e-01  2.47337276e+00 
 2.29566760e-01  2.47338346e+00 
 2.29586760e-01  2.47339394e+00 
 2.29606760e-01  2.47340452e+00 
 2.29626760e-01  2.47341512e+00 
 2.29646760e-01  2.47342557e+00 
 2.29666760e-01  2.47343625e+00 
 2.29686760e-01  2.47344664e+00 
 2.29706760e-01  2.47345734e+00 
 2.29726760e-01  2.47346773e+00 
 2.29746760e-01  2.47347836e+00 
 2.29766760e-01  2.47348883e+00 
 2.29786760e-01  2.47349935e+00 
 2.29806760e-01  2.47350993e+00 
 2.29826760e-01  2.47352033e+00 
 2.29846760e-01  2.47353098e+00 
 2.29866760e-01  2.47354133e+00 
 2.29886760e-01  2.47355198e+00 
 2.29906760e-01  2.47356235e+00 
 2.29926760e-01  2.47357292e+00 
 2.29946760e-01  2.47358338e+00 
 2.29966760e-01  2.47359384e+00 
 2.29986760e-01  2.47360439e+00 
 2.30006760e-01  2.47361475e+00 
 2.30026760e-01  2.47362536e+00 
 2.30046760e-01  2.47363568e+00 
 2.30066760e-01  2.47364628e+00 
 2.30086760e-01  2.47365664e+00 
 2.30106760e-01  2.47366715e+00 
 2.30126760e-01  2.47367759e+00 
 2.30146760e-01  2.47368799e+00 
 2.30166760e-01  2.47369852e+00 
 2.30186760e-01  2.47370884e+00 
 2.30206760e-01  2.47371940e+00 
 2.30226760e-01  2.47372970e+00 
 2.30246760e-01  2.47374024e+00 
 2.30266760e-01  2.47375058e+00 
 2.30286760e-01  2.47376103e+00 
 2.30306760e-01  2.47377146e+00 
 2.30326760e-01  2.47378181e+00 
 2.30346760e-01  2.47379230e+00 
 2.30366760e-01  2.47380258e+00 
 2.30386760e-01  2.47381311e+00 
 2.30406760e-01  2.47382338e+00 
 2.30426760e-01  2.47383386e+00 
 2.30446760e-01  2.47384419e+00 
 2.30466760e-01  2.47385458e+00 
 2.30486760e-01  2.47386498e+00 
 2.30506760e-01  2.47387529e+00 
 2.30526760e-01  2.47388575e+00 
 2.30546760e-01  2.47389600e+00 
 2.30566760e-01  2.47390647e+00 
 2.30586760e-01  2.47391672e+00 
 2.30606760e-01  2.47392715e+00 
 2.30626760e-01  2.47393745e+00 
 2.30646760e-01  2.47394779e+00 
 2.30666760e-01  2.47395817e+00 
 2.30686760e-01  2.47396843e+00 
 2.30706760e-01  2.47397886e+00 
 2.30726760e-01  2.47398907e+00 
 2.30746760e-01  2.47399950e+00 
 2.30766760e-01  2.47400973e+00 
 2.30786760e-01  2.47402010e+00 
 2.30806760e-01  2.47403039e+00 
 2.30826760e-01  2.47404068e+00 
 2.30846760e-01  2.47405103e+00 
 2.30866760e-01  2.47406124e+00 
 2.30886760e-01  2.47407163e+00 
 2.30906760e-01  2.47408182e+00 
 2.30926760e-01  2.47409220e+00 
 2.30946760e-01  2.47410240e+00 
 2.30966760e-01  2.47411272e+00 
 2.30986760e-01  2.47412298e+00 
 2.31006760e-01  2.47413322e+00 
 2.31026760e-01  2.47414355e+00 
 2.31046760e-01  2.47415372e+00 
 2.31066760e-01  2.47416407e+00 
 2.31086760e-01  2.47417423e+00 
 2.31106760e-01  2.47418456e+00 
 2.31126760e-01  2.47419474e+00 
 2.31146760e-01  2.47420501e+00 
 2.31166760e-01  2.47421525e+00 
 2.31186760e-01  2.47422544e+00 
 2.31206760e-01  2.47423573e+00 
 2.31226760e-01  2.47424587e+00 
 2.31246760e-01  2.47425618e+00 
 2.31266760e-01  2.47426631e+00 
 2.31286760e-01  2.47427659e+00 
 2.31306760e-01  2.47428675e+00 
 2.31326760e-01  2.47429696e+00 
 2.31346760e-01  2.47430718e+00 
 2.31366760e-01  2.47431733e+00 
 2.31386760e-01  2.47432759e+00 
 2.31406760e-01  2.47433769e+00 
 2.31426760e-01  2.47434796e+00 
 2.31446760e-01  2.47435806e+00 
 2.31466760e-01  2.47436829e+00 
 2.31486760e-01  2.47437842e+00 
 2.31506760e-01  2.47438859e+00 
 2.31526760e-01  2.47439878e+00 
 2.31546760e-01  2.47440888e+00 
 2.31566760e-01  2.47441911e+00 
 2.31586760e-01  2.47442918e+00 
 2.31606760e-01  2.47443940e+00 
 2.31626760e-01  2.47444947e+00 
 2.31646760e-01  2.47445966e+00 
 2.31666760e-01  2.47446977e+00 
 2.31686760e-01  2.47447989e+00 
 2.31706760e-01  2.47449005e+00 
 2.31726760e-01  2.47450011e+00 
 2.31746760e-01  2.47451030e+00 
 2.31766760e-01  2.47452034e+00 
 2.31786760e-01  2.47453052e+00 
 2.31806760e-01  2.47454056e+00 
 2.31826760e-01  2.47455070e+00 
 2.31846760e-01  2.47456079e+00 
 2.31866760e-01  2.47457086e+00 
 2.31886760e-01  2.47458099e+00 
 2.31906760e-01  2.47459101e+00 
 2.31926760e-01  2.47460117e+00 
 2.31946760e-01  2.47461117e+00 
 2.31966760e-01  2.47462131e+00 
 2.31986760e-01  2.47463133e+00 
 2.32006760e-01  2.47464141e+00 
 2.32026760e-01  2.47465148e+00 
 2.32046760e-01  2.47466151e+00 
 2.32066760e-01  2.47467161e+00 
 2.32086760e-01  2.47468159e+00 
 2.32106760e-01  2.47469170e+00 
 2.32126760e-01  2.47470168e+00 
 2.32146760e-01  2.47471177e+00 
 2.32166760e-01  2.47472176e+00 
 2.32186760e-01  2.47473180e+00 
 2.32206760e-01  2.47474184e+00 
 2.32226760e-01  2.47475183e+00 
 2.32246760e-01  2.47476189e+00 
 2.32266760e-01  2.47477184e+00 
 2.32286760e-01  2.47478192e+00 
 2.32306760e-01  2.47479186e+00 
 2.32326760e-01  2.47480190e+00 
 2.32346760e-01  2.47481188e+00 
 2.32366760e-01  2.47482187e+00 
 2.32386760e-01  2.47483188e+00 
 2.32406760e-01  2.47484182e+00 
 2.32426760e-01  2.47485186e+00 
 2.32446760e-01  2.47486177e+00 
 2.32466760e-01  2.47487180e+00 
 2.32486760e-01  2.47488172e+00 
 2.32506760e-01  2.47489172e+00 
 2.32526760e-01  2.47490166e+00 
 2.32546760e-01  2.47491161e+00 
 2.32566760e-01  2.47492159e+00 
 2.32586760e-01  2.47493150e+00 
 2.32606760e-01  2.47494149e+00 
 2.32626760e-01  2.47495138e+00 
 2.32646760e-01  2.47496137e+00 
 2.32666760e-01  2.47497125e+00 
 2.32686760e-01  2.47498121e+00 
 2.32706760e-01  2.47499113e+00 
 2.32726760e-01  2.47500103e+00 
 2.32746760e-01  2.47501098e+00 
 2.32766760e-01  2.47502085e+00 
 2.32786760e-01  2.47503081e+00 
 2.32806760e-01  2.47504066e+00 
 2.32826760e-01  2.47505061e+00 
 2.32846760e-01  2.47506047e+00 
 2.32866760e-01  2.47507038e+00 
 2.32886760e-01  2.47508027e+00 
 2.32906760e-01  2.47509013e+00 
 2.32926760e-01  2.47510005e+00 
 2.32946760e-01  2.47510988e+00 
 2.32966760e-01  2.47511980e+00 
 2.32986760e-01  2.47512962e+00 
 2.33006760e-01  2.47513953e+00 
 2.33026760e-01  2.47514936e+00 
 2.33046760e-01  2.47515923e+00 
 2.33066760e-01  2.47516909e+00 
 2.33086760e-01  2.47517891e+00 
 2.33106760e-01  2.47518880e+00 
 2.33126760e-01  2.47519859e+00 
 2.33146760e-01  2.47520848e+00 
 2.33166760e-01  2.47521827e+00 
 2.33186760e-01  2.47522813e+00 
 2.33206760e-01  2.47523793e+00 
 2.33226760e-01  2.47524776e+00 
 2.33246760e-01  2.47525759e+00 
 2.33266760e-01  2.47526738e+00 
 2.33286760e-01  2.47527722e+00 
 2.33306760e-01  2.47528699e+00 
 2.33326760e-01  2.47529683e+00 
 2.33346760e-01  2.47530659e+00 
 2.33366760e-01  2.47531641e+00 
 2.33386760e-01  2.47532619e+00 
 2.33406760e-01  2.47533597e+00 
 2.33426760e-01  2.47534577e+00 
 2.33446760e-01  2.47535552e+00 
 2.33466760e-01  2.47536533e+00 
 2.33486760e-01  2.47537506e+00 
 2.33506760e-01  2.47538487e+00 
 2.33526760e-01  2.47539460e+00 
 2.33546760e-01  2.47540438e+00 
 2.33566760e-01  2.47541413e+00 
 2.33586760e-01  2.47542387e+00 
 2.33606760e-01  2.47543364e+00 
 2.33626760e-01  2.47544335e+00 
 2.33646760e-01  2.47545313e+00 
 2.33666760e-01  2.47546282e+00 
 2.33686760e-01  2.47547259e+00 
 2.33706760e-01  2.47548229e+00 
 2.33726760e-01  2.47549203e+00 
 2.33746760e-01  2.47550175e+00 
 2.33766760e-01  2.47551145e+00 
 2.33786760e-01  2.47552119e+00 
 2.33806760e-01  2.47553086e+00 
 2.33826760e-01  2.47554060e+00 
 2.33846760e-01  2.47555027e+00 
 2.33866760e-01  2.47555999e+00 
 2.33886760e-01  2.47556967e+00 
 2.33906760e-01  2.47557936e+00 
 2.33926760e-01  2.47558905e+00 
 2.33946760e-01  2.47559872e+00 
 2.33966760e-01  2.47560842e+00 
 2.33986760e-01  2.47561806e+00 
 2.34006760e-01  2.47562777e+00 
 2.34026760e-01  2.47563740e+00 
 2.34046760e-01  2.47564709e+00 
 2.34066760e-01  2.47565673e+00 
 2.34086760e-01  2.47566639e+00 
 2.34106760e-01  2.47567604e+00 
 2.34126760e-01  2.47568567e+00 
 2.34146760e-01  2.47569534e+00 
 2.34166760e-01  2.47570495e+00 
 2.34186760e-01  2.47571461e+00 
 2.34206760e-01  2.47572422e+00 
 2.34226760e-01  2.47573386e+00 
 2.34246760e-01  2.47574348e+00 
 2.34266760e-01  2.47575310e+00 
 2.34286760e-01  2.47576272e+00 
 2.34306760e-01  2.47577231e+00 
 2.34326760e-01  2.47578195e+00 
 2.34346760e-01  2.47579152e+00 
 2.34366760e-01  2.47580115e+00 
 2.34386760e-01  2.47581072e+00 
 2.34406760e-01  2.47582033e+00 
 2.34426760e-01  2.47582991e+00 
 2.34446760e-01  2.47583949e+00 
 2.34466760e-01  2.47584909e+00 
 2.34486760e-01  2.47585864e+00 
 2.34506760e-01  2.47586824e+00 
 2.34526760e-01  2.47587778e+00 
 2.34546760e-01  2.47588738e+00 
 2.34566760e-01  2.47589692e+00 
 2.34586760e-01  2.47590649e+00 
 2.34606760e-01  2.47591604e+00 
 2.34626760e-01  2.47592558e+00 
 2.34646760e-01  2.47593515e+00 
 2.34666760e-01  2.47594466e+00 
 2.34686760e-01  2.47595423e+00 
 2.34706760e-01  2.47596374e+00 
 2.34726760e-01  2.47597329e+00 
 2.34746760e-01  2.47598280e+00 
 2.34766760e-01  2.47599233e+00 
 2.34786760e-01  2.47600186e+00 
 2.34806760e-01  2.47601136e+00 
 2.34826760e-01  2.47602089e+00 
 2.34846760e-01  2.47603038e+00 
 2.34866760e-01  2.47603991e+00 
 2.34886760e-01  2.47604938e+00 
 2.34906760e-01  2.47605890e+00 
 2.34926760e-01  2.47606838e+00 
 2.34946760e-01  2.47607787e+00 
 2.34966760e-01  2.47608736e+00 
 2.34986760e-01  2.47609683e+00 
 2.35006760e-01  2.47610633e+00 
 2.35026760e-01  2.47611578e+00 
 2.35046760e-01  2.47612527e+00 
 2.35066760e-01  2.47613472e+00 
 2.35086760e-01  2.47614420e+00 
 2.35106760e-01  2.47615365e+00 
 2.35126760e-01  2.47616310e+00 
 2.35146760e-01  2.47617256e+00 
 2.35166760e-01  2.47618200e+00 
 2.35186760e-01  2.47619146e+00 
 2.35206760e-01  2.47620088e+00 
 2.35226760e-01  2.47621034e+00 
 2.35246760e-01  2.47621975e+00 
 2.35266760e-01  2.47622919e+00 
 2.35286760e-01  2.47623861e+00 
 2.35306760e-01  2.47624803e+00 
 2.35326760e-01  2.47625746e+00 
 2.35346760e-01  2.47626685e+00 
 2.35366760e-01  2.47627628e+00 
 2.35386760e-01  2.47628567e+00 
 2.35406760e-01  2.47629509e+00 
 2.35426760e-01  2.47630448e+00 
 2.35446760e-01  2.47631388e+00 
 2.35466760e-01  2.47632327e+00 
 2.35486760e-01  2.47633265e+00 
 2.35506760e-01  2.47634205e+00 
 2.35526760e-01  2.47635141e+00 
 2.35546760e-01  2.47636080e+00 
 2.35566760e-01  2.47637016e+00 
 2.35586760e-01  2.47637954e+00 
 2.35606760e-01  2.47638890e+00 
 2.35626760e-01  2.47639826e+00 
 2.35646760e-01  2.47640762e+00 
 2.35666760e-01  2.47641697e+00 
 2.35686760e-01  2.47642633e+00 
 2.35706760e-01  2.47643566e+00 
 2.35726760e-01  2.47644502e+00 
 2.35746760e-01  2.47645434e+00 
 2.35766760e-01  2.47646369e+00 
 2.35786760e-01  2.47647301e+00 
 2.35806760e-01  2.47648234e+00 
 2.35826760e-01  2.47649167e+00 
 2.35846760e-01  2.47650098e+00 
 2.35866760e-01  2.47651031e+00 
 2.35886760e-01  2.47651961e+00 
 2.35906760e-01  2.47652893e+00 
 2.35926760e-01  2.47653822e+00 
 2.35946760e-01  2.47654754e+00 
 2.35966760e-01  2.47655683e+00 
 2.35986760e-01  2.47656612e+00 
 2.36006760e-01  2.47657542e+00 
 2.36026760e-01  2.47658469e+00 
 2.36046760e-01  2.47659399e+00 
 2.36066760e-01  2.47660325e+00 
 2.36086760e-01  2.47661254e+00 
 2.36106760e-01  2.47662180e+00 
 2.36126760e-01  2.47663108e+00 
 2.36146760e-01  2.47664034e+00 
 2.36166760e-01  2.47664960e+00 
 2.36186760e-01  2.47665886e+00 
 2.36206760e-01  2.47666810e+00 
 2.36226760e-01  2.47667737e+00 
 2.36246760e-01  2.47668660e+00 
 2.36266760e-01  2.47669585e+00 
 2.36286760e-01  2.47670508e+00 
 2.36306760e-01  2.47671432e+00 
 2.36326760e-01  2.47672355e+00 
 2.36346760e-01  2.47673278e+00 
 2.36366760e-01  2.47674201e+00 
 2.36386760e-01  2.47675122e+00 
 2.36406760e-01  2.47676045e+00 
 2.36426760e-01  2.47676964e+00 
 2.36446760e-01  2.47677887e+00 
 2.36466760e-01  2.47678806e+00 
 2.36486760e-01  2.47679727e+00 
 2.36506760e-01  2.47680647e+00 
 2.36526760e-01  2.47681566e+00 
 2.36546760e-01  2.47682486e+00 
 2.36566760e-01  2.47683403e+00 
 2.36586760e-01  2.47684323e+00 
 2.36606760e-01  2.47685239e+00 
 2.36626760e-01  2.47686158e+00 
 2.36646760e-01  2.47687074e+00 
 2.36666760e-01  2.47687992e+00 
 2.36686760e-01  2.47688908e+00 
 2.36706760e-01  2.47689824e+00 
 2.36726760e-01  2.47690740e+00 
 2.36746760e-01  2.47691655e+00 
 2.36766760e-01  2.47692571e+00 
 2.36786760e-01  2.47693484e+00 
 2.36806760e-01  2.47694400e+00 
 2.36826760e-01  2.47695313e+00 
 2.36846760e-01  2.47696227e+00 
 2.36866760e-01  2.47697140e+00 
 2.36886760e-01  2.47698052e+00 
 2.36906760e-01  2.47698966e+00 
 2.36926760e-01  2.47699877e+00 
 2.36946760e-01  2.47700789e+00 
 2.36966760e-01  2.47701700e+00 
 2.36986760e-01  2.47702611e+00 
 2.37006760e-01  2.47703522e+00 
 2.37026760e-01  2.47704432e+00 
 2.37046760e-01  2.47705342e+00 
 2.37066760e-01  2.47706251e+00 
 2.37086760e-01  2.47707161e+00 
 2.37106760e-01  2.47708069e+00 
 2.37126760e-01  2.47708978e+00 
 2.37146760e-01  2.47709886e+00 
 2.37166760e-01  2.47710794e+00 
 2.37186760e-01  2.47711701e+00 
 2.37206760e-01  2.47712608e+00 
 2.37226760e-01  2.47713515e+00 
 2.37246760e-01  2.47714420e+00 
 2.37266760e-01  2.47715327e+00 
 2.37286760e-01  2.47716232e+00 
 2.37306760e-01  2.47717138e+00 
 2.37326760e-01  2.47718042e+00 
 2.37346760e-01  2.47718947e+00 
 2.37366760e-01  2.47719851e+00 
 2.37386760e-01  2.47720754e+00 
 2.37406760e-01  2.47721659e+00 
 2.37426760e-01  2.47722561e+00 
 2.37446760e-01  2.47723464e+00 
 2.37466760e-01  2.47724366e+00 
 2.37486760e-01  2.47725268e+00 
 2.37506760e-01  2.47726169e+00 
 2.37526760e-01  2.47727071e+00 
 2.37546760e-01  2.47727972e+00 
 2.37566760e-01  2.47728872e+00 
 2.37586760e-01  2.47729773e+00 
 2.37606760e-01  2.47730672e+00 
 2.37626760e-01  2.47731572e+00 
 2.37646760e-01  2.47732470e+00 
 2.37666760e-01  2.47733369e+00 
 2.37686760e-01  2.47734267e+00 
 2.37706760e-01  2.47735165e+00 
 2.37726760e-01  2.47736063e+00 
 2.37746760e-01  2.47736960e+00 
 2.37766760e-01  2.47737858e+00 
 2.37786760e-01  2.47738753e+00 
 2.37806760e-01  2.47739650e+00 
 2.37826760e-01  2.47740545e+00 
 2.37846760e-01  2.47741441e+00 
 2.37866760e-01  2.47742336e+00 
 2.37886760e-01  2.47743231e+00 
 2.37906760e-01  2.47744126e+00 
 2.37926760e-01  2.47745019e+00 
 2.37946760e-01  2.47745914e+00 
 2.37966760e-01  2.47746806e+00 
 2.37986760e-01  2.47747700e+00 
 2.38006760e-01  2.47748592e+00 
 2.38026760e-01  2.47749484e+00 
 2.38046760e-01  2.47750376e+00 
 2.38066760e-01  2.47751267e+00 
 2.38086760e-01  2.47752159e+00 
 2.38106760e-01  2.47753049e+00 
 2.38126760e-01  2.47753940e+00 
 2.38146760e-01  2.47754830e+00 
 2.38166760e-01  2.47755720e+00 
 2.38186760e-01  2.47756609e+00 
 2.38206760e-01  2.47757498e+00 
 2.38226760e-01  2.47758387e+00 
 2.38246760e-01  2.47759275e+00 
 2.38266760e-01  2.47760164e+00 
 2.38286760e-01  2.47761051e+00 
 2.38306760e-01  2.47761939e+00 
 2.38326760e-01  2.47762825e+00 
 2.38346760e-01  2.47763712e+00 
 2.38366760e-01  2.47764598e+00 
 2.38386760e-01  2.47765484e+00 
 2.38406760e-01  2.47766369e+00 
 2.38426760e-01  2.47767254e+00 
 2.38446760e-01  2.47768139e+00 
 2.38466760e-01  2.47769023e+00 
 2.38486760e-01  2.47769908e+00 
 2.38506760e-01  2.47770791e+00 
 2.38526760e-01  2.47771675e+00 
 2.38546760e-01  2.47772557e+00 
 2.38566760e-01  2.47773440e+00 
 2.38586760e-01  2.47774323e+00 
 2.38606760e-01  2.47775204e+00 
 2.38626760e-01  2.47776086e+00 
 2.38646760e-01  2.47776967e+00 
 2.38666760e-01  2.47777849e+00 
 2.38686760e-01  2.47778729e+00 
 2.38706760e-01  2.47779609e+00 
 2.38726760e-01  2.47780489e+00 
 2.38746760e-01  2.47781368e+00 
 2.38766760e-01  2.47782248e+00 
 2.38786760e-01  2.47783126e+00 
 2.38806760e-01  2.47784005e+00 
 2.38826760e-01  2.47784882e+00 
 2.38846760e-01  2.47785761e+00 
 2.38866760e-01  2.47786638e+00 
 2.38886760e-01  2.47787515e+00 
 2.38906760e-01  2.47788392e+00 
 2.38926760e-01  2.47789268e+00 
 2.38946760e-01  2.47790144e+00 
 2.38966760e-01  2.47791019e+00 
 2.38986760e-01  2.47791895e+00 
 2.39006760e-01  2.47792769e+00 
 2.39026760e-01  2.47793644e+00 
 2.39046760e-01  2.47794518e+00 
 2.39066760e-01  2.47795392e+00 
 2.39086760e-01  2.47796266e+00 
 2.39106760e-01  2.47797139e+00 
 2.39126760e-01  2.47798012e+00 
 2.39146760e-01  2.47798884e+00 
 2.39166760e-01  2.47799757e+00 
 2.39186760e-01  2.47800628e+00 
 2.39206760e-01  2.47801500e+00 
 2.39226760e-01  2.47802371e+00 
 2.39246760e-01  2.47803241e+00 
 2.39266760e-01  2.47804112e+00 
 2.39286760e-01  2.47804982e+00 
 2.39306760e-01  2.47805852e+00 
 2.39326760e-01  2.47806721e+00 
 2.39346760e-01  2.47807590e+00 
 2.39366760e-01  2.47808458e+00 
 2.39386760e-01  2.47809327e+00 
 2.39406760e-01  2.47810195e+00 
 2.39426760e-01  2.47811062e+00 
 2.39446760e-01  2.47811930e+00 
 2.39466760e-01  2.47812796e+00 
 2.39486760e-01  2.47813663e+00 
 2.39506760e-01  2.47814529e+00 
 2.39526760e-01  2.47815395e+00 
 2.39546760e-01  2.47816261e+00 
 2.39566760e-01  2.47817126e+00 
 2.39586760e-01  2.47817991e+00 
 2.39606760e-01  2.47818855e+00 
 2.39626760e-01  2.47819719e+00 
 2.39646760e-01  2.47820583e+00 
 2.39666760e-01  2.47821447e+00 
 2.39686760e-01  2.47822309e+00 
 2.39706760e-01  2.47823173e+00 
 2.39726760e-01  2.47824035e+00 
 2.39746760e-01  2.47824897e+00 
 2.39766760e-01  2.47825759e+00 
 2.39786760e-01  2.47826620e+00 
 2.39806760e-01  2.47827481e+00 
 2.39826760e-01  2.47828342e+00 
 2.39846760e-01  2.47829202e+00 
 2.39866760e-01  2.47830062e+00 
 2.39886760e-01  2.47830922e+00 
 2.39906760e-01  2.47831781e+00 
 2.39926760e-01  2.47832640e+00 
 2.39946760e-01  2.47833499e+00 
 2.39966760e-01  2.47834357e+00 
 2.39986760e-01  2.47835215e+00 
 2.40006760e-01  2.47836072e+00 
 2.40026760e-01  2.47836930e+00 
 2.40046760e-01  2.47837787e+00 
 2.40066760e-01  2.47838643e+00 
 2.40086760e-01  2.47839499e+00 
 2.40106760e-01  2.47840355e+00 
 2.40126760e-01  2.47841211e+00 
 2.40146760e-01  2.47842066e+00 
 2.40166760e-01  2.47842921e+00 
 2.40186760e-01  2.47843775e+00 
 2.40206760e-01  2.47844630e+00 
 2.40226760e-01  2.47845483e+00 
 2.40246760e-01  2.47846337e+00 
 2.40266760e-01  2.47847190e+00 
 2.40286760e-01  2.47848043e+00 
 2.40306760e-01  2.47848896e+00 
 2.40326760e-01  2.47849747e+00 
 2.40346760e-01  2.47850600e+00 
 2.40366760e-01  2.47851451e+00 
 2.40386760e-01  2.47852302e+00 
 2.40406760e-01  2.47853153e+00 
 2.40426760e-01  2.47854003e+00 
 2.40446760e-01  2.47854853e+00 
 2.40466760e-01  2.47855703e+00 
 2.40486760e-01  2.47856552e+00 
 2.40506760e-01  2.47857401e+00 
 2.40526760e-01  2.47858250e+00 
 2.40546760e-01  2.47859098e+00 
 2.40566760e-01  2.47859947e+00 
 2.40586760e-01  2.47860794e+00 
 2.40606760e-01  2.47861642e+00 
 2.40626760e-01  2.47862489e+00 
 2.40646760e-01  2.47863335e+00 
 2.40666760e-01  2.47864182e+00 
 2.40686760e-01  2.47865028e+00 
 2.40706760e-01  2.47865874e+00 
 2.40726760e-01  2.47866719e+00 
 2.40746760e-01  2.47867564e+00 
 2.40766760e-01  2.47868408e+00 
 2.40786760e-01  2.47869253e+00 
 2.40806760e-01  2.47870097e+00 
 2.40826760e-01  2.47870940e+00 
 2.40846760e-01  2.47871784e+00 
 2.40866760e-01  2.47872626e+00 
 2.40886760e-01  2.47873469e+00 
 2.40906760e-01  2.47874311e+00 
 2.40926760e-01  2.47875154e+00 
 2.40946760e-01  2.47875995e+00 
 2.40966760e-01  2.47876836e+00 
 2.40986760e-01  2.47877677e+00 
 2.41006760e-01  2.47878518e+00 
 2.41026760e-01  2.47879358e+00 
 2.41046760e-01  2.47880198e+00 
 2.41066760e-01  2.47881038e+00 
 2.41086760e-01  2.47881877e+00 
 2.41106760e-01  2.47882716e+00 
 2.41126760e-01  2.47883555e+00 
 2.41146760e-01  2.47884393e+00 
 2.41166760e-01  2.47885231e+00 
 2.41186760e-01  2.47886068e+00 
 2.41206760e-01  2.47886906e+00 
 2.41226760e-01  2.47887743e+00 
 2.41246760e-01  2.47888579e+00 
 2.41266760e-01  2.47889415e+00 
 2.41286760e-01  2.47890252e+00 
 2.41306760e-01  2.47891087e+00 
 2.41326760e-01  2.47891922e+00 
 2.41346760e-01  2.47892757e+00 
 2.41366760e-01  2.47893592e+00 
 2.41386760e-01  2.47894426e+00 
 2.41406760e-01  2.47895260e+00 
 2.41426760e-01  2.47896094e+00 
 2.41446760e-01  2.47896927e+00 
 2.41466760e-01  2.47897760e+00 
 2.41486760e-01  2.47898592e+00 
 2.41506760e-01  2.47899425e+00 
 2.41526760e-01  2.47900257e+00 
 2.41546760e-01  2.47901088e+00 
 2.41566760e-01  2.47901919e+00 
 2.41586760e-01  2.47902750e+00 
 2.41606760e-01  2.47903581e+00 
 2.41626760e-01  2.47904411e+00 
 2.41646760e-01  2.47905241e+00 
 2.41666760e-01  2.47906071e+00 
 2.41686760e-01  2.47906900e+00 
 2.41706760e-01  2.47907729e+00 
 2.41726760e-01  2.47908557e+00 
 2.41746760e-01  2.47909386e+00 
 2.41766760e-01  2.47910213e+00 
 2.41786760e-01  2.47911041e+00 
 2.41806760e-01  2.47911868e+00 
 2.41826760e-01  2.47912695e+00 
 2.41846760e-01  2.47913522e+00 
 2.41866760e-01  2.47914348e+00 
 2.41886760e-01  2.47915174e+00 
 2.41906760e-01  2.47916000e+00 
 2.41926760e-01  2.47916825e+00 
 2.41946760e-01  2.47917650e+00 
 2.41966760e-01  2.47918475e+00 
 2.41986760e-01  2.47919299e+00 
 2.42006760e-01  2.47920123e+00 
 2.42026760e-01  2.47920947e+00 
 2.42046760e-01  2.47921770e+00 
 2.42066760e-01  2.47922593e+00 
 2.42086760e-01  2.47923416e+00 
 2.42106760e-01  2.47924238e+00 
 2.42126760e-01  2.47925060e+00 
 2.42146760e-01  2.47925882e+00 
 2.42166760e-01  2.47926703e+00 
 2.42186760e-01  2.47927524e+00 
 2.42206760e-01  2.47928345e+00 
 2.42226760e-01  2.47929165e+00 
 2.42246760e-01  2.47929985e+00 
 2.42266760e-01  2.47930805e+00 
 2.42286760e-01  2.47931624e+00 
 2.42306760e-01  2.47932443e+00 
 2.42326760e-01  2.47933262e+00 
 2.42346760e-01  2.47934080e+00 
 2.42366760e-01  2.47934898e+00 
 2.42386760e-01  2.47935716e+00 
 2.42406760e-01  2.47936533e+00 
 2.42426760e-01  2.47937351e+00 
 2.42446760e-01  2.47938167e+00 
 2.42466760e-01  2.47938984e+00 
 2.42486760e-01  2.47939800e+00 
 2.42506760e-01  2.47940616e+00 
 2.42526760e-01  2.47941431e+00 
 2.42546760e-01  2.47942246e+00 
 2.42566760e-01  2.47943061e+00 
 2.42586760e-01  2.47943875e+00 
 2.42606760e-01  2.47944690e+00 
 2.42626760e-01  2.47945503e+00 
 2.42646760e-01  2.47946317e+00 
 2.42666760e-01  2.47947130e+00 
 2.42686760e-01  2.47947943e+00 
 2.42706760e-01  2.47948755e+00 
 2.42726760e-01  2.47949568e+00 
 2.42746760e-01  2.47950380e+00 
 2.42766760e-01  2.47951191e+00 
 2.42786760e-01  2.47952002e+00 
 2.42806760e-01  2.47952813e+00 
 2.42826760e-01  2.47953624e+00 
 2.42846760e-01  2.47954434e+00 
 2.42866760e-01  2.47955244e+00 
 2.42886760e-01  2.47956053e+00 
 2.42906760e-01  2.47956863e+00 
 2.42926760e-01  2.47957672e+00 
 2.42946760e-01  2.47958480e+00 
 2.42966760e-01  2.47959289e+00 
 2.42986760e-01  2.47960097e+00 
 2.43006760e-01  2.47960904e+00 
 2.43026760e-01  2.47961712e+00 
 2.43046760e-01  2.47962519e+00 
 2.43066760e-01  2.47963325e+00 
 2.43086760e-01  2.47964132e+00 
 2.43106760e-01  2.47964938e+00 
 2.43126760e-01  2.47965743e+00 
 2.43146760e-01  2.47966549e+00 
 2.43166760e-01  2.47967354e+00 
 2.43186760e-01  2.47968159e+00 
 2.43206760e-01  2.47968963e+00 
 2.43226760e-01  2.47969767e+00 
 2.43246760e-01  2.47970571e+00 
 2.43266760e-01  2.47971374e+00 
 2.43286760e-01  2.47972178e+00 
 2.43306760e-01  2.47972980e+00 
 2.43326760e-01  2.47973783e+00 
 2.43346760e-01  2.47974585e+00 
 2.43366760e-01  2.47975387e+00 
 2.43386760e-01  2.47976189e+00 
 2.43406760e-01  2.47976990e+00 
 2.43426760e-01  2.47977791e+00 
 2.43446760e-01  2.47978591e+00 
 2.43466760e-01  2.47979392e+00 
 2.43486760e-01  2.47980191e+00 
 2.43506760e-01  2.47980991e+00 
 2.43526760e-01  2.47981790e+00 
 2.43546760e-01  2.47982589e+00 
 2.43566760e-01  2.47983388e+00 
 2.43586760e-01  2.47984186e+00 
 2.43606760e-01  2.47984984e+00 
 2.43626760e-01  2.47985782e+00 
 2.43646760e-01  2.47986579e+00 
 2.43666760e-01  2.47987376e+00 
 2.43686760e-01  2.47988173e+00 
 2.43706760e-01  2.47988970e+00 
 2.43726760e-01  2.47989766e+00 
 2.43746760e-01  2.47990562e+00 
 2.43766760e-01  2.47991357e+00 
 2.43786760e-01  2.47992152e+00 
 2.43806760e-01  2.47992947e+00 
 2.43826760e-01  2.47993742e+00 
 2.43846760e-01  2.47994536e+00 
 2.43866760e-01  2.47995330e+00 
 2.43886760e-01  2.47996123e+00 
 2.43906760e-01  2.47996916e+00 
 2.43926760e-01  2.47997709e+00 
 2.43946760e-01  2.47998502e+00 
 2.43966760e-01  2.47999294e+00 
 2.43986760e-01  2.48000086e+00 
 2.44006760e-01  2.48000878e+00 
 2.44026760e-01  2.48001669e+00 
 2.44046760e-01  2.48002460e+00 
 2.44066760e-01  2.48003251e+00 
 2.44086760e-01  2.48004041e+00 
 2.44106760e-01  2.48004832e+00 
 2.44126760e-01  2.48005621e+00 
 2.44146760e-01  2.48006411e+00 
 2.44166760e-01  2.48007200e+00 
 2.44186760e-01  2.48007989e+00 
 2.44206760e-01  2.48008777e+00 
 2.44226760e-01  2.48009565e+00 
 2.44246760e-01  2.48010353e+00 
 2.44266760e-01  2.48011141e+00 
 2.44286760e-01  2.48011928e+00 
 2.44306760e-01  2.48012715e+00 
 2.44326760e-01  2.48013502e+00 
 2.44346760e-01  2.48014288e+00 
 2.44366760e-01  2.48015074e+00 
 2.44386760e-01  2.48015860e+00 
 2.44406760e-01  2.48016645e+00 
 2.44426760e-01  2.48017430e+00 
 2.44446760e-01  2.48018215e+00 
 2.44466760e-01  2.48018999e+00 
 2.44486760e-01  2.48019783e+00 
 2.44506760e-01  2.48020567e+00 
 2.44526760e-01  2.48021350e+00 
 2.44546760e-01  2.48022134e+00 
 2.44566760e-01  2.48022916e+00 
 2.44586760e-01  2.48023699e+00 
 2.44606760e-01  2.48024481e+00 
 2.44626760e-01  2.48025263e+00 
 2.44646760e-01  2.48026045e+00 
 2.44666760e-01  2.48026826e+00 
 2.44686760e-01  2.48027607e+00 
 2.44706760e-01  2.48028388e+00 
 2.44726760e-01  2.48029168e+00 
 2.44746760e-01  2.48029948e+00 
 2.44766760e-01  2.48030728e+00 
 2.44786760e-01  2.48031507e+00 
 2.44806760e-01  2.48032286e+00 
 2.44826760e-01  2.48033065e+00 
 2.44846760e-01  2.48033843e+00 
 2.44866760e-01  2.48034622e+00 
 2.44886760e-01  2.48035400e+00 
 2.44906760e-01  2.48036177e+00 
 2.44926760e-01  2.48036954e+00 
 2.44946760e-01  2.48037731e+00 
 2.44966760e-01  2.48038508e+00 
 2.44986760e-01  2.48039284e+00 
 2.45006760e-01  2.48040060e+00 
 2.45026760e-01  2.48040836e+00 
 2.45046760e-01  2.48041611e+00 
 2.45066760e-01  2.48042386e+00 
 2.45086760e-01  2.48043161e+00 
 2.45106760e-01  2.48043935e+00 
 2.45126760e-01  2.48044710e+00 
 2.45146760e-01  2.48045483e+00 
 2.45166760e-01  2.48046257e+00 
 2.45186760e-01  2.48047030e+00 
 2.45206760e-01  2.48047803e+00 
 2.45226760e-01  2.48048576e+00 
 2.45246760e-01  2.48049348e+00 
 2.45266760e-01  2.48050120e+00 
 2.45286760e-01  2.48050891e+00 
 2.45306760e-01  2.48051663e+00 
 2.45326760e-01  2.48052434e+00 
 2.45346760e-01  2.48053205e+00 
 2.45366760e-01  2.48053975e+00 
 2.45386760e-01  2.48054745e+00 
 2.45406760e-01  2.48055515e+00 
 2.45426760e-01  2.48056284e+00 
 2.45446760e-01  2.48057054e+00 
 2.45466760e-01  2.48057822e+00 
 2.45486760e-01  2.48058591e+00 
 2.45506760e-01  2.48059359e+00 
 2.45526760e-01  2.48060127e+00 
 2.45546760e-01  2.48060895e+00 
 2.45566760e-01  2.48061662e+00 
 2.45586760e-01  2.48062429e+00 
 2.45606760e-01  2.48063196e+00 
 2.45626760e-01  2.48063962e+00 
 2.45646760e-01  2.48064729e+00 
 2.45666760e-01  2.48065494e+00 
 2.45686760e-01  2.48066260e+00 
 2.45706760e-01  2.48067025e+00 
 2.45726760e-01  2.48067790e+00 
 2.45746760e-01  2.48068555e+00 
 2.45766760e-01  2.48069319e+00 
 2.45786760e-01  2.48070083e+00 
 2.45806760e-01  2.48070847e+00 
 2.45826760e-01  2.48071610e+00 
 2.45846760e-01  2.48072373e+00 
 2.45866760e-01  2.48073136e+00 
 2.45886760e-01  2.48073898e+00 
 2.45906760e-01  2.48074660e+00 
 2.45926760e-01  2.48075422e+00 
 2.45946760e-01  2.48076184e+00 
 2.45966760e-01  2.48076945e+00 
 2.45986760e-01  2.48077706e+00 
 2.46006760e-01  2.48078466e+00 
 2.46026760e-01  2.48079227e+00 
 2.46046760e-01  2.48079987e+00 
 2.46066760e-01  2.48080746e+00 
 2.46086760e-01  2.48081506e+00 
 2.46106760e-01  2.48082265e+00 
 2.46126760e-01  2.48083024e+00 
 2.46146760e-01  2.48083782e+00 
 2.46166760e-01  2.48084541e+00 
 2.46186760e-01  2.48085298e+00 
 2.46206760e-01  2.48086056e+00 
 2.46226760e-01  2.48086813e+00 
 2.46246760e-01  2.48087570e+00 
 2.46266760e-01  2.48088327e+00 
 2.46286760e-01  2.48089083e+00 
 2.46306760e-01  2.48089839e+00 
 2.46326760e-01  2.48090595e+00 
 2.46346760e-01  2.48091351e+00 
 2.46366760e-01  2.48092106e+00 
 2.46386760e-01  2.48092861e+00 
 2.46406760e-01  2.48093615e+00 
 2.46426760e-01  2.48094369e+00 
 2.46446760e-01  2.48095123e+00 
 2.46466760e-01  2.48095877e+00 
 2.46486760e-01  2.48096630e+00 
 2.46506760e-01  2.48097384e+00 
 2.46526760e-01  2.48098136e+00 
 2.46546760e-01  2.48098889e+00 
 2.46566760e-01  2.48099641e+00 
 2.46586760e-01  2.48100393e+00 
 2.46606760e-01  2.48101144e+00 
 2.46626760e-01  2.48101896e+00 
 2.46646760e-01  2.48102646e+00 
 2.46666760e-01  2.48103397e+00 
 2.46686760e-01  2.48104147e+00 
 2.46706760e-01  2.48104897e+00 
 2.46726760e-01  2.48105647e+00 
 2.46746760e-01  2.48106397e+00 
 2.46766760e-01  2.48107146e+00 
 2.46786760e-01  2.48107895e+00 
 2.46806760e-01  2.48108643e+00 
 2.46826760e-01  2.48109392e+00 
 2.46846760e-01  2.48110139e+00 
 2.46866760e-01  2.48110887e+00 
 2.46886760e-01  2.48111634e+00 
 2.46906760e-01  2.48112382e+00 
 2.46926760e-01  2.48113128e+00 
 2.46946760e-01  2.48113875e+00 
 2.46966760e-01  2.48114621e+00 
 2.46986760e-01  2.48115367e+00 
 2.47006760e-01  2.48116112e+00 
 2.47026760e-01  2.48116858e+00 
 2.47046760e-01  2.48117603e+00 
 2.47066760e-01  2.48118347e+00 
 2.47086760e-01  2.48119092e+00 
 2.47106760e-01  2.48119836e+00 
 2.47126760e-01  2.48120579e+00 
 2.47146760e-01  2.48121323e+00 
 2.47166760e-01  2.48122066e+00 
 2.47186760e-01  2.48122809e+00 
 2.47206760e-01  2.48123552e+00 
 2.47226760e-01  2.48124294e+00 
 2.47246760e-01  2.48125036e+00 
 2.47266760e-01  2.48125778e+00 
 2.47286760e-01  2.48126519e+00 
 2.47306760e-01  2.48127260e+00 
 2.47326760e-01  2.48128001e+00 
 2.47346760e-01  2.48128741e+00 
 2.47366760e-01  2.48129482e+00 
 2.47386760e-01  2.48130221e+00 
 2.47406760e-01  2.48130961e+00 
 2.47426760e-01  2.48131700e+00 
 2.47446760e-01  2.48132439e+00 
 2.47466760e-01  2.48133178e+00 
 2.47486760e-01  2.48133917e+00 
 2.47506760e-01  2.48134655e+00 
 2.47526760e-01  2.48135393e+00 
 2.47546760e-01  2.48136130e+00 
 2.47566760e-01  2.48136867e+00 
 2.47586760e-01  2.48137604e+00 
 2.47606760e-01  2.48138341e+00 
 2.47626760e-01  2.48139077e+00 
 2.47646760e-01  2.48139814e+00 
 2.47666760e-01  2.48140549e+00 
 2.47686760e-01  2.48141285e+00 
 2.47706760e-01  2.48142020e+00 
 2.47726760e-01  2.48142755e+00 
 2.47746760e-01  2.48143490e+00 
 2.47766760e-01  2.48144224e+00 
 2.47786760e-01  2.48144958e+00 
 2.47806760e-01  2.48145692e+00 
 2.47826760e-01  2.48146425e+00 
 2.47846760e-01  2.48147158e+00 
 2.47866760e-01  2.48147891e+00 
 2.47886760e-01  2.48148624e+00 
 2.47906760e-01  2.48149356e+00 
 2.47926760e-01  2.48150088e+00 
 2.47946760e-01  2.48150819e+00 
 2.47966760e-01  2.48151551e+00 
 2.47986760e-01  2.48152282e+00 
 2.48006760e-01  2.48153013e+00 
 2.48026760e-01  2.48153743e+00 
 2.48046760e-01  2.48154473e+00 
 2.48066760e-01  2.48155203e+00 
 2.48086760e-01  2.48155933e+00 
 2.48106760e-01  2.48156662e+00 
 2.48126760e-01  2.48157391e+00 
 2.48146760e-01  2.48158120e+00 
 2.48166760e-01  2.48158849e+00 
 2.48186760e-01  2.48159577e+00 
 2.48206760e-01  2.48160305e+00 
 2.48226760e-01  2.48161032e+00 
 2.48246760e-01  2.48161760e+00 
 2.48266760e-01  2.48162487e+00 
 2.48286760e-01  2.48163213e+00 
 2.48306760e-01  2.48163940e+00 
 2.48326760e-01  2.48164666e+00 
 2.48346760e-01  2.48165392e+00 
 2.48366760e-01  2.48166117e+00 
 2.48386760e-01  2.48166843e+00 
 2.48406760e-01  2.48167568e+00 
 2.48426760e-01  2.48168292e+00 
 2.48446760e-01  2.48169017e+00 
 2.48466760e-01  2.48169741e+00 
 2.48486760e-01  2.48170465e+00 
 2.48506760e-01  2.48171188e+00 
 2.48526760e-01  2.48171911e+00 
 2.48546760e-01  2.48172634e+00 
 2.48566760e-01  2.48173357e+00 
 2.48586760e-01  2.48174079e+00 
 2.48606760e-01  2.48174801e+00 
 2.48626760e-01  2.48175523e+00 
 2.48646760e-01  2.48176245e+00 
 2.48666760e-01  2.48176966e+00 
 2.48686760e-01  2.48177687e+00 
 2.48706760e-01  2.48178407e+00 
 2.48726760e-01  2.48179128e+00 
 2.48746760e-01  2.48179848e+00 
 2.48766760e-01  2.48180568e+00 
 2.48786760e-01  2.48181287e+00 
 2.48806760e-01  2.48182006e+00 
 2.48826760e-01  2.48182725e+00 
 2.48846760e-01  2.48183444e+00 
 2.48866760e-01  2.48184162e+00 
 2.48886760e-01  2.48184880e+00 
 2.48906760e-01  2.48185598e+00 
 2.48926760e-01  2.48186315e+00 
 2.48946760e-01  2.48187033e+00 
 2.48966760e-01  2.48187750e+00 
 2.48986760e-01  2.48188466e+00 
 2.49006760e-01  2.48189183e+00 
 2.49026760e-01  2.48189899e+00 
 2.49046760e-01  2.48190614e+00 
 2.49066760e-01  2.48191330e+00 
 2.49086760e-01  2.48192045e+00 
 2.49106760e-01  2.48192760e+00 
 2.49126760e-01  2.48193474e+00 
 2.49146760e-01  2.48194189e+00 
 2.49166760e-01  2.48194903e+00 
 2.49186760e-01  2.48195617e+00 
 2.49206760e-01  2.48196330e+00 
 2.49226760e-01  2.48197043e+00 
 2.49246760e-01  2.48197756e+00 
 2.49266760e-01  2.48198469e+00 
 2.49286760e-01  2.48199181e+00 
 2.49306760e-01  2.48199893e+00 
 2.49326760e-01  2.48200605e+00 
 2.49346760e-01  2.48201316e+00 
 2.49366760e-01  2.48202028e+00 
 2.49386760e-01  2.48202738e+00 
 2.49406760e-01  2.48203449e+00 
 2.49426760e-01  2.48204159e+00 
 2.49446760e-01  2.48204869e+00 
 2.49466760e-01  2.48205579e+00 
 2.49486760e-01  2.48206289e+00 
 2.49506760e-01  2.48206998e+00 
 2.49526760e-01  2.48207707e+00 
 2.49546760e-01  2.48208415e+00 
 2.49566760e-01  2.48209124e+00 
 2.49586760e-01  2.48209832e+00 
 2.49606760e-01  2.48210540e+00 
 2.49626760e-01  2.48211247e+00 
 2.49646760e-01  2.48211954e+00 
 2.49666760e-01  2.48212661e+00 
 2.49686760e-01  2.48213368e+00 
 2.49706760e-01  2.48214074e+00 
 2.49726760e-01  2.48214780e+00 
 2.49746760e-01  2.48215486e+00 
 2.49766760e-01  2.48216192e+00 
 2.49786760e-01  2.48216897e+00 
 2.49806760e-01  2.48217602e+00 
 2.49826760e-01  2.48218307e+00 
 2.49846760e-01  2.48219011e+00 
 2.49866760e-01  2.48219715e+00 
 2.49886760e-01  2.48220419e+00 
 2.49906760e-01  2.48221123e+00 
 2.49926760e-01  2.48221826e+00 
 2.49946760e-01  2.48222529e+00 
 2.49966760e-01  2.48223232e+00 
 2.49986760e-01  2.48223934e+00 
 2.50006760e-01  2.48224636e+00 
 2.50026760e-01  2.48225338e+00 
 2.50046760e-01  2.48226040e+00 
 2.50066760e-01  2.48226741e+00 
 2.50086760e-01  2.48227442e+00 
 2.50106760e-01  2.48228143e+00 
 2.50126760e-01  2.48228843e+00 
 2.50146760e-01  2.48229543e+00 
 2.50166760e-01  2.48230243e+00 
 2.50186760e-01  2.48230943e+00 
 2.50206760e-01  2.48231642e+00 
 2.50226760e-01  2.48232341e+00 
 2.50246760e-01  2.48233040e+00 
 2.50266760e-01  2.48233738e+00 
 2.50286760e-01  2.48234437e+00 
 2.50306760e-01  2.48235135e+00 
 2.50326760e-01  2.48235832e+00 
 2.50346760e-01  2.48236530e+00 
 2.50366760e-01  2.48237227e+00 
 2.50386760e-01  2.48237924e+00 
 2.50406760e-01  2.48238620e+00 
 2.50426760e-01  2.48239316e+00 
 2.50446760e-01  2.48240012e+00 
 2.50466760e-01  2.48240708e+00 
 2.50486760e-01  2.48241404e+00 
 2.50506760e-01  2.48242099e+00 
 2.50526760e-01  2.48242794e+00 
 2.50546760e-01  2.48243488e+00 
 2.50566760e-01  2.48244183e+00 
 2.50586760e-01  2.48244877e+00 
 2.50606760e-01  2.48245570e+00 
 2.50626760e-01  2.48246264e+00 
 2.50646760e-01  2.48246957e+00 
 2.50666760e-01  2.48247650e+00 
 2.50686760e-01  2.48248343e+00 
 2.50706760e-01  2.48249035e+00 
 2.50726760e-01  2.48249727e+00 
 2.50746760e-01  2.48250419e+00 
 2.50766760e-01  2.48251111e+00 
 2.50786760e-01  2.48251802e+00 
 2.50806760e-01  2.48252493e+00 
 2.50826760e-01  2.48253184e+00 
 2.50846760e-01  2.48253874e+00 
 2.50866760e-01  2.48254564e+00 
 2.50886760e-01  2.48255254e+00 
 2.50906760e-01  2.48255944e+00 
 2.50926760e-01  2.48256633e+00 
 2.50946760e-01  2.48257322e+00 
 2.50966760e-01  2.48258011e+00 
 2.50986760e-01  2.48258699e+00 
 2.51006760e-01  2.48259388e+00 
 2.51026760e-01  2.48260076e+00 
 2.51046760e-01  2.48260763e+00 
 2.51066760e-01  2.48261451e+00 
 2.51086760e-01  2.48262138e+00 
 2.51106760e-01  2.48262825e+00 
 2.51126760e-01  2.48263511e+00 
 2.51146760e-01  2.48264198e+00 
 2.51166760e-01  2.48264884e+00 
 2.51186760e-01  2.48265569e+00 
 2.51206760e-01  2.48266255e+00 
 2.51226760e-01  2.48266940e+00 
 2.51246760e-01  2.48267625e+00 
 2.51266760e-01  2.48268310e+00 
 2.51286760e-01  2.48268994e+00 
 2.51306760e-01  2.48269678e+00 
 2.51326760e-01  2.48270362e+00 
 2.51346760e-01  2.48271046e+00 
 2.51366760e-01  2.48271729e+00 
 2.51386760e-01  2.48272412e+00 
 2.51406760e-01  2.48273095e+00 
 2.51426760e-01  2.48273777e+00 
 2.51446760e-01  2.48274460e+00 
 2.51466760e-01  2.48275141e+00 
 2.51486760e-01  2.48275823e+00 
 2.51506760e-01  2.48276505e+00 
 2.51526760e-01  2.48277186e+00 
 2.51546760e-01  2.48277867e+00 
 2.51566760e-01  2.48278547e+00 
 2.51586760e-01  2.48279227e+00 
 2.51606760e-01  2.48279907e+00 
 2.51626760e-01  2.48280587e+00 
 2.51646760e-01  2.48281267e+00 
 2.51666760e-01  2.48281946e+00 
 2.51686760e-01  2.48282625e+00 
 2.51706760e-01  2.48283304e+00 
 2.51726760e-01  2.48283982e+00 
 2.51746760e-01  2.48284660e+00 
 2.51766760e-01  2.48285338e+00 
 2.51786760e-01  2.48286015e+00 
 2.51806760e-01  2.48286693e+00 
 2.51826760e-01  2.48287370e+00 
 2.51846760e-01  2.48288047e+00 
 2.51866760e-01  2.48288723e+00 
 2.51886760e-01  2.48289399e+00 
 2.51906760e-01  2.48290075e+00 
 2.51926760e-01  2.48290751e+00 
 2.51946760e-01  2.48291426e+00 
 2.51966760e-01  2.48292102e+00 
 2.51986760e-01  2.48292776e+00 
 2.52006760e-01  2.48293451e+00 
 2.52026760e-01  2.48294125e+00 
 2.52046760e-01  2.48294800e+00 
 2.52066760e-01  2.48295473e+00 
 2.52086760e-01  2.48296147e+00 
 2.52106760e-01  2.48296820e+00 
 2.52126760e-01  2.48297493e+00 
 2.52146760e-01  2.48298166e+00 
 2.52166760e-01  2.48298838e+00 
 2.52186760e-01  2.48299511e+00 
 2.52206760e-01  2.48300182e+00 
 2.52226760e-01  2.48300854e+00 
 2.52246760e-01  2.48301525e+00 
 2.52266760e-01  2.48302197e+00 
 2.52286760e-01  2.48302867e+00 
 2.52306760e-01  2.48303538e+00 
 2.52326760e-01  2.48304208e+00 
 2.52346760e-01  2.48304878e+00 
 2.52366760e-01  2.48305548e+00 
 2.52386760e-01  2.48306218e+00 
 2.52406760e-01  2.48306887e+00 
 2.52426760e-01  2.48307556e+00 
 2.52446760e-01  2.48308225e+00 
 2.52466760e-01  2.48308893e+00 
 2.52486760e-01  2.48309561e+00 
 2.52506760e-01  2.48310229e+00 
 2.52526760e-01  2.48310897e+00 
 2.52546760e-01  2.48311564e+00 
 2.52566760e-01  2.48312231e+00 
 2.52586760e-01  2.48312898e+00 
 2.52606760e-01  2.48313565e+00 
 2.52626760e-01  2.48314231e+00 
 2.52646760e-01  2.48314897e+00 
 2.52666760e-01  2.48315563e+00 
 2.52686760e-01  2.48316228e+00 
 2.52706760e-01  2.48316893e+00 
 2.52726760e-01  2.48317558e+00 
 2.52746760e-01  2.48318223e+00 
 2.52766760e-01  2.48318888e+00 
 2.52786760e-01  2.48319552e+00 
 2.52806760e-01  2.48320216e+00 
 2.52826760e-01  2.48320879e+00 
 2.52846760e-01  2.48321543e+00 
 2.52866760e-01  2.48322206e+00 
 2.52886760e-01  2.48322869e+00 
 2.52906760e-01  2.48323531e+00 
 2.52926760e-01  2.48324193e+00 
 2.52946760e-01  2.48324855e+00 
 2.52966760e-01  2.48325517e+00 
 2.52986760e-01  2.48326179e+00 
 2.53006760e-01  2.48326840e+00 
 2.53026760e-01  2.48327501e+00 
 2.53046760e-01  2.48328162e+00 
 2.53066760e-01  2.48328822e+00 
 2.53086760e-01  2.48329482e+00 
 2.53106760e-01  2.48330142e+00 
 2.53126760e-01  2.48330802e+00 
 2.53146760e-01  2.48331461e+00 
 2.53166760e-01  2.48332121e+00 
 2.53186760e-01  2.48332779e+00 
 2.53206760e-01  2.48333438e+00 
 2.53226760e-01  2.48334096e+00 
 2.53246760e-01  2.48334755e+00 
 2.53266760e-01  2.48335412e+00 
 2.53286760e-01  2.48336070e+00 
 2.53306760e-01  2.48336727e+00 
 2.53326760e-01  2.48337384e+00 
 2.53346760e-01  2.48338041e+00 
 2.53366760e-01  2.48338698e+00 
 2.53386760e-01  2.48339354e+00 
 2.53406760e-01  2.48340010e+00 
 2.53426760e-01  2.48340666e+00 
 2.53446760e-01  2.48341321e+00 
 2.53466760e-01  2.48341976e+00 
 2.53486760e-01  2.48342631e+00 
 2.53506760e-01  2.48343286e+00 
 2.53526760e-01  2.48343940e+00 
 2.53546760e-01  2.48344594e+00 
 2.53566760e-01  2.48345248e+00 
 2.53586760e-01  2.48345902e+00 
 2.53606760e-01  2.48346555e+00 
 2.53626760e-01  2.48347208e+00 
 2.53646760e-01  2.48347861e+00 
 2.53666760e-01  2.48348514e+00 
 2.53686760e-01  2.48349166e+00 
 2.53706760e-01  2.48349818e+00 
 2.53726760e-01  2.48350470e+00 
 2.53746760e-01  2.48351122e+00 
 2.53766760e-01  2.48351773e+00 
 2.53786760e-01  2.48352424e+00 
 2.53806760e-01  2.48353075e+00 
 2.53826760e-01  2.48353725e+00 
 2.53846760e-01  2.48354375e+00 
 2.53866760e-01  2.48355025e+00 
 2.53886760e-01  2.48355675e+00 
 2.53906760e-01  2.48356324e+00 
 2.53926760e-01  2.48356974e+00 
 2.53946760e-01  2.48357623e+00 
 2.53966760e-01  2.48358271e+00 
 2.53986760e-01  2.48358920e+00 
 2.54006760e-01  2.48359568e+00 
 2.54026760e-01  2.48360216e+00 
 2.54046760e-01  2.48360863e+00 
 2.54066760e-01  2.48361511e+00 
 2.54086760e-01  2.48362158e+00 
 2.54106760e-01  2.48362805e+00 
 2.54126760e-01  2.48363451e+00 
 2.54146760e-01  2.48364098e+00 
 2.54166760e-01  2.48364744e+00 
 2.54186760e-01  2.48365390e+00 
 2.54206760e-01  2.48366035e+00 
 2.54226760e-01  2.48366681e+00 
 2.54246760e-01  2.48367326e+00 
 2.54266760e-01  2.48367970e+00 
 2.54286760e-01  2.48368615e+00 
 2.54306760e-01  2.48369259e+00 
 2.54326760e-01  2.48369903e+00 
 2.54346760e-01  2.48370547e+00 
 2.54366760e-01  2.48371191e+00 
 2.54386760e-01  2.48371834e+00 
 2.54406760e-01  2.48372477e+00 
 2.54426760e-01  2.48373120e+00 
 2.54446760e-01  2.48373762e+00 
 2.54466760e-01  2.48374404e+00 
 2.54486760e-01  2.48375046e+00 
 2.54506760e-01  2.48375688e+00 
 2.54526760e-01  2.48376329e+00 
 2.54546760e-01  2.48376971e+00 
 2.54566760e-01  2.48377612e+00 
 2.54586760e-01  2.48378252e+00 
 2.54606760e-01  2.48378893e+00 
 2.54626760e-01  2.48379533e+00 
 2.54646760e-01  2.48380173e+00 
 2.54666760e-01  2.48380812e+00 
 2.54686760e-01  2.48381452e+00 
 2.54706760e-01  2.48382091e+00 
 2.54726760e-01  2.48382730e+00 
 2.54746760e-01  2.48383369e+00 
 2.54766760e-01  2.48384007e+00 
 2.54786760e-01  2.48384645e+00 
 2.54806760e-01  2.48385283e+00 
 2.54826760e-01  2.48385921e+00 
 2.54846760e-01  2.48386558e+00 
 2.54866760e-01  2.48387195e+00 
 2.54886760e-01  2.48387832e+00 
 2.54906760e-01  2.48388468e+00 
 2.54926760e-01  2.48389105e+00 
 2.54946760e-01  2.48389741e+00 
 2.54966760e-01  2.48390377e+00 
 2.54986760e-01  2.48391012e+00 
 2.55006760e-01  2.48391648e+00 
 2.55026760e-01  2.48392283e+00 
 2.55046760e-01  2.48392918e+00 
 2.55066760e-01  2.48393552e+00 
 2.55086760e-01  2.48394186e+00 
 2.55106760e-01  2.48394821e+00 
 2.55126760e-01  2.48395454e+00 
 2.55146760e-01  2.48396088e+00 
 2.55166760e-01  2.48396721e+00 
 2.55186760e-01  2.48397354e+00 
 2.55206760e-01  2.48397987e+00 
 2.55226760e-01  2.48398620e+00 
 2.55246760e-01  2.48399252e+00 
 2.55266760e-01  2.48399884e+00 
 2.55286760e-01  2.48400516e+00 
 2.55306760e-01  2.48401147e+00 
 2.55326760e-01  2.48401778e+00 
 2.55346760e-01  2.48402409e+00 
 2.55366760e-01  2.48403040e+00 
 2.55386760e-01  2.48403671e+00 
 2.55406760e-01  2.48404301e+00 
 2.55426760e-01  2.48404931e+00 
 2.55446760e-01  2.48405561e+00 
 2.55466760e-01  2.48406190e+00 
 2.55486760e-01  2.48406820e+00 
 2.55506760e-01  2.48407449e+00 
 2.55526760e-01  2.48408077e+00 
 2.55546760e-01  2.48408706e+00 
 2.55566760e-01  2.48409334e+00 
 2.55586760e-01  2.48409962e+00 
 2.55606760e-01  2.48410590e+00 
 2.55626760e-01  2.48411217e+00 
 2.55646760e-01  2.48411845e+00 
 2.55666760e-01  2.48412472e+00 
 2.55686760e-01  2.48413098e+00 
 2.55706760e-01  2.48413725e+00 
 2.55726760e-01  2.48414351e+00 
 2.55746760e-01  2.48414977e+00 
 2.55766760e-01  2.48415603e+00 
 2.55786760e-01  2.48416228e+00 
 2.55806760e-01  2.48416854e+00 
 2.55826760e-01  2.48417479e+00 
 2.55846760e-01  2.48418103e+00 
 2.55866760e-01  2.48418728e+00 
 2.55886760e-01  2.48419352e+00 
 2.55906760e-01  2.48419976e+00 
 2.55926760e-01  2.48420600e+00 
 2.55946760e-01  2.48421223e+00 
 2.55966760e-01  2.48421847e+00 
 2.55986760e-01  2.48422470e+00 
 2.56006760e-01  2.48423092e+00 
 2.56026760e-01  2.48423715e+00 
 2.56046760e-01  2.48424337e+00 
 2.56066760e-01  2.48424959e+00 
 2.56086760e-01  2.48425581e+00 
 2.56106760e-01  2.48426202e+00 
 2.56126760e-01  2.48426824e+00 
 2.56146760e-01  2.48427445e+00 
 2.56166760e-01  2.48428065e+00 
 2.56186760e-01  2.48428686e+00 
 2.56206760e-01  2.48429306e+00 
 2.56226760e-01  2.48429926e+00 
 2.56246760e-01  2.48430546e+00 
 2.56266760e-01  2.48431165e+00 
 2.56286760e-01  2.48431785e+00 
 2.56306760e-01  2.48432404e+00 
 2.56326760e-01  2.48433022e+00 
 2.56346760e-01  2.48433641e+00 
 2.56366760e-01  2.48434259e+00 
 2.56386760e-01  2.48434877e+00 
 2.56406760e-01  2.48435495e+00 
 2.56426760e-01  2.48436113e+00 
 2.56446760e-01  2.48436730e+00 
 2.56466760e-01  2.48437347e+00 
 2.56486760e-01  2.48437964e+00 
 2.56506760e-01  2.48438580e+00 
 2.56526760e-01  2.48439197e+00 
 2.56546760e-01  2.48439813e+00 
 2.56566760e-01  2.48440428e+00 
 2.56586760e-01  2.48441044e+00 
 2.56606760e-01  2.48441659e+00 
 2.56626760e-01  2.48442274e+00 
 2.56646760e-01  2.48442889e+00 
 2.56666760e-01  2.48443504e+00 
 2.56686760e-01  2.48444118e+00 
 2.56706760e-01  2.48444732e+00 
 2.56726760e-01  2.48445346e+00 
 2.56746760e-01  2.48445960e+00 
 2.56766760e-01  2.48446573e+00 
 2.56786760e-01  2.48447186e+00 
 2.56806760e-01  2.48447799e+00 
 2.56826760e-01  2.48448412e+00 
 2.56846760e-01  2.48449024e+00 
 2.56866760e-01  2.48449636e+00 
 2.56886760e-01  2.48450248e+00 
 2.56906760e-01  2.48450860e+00 
 2.56926760e-01  2.48451471e+00 
 2.56946760e-01  2.48452082e+00 
 2.56966760e-01  2.48452693e+00 
 2.56986760e-01  2.48453304e+00 
 2.57006760e-01  2.48453914e+00 
 2.57026760e-01  2.48454524e+00 
 2.57046760e-01  2.48455134e+00 
 2.57066760e-01  2.48455744e+00 
 2.57086760e-01  2.48456353e+00 
 2.57106760e-01  2.48456963e+00 
 2.57126760e-01  2.48457572e+00 
 2.57146760e-01  2.48458180e+00 
 2.57166760e-01  2.48458789e+00 
 2.57186760e-01  2.48459397e+00 
 2.57206760e-01  2.48460005e+00 
 2.57226760e-01  2.48460613e+00 
 2.57246760e-01  2.48461220e+00 
 2.57266760e-01  2.48461827e+00 
 2.57286760e-01  2.48462434e+00 
 2.57306760e-01  2.48463041e+00 
 2.57326760e-01  2.48463648e+00 
 2.57346760e-01  2.48464254e+00 
 2.57366760e-01  2.48464860e+00 
 2.57386760e-01  2.48465466e+00 
 2.57406760e-01  2.48466071e+00 
 2.57426760e-01  2.48466677e+00 
 2.57446760e-01  2.48467282e+00 
 2.57466760e-01  2.48467887e+00 
 2.57486760e-01  2.48468491e+00 
 2.57506760e-01  2.48469096e+00 
 2.57526760e-01  2.48469700e+00 
 2.57546760e-01  2.48470304e+00 
 2.57566760e-01  2.48470907e+00 
 2.57586760e-01  2.48471510e+00 
 2.57606760e-01  2.48472114e+00 
 2.57626760e-01  2.48472717e+00 
 2.57646760e-01  2.48473319e+00 
 2.57666760e-01  2.48473922e+00 
 2.57686760e-01  2.48474524e+00 
 2.57706760e-01  2.48475126e+00 
 2.57726760e-01  2.48475727e+00 
 2.57746760e-01  2.48476329e+00 
 2.57766760e-01  2.48476930e+00 
 2.57786760e-01  2.48477531e+00 
 2.57806760e-01  2.48478132e+00 
 2.57826760e-01  2.48478732e+00 
 2.57846760e-01  2.48479332e+00 
 2.57866760e-01  2.48479932e+00 
 2.57886760e-01  2.48480532e+00 
 2.57906760e-01  2.48481132e+00 
 2.57926760e-01  2.48481731e+00 
 2.57946760e-01  2.48482330e+00 
 2.57966760e-01  2.48482929e+00 
 2.57986760e-01  2.48483528e+00 
 2.58006760e-01  2.48484126e+00 
 2.58026760e-01  2.48484724e+00 
 2.58046760e-01  2.48485322e+00 
 2.58066760e-01  2.48485919e+00 
 2.58086760e-01  2.48486517e+00 
 2.58106760e-01  2.48487114e+00 
 2.58126760e-01  2.48487711e+00 
 2.58146760e-01  2.48488307e+00 
 2.58166760e-01  2.48488904e+00 
 2.58186760e-01  2.48489500e+00 
 2.58206760e-01  2.48490096e+00 
 2.58226760e-01  2.48490692e+00 
 2.58246760e-01  2.48491287e+00 
 2.58266760e-01  2.48491882e+00 
 2.58286760e-01  2.48492477e+00 
 2.58306760e-01  2.48493072e+00 
 2.58326760e-01  2.48493667e+00 
 2.58346760e-01  2.48494261e+00 
 2.58366760e-01  2.48494855e+00 
 2.58386760e-01  2.48495449e+00 
 2.58406760e-01  2.48496042e+00 
 2.58426760e-01  2.48496636e+00 
 2.58446760e-01  2.48497229e+00 
 2.58466760e-01  2.48497822e+00 
 2.58486760e-01  2.48498414e+00 
 2.58506760e-01  2.48499007e+00 
 2.58526760e-01  2.48499599e+00 
 2.58546760e-01  2.48500191e+00 
 2.58566760e-01  2.48500782e+00 
 2.58586760e-01  2.48501374e+00 
 2.58606760e-01  2.48501965e+00 
 2.58626760e-01  2.48502556e+00 
 2.58646760e-01  2.48503147e+00 
 2.58666760e-01  2.48503737e+00 
 2.58686760e-01  2.48504327e+00 
 2.58706760e-01  2.48504917e+00 
 2.58726760e-01  2.48505507e+00 
 2.58746760e-01  2.48506097e+00 
 2.58766760e-01  2.48506686e+00 
 2.58786760e-01  2.48507275e+00 
 2.58806760e-01  2.48507864e+00 
 2.58826760e-01  2.48508452e+00 
 2.58846760e-01  2.48509041e+00 
 2.58866760e-01  2.48509629e+00 
 2.58886760e-01  2.48510217e+00 
 2.58906760e-01  2.48510804e+00 
 2.58926760e-01  2.48511392e+00 
 2.58946760e-01  2.48511979e+00 
 2.58966760e-01  2.48512566e+00 
 2.58986760e-01  2.48513153e+00 
 2.59006760e-01  2.48513739e+00 
 2.59026760e-01  2.48514326e+00 
 2.59046760e-01  2.48514912e+00 
 2.59066760e-01  2.48515497e+00 
 2.59086760e-01  2.48516083e+00 
 2.59106760e-01  2.48516668e+00 
 2.59126760e-01  2.48517253e+00 
 2.59146760e-01  2.48517838e+00 
 2.59166760e-01  2.48518423e+00 
 2.59186760e-01  2.48519007e+00 
 2.59206760e-01  2.48519591e+00 
 2.59226760e-01  2.48520175e+00 
 2.59246760e-01  2.48520759e+00 
 2.59266760e-01  2.48521342e+00 
 2.59286760e-01  2.48521925e+00 
 2.59306760e-01  2.48522508e+00 
 2.59326760e-01  2.48523091e+00 
 2.59346760e-01  2.48523674e+00 
 2.59366760e-01  2.48524256e+00 
 2.59386760e-01  2.48524838e+00 
 2.59406760e-01  2.48525420e+00 
 2.59426760e-01  2.48526001e+00 
 2.59446760e-01  2.48526583e+00 
 2.59466760e-01  2.48527164e+00 
 2.59486760e-01  2.48527745e+00 
 2.59506760e-01  2.48528325e+00 
 2.59526760e-01  2.48528906e+00 
 2.59546760e-01  2.48529486e+00 
 2.59566760e-01  2.48530066e+00 
 2.59586760e-01  2.48530646e+00 
 2.59606760e-01  2.48531225e+00 
 2.59626760e-01  2.48531804e+00 
 2.59646760e-01  2.48532383e+00 
 2.59666760e-01  2.48532962e+00 
 2.59686760e-01  2.48533541e+00 
 2.59706760e-01  2.48534119e+00 
 2.59726760e-01  2.48534697e+00 
 2.59746760e-01  2.48535275e+00 
 2.59766760e-01  2.48535853e+00 
 2.59786760e-01  2.48536430e+00 
 2.59806760e-01  2.48537007e+00 
 2.59826760e-01  2.48537584e+00 
 2.59846760e-01  2.48538161e+00 
 2.59866760e-01  2.48538737e+00 
 2.59886760e-01  2.48539314e+00 
 2.59906760e-01  2.48539890e+00 
 2.59926760e-01  2.48540465e+00 
 2.59946760e-01  2.48541041e+00 
 2.59966760e-01  2.48541616e+00 
 2.59986760e-01  2.48542191e+00 
 2.60000000e-01  2.48542572e+00 
 2.60000100e-01  2.48544565e+00 
 2.60000300e-01  2.48552498e+00 
 2.60000700e-01  2.48591402e+00 
 2.60001000e-01  2.48639812e+00 
 2.60001080e-01  2.48654586e+00 
 2.60001240e-01  2.48683607e+00 
 2.60001560e-01  2.48737879e+00 
 2.60002200e-01  2.48825966e+00 
 2.60003480e-01  2.48894646e+00 
 2.60006040e-01  2.48658404e+00 
 2.60011160e-01  2.48204045e+00 
 2.60018609e-01  2.48740357e+00 
 2.60026757e-01  2.48614334e+00 
 2.60038788e-01  2.48307811e+00 
 2.60051069e-01  2.48860597e+00 
 2.60067273e-01  2.48237664e+00 
 2.60087273e-01  2.48799421e+00 
 2.60107273e-01  2.48376468e+00 
 2.60127273e-01  2.48609537e+00 
 2.60147273e-01  2.48596312e+00 
 2.60167273e-01  2.48393279e+00 
 2.60187273e-01  2.48785188e+00 
 2.60207273e-01  2.48260472e+00 
 2.60227273e-01  2.48849771e+00 
 2.60247273e-01  2.48275980e+00 
 2.60267273e-01  2.48761727e+00 
 2.60287273e-01  2.48428427e+00 
 2.60307273e-01  2.48570096e+00 
 2.60327273e-01  2.48638046e+00 
 2.60347273e-01  2.48374514e+00 
 2.60367273e-01  2.48798628e+00 
 2.60387273e-01  2.48273799e+00 
 2.60407273e-01  2.48831550e+00 
 2.60427273e-01  2.48316391e+00 
 2.60447273e-01  2.48724457e+00 
 2.60467273e-01  2.48477462e+00 
 2.60487273e-01  2.48535589e+00 
 2.60507273e-01  2.48673436e+00 
 2.60527273e-01  2.48362583e+00 
 2.60547273e-01  2.48805572e+00 
 2.60567273e-01  2.48292368e+00 
 2.60587273e-01  2.48809938e+00 
 2.60607273e-01  2.48357856e+00 
 2.60627273e-01  2.48688504e+00 
 2.60647273e-01  2.48522944e+00 
 2.60667273e-01  2.48506306e+00 
 2.60687273e-01  2.48702568e+00 
 2.60707273e-01  2.48357041e+00 
 2.60727273e-01  2.48806762e+00 
 2.60747273e-01  2.48315244e+00 
 2.60767273e-01  2.48785936e+00 
 2.60787273e-01  2.48399436e+00 
 2.60807273e-01  2.48654623e+00 
 2.60827273e-01  2.48564398e+00 
 2.60847273e-01  2.48482382e+00 
 2.60867273e-01  2.48725658e+00 
 2.60887273e-01  2.48357354e+00 
 2.60907273e-01  2.48802975e+00 
 2.60927273e-01  2.48341511e+00 
 2.60947273e-01  2.48760481e+00 
 2.60967273e-01  2.48440299e+00 
 2.60987273e-01  2.48623433e+00 
 2.61007273e-01  2.48601495e+00 
 2.61027273e-01  2.48463818e+00 
 2.61047273e-01  2.48743030e+00 
 2.61067273e-01  2.48362922e+00 
 2.61087273e-01  2.48795006e+00 
 2.61107273e-01  2.48370285e+00 
 2.61127273e-01  2.48734427e+00 
 2.61147273e-01  2.48479733e+00 
 2.61167273e-01  2.48595416e+00 
 2.61187273e-01  2.48634045e+00 
 2.61207273e-01  2.48450492e+00 
 2.61227273e-01  2.48755096e+00 
 2.61247273e-01  2.48373099e+00 
 2.61267273e-01  2.48783647e+00 
 2.61287273e-01  2.48400734e+00 
 2.61307273e-01  2.48708537e+00 
 2.61327273e-01  2.48517140e+00 
 2.61347273e-01  2.48570927e+00 
 2.61367273e-01  2.48661978e+00 
 2.61387273e-01  2.48442183e+00 
 2.61407273e-01  2.48762336e+00 
 2.61427273e-01  2.48387213e+00 
 2.61447273e-01  2.48769672e+00 
 2.61467273e-01  2.48432087e+00 
 2.61487273e-01  2.48683481e+00 
 2.61507273e-01  2.48552041e+00 
 2.61527273e-01  2.48550198e+00 
 2.61547273e-01  2.48685338e+00 
 2.61567273e-01  2.48438582e+00 
 2.61587273e-01  2.48765281e+00 
 2.61607273e-01  2.48404586e+00 
 2.61627273e-01  2.48753817e+00 
 2.61647273e-01  2.48463645e+00 
 2.61667273e-01  2.48659826e+00 
 2.61687273e-01  2.48584068e+00 
 2.61707273e-01  2.48533347e+00 
 2.61727273e-01  2.48704265e+00 
 2.61747273e-01  2.48439311e+00 
 2.61767273e-01  2.48764492e+00 
 2.61787273e-01  2.48424547e+00 
 2.61807273e-01  2.48736772e+00 
 2.61827273e-01  2.48494790e+00 
 2.61847273e-01  2.48638043e+00 
 2.61867273e-01  2.48612962e+00 
 2.61887273e-01  2.48520394e+00 
 2.61907273e-01  2.48718980e+00 
 2.61927273e-01  2.48443944e+00 
 2.61947273e-01  2.48760545e+00 
 2.61967273e-01  2.48446448e+00 
 2.61987273e-01  2.48719170e+00 
 2.62007273e-01  2.48524985e+00 
 2.62027273e-01  2.48618500e+00 
 2.62047273e-01  2.48638566e+00 
 2.62067273e-01  2.48511268e+00 
 2.62087273e-01  2.48729770e+00 
 2.62107273e-01  2.48452016e+00 
 2.62127273e-01  2.48754019e+00 
 2.62147273e-01  2.48469677e+00 
 2.62167273e-01  2.48701580e+00 
 2.62187273e-01  2.48553782e+00 
 2.62207273e-01  2.48601473e+00 
 2.62227273e-01  2.48660814e+00 
 2.62247273e-01  2.48505820e+00 
 2.62267273e-01  2.48736978e+00 
 2.62287273e-01  2.48463041e+00 
 2.62307273e-01  2.48745477e+00 
 2.62327273e-01  2.48493664e+00 
 2.62347273e-01  2.48684501e+00 
 2.62367273e-01  2.48580813e+00 
 2.62387273e-01  2.48587148e+00 
 2.62407273e-01  2.48679721e+00 
 2.62427273e-01  2.48503838e+00 
 2.62447273e-01  2.48740981e+00 
 2.62467273e-01  2.48476526e+00 
 2.62487273e-01  2.48735463e+00 
 2.62507273e-01  2.48517891e+00 
 2.62527273e-01  2.48668362e+00 
 2.62547273e-01  2.48605797e+00 
 2.62567273e-01  2.48575627e+00 
 2.62587273e-01  2.48695376e+00 
 2.62607273e-01  2.48505055e+00 
 2.62627273e-01  2.48742184e+00 
 2.62647273e-01  2.48491981e+00 
 2.62667273e-01  2.48724484e+00 
 2.62687273e-01  2.48541896e+00 
 2.62707273e-01  2.48653517e+00 
 2.62727273e-01  2.48628531e+00 
 2.62747273e-01  2.48566936e+00 
 2.62767273e-01  2.48707930e+00 
 2.62787273e-01  2.48509168e+00 
 2.62807273e-01  2.48741005e+00 
 2.62827273e-01  2.48508933e+00 
 2.62847273e-01  2.48713009e+00 
 2.62867273e-01  2.48565278e+00 
 2.62887273e-01  2.48640249e+00 
 2.62907273e-01  2.48648885e+00 
 2.62927273e-01  2.48561037e+00 
 2.62947273e-01  2.48717583e+00 
 2.62967273e-01  2.48515843e+00 
 2.62987273e-01  2.48737866e+00 
 2.63007273e-01  2.48526930e+00 
 2.63027273e-01  2.48701461e+00 
 2.63047273e-01  2.48587697e+00 
 2.63067273e-01  2.48628771e+00 
 2.63087273e-01  2.48666800e+00 
 2.63107273e-01  2.48557832e+00 
 2.63127273e-01  2.48724576e+00 
 2.63147273e-01  2.48524730e+00 
 2.63167273e-01  2.48733178e+00 
 2.63187273e-01  2.48545552e+00 
 2.63207273e-01  2.48690213e+00 
 2.63227273e-01  2.48608876e+00 
 2.63247273e-01  2.48619231e+00 
 2.63267273e-01  2.48682276e+00 
 2.63287273e-01  2.48557175e+00 
 2.63307273e-01  2.48729180e+00 
 2.63327273e-01  2.48535470e+00 
 2.63347273e-01  2.48727339e+00 
 2.63367273e-01  2.48564414e+00 
 2.63387273e-01  2.48679587e+00 
 2.63407273e-01  2.48628599e+00 
 2.63427273e-01  2.48611714e+00 
 2.63447273e-01  2.48695368e+00 
 2.63467273e-01  2.48558879e+00 
 2.63487273e-01  2.48731686e+00 
 2.63507273e-01  2.48547708e+00 
 2.63527273e-01  2.48720725e+00 
 2.63547273e-01  2.48583172e+00 
 2.63567273e-01  2.48669851e+00 
 2.63587273e-01  2.48646705e+00 
 2.63607273e-01  2.48606250e+00 
 2.63627273e-01  2.48706176e+00 
 2.63647273e-01  2.48562728e+00 
 2.63667273e-01  2.48732397e+00 
 2.63687273e-01  2.48561094e+00 
 2.63707273e-01  2.48713682e+00 
 2.63727273e-01  2.48601527e+00 
 2.63747273e-01  2.48661220e+00 
 2.63767273e-01  2.48663092e+00 
 2.63787273e-01  2.48602819e+00 
 2.63807273e-01  2.48714840e+00 
 2.63827273e-01  2.48568483e+00 
 2.63847273e-01  2.48731618e+00 
 2.63867273e-01  2.48575298e+00 
 2.63887273e-01  2.48706523e+00 
 2.63907273e-01  2.48619222e+00 
 2.63927273e-01  2.48653860e+00 
 2.63947273e-01  2.48677707e+00 
 2.63967273e-01  2.48601359e+00 
 2.63987273e-01  2.48721531e+00 
 2.64007273e-01  2.48575892e+00 
 2.64027273e-01  2.48729651e+00 
 2.64047273e-01  2.48590010e+00 
 2.64067273e-01  2.48699529e+00 
 2.64087273e-01  2.48636048e+00 
 2.64107273e-01  2.48647886e+00 
 2.64127273e-01  2.48690541e+00 
 2.64147273e-01  2.48601770e+00 
 2.64167273e-01  2.48726440e+00 
 2.64187273e-01  2.48584695e+00 
 2.64207273e-01  2.48726788e+00 
 2.64227273e-01  2.48604944e+00 
 2.64247273e-01  2.48692939e+00 
 2.64267273e-01  2.48651837e+00 
 2.64287273e-01  2.48643369e+00 
 2.64307273e-01  2.48701626e+00 
 2.64327273e-01  2.48603920e+00 
 2.64347273e-01  2.48729779e+00 
 2.64367273e-01  2.48594632e+00 
 2.64387273e-01  2.48723305e+00 
 2.64407273e-01  2.48619845e+00 
 2.64427273e-01  2.48686956e+00 
 2.64447273e-01  2.48666467e+00 
 2.64467273e-01  2.48640338e+00 
 2.64487273e-01  2.48711032e+00 
 2.64507273e-01  2.48607658e+00 
 2.64527273e-01  2.48731764e+00 
 2.64547273e-01  2.48605448e+00 
 2.64567273e-01  2.48719458e+00 
 2.64587273e-01  2.48634488e+00 
 2.64607273e-01  2.48681745e+00 
 2.64627273e-01  2.48679855e+00 
 2.64647273e-01  2.48638787e+00 
 2.64667273e-01  2.48718853e+00 
 2.64687273e-01  2.48612811e+00 
 2.64707273e-01  2.48732619e+00 
 2.64727273e-01  2.48616900e+00 
 2.64747273e-01  2.48715481e+00 
 2.64767273e-01  2.48648681e+00 
 2.64787273e-01  2.48677432e+00 
 2.64807273e-01  2.48691954e+00 
 2.64827273e-01  2.48638674e+00 
 2.64847273e-01  2.48725209e+00 
 2.64867273e-01  2.48619199e+00 
 2.64887273e-01  2.48732564e+00 
 2.64907273e-01  2.48628759e+00 
 2.64927273e-01  2.48711581e+00 
 2.64947273e-01  2.48662265e+00 
 2.64967273e-01  2.48674108e+00 
 2.64987273e-01  2.48702754e+00 
 2.65007273e-01  2.48639932e+00 
 2.65027273e-01  2.48730237e+00 
 2.65047273e-01  2.48626632e+00 
 2.65067273e-01  2.48731812e+00 
 2.65087273e-01  2.48640814e+00 
 2.65107273e-01  2.48707938e+00 
 2.65127273e-01  2.48675112e+00 
 2.65147273e-01  2.48671831e+00 
 2.65167273e-01  2.48712272e+00 
 2.65187273e-01  2.48642471e+00 
 2.65207273e-01  2.48734089e+00 
 2.65227273e-01  2.48634921e+00 
 2.65247273e-01  2.48730567e+00 
 2.65267273e-01  2.48652876e+00 
 2.65287273e-01  2.48704706e+00 
 2.65307273e-01  2.48687128e+00 
 2.65327273e-01  2.48670628e+00 
 2.65347273e-01  2.48720553e+00 
 2.65367273e-01  2.48646182e+00 
 2.65387273e-01  2.48736922e+00 
 2.65407273e-01  2.48643882e+00 
 2.65427273e-01  2.48729019e+00 
 2.65447273e-01  2.48664776e+00 
 2.65467273e-01  2.48702009e+00 
 2.65487273e-01  2.48698246e+00 
 2.65507273e-01  2.48670499e+00 
 2.65527273e-01  2.48727663e+00 
 2.65547273e-01  2.48650943e+00 
 2.65567273e-01  2.48738897e+00 
 2.65587273e-01  2.48653333e+00 
 2.65607273e-01  2.48727339e+00 
 2.65627273e-01  2.48676369e+00 
 2.65647273e-01  2.48699944e+00 
 2.65667273e-01  2.48708428e+00 
 2.65687273e-01  2.48671419e+00 
 2.65707273e-01  2.48733686e+00 
 2.65727273e-01  2.48656623e+00 
 2.65747273e-01  2.48740176e+00 
 2.65767273e-01  2.48663108e+00 
 2.65787273e-01  2.48725683e+00 
 2.65807273e-01  2.48687537e+00 
 2.65827273e-01  2.48698583e+00 
 2.65847273e-01  2.48717661e+00 
 2.65867273e-01  2.48673342e+00 
 2.65887273e-01  2.48738720e+00 
 2.65907273e-01  2.48663085e+00 
 2.65927273e-01  2.48740914e+00 
 2.65947273e-01  2.48673050e+00 
 2.65967273e-01  2.48724186e+00 
 2.65987273e-01  2.48698181e+00 
 2.66007273e-01  2.48697973e+00 
 2.66027273e-01  2.48725954e+00 
 2.66047273e-01  2.48676206e+00 
 2.66067273e-01  2.48742871e+00 
 2.66087273e-01  2.48670192e+00 
 2.66107273e-01  2.48741261e+00 
 2.66127273e-01  2.48683018e+00 
 2.66147273e-01  2.48722962e+00 
 2.66167273e-01  2.48708229e+00 
 2.66187273e-01  2.48698136e+00 
 2.66207273e-01  2.48733336e+00 
 2.66227273e-01  2.48679933e+00 
 2.66247273e-01  2.48746256e+00 
 2.66267273e-01  2.48677809e+00 
 2.66287273e-01  2.48741357e+00 
 2.66307273e-01  2.48692887e+00 
 2.66327273e-01  2.48722107e+00 
 2.66347273e-01  2.48717627e+00 
 2.66367273e-01  2.48699077e+00 
 2.66387273e-01  2.48739852e+00 
 2.66407273e-01  2.48684437e+00 
 2.66427273e-01  2.48748989e+00 
 2.66447273e-01  2.48685803e+00 
 2.66467273e-01  2.48741329e+00 
 2.66487273e-01  2.48702548e+00 
 2.66507273e-01  2.48721695e+00 
 2.66527273e-01  2.48726345e+00 
 2.66547273e-01  2.48700781e+00 
 2.66567273e-01  2.48745561e+00 
 2.66587273e-01  2.48689623e+00 
 2.66607273e-01  2.48751189e+00 
 2.66627273e-01  2.48694052e+00 
 2.66647273e-01  2.48741294e+00 
 2.66667273e-01  2.48711911e+00 
 2.66687273e-01  2.48721782e+00 
 2.66707273e-01  2.48734369e+00 
 2.66727273e-01  2.48703218e+00 
 2.66747273e-01  2.48750531e+00 
 2.66767273e-01  2.48695394e+00 
 2.66787273e-01  2.48752971e+00 
 2.66807273e-01  2.48702439e+00 
 2.66827273e-01  2.48741352e+00 
 2.66847273e-01  2.48720902e+00 
 2.66867273e-01  2.48722404e+00 
 2.66887273e-01  2.48741703e+00 
 2.66907273e-01  2.48706343e+00 
 2.66927273e-01  2.48754841e+00 
 2.66947273e-01  2.48701649e+00 
 2.66967273e-01  2.48754443e+00 
 2.66987273e-01  2.48710859e+00 
 2.67007273e-01  2.48741590e+00 
 2.67027273e-01  2.48729464e+00 
 2.67047273e-01  2.48723583e+00 
 2.67067273e-01  2.48748366e+00 
 2.67087273e-01  2.48710104e+00 
 2.67107273e-01  2.48758573e+00 
 2.67127273e-01  2.48708289e+00 
 2.67147273e-01  2.48755709e+00 
 2.67167273e-01  2.48719221e+00 
 2.67187273e-01  2.48742079e+00 
 2.67207273e-01  2.48737556e+00 
 2.67227273e-01  2.48725324e+00 
 2.67247273e-01  2.48754388e+00 
 2.67267273e-01  2.48714438e+00 
 2.67287273e-01  2.48761810e+00 
 2.67307273e-01  2.48715217e+00 
 2.67327273e-01  2.48756864e+00 
 2.67347273e-01  2.48727441e+00 
 2.67367273e-01  2.48742876e+00 
 2.67387273e-01  2.48745153e+00 
 2.67407273e-01  2.48727617e+00 
 2.67427273e-01  2.48759809e+00 
 2.67447273e-01  2.48719277e+00 
 2.67467273e-01  2.48764640e+00 
 2.67487273e-01  2.48722343e+00 
 2.67507273e-01  2.48757993e+00 
 2.67527273e-01  2.48735453e+00 
 2.67547273e-01  2.48744025e+00 
 2.67567273e-01  2.48752243e+00 
 2.67587273e-01  2.48730444e+00 
 2.67607273e-01  2.48764681e+00 
 2.67627273e-01  2.48724551e+00 
 2.67647273e-01  2.48767144e+00 
 2.67667273e-01  2.48729582e+00 
 2.67687273e-01  2.48759173e+00 
 2.67707273e-01  2.48743199e+00 
 2.67727273e-01  2.48745554e+00 
 2.67747273e-01  2.48758825e+00 
 2.67767273e-01  2.48733775e+00 
 2.67787273e-01  2.48769056e+00 
 2.67807273e-01  2.48730187e+00 
 2.67827273e-01  2.48769404e+00 
 2.67847273e-01  2.48736855e+00 
 2.67867273e-01  2.48760467e+00 
 2.67887273e-01  2.48750637e+00 
 2.67907273e-01  2.48747482e+00 
 2.67927273e-01  2.48764912e+00 
 2.67947273e-01  2.48737571e+00 
 2.67967273e-01  2.48772995e+00 
 2.67987273e-01  2.48736113e+00 
 2.68007273e-01  2.48771497e+00 
 2.68027273e-01  2.48744093e+00 
 2.68047273e-01  2.48761931e+00 
 2.68067273e-01  2.48757734e+00 
 2.68087273e-01  2.48749814e+00 
 2.68107273e-01  2.48770523e+00 
 2.68127273e-01  2.48741789e+00 
 2.68147273e-01  2.48776558e+00 
 2.68167273e-01  2.48742258e+00 
 2.68187273e-01  2.48773491e+00 
 2.68207273e-01  2.48751236e+00 
 2.68227273e-01  2.48763607e+00 
 2.68247273e-01  2.48764470e+00 
 2.68267273e-01  2.48752546e+00 
 2.68287273e-01  2.48775689e+00 
 2.68307273e-01  2.48746380e+00 
 2.68327273e-01  2.48779809e+00 
 2.68347273e-01  2.48748554e+00 
 2.68367273e-01  2.48775451e+00 
 2.68387273e-01  2.48758232e+00 
 2.68407273e-01  2.48765529e+00 
 2.68427273e-01  2.48770834e+00 
 2.68447273e-01  2.48755664e+00 
 2.68467273e-01  2.48780442e+00 
 2.68487273e-01  2.48751293e+00 
 2.68507273e-01  2.48782808e+00 
 2.68527273e-01  2.48754941e+00 
 2.68547273e-01  2.48777433e+00 
 2.68567273e-01  2.48765038e+00 
 2.68587273e-01  2.48767720e+00 
 2.68607273e-01  2.48776824e+00 
 2.68627273e-01  2.48759150e+00 
 2.68647273e-01  2.48784823e+00 
 2.68667273e-01  2.48756475e+00 
 2.68687273e-01  2.48785614e+00 
 2.68707273e-01  2.48761358e+00 
 2.68727273e-01  2.48779487e+00 
 2.68747273e-01  2.48771621e+00 
 2.68767273e-01  2.48770195e+00 
 2.68787273e-01  2.48782448e+00 
 2.68807273e-01  2.48762975e+00 
 2.68827273e-01  2.48788874e+00 
 2.68847273e-01  2.48761874e+00 
 2.68867273e-01  2.48788283e+00 
 2.68887273e-01  2.48767756e+00 
 2.68907273e-01  2.48781651e+00 
 2.68927273e-01  2.48777957e+00 
 2.68947273e-01  2.48772960e+00 
 2.68967273e-01  2.48787719e+00 
 2.68987273e-01  2.48767109e+00 
 2.69007273e-01  2.48792640e+00 
 2.69027273e-01  2.48767438e+00 
 2.69047273e-01  2.48790867e+00 
 2.69067273e-01  2.48774089e+00 
 2.69087273e-01  2.48783961e+00 
 2.69107273e-01  2.48784028e+00 
 2.69127273e-01  2.48776012e+00 
 2.69147273e-01  2.48792658e+00 
 2.69167273e-01  2.48771518e+00 
 2.69187273e-01  2.48796165e+00 
 2.69207273e-01  2.48773118e+00 
 2.69227273e-01  2.48793414e+00 
 2.69247273e-01  2.48780317e+00 
 2.69267273e-01  2.48786441e+00 
 2.69287273e-01  2.48789826e+00 
 2.69307273e-01  2.48779343e+00 
 2.69327273e-01  2.48797288e+00 
 2.69347273e-01  2.48776164e+00 
 2.69367273e-01  2.48799494e+00 
 2.69387273e-01  2.48778867e+00 
 2.69407273e-01  2.48795965e+00 
 2.69427273e-01  2.48786409e+00 
 2.69447273e-01  2.48789111e+00 
 2.69467273e-01  2.48795348e+00 
 2.69487273e-01  2.48782941e+00 
 2.69507273e-01  2.48801637e+00 
 2.69527273e-01  2.48781009e+00 
 2.69547273e-01  2.48802671e+00 
 2.69567273e-01  2.48784643e+00 
 2.69587273e-01  2.48798558e+00 
 2.69607273e-01  2.48792340e+00 
 2.69627273e-01  2.48791980e+00 
 2.69647273e-01  2.48800599e+00 
 2.69667273e-01  2.48786785e+00 
 2.69687273e-01  2.48805736e+00 
 2.69707273e-01  2.48786015e+00 
 2.69727273e-01  2.48805737e+00 
 2.69747273e-01  2.48790408e+00 
 2.69767273e-01  2.48801222e+00 
 2.69787273e-01  2.48798089e+00 
 2.69807273e-01  2.48795056e+00 
 2.69827273e-01  2.48805586e+00 
 2.69847273e-01  2.48790855e+00 
 2.69867273e-01  2.48809617e+00 
 2.69887273e-01  2.48791145e+00 
 2.69907273e-01  2.48808731e+00 
 2.69927273e-01  2.48796128e+00 
 2.69947273e-01  2.48803983e+00 
 2.69967273e-01  2.48803644e+00 
 2.69987273e-01  2.48798338e+00 
 2.70007273e-01  2.48810325e+00 
 2.70027273e-01  2.48795125e+00 
 2.70047273e-01  2.48813313e+00 
 2.70067273e-01  2.48796361e+00 
 2.70087273e-01  2.48811686e+00 
 2.70107273e-01  2.48801772e+00 
 2.70127273e-01  2.48806861e+00 
 2.70147273e-01  2.48808998e+00 
 2.70167273e-01  2.48801820e+00 
 2.70187273e-01  2.48814832e+00 
 2.70207273e-01  2.48799569e+00 
 2.70227273e-01  2.48816857e+00 
 2.70247273e-01  2.48801631e+00 
 2.70267273e-01  2.48814635e+00 
 2.70287273e-01  2.48807318e+00 
 2.70307273e-01  2.48809870e+00 
 2.70327273e-01  2.48814146e+00 
 2.70347273e-01  2.48805494e+00 
 2.70367273e-01  2.48819126e+00 
 2.70387273e-01  2.48804160e+00 
 2.70407273e-01  2.48820280e+00 
 2.70427273e-01  2.48806922e+00 
 2.70447273e-01  2.48817605e+00 
 2.70467273e-01  2.48812746e+00 
 2.70487273e-01  2.48813020e+00 
 2.70507273e-01  2.48819093e+00 
 2.70527273e-01  2.48809346e+00 
 2.70547273e-01  2.48823231e+00 
 2.70567273e-01  2.48808869e+00 
 2.70587273e-01  2.48823613e+00 
 2.70607273e-01  2.48812205e+00 
 2.70627273e-01  2.48820620e+00 
 2.70647273e-01  2.48818041e+00 
 2.70667273e-01  2.48816315e+00 
 2.70687273e-01  2.48823843e+00 
 2.70707273e-01  2.48813361e+00 
 2.70727273e-01  2.48827169e+00 
 2.70747273e-01  2.48813669e+00 
 2.70767273e-01  2.48826883e+00 
 2.70787273e-01  2.48817457e+00 
 2.70807273e-01  2.48823697e+00 
 2.70827273e-01  2.48823192e+00 
 2.70847273e-01  2.48819756e+00 
 2.70867273e-01  2.48828407e+00 
 2.70887273e-01  2.48817522e+00 
 2.70907273e-01  2.48830963e+00 
 2.70927273e-01  2.48818533e+00 
 2.70947273e-01  2.48830118e+00 
 2.70967273e-01  2.48822654e+00 
 2.70987273e-01  2.48826853e+00 
 2.71007273e-01  2.48828193e+00 
 2.71027273e-01  2.48823340e+00 
 2.71047273e-01  2.48832795e+00 
 2.71067273e-01  2.48821809e+00 
 2.71087273e-01  2.48834638e+00 
 2.71107273e-01  2.48823436e+00 
 2.71127273e-01  2.48833339e+00 
 2.71147273e-01  2.48827779e+00 
 2.71167273e-01  2.48830099e+00 
 2.71187273e-01  2.48833042e+00 
 2.71207273e-01  2.48827060e+00 
 2.71227273e-01  2.48837022e+00 
 2.71247273e-01  2.48826203e+00 
 2.71267273e-01  2.48838217e+00 
 2.71287273e-01  2.48828356e+00 
 2.71307273e-01  2.48836568e+00 
 2.71327273e-01  2.48832816e+00 
 2.71347273e-01  2.48833442e+00 
 2.71367273e-01  2.48837740e+00 
 2.71387273e-01  2.48830909e+00 
 2.71407273e-01  2.48841104e+00 
 2.71427273e-01  2.48830682e+00 
 2.71447273e-01  2.48841723e+00 
 2.71467273e-01  2.48833271e+00 
 2.71487273e-01  2.48839823e+00 
 2.71507273e-01  2.48837755e+00 
 2.71527273e-01  2.48836887e+00 
 2.71547273e-01  2.48842290e+00 
 2.71567273e-01  2.48834875e+00 
 2.71587273e-01  2.48845057e+00 
 2.71607273e-01  2.48835228e+00 
 2.71627273e-01  2.48845175e+00 
 2.71647273e-01  2.48838161e+00 
 2.71667273e-01  2.48843117e+00 
 2.71687273e-01  2.48842586e+00 
 2.71707273e-01  2.48840433e+00 
 2.71727273e-01  2.48846698e+00 
 2.71747273e-01  2.48838945e+00 
 2.71767273e-01  2.48848899e+00 
 2.71787273e-01  2.48839821e+00 
 2.71807273e-01  2.48848594e+00 
 2.71827273e-01  2.48843011e+00 
 2.71847273e-01  2.48846463e+00 
 2.71867273e-01  2.48847306e+00 
 2.71887273e-01  2.48844081e+00 
 2.71907273e-01  2.48850974e+00 
 2.71927273e-01  2.48843106e+00 
 2.71947273e-01  2.48852647e+00 
 2.71967273e-01  2.48844441e+00 
 2.71987273e-01  2.48851997e+00 
 2.72007273e-01  2.48847807e+00 
 2.72027273e-01  2.48849868e+00 
 2.72047273e-01  2.48851911e+00 
 2.72067273e-01  2.48847825e+00 
 2.72087273e-01  2.48855127e+00 
 2.72107273e-01  2.48847343e+00 
 2.72127273e-01  2.48856319e+00 
 2.72147273e-01  2.48849073e+00 
 2.72167273e-01  2.48855398e+00 
 2.72187273e-01  2.48852538e+00 
 2.72207273e-01  2.48853340e+00 
 2.72227273e-01  2.48856402e+00 
 2.72247273e-01  2.48851660e+00 
 2.72267273e-01  2.48859168e+00 
 2.72287273e-01  2.48851642e+00 
 2.72307273e-01  2.48859929e+00 
 2.72327273e-01  2.48853700e+00 
 2.72347273e-01  2.48858812e+00 
 2.72367273e-01  2.48857194e+00 
 2.72387273e-01  2.48856881e+00 
 2.72407273e-01  2.48860781e+00 
 2.72427273e-01  2.48855577e+00 
 2.72447273e-01  2.48863109e+00 
 2.72467273e-01  2.48855988e+00 
 2.72487273e-01  2.48863495e+00 
 2.72507273e-01  2.48858308e+00 
 2.72527273e-01  2.48862249e+00 
 2.72547273e-01  2.48861770e+00 
 2.72567273e-01  2.48860492e+00 
 2.72587273e-01  2.48865053e+00 
 2.72607273e-01  2.48859569e+00 
 2.72627273e-01  2.48866963e+00 
 2.72647273e-01  2.48860367e+00 
 2.72667273e-01  2.48867030e+00 
 2.72687273e-01  2.48862886e+00 
 2.72707273e-01  2.48865718e+00 
 2.72727273e-01  2.48866261e+00 
 2.72747273e-01  2.48864174e+00 
 2.72767273e-01  2.48869223e+00 
 2.72787273e-01  2.48863624e+00 
 2.72807273e-01  2.48870743e+00 
 2.72827273e-01  2.48864765e+00 
 2.72847273e-01  2.48870547e+00 
 2.72867273e-01  2.48867422e+00 
 2.72887273e-01  2.48869226e+00 
 2.72907273e-01  2.48870666e+00 
 2.72927273e-01  2.48867922e+00 
 2.72947273e-01  2.48873299e+00 
 2.72967273e-01  2.48867734e+00 
 2.72987273e-01  2.48874461e+00 
 2.73007273e-01  2.48869170e+00 
 2.73027273e-01  2.48874057e+00 
 2.73047273e-01  2.48871909e+00 
 2.73067273e-01  2.48872778e+00 
 2.73087273e-01  2.48874984e+00 
 2.73107273e-01  2.48871734e+00 
 2.73127273e-01  2.48877287e+00 
 2.73147273e-01  2.48871887e+00 
 2.73167273e-01  2.48878129e+00 
 2.73187273e-01  2.48873570e+00 
 2.73207273e-01  2.48877571e+00 
 2.73227273e-01  2.48876338e+00 
 2.73247273e-01  2.48876375e+00 
 2.73267273e-01  2.48879216e+00 
 2.73287273e-01  2.48875603e+00 
 2.73307273e-01  2.48881198e+00 
 2.73327273e-01  2.48876072e+00 
 2.73347273e-01  2.48881758e+00 
 2.73367273e-01  2.48877954e+00 
 2.73387273e-01  2.48881096e+00 
 2.73407273e-01  2.48880707e+00 
 2.73427273e-01  2.48880021e+00 
 2.73447273e-01  2.48883366e+00 
 2.73467273e-01  2.48879524e+00 
 2.73487273e-01  2.48885041e+00 
 2.73507273e-01  2.48880280e+00 
 2.73527273e-01  2.48885359e+00 
 2.73547273e-01  2.48882314e+00 
 2.73567273e-01  2.48884640e+00 
 2.73587273e-01  2.48885010e+00 
 2.73607273e-01  2.48883713e+00 
 2.73627273e-01  2.48887437e+00 
 2.73647273e-01  2.48883489e+00 
 2.73667273e-01  2.48888823e+00 
 2.73687273e-01  2.48884499e+00 
 2.73707273e-01  2.48888942e+00 
 2.73727273e-01  2.48886642e+00 
 2.73747273e-01  2.48888208e+00 
 2.73767273e-01  2.48889248e+00 
 2.73787273e-01  2.48887451e+00 
 2.73807273e-01  2.48891435e+00 
 2.73827273e-01  2.48887491e+00 
 2.73847273e-01  2.48892555e+00 
 2.73867273e-01  2.48888722e+00 
 2.73887273e-01  2.48892515e+00 
 2.73907273e-01  2.48890931e+00 
 2.73927273e-01  2.48891803e+00 
 2.73947273e-01  2.48893418e+00 
 2.73967273e-01  2.48891232e+00 
 2.73987273e-01  2.48895365e+00 
 2.74007273e-01  2.48891522e+00 
 2.74027273e-01  2.48896246e+00 
 2.74047273e-01  2.48892939e+00 
 2.74067273e-01  2.48896085e+00 
 2.74087273e-01  2.48895176e+00 
 2.74107273e-01  2.48895427e+00 
 2.74127273e-01  2.48897522e+00 
 2.74147273e-01  2.48895053e+00 
 2.74167273e-01  2.48899233e+00 
 2.74187273e-01  2.48895575e+00 
 2.74207273e-01  2.48899903e+00 
 2.74227273e-01  2.48897143e+00 
 2.74247273e-01  2.48899659e+00 
 2.74267273e-01  2.48899373e+00 
 2.74287273e-01  2.48899083e+00 
 2.74307273e-01  2.48901562e+00 
 2.74327273e-01  2.48898907e+00 
 2.74347273e-01  2.48903047e+00 
 2.74367273e-01  2.48899642e+00 
 2.74387273e-01  2.48903534e+00 
 2.74407273e-01  2.48901326e+00 
 2.74427273e-01  2.48903242e+00 
 2.74447273e-01  2.48903520e+00 
 2.74467273e-01  2.48902769e+00 
 2.74487273e-01  2.48905541e+00 
 2.74507273e-01  2.48902792e+00 
 2.74527273e-01  2.48906812e+00 
 2.74547273e-01  2.48903715e+00 
 2.74567273e-01  2.48907148e+00 
 2.74587273e-01  2.48905483e+00 
 2.74607273e-01  2.48906837e+00 
 2.74627273e-01  2.48907615e+00 
 2.74647273e-01  2.48906485e+00 
 2.74667273e-01  2.48909462e+00 
 2.74687273e-01  2.48906700e+00 
 2.74707273e-01  2.48910535e+00 
 2.74727273e-01  2.48907788e+00 
 2.74747273e-01  2.48910749e+00 
 2.74767273e-01  2.48909609e+00 
 2.74787273e-01  2.48910449e+00 
 2.74807273e-01  2.48911658e+00 
 2.74827273e-01  2.48910230e+00 
 2.74847273e-01  2.48913329e+00 
 2.74867273e-01  2.48910628e+00 
 2.74887273e-01  2.48914224e+00 
 2.74907273e-01  2.48911855e+00 
 2.74927273e-01  2.48914344e+00 
 2.74947273e-01  2.48913700e+00 
 2.74967273e-01  2.48914078e+00 
 2.74987273e-01  2.48915649e+00 
 2.75007273e-01  2.48913999e+00 
 2.75027273e-01  2.48917147e+00 
 2.75047273e-01  2.48914568e+00 
 2.75067273e-01  2.48917883e+00 
 2.75087273e-01  2.48915909e+00 
 2.75107273e-01  2.48917937e+00 
 2.75127273e-01  2.48917754e+00 
 2.75147273e-01  2.48917726e+00 
 2.75167273e-01  2.48919589e+00 
 2.75187273e-01  2.48917791e+00 
 2.75207273e-01  2.48920920e+00 
 2.75227273e-01  2.48918517e+00 
 2.75247273e-01  2.48921519e+00 
 2.75267273e-01  2.48919946e+00 
 2.75287273e-01  2.48921532e+00 
 2.75307273e-01  2.48921768e+00 
 2.75327273e-01  2.48921393e+00 
 2.75347273e-01  2.48923481e+00 
 2.75367273e-01  2.48921601e+00 
 2.75387273e-01  2.48924654e+00 
 2.75407273e-01  2.48922467e+00 
 2.75427273e-01  2.48925138e+00 
 2.75447273e-01  2.48923961e+00 
 2.75467273e-01  2.48925133e+00 
 2.75487273e-01  2.48925740e+00 
 2.75507273e-01  2.48925078e+00 
 2.75527273e-01  2.48927327e+00 
 2.75547273e-01  2.48925427e+00 
 2.75567273e-01  2.48928353e+00 
 2.75587273e-01  2.48926415e+00 
 2.75607273e-01  2.48928743e+00 
 2.75627273e-01  2.48927951e+00 
 2.75647273e-01  2.48928741e+00 
 2.75667273e-01  2.48929671e+00 
 2.75687273e-01  2.48928781e+00 
 2.75707273e-01  2.48931129e+00 
 2.75727273e-01  2.48929263e+00 
 2.75747273e-01  2.48932022e+00 
 2.75767273e-01  2.48930355e+00 
 2.75787273e-01  2.48932339e+00 
 2.75807273e-01  2.48931912e+00 
 2.75827273e-01  2.48932358e+00 
 2.75847273e-01  2.48933561e+00 
 2.75867273e-01  2.48932498e+00 
 2.75887273e-01  2.48934892e+00 
 2.75907273e-01  2.48933106e+00 
 2.75927273e-01  2.48935666e+00 
 2.75947273e-01  2.48934283e+00 
 2.75967273e-01  2.48935930e+00 
 2.75987273e-01  2.48935843e+00 
 2.76007273e-01  2.48935985e+00 
 2.76027273e-01  2.48937410e+00 
 2.76047273e-01  2.48936229e+00 
 2.76067273e-01  2.48938618e+00 
 2.76087273e-01  2.48936952e+00 
 2.76107273e-01  2.48939289e+00 
 2.76127273e-01  2.48938196e+00 
 2.76147273e-01  2.48939519e+00 
 2.76167273e-01  2.48939741e+00 
 2.76187273e-01  2.48939623e+00 
 2.76207273e-01  2.48941220e+00 
 2.76227273e-01  2.48939970e+00 
 2.76247273e-01  2.48942311e+00 
 2.76267273e-01  2.48940797e+00 
 2.76287273e-01  2.48942894e+00 
 2.76307273e-01  2.48942091e+00 
 2.76327273e-01  2.48943107e+00 
 2.76347273e-01  2.48943606e+00 
 2.76367273e-01  2.48943271e+00 
 2.76387273e-01  2.48944993e+00 
 2.76407273e-01  2.48943720e+00 
 2.76427273e-01  2.48945975e+00 
 2.76447273e-01  2.48944637e+00 
 2.76467273e-01  2.48946485e+00 
 2.76487273e-01  2.48945963e+00 
 2.76507273e-01  2.48946697e+00 
 2.76527273e-01  2.48947438e+00 
 2.76547273e-01  2.48946927e+00 
 2.76567273e-01  2.48948731e+00 
 2.76587273e-01  2.48947474e+00 
 2.76607273e-01  2.48949612e+00 
 2.76627273e-01  2.48948468e+00 
 2.76647273e-01  2.48950066e+00 
 2.76667273e-01  2.48949812e+00 
 2.76687273e-01  2.48950290e+00 
 2.76707273e-01  2.48951236e+00 
 2.76727273e-01  2.48950592e+00 
 2.76747273e-01  2.48952435e+00 
 2.76767273e-01  2.48951230e+00 
 2.76787273e-01  2.48953227e+00 
 2.76807273e-01  2.48952288e+00 
 2.76827273e-01  2.48953639e+00 
 2.76847273e-01  2.48953636e+00 
 2.76867273e-01  2.48953887e+00 
 2.76887273e-01  2.48955001e+00 
 2.76907273e-01  2.48954263e+00 
 2.76927273e-01  2.48956109e+00 
 2.76947273e-01  2.48954986e+00 
 2.76967273e-01  2.48956823e+00 
 2.76987273e-01  2.48956094e+00 
 2.77007273e-01  2.48957207e+00 
 2.77027273e-01  2.48957433e+00 
 2.77047273e-01  2.48957488e+00 
 2.77067273e-01  2.48958734e+00 
 2.77087273e-01  2.48957938e+00 
 2.77107273e-01  2.48959755e+00 
 2.77127273e-01  2.48958737e+00 
 2.77147273e-01  2.48960402e+00 
 2.77167273e-01  2.48959884e+00 
 2.77187273e-01  2.48960771e+00 
 2.77207273e-01  2.48961202e+00 
 2.77227273e-01  2.48961093e+00 
 2.77247273e-01  2.48962435e+00 
 2.77267273e-01  2.48961617e+00 
 2.77287273e-01  2.48963376e+00 
 2.77307273e-01  2.48962482e+00 
 2.77327273e-01  2.48963967e+00 
 2.77347273e-01  2.48963654e+00 
 2.77367273e-01  2.48964332e+00 
 2.77387273e-01  2.48964944e+00 
 2.77407273e-01  2.48964701e+00 
 2.77427273e-01  2.48966108e+00 
 2.77447273e-01  2.48965295e+00 
 2.77467273e-01  2.48966973e+00 
 2.77487273e-01  2.48966219e+00 
 2.77507273e-01  2.48967521e+00 
 2.77527273e-01  2.48967405e+00 
 2.77547273e-01  2.48967892e+00 
 2.77567273e-01  2.48968658e+00 
 2.77587273e-01  2.48968311e+00 
 2.77607273e-01  2.48969753e+00 
 2.77627273e-01  2.48968973e+00 
 2.77647273e-01  2.48970551e+00 
 2.77667273e-01  2.48969944e+00 
 2.77687273e-01  2.48971065e+00 
 2.77707273e-01  2.48971133e+00 
 2.77727273e-01  2.48971451e+00 
 2.77747273e-01  2.48972344e+00 
 2.77767273e-01  2.48971923e+00 
 2.77787273e-01  2.48973371e+00 
 2.77807273e-01  2.48972647e+00 
 2.77827273e-01  2.48974110e+00 
 2.77847273e-01  2.48973655e+00 
 2.77867273e-01  2.48974602e+00 
 2.77887273e-01  2.48974839e+00 
 2.77907273e-01  2.48975010e+00 
 2.77927273e-01  2.48976003e+00 
 2.77947273e-01  2.48975536e+00 
 2.77967273e-01  2.48976966e+00 
 2.77987273e-01  2.48976315e+00 
 2.78007273e-01  2.48977654e+00 
 2.78027273e-01  2.48977352e+00 
 2.78047273e-01  2.48978132e+00 
 2.78067273e-01  2.48978522e+00 
 2.78087273e-01  2.48978568e+00 
 2.78107273e-01  2.48979636e+00 
 2.78127273e-01  2.48979147e+00 
 2.78147273e-01  2.48980539e+00 
 2.78167273e-01  2.48979975e+00 
 2.78187273e-01  2.48981184e+00 
 2.78207273e-01  2.48981032e+00 
 2.78227273e-01  2.48981657e+00 
 2.78247273e-01  2.48982181e+00 
 2.78267273e-01  2.48982125e+00 
 2.78287273e-01  2.48983244e+00 
 2.78307273e-01  2.48982755e+00 
 2.78327273e-01  2.48984091e+00 
 2.78347273e-01  2.48983626e+00 
 2.78367273e-01  2.48984702e+00 
 2.78387273e-01  2.48984694e+00 
 2.78407273e-01  2.48985177e+00 
 2.78427273e-01  2.48985817e+00 
 2.78447273e-01  2.48985681e+00 
 2.78467273e-01  2.48986829e+00 
 2.78487273e-01  2.48986359e+00 
 2.78507273e-01  2.48987625e+00 
 2.78527273e-01  2.48987265e+00 
 2.78547273e-01  2.48988209e+00 
 2.78567273e-01  2.48988336e+00 
 2.78587273e-01  2.48988693e+00 
 2.78607273e-01  2.48989429e+00 
 2.78627273e-01  2.48989235e+00 
 2.78647273e-01  2.48990391e+00 
 2.78667273e-01  2.48989958e+00 
 2.78687273e-01  2.48991142e+00 
 2.78707273e-01  2.48990892e+00 
 2.78727273e-01  2.48991708e+00 
 2.78747273e-01  2.48991960e+00 
 2.78767273e-01  2.48992206e+00 
 2.78787273e-01  2.48993018e+00 
 2.78807273e-01  2.48992786e+00 
 2.78827273e-01  2.48993932e+00 
 2.78847273e-01  2.48993550e+00 
 2.78867273e-01  2.48994644e+00 
 2.78887273e-01  2.48994505e+00 
 2.78907273e-01  2.48995198e+00 
 2.78927273e-01  2.48995563e+00 
 2.78947273e-01  2.48995715e+00 
 2.78967273e-01  2.48996584e+00 
 2.78987273e-01  2.48996333e+00 
 2.79007273e-01  2.48997453e+00 
 2.79027273e-01  2.48997132e+00 
 2.79047273e-01  2.48998132e+00 
 2.79067273e-01  2.48998102e+00 
 2.79087273e-01  2.48998680e+00 
 2.79107273e-01  2.48999145e+00 
 2.79127273e-01  2.48999220e+00 
 2.79147273e-01  2.49000129e+00 
 2.79167273e-01  2.48999874e+00 
 2.79187273e-01  2.49000956e+00 
 2.79207273e-01  2.49000705e+00 
 2.79227273e-01  2.49001608e+00 
 2.79247273e-01  2.49001684e+00 
 2.79267273e-01  2.49002156e+00 
 2.79287273e-01  2.49002707e+00 
 2.79307273e-01  2.49002721e+00 
 2.79327273e-01  2.49003654e+00 
 2.79347273e-01  2.49003410e+00 
 2.79367273e-01  2.49004442e+00 
 2.79387273e-01  2.49004267e+00 
 2.79407273e-01  2.49005073e+00 
 2.79427273e-01  2.49005248e+00 
 2.79447273e-01  2.49005626e+00 
 2.79467273e-01  2.49006249e+00 
 2.79487273e-01  2.49006217e+00 
 2.79507273e-01  2.49007158e+00 
 2.79527273e-01  2.49006939e+00 
 2.79547273e-01  2.49007912e+00 
 2.79567273e-01  2.49007816e+00 
 2.79587273e-01  2.49008528e+00 
 2.79607273e-01  2.49008795e+00 
 2.79627273e-01  2.49009090e+00 
 2.79647273e-01  2.49009771e+00 
 2.79667273e-01  2.49009708e+00 
 2.79687273e-01  2.49010644e+00 
 2.79707273e-01  2.49010459e+00 
 2.79727273e-01  2.49011368e+00 
 2.79747273e-01  2.49011352e+00 
 2.79767273e-01  2.49011973e+00 
 2.79787273e-01  2.49012324e+00 
 2.79807273e-01  2.49012548e+00 
 2.79827273e-01  2.49013273e+00 
 2.79847273e-01  2.49013192e+00 
 2.79867273e-01  2.49014112e+00 
 2.79887273e-01  2.49013970e+00 
 2.79907273e-01  2.49014810e+00 
 2.79927273e-01  2.49014874e+00 
 2.79947273e-01  2.49015410e+00 
 2.79967273e-01  2.49015835e+00 
 2.79987273e-01  2.49015999e+00 
 2.80007273e-01  2.49016756e+00 
 2.80027273e-01  2.49016670e+00 
 2.80047273e-01  2.49017563e+00 
 2.80067273e-01  2.49017470e+00 
 2.80087273e-01  2.49018240e+00 
 2.80107273e-01  2.49018381e+00 
 2.80127273e-01  2.49018838e+00 
 2.80147273e-01  2.49019327e+00 
 2.80167273e-01  2.49019445e+00 
 2.80187273e-01  2.49020220e+00 
 2.80207273e-01  2.49020141e+00 
 2.80227273e-01  2.49020998e+00 
 2.80247273e-01  2.49020960e+00 
 2.80267273e-01  2.49021659e+00 
 2.80287273e-01  2.49021872e+00 
 2.80307273e-01  2.49022259e+00 
 2.80327273e-01  2.49022802e+00 
 2.80347273e-01  2.49022884e+00 
 2.80367273e-01  2.49023667e+00 
 2.80387273e-01  2.49023603e+00 
 2.80407273e-01  2.49024419e+00 
 2.80427273e-01  2.49024437e+00 
 2.80447273e-01  2.49025067e+00 
 2.80467273e-01  2.49025347e+00 
 2.80487273e-01  2.49025672e+00 
 2.80507273e-01  2.49026259e+00 
 2.80527273e-01  2.49026316e+00 
 2.80547273e-01  2.49027097e+00 
 2.80567273e-01  2.49027056e+00 
 2.80587273e-01  2.49027825e+00 
 2.80607273e-01  2.49027901e+00 
 2.80627273e-01  2.49028464e+00 
 2.80647273e-01  2.49028807e+00 
 2.80667273e-01  2.49029078e+00 
 2.80687273e-01  2.49029698e+00 
 2.80707273e-01  2.49029740e+00 
 2.80727273e-01  2.49030510e+00 
 2.80747273e-01  2.49030499e+00 
 2.80767273e-01  2.49031219e+00 
 2.80787273e-01  2.49031352e+00 
 2.80807273e-01  2.49031852e+00 
 2.80827273e-01  2.49032250e+00 
 2.80847273e-01  2.49032476e+00 
 2.80867273e-01  2.49033120e+00 
 2.80887273e-01  2.49033157e+00 
 2.80907273e-01  2.49033908e+00 
 2.80927273e-01  2.49033932e+00 
 2.80947273e-01  2.49034600e+00 
 2.80967273e-01  2.49034790e+00 
 2.80987273e-01  2.49035231e+00 
 2.81007273e-01  2.49035676e+00 
 2.81027273e-01  2.49035866e+00 
 2.81047273e-01  2.49036526e+00 
 2.81067273e-01  2.49036565e+00 
 2.81087273e-01  2.49037291e+00 
 2.81107273e-01  2.49037353e+00 
 2.81127273e-01  2.49037970e+00 
 2.81147273e-01  2.49038212e+00 
 2.81167273e-01  2.49038601e+00 
 2.81187273e-01  2.49039087e+00 
 2.81207273e-01  2.49039248e+00 
 2.81227273e-01  2.49039915e+00 
 2.81247273e-01  2.49039963e+00 
 2.81267273e-01  2.49040660e+00 
 2.81287273e-01  2.49040763e+00 
 2.81307273e-01  2.49041328e+00 
 2.81327273e-01  2.49041620e+00 
 2.81347273e-01  2.49041962e+00 
 2.81367273e-01  2.49042481e+00 
 2.81387273e-01  2.49042622e+00 
 2.81407273e-01  2.49043288e+00 
 2.81427273e-01  2.49043352e+00 
 2.81447273e-01  2.49044016e+00 
 2.81467273e-01  2.49044160e+00 
 2.81487273e-01  2.49044676e+00 
 2.81507273e-01  2.49045014e+00 
 2.81527273e-01  2.49045315e+00 
 2.81547273e-01  2.49045859e+00 
 2.81567273e-01  2.49045988e+00 
 2.81587273e-01  2.49046647e+00 
 2.81607273e-01  2.49046731e+00 
 2.81627273e-01  2.49047359e+00 
 2.81647273e-01  2.49047545e+00 
 2.81667273e-01  2.49048014e+00 
 2.81687273e-01  2.49048392e+00 
 2.81707273e-01  2.49048659e+00 
 2.81727273e-01  2.49049221e+00 
 2.81747273e-01  2.49049345e+00 
 2.81767273e-01  2.49049991e+00 
 2.81787273e-01  2.49050100e+00 
 2.81807273e-01  2.49050689e+00 
 2.81827273e-01  2.49050916e+00 
 2.81847273e-01  2.49051341e+00 
 2.81867273e-01  2.49051755e+00 
 2.81887273e-01  2.49051994e+00 
 2.81907273e-01  2.49052568e+00 
 2.81927273e-01  2.49052692e+00 
 2.81947273e-01  2.49053321e+00 
 2.81967273e-01  2.49053457e+00 
 2.81987273e-01  2.49054008e+00 
 2.82007273e-01  2.49054273e+00 
 2.82027273e-01  2.49054660e+00 
 2.82047273e-01  2.49055103e+00 
 2.82067273e-01  2.49055320e+00 
 2.82087273e-01  2.49055901e+00 
 2.82107273e-01  2.49056030e+00 
 2.82127273e-01  2.49056637e+00 
 2.82147273e-01  2.49056802e+00 
 2.82167273e-01  2.49057316e+00 
 2.82187273e-01  2.49057617e+00 
 2.82207273e-01  2.49057968e+00 
 2.82227273e-01  2.49058437e+00 
 2.82247273e-01  2.49058638e+00 
 2.82267273e-01  2.49059218e+00 
 2.82287273e-01  2.49059358e+00 
 2.82307273e-01  2.49059941e+00 
 2.82327273e-01  2.49060135e+00 
 2.82347273e-01  2.49060613e+00 
 2.82367273e-01  2.49060948e+00 
 2.82387273e-01  2.49061267e+00 
 2.82407273e-01  2.49061755e+00 
 2.82427273e-01  2.49061946e+00 
 2.82447273e-01  2.49062521e+00 
 2.82467273e-01  2.49062675e+00 
 2.82487273e-01  2.49063232e+00 
 2.82507273e-01  2.49063456e+00 
 2.82527273e-01  2.49063899e+00 
 2.82547273e-01  2.49064264e+00 
 2.82567273e-01  2.49064557e+00 
 2.82587273e-01  2.49065059e+00 
 2.82607273e-01  2.49065244e+00 
 2.82627273e-01  2.49065811e+00 
 2.82647273e-01  2.49065982e+00 
 2.82667273e-01  2.49066511e+00 
 2.82687273e-01  2.49066765e+00 
 2.82707273e-01  2.49067175e+00 
 2.82727273e-01  2.49067566e+00 
 2.82747273e-01  2.49067838e+00 
 2.82767273e-01  2.49068349e+00 
 2.82787273e-01  2.49068533e+00 
 2.82807273e-01  2.49069087e+00 
 2.82827273e-01  2.49069277e+00 
 2.82847273e-01  2.49069778e+00 
 2.82867273e-01  2.49070060e+00 
 2.82887273e-01  2.49070441e+00 
 2.82907273e-01  2.49070854e+00 
 2.82927273e-01  2.49071109e+00 
 2.82947273e-01  2.49071625e+00 
 2.82967273e-01  2.49071812e+00 
 2.82987273e-01  2.49072351e+00 
 2.83007273e-01  2.49072561e+00 
 2.83027273e-01  2.49073034e+00 
 2.83047273e-01  2.49073343e+00 
 2.83067273e-01  2.49073697e+00 
 2.83087273e-01  2.49074128e+00 
 2.83107273e-01  2.49074370e+00 
 2.83127273e-01  2.49074887e+00 
 2.83147273e-01  2.49075081e+00 
 2.83167273e-01  2.49075602e+00 
 2.83187273e-01  2.49075833e+00 
 2.83207273e-01  2.49076279e+00 
 2.83227273e-01  2.49076612e+00 
 2.83247273e-01  2.49076942e+00 
 2.83267273e-01  2.49077388e+00 
 2.83287273e-01  2.49077622e+00 
 2.83307273e-01  2.49078135e+00 
 2.83327273e-01  2.49078338e+00 
 2.83347273e-01  2.49078840e+00 
 2.83367273e-01  2.49079093e+00 
 2.83387273e-01  2.49079513e+00 
 2.83407273e-01  2.49079868e+00 
 2.83427273e-01  2.49080179e+00 
 2.83447273e-01  2.49080635e+00 
 2.83467273e-01  2.49080864e+00 
 2.83487273e-01  2.49081371e+00 
 2.83507273e-01  2.49081585e+00 
 2.83527273e-01  2.49082067e+00 
 2.83547273e-01  2.49082341e+00 
 2.83567273e-01  2.49082737e+00 
 2.83587273e-01  2.49083111e+00 
 2.83607273e-01  2.49083405e+00 
 2.83627273e-01  2.49083868e+00 
 2.83647273e-01  2.49084095e+00 
 2.83667273e-01  2.49084593e+00 
 2.83687273e-01  2.49084821e+00 
 2.83707273e-01  2.49085283e+00 
 2.83727273e-01  2.49085577e+00 
 2.83747273e-01  2.49085950e+00 
 2.83767273e-01  2.49086341e+00 
 2.83787273e-01  2.49086621e+00 
 2.83807273e-01  2.49087088e+00 
 2.83827273e-01  2.49087317e+00 
 2.83847273e-01  2.49087804e+00 
 2.83867273e-01  2.49088046e+00 
 2.83887273e-01  2.49088487e+00 
 2.83907273e-01  2.49088800e+00 
 2.83927273e-01  2.49089153e+00 
 2.83947273e-01  2.49089557e+00 
 2.83967273e-01  2.49089828e+00 
 2.83987273e-01  2.49090295e+00 
 2.84007273e-01  2.49090528e+00 
 2.84027273e-01  2.49091002e+00 
 2.84047273e-01  2.49091259e+00 
 2.84067273e-01  2.49091680e+00 
 2.84087273e-01  2.49092011e+00 
 2.84107273e-01  2.49092346e+00 
 2.84127273e-01  2.49092761e+00 
 2.84147273e-01  2.49093024e+00 
 2.84167273e-01  2.49093490e+00 
 2.84187273e-01  2.49093728e+00 
 2.84207273e-01  2.49094188e+00 
 2.84227273e-01  2.49094461e+00 
 2.84247273e-01  2.49094862e+00 
 2.84267273e-01  2.49095209e+00 
 2.84287273e-01  2.49095529e+00 
 2.84307273e-01  2.49095951e+00 
 2.84327273e-01  2.49096210e+00 
 2.84347273e-01  2.49096671e+00 
 2.84367273e-01  2.49096918e+00 
 2.84387273e-01  2.49097363e+00 
 2.84407273e-01  2.49097650e+00 
 2.84427273e-01  2.49098033e+00 
 2.84447273e-01  2.49098394e+00 
 2.84467273e-01  2.49098702e+00 
 2.84487273e-01  2.49099129e+00 
 2.84507273e-01  2.49099386e+00 
 2.84527273e-01  2.49099841e+00 
 2.84547273e-01  2.49100096e+00 
 2.84567273e-01  2.49100526e+00 
 2.84587273e-01  2.49100828e+00 
 2.84607273e-01  2.49101194e+00 
 2.84627273e-01  2.49101567e+00 
 2.84647273e-01  2.49101864e+00 
 2.84667273e-01  2.49102294e+00 
 2.84687273e-01  2.49102551e+00 
 2.84707273e-01  2.49102998e+00 
 2.84727273e-01  2.49103263e+00 
 2.84747273e-01  2.49103678e+00 
 2.84767273e-01  2.49103994e+00 
 2.84787273e-01  2.49104345e+00 
 2.84807273e-01  2.49104727e+00 
 2.84827273e-01  2.49105016e+00 
 2.84847273e-01  2.49105447e+00 
 2.84867273e-01  2.49105706e+00 
 2.84887273e-01  2.49106144e+00 
 2.84907273e-01  2.49106419e+00 
 2.84927273e-01  2.49106819e+00 
 2.84947273e-01  2.49107148e+00 
 2.84967273e-01  2.49107485e+00 
 2.84987273e-01  2.49107875e+00 
 2.85007273e-01  2.49108158e+00 
 2.85027273e-01  2.49108588e+00 
 2.85047273e-01  2.49108851e+00 
 2.85067273e-01  2.49109277e+00 
 2.85087273e-01  2.49109564e+00 
 2.85107273e-01  2.49109949e+00 
 2.85127273e-01  2.49110289e+00 
 2.85147273e-01  2.49110614e+00 
 2.85167273e-01  2.49111011e+00 
 2.85187273e-01  2.49111290e+00 
 2.85207273e-01  2.49111716e+00 
 2.85227273e-01  2.49111984e+00 
 2.85247273e-01  2.49112400e+00 
 2.85267273e-01  2.49112697e+00 
 2.85287273e-01  2.49113068e+00 
 2.85307273e-01  2.49113419e+00 
 2.85327273e-01  2.49113734e+00 
 2.85347273e-01  2.49114134e+00 
 2.85367273e-01  2.49114411e+00 
 2.85387273e-01  2.49114833e+00 
 2.85407273e-01  2.49115107e+00 
 2.85427273e-01  2.49115511e+00 
 2.85447273e-01  2.49115819e+00 
 2.85467273e-01  2.49116177e+00 
 2.85487273e-01  2.49116536e+00 
 2.85507273e-01  2.49116843e+00 
 2.85527273e-01  2.49117245e+00 
 2.85547273e-01  2.49117522e+00 
 2.85567273e-01  2.49117937e+00 
 2.85587273e-01  2.49118218e+00 
 2.85607273e-01  2.49118611e+00 
 2.85627273e-01  2.49118929e+00 
 2.85647273e-01  2.49119275e+00 
 2.85667273e-01  2.49119642e+00 
 2.85687273e-01  2.49119942e+00 
 2.85707273e-01  2.49120345e+00 
 2.85727273e-01  2.49120622e+00 
 2.85747273e-01  2.49121031e+00 
 2.85767273e-01  2.49121319e+00 
 2.85787273e-01  2.49121700e+00 
 2.85807273e-01  2.49122027e+00 
 2.85827273e-01  2.49122363e+00 
 2.85847273e-01  2.49122735e+00 
 2.85867273e-01  2.49123030e+00 
 2.85887273e-01  2.49123432e+00 
 2.85907273e-01  2.49123712e+00 
 2.85927273e-01  2.49124112e+00 
 2.85947273e-01  2.49124408e+00 
 2.85967273e-01  2.49124779e+00 
 2.85987273e-01  2.49125114e+00 
 2.86007273e-01  2.49125440e+00 
 2.86027273e-01  2.49125817e+00 
 2.86047273e-01  2.49126109e+00 
 2.86067273e-01  2.49126508e+00 
 2.86087273e-01  2.49126791e+00 
 2.86107273e-01  2.49127183e+00 
 2.86127273e-01  2.49127486e+00 
 2.86147273e-01  2.49127846e+00 
 2.86167273e-01  2.49128188e+00 
 2.86187273e-01  2.49128507e+00 
 2.86207273e-01  2.49128887e+00 
 2.86227273e-01  2.49129176e+00 
 2.86247273e-01  2.49129572e+00 
 2.86267273e-01  2.49129859e+00 
 2.86287273e-01  2.49130243e+00 
 2.86307273e-01  2.49130553e+00 
 2.86327273e-01  2.49130904e+00 
 2.86347273e-01  2.49131252e+00 
 2.86367273e-01  2.49131564e+00 
 2.86387273e-01  2.49131945e+00 
 2.86407273e-01  2.49132234e+00 
 2.86427273e-01  2.49132625e+00 
 2.86447273e-01  2.49132916e+00 
 2.86467273e-01  2.49133291e+00 
 2.86487273e-01  2.49133609e+00 
 2.86507273e-01  2.49133950e+00 
 2.86527273e-01  2.49134303e+00 
 2.86547273e-01  2.49134611e+00 
 2.86567273e-01  2.49134991e+00 
 2.86587273e-01  2.49135280e+00 
 2.86607273e-01  2.49135666e+00 
 2.86627273e-01  2.49135962e+00 
 2.86647273e-01  2.49136329e+00 
 2.86667273e-01  2.49136653e+00 
 2.86687273e-01  2.49136986e+00 
 2.86707273e-01  2.49137344e+00 
 2.86727273e-01  2.49137647e+00 
 2.86747273e-01  2.49138026e+00 
 2.86767273e-01  2.49138317e+00 
 2.86787273e-01  2.49138697e+00 
 2.86807273e-01  2.49138998e+00 
 2.86827273e-01  2.49139356e+00 
 2.86847273e-01  2.49139686e+00 
 2.86867273e-01  2.49140012e+00 
 2.86887273e-01  2.49140372e+00 
 2.86907273e-01  2.49140672e+00 
 2.86927273e-01  2.49141050e+00 
 2.86947273e-01  2.49141342e+00 
 2.86967273e-01  2.49141716e+00 
 2.86987273e-01  2.49142022e+00 
 2.87007273e-01  2.49142373e+00 
 2.87027273e-01  2.49142707e+00 
 2.87047273e-01  2.49143027e+00 
 2.87067273e-01  2.49143390e+00 
 2.87087273e-01  2.49143687e+00 
 2.87107273e-01  2.49144062e+00 
 2.87127273e-01  2.49144357e+00 
 2.87147273e-01  2.49144724e+00 
 2.87167273e-01  2.49145036e+00 
 2.87187273e-01  2.49145379e+00 
 2.87207273e-01  2.49145718e+00 
 2.87227273e-01  2.49146032e+00 
 2.87247273e-01  2.49146395e+00 
 2.87267273e-01  2.49146692e+00 
 2.87287273e-01  2.49147064e+00 
 2.87307273e-01  2.49147361e+00 
 2.87327273e-01  2.49147722e+00 
 2.87347273e-01  2.49148038e+00 
 2.87367273e-01  2.49148374e+00 
 2.87387273e-01  2.49148717e+00 
 2.87407273e-01  2.49149027e+00 
 2.87427273e-01  2.49149390e+00 
 2.87447273e-01  2.49149687e+00 
 2.87467273e-01  2.49150054e+00 
 2.87487273e-01  2.49150355e+00 
 2.87507273e-01  2.49150709e+00 
 2.87527273e-01  2.49151030e+00 
 2.87547273e-01  2.49151359e+00 
 2.87567273e-01  2.49151705e+00 
 2.87587273e-01  2.49152011e+00 
 2.87607273e-01  2.49152374e+00 
 2.87627273e-01  2.49152671e+00 
 2.87647273e-01  2.49153034e+00 
 2.87667273e-01  2.49153338e+00 
 2.87687273e-01  2.49153685e+00 
 2.87707273e-01  2.49154010e+00 
 2.87727273e-01  2.49154334e+00 
 2.87747273e-01  2.49154681e+00 
 2.87767273e-01  2.49154985e+00 
 2.87787273e-01  2.49155346e+00 
 2.87807273e-01  2.49155644e+00 
 2.87827273e-01  2.49156002e+00 
 2.87847273e-01  2.49156310e+00 
 2.87867273e-01  2.49156651e+00 
 2.87887273e-01  2.49156979e+00 
 2.87907273e-01  2.49157298e+00 
 2.87927273e-01  2.49157647e+00 
 2.87947273e-01  2.49157949e+00 
 2.87967273e-01  2.49158308e+00 
 2.87987273e-01  2.49158607e+00 
 2.88007273e-01  2.49158960e+00 
 2.88027273e-01  2.49159271e+00 
 2.88047273e-01  2.49159607e+00 
 2.88067273e-01  2.49159938e+00 
 2.88087273e-01  2.49160252e+00 
 2.88107273e-01  2.49160602e+00 
 2.88127273e-01  2.49160903e+00 
 2.88147273e-01  2.49161258e+00 
 2.88167273e-01  2.49161559e+00 
 2.88187273e-01  2.49161907e+00 
 2.88207273e-01  2.49162222e+00 
 2.88227273e-01  2.49162552e+00 
 2.88247273e-01  2.49162885e+00 
 2.88267273e-01  2.49163196e+00 
 2.88287273e-01  2.49163545e+00 
 2.88307273e-01  2.49163846e+00 
 2.88327273e-01  2.49164198e+00 
 2.88347273e-01  2.49164501e+00 
 2.88367273e-01  2.49164844e+00 
 2.88387273e-01  2.49165161e+00 
 2.88407273e-01  2.49165486e+00 
 2.88427273e-01  2.49165822e+00 
 2.88447273e-01  2.49166130e+00 
 2.88467273e-01  2.49166478e+00 
 2.88487273e-01  2.49166778e+00 
 2.88507273e-01  2.49167127e+00 
 2.88527273e-01  2.49167432e+00 
 2.88547273e-01  2.49167770e+00 
 2.88567273e-01  2.49168090e+00 
 2.88587273e-01  2.49168411e+00 
 2.88607273e-01  2.49168748e+00 
 2.88627273e-01  2.49169053e+00 
 2.88647273e-01  2.49169400e+00 
 2.88667273e-01  2.49169701e+00 
 2.88687273e-01  2.49170046e+00 
 2.88707273e-01  2.49170353e+00 
 2.88727273e-01  2.49170686e+00 
 2.88747273e-01  2.49171009e+00 
 2.88767273e-01  2.49171325e+00 
 2.88787273e-01  2.49171662e+00 
 2.88807273e-01  2.49171966e+00 
 2.88827273e-01  2.49172311e+00 
 2.88847273e-01  2.49172613e+00 
 2.88867273e-01  2.49172954e+00 
 2.88887273e-01  2.49173263e+00 
 2.88907273e-01  2.49173592e+00 
 2.88927273e-01  2.49173916e+00 
 2.88947273e-01  2.49174229e+00 
 2.88967273e-01  2.49174567e+00 
 2.88987273e-01  2.49174869e+00 
 2.89007273e-01  2.49175212e+00 
 2.89027273e-01  2.49175514e+00 
 2.89047273e-01  2.49175851e+00 
 2.89067273e-01  2.49176163e+00 
 2.89087273e-01  2.49176487e+00 
 2.89107273e-01  2.49176813e+00 
 2.89127273e-01  2.49177123e+00 
 2.89147273e-01  2.49177460e+00 
 2.89167273e-01  2.49177762e+00 
 2.89187273e-01  2.49178102e+00 
 2.89207273e-01  2.49178405e+00 
 2.89227273e-01  2.49178739e+00 
 2.89247273e-01  2.49179052e+00 
 2.89267273e-01  2.49179372e+00 
 2.89287273e-01  2.49179699e+00 
 2.89307273e-01  2.49180007e+00 
 2.89327273e-01  2.49180343e+00 
 2.89347273e-01  2.49180644e+00 
 2.89367273e-01  2.49180982e+00 
 2.89387273e-01  2.49181286e+00 
 2.89407273e-01  2.49181616e+00 
 2.89427273e-01  2.49181931e+00 
 2.89447273e-01  2.49182247e+00 
 2.89467273e-01  2.49182575e+00 
 2.89487273e-01  2.49182880e+00 
 2.89507273e-01  2.49183215e+00 
 2.89527273e-01  2.49183516e+00 
 2.89547273e-01  2.49183851e+00 
 2.89567273e-01  2.49184157e+00 
 2.89587273e-01  2.49184482e+00 
 2.89607273e-01  2.49184799e+00 
 2.89627273e-01  2.49185112e+00 
 2.89647273e-01  2.49185440e+00 
 2.89667273e-01  2.49185744e+00 
 2.89687273e-01  2.49186077e+00 
 2.89707273e-01  2.49186378e+00 
 2.89727273e-01  2.49186710e+00 
 2.89747273e-01  2.49187017e+00 
 2.89767273e-01  2.49187339e+00 
 2.89787273e-01  2.49187656e+00 
 2.89807273e-01  2.49187967e+00 
 2.89827273e-01  2.49188294e+00 
 2.89847273e-01  2.49188597e+00 
 2.89867273e-01  2.49188928e+00 
 2.89887273e-01  2.49189230e+00 
 2.89907273e-01  2.49189558e+00 
 2.89927273e-01  2.49189867e+00 
 2.89947273e-01  2.49190185e+00 
 2.89967273e-01  2.49190504e+00 
 2.89987273e-01  2.49190811e+00 
 2.90007273e-01  2.49191138e+00 
 2.90027273e-01  2.49191440e+00 
 2.90047273e-01  2.49191770e+00 
 2.90067273e-01  2.49192072e+00 
 2.90087273e-01  2.49192397e+00 
 2.90107273e-01  2.49192706e+00 
 2.90127273e-01  2.49193021e+00 
 2.90147273e-01  2.49193340e+00 
 2.90167273e-01  2.49193646e+00 
 2.90187273e-01  2.49193972e+00 
 2.90207273e-01  2.49194273e+00 
 2.90227273e-01  2.49194600e+00 
 2.90247273e-01  2.49194903e+00 
 2.90267273e-01  2.49195225e+00 
 2.90287273e-01  2.49195535e+00 
 2.90307273e-01  2.49195847e+00 
 2.90327273e-01  2.49196167e+00 
 2.90347273e-01  2.49196470e+00 
 2.90367273e-01  2.49196796e+00 
 2.90387273e-01  2.49197096e+00 
 2.90407273e-01  2.49197421e+00 
 2.90427273e-01  2.49197724e+00 
 2.90447273e-01  2.49198043e+00 
 2.90467273e-01  2.49198354e+00 
 2.90487273e-01  2.49198663e+00 
 2.90507273e-01  2.49198983e+00 
 2.90527273e-01  2.49199285e+00 
 2.90547273e-01  2.49199609e+00 
 2.90567273e-01  2.49199909e+00 
 2.90587273e-01  2.49200231e+00 
 2.90607273e-01  2.49200535e+00 
 2.90627273e-01  2.49200851e+00 
 2.90647273e-01  2.49201163e+00 
 2.90667273e-01  2.49201470e+00 
 2.90687273e-01  2.49201789e+00 
 2.90707273e-01  2.49202090e+00 
 2.90727273e-01  2.49202412e+00 
 2.90747273e-01  2.49202712e+00 
 2.90767273e-01  2.49203032e+00 
 2.90787273e-01  2.49203336e+00 
 2.90807273e-01  2.49203649e+00 
 2.90827273e-01  2.49203961e+00 
 2.90847273e-01  2.49204266e+00 
 2.90867273e-01  2.49204584e+00 
 2.90887273e-01  2.49204884e+00 
 2.90907273e-01  2.49205205e+00 
 2.90927273e-01  2.49205505e+00 
 2.90947273e-01  2.49205822e+00 
 2.90967273e-01  2.49206127e+00 
 2.90987273e-01  2.49206437e+00 
 2.91007273e-01  2.49206749e+00 
 2.91027273e-01  2.49207052e+00 
 2.91047273e-01  2.49207370e+00 
 2.91067273e-01  2.49207669e+00 
 2.91087273e-01  2.49207987e+00 
 2.91107273e-01  2.49208288e+00 
 2.91127273e-01  2.49208602e+00 
 2.91147273e-01  2.49208908e+00 
 2.91167273e-01  2.49209215e+00 
 2.91187273e-01  2.49209527e+00 
 2.91207273e-01  2.49209829e+00 
 2.91227273e-01  2.49210145e+00 
 2.91247273e-01  2.49210444e+00 
 2.91267273e-01  2.49210760e+00 
 2.91287273e-01  2.49211060e+00 
 2.91307273e-01  2.49211372e+00 
 2.91327273e-01  2.49211678e+00 
 2.91347273e-01  2.49211983e+00 
 2.91367273e-01  2.49212295e+00 
 2.91387273e-01  2.49212595e+00 
 2.91407273e-01  2.49212910e+00 
 2.91427273e-01  2.49213208e+00 
 2.91447273e-01  2.49213523e+00 
 2.91467273e-01  2.49213823e+00 
 2.91487273e-01  2.49214133e+00 
 2.91507273e-01  2.49214439e+00 
 2.91527273e-01  2.49214742e+00 
 2.91547273e-01  2.49215053e+00 
 2.91567273e-01  2.49215352e+00 
 2.91587273e-01  2.49215666e+00 
 2.91607273e-01  2.49215963e+00 
 2.91627273e-01  2.49216275e+00 
 2.91647273e-01  2.49216576e+00 
 2.91667273e-01  2.49216883e+00 
 2.91687273e-01  2.49217189e+00 
 2.91707273e-01  2.49217490e+00 
 2.91727273e-01  2.49217801e+00 
 2.91747273e-01  2.49218099e+00 
 2.91767273e-01  2.49218411e+00 
 2.91787273e-01  2.49218708e+00 
 2.91807273e-01  2.49219018e+00 
 2.91827273e-01  2.49219319e+00 
 2.91847273e-01  2.49219624e+00 
 2.91867273e-01  2.49219930e+00 
 2.91887273e-01  2.49220229e+00 
 2.91907273e-01  2.49220539e+00 
 2.91927273e-01  2.49220836e+00 
 2.91947273e-01  2.49221146e+00 
 2.91967273e-01  2.49221443e+00 
 2.91987273e-01  2.49221751e+00 
 2.92007273e-01  2.49222052e+00 
 2.92027273e-01  2.49222355e+00 
 2.92047273e-01  2.49222661e+00 
 2.92067273e-01  2.49222958e+00 
 2.92087273e-01  2.49223267e+00 
 2.92107273e-01  2.49223563e+00 
 2.92127273e-01  2.49223872e+00 
 2.92147273e-01  2.49224169e+00 
 2.92167273e-01  2.49224474e+00 
 2.92187273e-01  2.49224775e+00 
 2.92207273e-01  2.49225076e+00 
 2.92227273e-01  2.49225381e+00 
 2.92247273e-01  2.49225678e+00 
 2.92267273e-01  2.49225986e+00 
 2.92287273e-01  2.49226281e+00 
 2.92307273e-01  2.49226588e+00 
 2.92327273e-01  2.49226884e+00 
 2.92347273e-01  2.49227188e+00 
 2.92367273e-01  2.49227489e+00 
 2.92387273e-01  2.49227787e+00 
 2.92407273e-01  2.49228092e+00 
 2.92427273e-01  2.49228387e+00 
 2.92447273e-01  2.49228694e+00 
 2.92467273e-01  2.49228988e+00 
 2.92487273e-01  2.49229294e+00 
 2.92507273e-01  2.49229590e+00 
 2.92527273e-01  2.49229892e+00 
 2.92547273e-01  2.49230192e+00 
 2.92567273e-01  2.49230489e+00 
 2.92587273e-01  2.49230793e+00 
 2.92607273e-01  2.49231087e+00 
 2.92627273e-01  2.49231392e+00 
 2.92647273e-01  2.49231686e+00 
 2.92667273e-01  2.49231990e+00 
 2.92687273e-01  2.49232286e+00 
 2.92707273e-01  2.49232586e+00 
 2.92727273e-01  2.49232886e+00 
 2.92747273e-01  2.49233181e+00 
 2.92767273e-01  2.49233485e+00 
 2.92787273e-01  2.49233778e+00 
 2.92807273e-01  2.49234081e+00 
 2.92827273e-01  2.49234375e+00 
 2.92847273e-01  2.49234676e+00 
 2.92867273e-01  2.49234973e+00 
 2.92887273e-01  2.49235270e+00 
 2.92907273e-01  2.49235570e+00 
 2.92927273e-01  2.49235864e+00 
 2.92947273e-01  2.49236166e+00 
 2.92967273e-01  2.49236458e+00 
 2.92987273e-01  2.49236761e+00 
 2.93007273e-01  2.49237054e+00 
 2.93027273e-01  2.49237353e+00 
 2.93047273e-01  2.49237649e+00 
 2.93067273e-01  2.49237945e+00 
 2.93087273e-01  2.49238244e+00 
 2.93107273e-01  2.49238537e+00 
 2.93127273e-01  2.49238838e+00 
 2.93147273e-01  2.49239130e+00 
 2.93167273e-01  2.49239430e+00 
 2.93187273e-01  2.49239723e+00 
 2.93207273e-01  2.49240021e+00 
 2.93227273e-01  2.49240316e+00 
 2.93247273e-01  2.49240610e+00 
 2.93267273e-01  2.49240909e+00 
 2.93287273e-01  2.49241200e+00 
 2.93307273e-01  2.49241500e+00 
 2.93327273e-01  2.49241791e+00 
 2.93347273e-01  2.49242090e+00 
 2.93367273e-01  2.49242382e+00 
 2.93387273e-01  2.49242678e+00 
 2.93407273e-01  2.49242974e+00 
 2.93427273e-01  2.49243266e+00 
 2.93447273e-01  2.49243564e+00 
 2.93467273e-01  2.49243854e+00 
 2.93487273e-01  2.49244153e+00 
 2.93507273e-01  2.49244443e+00 
 2.93527273e-01  2.49244740e+00 
 2.93547273e-01  2.49245032e+00 
 2.93567273e-01  2.49245327e+00 
 2.93587273e-01  2.49245621e+00 
 2.93607273e-01  2.49245913e+00 
 2.93627273e-01  2.49246209e+00 
 2.93647273e-01  2.49246499e+00 
 2.93667273e-01  2.49246796e+00 
 2.93687273e-01  2.49247086e+00 
 2.93707273e-01  2.49247381e+00 
 2.93727273e-01  2.49247673e+00 
 2.93747273e-01  2.49247965e+00 
 2.93767273e-01  2.49248259e+00 
 2.93787273e-01  2.49248549e+00 
 2.93807273e-01  2.49248845e+00 
 2.93827273e-01  2.49249134e+00 
 2.93847273e-01  2.49249430e+00 
 2.93867273e-01  2.49249719e+00 
 2.93887273e-01  2.49250013e+00 
 2.93907273e-01  2.49250304e+00 
 2.93927273e-01  2.49250595e+00 
 2.93947273e-01  2.49250888e+00 
 2.93967273e-01  2.49251177e+00 
 2.93987273e-01  2.49251472e+00 
 2.94007273e-01  2.49251759e+00 
 2.94027273e-01  2.49252054e+00 
 2.94047273e-01  2.49252342e+00 
 2.94067273e-01  2.49252634e+00 
 2.94087273e-01  2.49252925e+00 
 2.94107273e-01  2.49253215e+00 
 2.94127273e-01  2.49253507e+00 
 2.94147273e-01  2.49253795e+00 
 2.94167273e-01  2.49254088e+00 
 2.94187273e-01  2.49254375e+00 
 2.94207273e-01  2.49254668e+00 
 2.94227273e-01  2.49254956e+00 
 2.94247273e-01  2.49255247e+00 
 2.94267273e-01  2.49255537e+00 
 2.94287273e-01  2.49255825e+00 
 2.94307273e-01  2.49256117e+00 
 2.94327273e-01  2.49256403e+00 
 2.94347273e-01  2.49256696e+00 
 2.94367273e-01  2.49256982e+00 
 2.94387273e-01  2.49257273e+00 
 2.94407273e-01  2.49257561e+00 
 2.94427273e-01  2.49257850e+00 
 2.94447273e-01  2.49258139e+00 
 2.94467273e-01  2.49258426e+00 
 2.94487273e-01  2.49258717e+00 
 2.94507273e-01  2.49259003e+00 
 2.94527273e-01  2.49259294e+00 
 2.94547273e-01  2.49259579e+00 
 2.94567273e-01  2.49259869e+00 
 2.94587273e-01  2.49260156e+00 
 2.94607273e-01  2.49260444e+00 
 2.94627273e-01  2.49260733e+00 
 2.94647273e-01  2.49261018e+00 
 2.94667273e-01  2.49261308e+00 
 2.94687273e-01  2.49261593e+00 
 2.94707273e-01  2.49261883e+00 
 2.94727273e-01  2.49262167e+00 
 2.94747273e-01  2.49262456e+00 
 2.94767273e-01  2.49262742e+00 
 2.94787273e-01  2.49263029e+00 
 2.94807273e-01  2.49263316e+00 
 2.94827273e-01  2.49263601e+00 
 2.94847273e-01  2.49263890e+00 
 2.94867273e-01  2.49264173e+00 
 2.94887273e-01  2.49264462e+00 
 2.94907273e-01  2.49264746e+00 
 2.94927273e-01  2.49265033e+00 
 2.94947273e-01  2.49265319e+00 
 2.94967273e-01  2.49265604e+00 
 2.94987273e-01  2.49265891e+00 
 2.95007273e-01  2.49266174e+00 
 2.95027273e-01  2.49266462e+00 
 2.95047273e-01  2.49266745e+00 
 2.95067273e-01  2.49267032e+00 
 2.95087273e-01  2.49267316e+00 
 2.95107273e-01  2.49267601e+00 
 2.95127273e-01  2.49267886e+00 
 2.95147273e-01  2.49268170e+00 
 2.95167273e-01  2.49268456e+00 
 2.95187273e-01  2.49268738e+00 
 2.95207273e-01  2.49269025e+00 
 2.95227273e-01  2.49269307e+00 
 2.95247273e-01  2.49269593e+00 
 2.95267273e-01  2.49269876e+00 
 2.95287273e-01  2.49270160e+00 
 2.95307273e-01  2.49270444e+00 
 2.95327273e-01  2.49270727e+00 
 2.95347273e-01  2.49271012e+00 
 2.95367273e-01  2.49271293e+00 
 2.95387273e-01  2.49271579e+00 
 2.95407273e-01  2.49271860e+00 
 2.95427273e-01  2.49272145e+00 
 2.95447273e-01  2.49272427e+00 
 2.95467273e-01  2.49272710e+00 
 2.95487273e-01  2.49272993e+00 
 2.95507273e-01  2.49273275e+00 
 2.95527273e-01  2.49273559e+00 
 2.95547273e-01  2.49273839e+00 
 2.95567273e-01  2.49274123e+00 
 2.95587273e-01  2.49274404e+00 
 2.95607273e-01  2.49274687e+00 
 2.95627273e-01  2.49274969e+00 
 2.95647273e-01  2.49275250e+00 
 2.95667273e-01  2.49275533e+00 
 2.95687273e-01  2.49275813e+00 
 2.95707273e-01  2.49276096e+00 
 2.95727273e-01  2.49276376e+00 
 2.95747273e-01  2.49276659e+00 
 2.95767273e-01  2.49276939e+00 
 2.95787273e-01  2.49277221e+00 
 2.95807273e-01  2.49277501e+00 
 2.95827273e-01  2.49277782e+00 
 2.95847273e-01  2.49278063e+00 
 2.95867273e-01  2.49278343e+00 
 2.95887273e-01  2.49278625e+00 
 2.95907273e-01  2.49278903e+00 
 2.95927273e-01  2.49279185e+00 
 2.95947273e-01  2.49279464e+00 
 2.95967273e-01  2.49279745e+00 
 2.95987273e-01  2.49280025e+00 
 2.96007273e-01  2.49280304e+00 
 2.96027273e-01  2.49280585e+00 
 2.96047273e-01  2.49280863e+00 
 2.96067273e-01  2.49281144e+00 
 2.96087273e-01  2.49281422e+00 
 2.96107273e-01  2.49281703e+00 
 2.96127273e-01  2.49281981e+00 
 2.96147273e-01  2.49282260e+00 
 2.96167273e-01  2.49282539e+00 
 2.96187273e-01  2.49282817e+00 
 2.96207273e-01  2.49283097e+00 
 2.96227273e-01  2.49283374e+00 
 2.96247273e-01  2.49283654e+00 
 2.96267273e-01  2.49283931e+00 
 2.96287273e-01  2.49284211e+00 
 2.96307273e-01  2.49284488e+00 
 2.96327273e-01  2.49284766e+00 
 2.96347273e-01  2.49285045e+00 
 2.96367273e-01  2.49285322e+00 
 2.96387273e-01  2.49285601e+00 
 2.96407273e-01  2.49285877e+00 
 2.96427273e-01  2.49286156e+00 
 2.96447273e-01  2.49286432e+00 
 2.96467273e-01  2.49286710e+00 
 2.96487273e-01  2.49286987e+00 
 2.96507273e-01  2.49287264e+00 
 2.96527273e-01  2.49287541e+00 
 2.96547273e-01  2.49287817e+00 
 2.96567273e-01  2.49288095e+00 
 2.96587273e-01  2.49288370e+00 
 2.96607273e-01  2.49288648e+00 
 2.96627273e-01  2.49288923e+00 
 2.96647273e-01  2.49289200e+00 
 2.96667273e-01  2.49289476e+00 
 2.96687273e-01  2.49289752e+00 
 2.96707273e-01  2.49290028e+00 
 2.96727273e-01  2.49290303e+00 
 2.96747273e-01  2.49290580e+00 
 2.96767273e-01  2.49290855e+00 
 2.96787273e-01  2.49291131e+00 
 2.96807273e-01  2.49291406e+00 
 2.96827273e-01  2.49291681e+00 
 2.96847273e-01  2.49291957e+00 
 2.96867273e-01  2.49292231e+00 
 2.96887273e-01  2.49292507e+00 
 2.96907273e-01  2.49292781e+00 
 2.96927273e-01  2.49293057e+00 
 2.96947273e-01  2.49293330e+00 
 2.96967273e-01  2.49293606e+00 
 2.96987273e-01  2.49293879e+00 
 2.97007273e-01  2.49294154e+00 
 2.97027273e-01  2.49294428e+00 
 2.97047273e-01  2.49294702e+00 
 2.97067273e-01  2.49294976e+00 
 2.97087273e-01  2.49295249e+00 
 2.97107273e-01  2.49295524e+00 
 2.97127273e-01  2.49295797e+00 
 2.97147273e-01  2.49296071e+00 
 2.97167273e-01  2.49296344e+00 
 2.97187273e-01  2.49296617e+00 
 2.97207273e-01  2.49296891e+00 
 2.97227273e-01  2.49297163e+00 
 2.97247273e-01  2.49297437e+00 
 2.97267273e-01  2.49297709e+00 
 2.97287273e-01  2.49297983e+00 
 2.97307273e-01  2.49298254e+00 
 2.97327273e-01  2.49298528e+00 
 2.97347273e-01  2.49298800e+00 
 2.97367273e-01  2.49299072e+00 
 2.97387273e-01  2.49299345e+00 
 2.97407273e-01  2.49299616e+00 
 2.97427273e-01  2.49299889e+00 
 2.97447273e-01  2.49300160e+00 
 2.97467273e-01  2.49300432e+00 
 2.97487273e-01  2.49300703e+00 
 2.97507273e-01  2.49300975e+00 
 2.97527273e-01  2.49301247e+00 
 2.97547273e-01  2.49301518e+00 
 2.97567273e-01  2.49301790e+00 
 2.97587273e-01  2.49302060e+00 
 2.97607273e-01  2.49302332e+00 
 2.97627273e-01  2.49302602e+00 
 2.97647273e-01  2.49302873e+00 
 2.97667273e-01  2.49303143e+00 
 2.97687273e-01  2.49303414e+00 
 2.97707273e-01  2.49303685e+00 
 2.97727273e-01  2.49303955e+00 
 2.97747273e-01  2.49304226e+00 
 2.97767273e-01  2.49304495e+00 
 2.97787273e-01  2.49304766e+00 
 2.97807273e-01  2.49305035e+00 
 2.97827273e-01  2.49305306e+00 
 2.97847273e-01  2.49305575e+00 
 2.97867273e-01  2.49305845e+00 
 2.97887273e-01  2.49306114e+00 
 2.97907273e-01  2.49306383e+00 
 2.97927273e-01  2.49306653e+00 
 2.97947273e-01  2.49306922e+00 
 2.97967273e-01  2.49307191e+00 
 2.97987273e-01  2.49307460e+00 
 2.98007273e-01  2.49307729e+00 
 2.98027273e-01  2.49307997e+00 
 2.98047273e-01  2.49308266e+00 
 2.98067273e-01  2.49308535e+00 
 2.98087273e-01  2.49308803e+00 
 2.98107273e-01  2.49309072e+00 
 2.98127273e-01  2.49309339e+00 
 2.98147273e-01  2.49309608e+00 
 2.98167273e-01  2.49309875e+00 
 2.98187273e-01  2.49310144e+00 
 2.98207273e-01  2.49310411e+00 
 2.98227273e-01  2.49310679e+00 
 2.98247273e-01  2.49310947e+00 
 2.98267273e-01  2.49311214e+00 
 2.98287273e-01  2.49311482e+00 
 2.98307273e-01  2.49311748e+00 
 2.98327273e-01  2.49312016e+00 
 2.98347273e-01  2.49312283e+00 
 2.98367273e-01  2.49312550e+00 
 2.98387273e-01  2.49312817e+00 
 2.98407273e-01  2.49313083e+00 
 2.98427273e-01  2.49313350e+00 
 2.98447273e-01  2.49313616e+00 
 2.98467273e-01  2.49313883e+00 
 2.98487273e-01  2.49314149e+00 
 2.98507273e-01  2.49314415e+00 
 2.98527273e-01  2.49314681e+00 
 2.98547273e-01  2.49314947e+00 
 2.98567273e-01  2.49315213e+00 
 2.98587273e-01  2.49315479e+00 
 2.98607273e-01  2.49315745e+00 
 2.98627273e-01  2.49316010e+00 
 2.98647273e-01  2.49316276e+00 
 2.98667273e-01  2.49316540e+00 
 2.98687273e-01  2.49316806e+00 
 2.98707273e-01  2.49317071e+00 
 2.98727273e-01  2.49317336e+00 
 2.98747273e-01  2.49317601e+00 
 2.98767273e-01  2.49317866e+00 
 2.98787273e-01  2.49318131e+00 
 2.98807273e-01  2.49318395e+00 
 2.98827273e-01  2.49318660e+00 
 2.98847273e-01  2.49318924e+00 
 2.98867273e-01  2.49319188e+00 
 2.98887273e-01  2.49319452e+00 
 2.98907273e-01  2.49319716e+00 
 2.98927273e-01  2.49319980e+00 
 2.98947273e-01  2.49320244e+00 
 2.98967273e-01  2.49320508e+00 
 2.98987273e-01  2.49320771e+00 
 2.99007273e-01  2.49321035e+00 
 2.99027273e-01  2.49321298e+00 
 2.99047273e-01  2.49321562e+00 
 2.99067273e-01  2.49321825e+00 
 2.99087273e-01  2.49322088e+00 
 2.99107273e-01  2.49322351e+00 
 2.99127273e-01  2.49322614e+00 
 2.99147273e-01  2.49322877e+00 
 2.99167273e-01  2.49323139e+00 
 2.99187273e-01  2.49323402e+00 
 2.99207273e-01  2.49323664e+00 
 2.99227273e-01  2.49323927e+00 
 2.99247273e-01  2.49324189e+00 
 2.99267273e-01  2.49324451e+00 
 2.99287273e-01  2.49324714e+00 
 2.99307273e-01  2.49324975e+00 
 2.99327273e-01  2.49325237e+00 
 2.99347273e-01  2.49325499e+00 
 2.99367273e-01  2.49325761e+00 
 2.99387273e-01  2.49326022e+00 
 2.99407273e-01  2.49326284e+00 
 2.99427273e-01  2.49326545e+00 
 2.99447273e-01  2.49326806e+00 
 2.99467273e-01  2.49327067e+00 
 2.99487273e-01  2.49327328e+00 
 2.99507273e-01  2.49327589e+00 
 2.99527273e-01  2.49327850e+00 
 2.99547273e-01  2.49328111e+00 
 2.99567273e-01  2.49328371e+00 
 2.99587273e-01  2.49328632e+00 
 2.99607273e-01  2.49328892e+00 
 2.99627273e-01  2.49329152e+00 
 2.99647273e-01  2.49329413e+00 
 2.99667273e-01  2.49329672e+00 
 2.99687273e-01  2.49329933e+00 
 2.99707273e-01  2.49330192e+00 
 2.99727273e-01  2.49330452e+00 
 2.99747273e-01  2.49330712e+00 
 2.99767273e-01  2.49330971e+00 
 2.99787273e-01  2.49331231e+00 
 2.99807273e-01  2.49331490e+00 
 2.99827273e-01  2.49331750e+00 
 2.99847273e-01  2.49332008e+00 
 2.99867273e-01  2.49332268e+00 
 2.99887273e-01  2.49332526e+00 
 2.99907273e-01  2.49332785e+00 
 2.99927273e-01  2.49333044e+00 
 2.99947273e-01  2.49333303e+00 
 2.99967273e-01  2.49333561e+00 
 2.99987273e-01  2.49333819e+00 
 3.00000000e-01  2.49333984e+00 
