 1.00000000e-07  9.99914731e-07  1.00000000e-07  2.48339067e-10  1.00000000e-07  4.39990320e-05  1.00000000e-07  4.39990320e-05 
 1.05600558e-07  1.05591831e-06  1.05600558e-07  2.63026275e-10  1.05600558e-07  4.39990320e-05  1.05600558e-07  4.39990320e-05 
 1.16801675e-07  1.16792523e-06  1.16801675e-07  2.94269055e-10  1.16801675e-07  4.39990320e-05  1.16801675e-07  4.39990320e-05 
 1.39203909e-07  1.39193784e-06  1.39203909e-07  3.65713821e-10  1.39203909e-07  4.39990320e-05  1.39203909e-07  4.39990320e-05 
 1.84008377e-07  1.83995802e-06  1.84008377e-07  5.45540346e-10  1.84008377e-07  4.39990320e-05  1.84008377e-07  4.39990320e-05 
 2.73617312e-07  2.73597805e-06  2.73617312e-07  1.05287518e-09  2.73617312e-07  4.39990320e-05  2.73617312e-07  4.39990320e-05 
 4.52835182e-07  4.52793672e-06  4.52835182e-07  2.64694053e-09  4.52835182e-07  4.39990320e-05  4.52835182e-07  4.39990320e-05 
 8.11270923e-07  8.11152847e-06  8.11270923e-07  7.99774947e-09  8.11270923e-07  4.39990320e-05  8.11270923e-07  4.39990320e-05 
 1.52814241e-06  1.52774097e-05  1.52814241e-06  2.53583846e-08  1.52814241e-06  4.39990320e-05  1.52814241e-06  4.39990320e-05 
 2.56836320e-06  2.56724189e-05  2.56836320e-06  5.69257823e-08  2.56836320e-06  4.39990320e-05  2.56836320e-06  4.39990320e-05 
 3.75842416e-06  3.75603114e-05  3.75842416e-06  8.58701510e-08  3.75842416e-06  4.39990320e-05  3.75842416e-06  4.39990320e-05 
 4.93939476e-06  4.93526713e-05  4.93939476e-06  9.47817925e-08  4.93939476e-06  4.39990320e-05  4.93939476e-06  4.39990320e-05 
 6.04161506e-06  6.03544390e-05  6.04161506e-06  8.30467970e-08  6.04161506e-06  4.39990320e-05  6.04161506e-06  4.39990320e-05 
 7.15829301e-06  7.14963362e-05  7.15829301e-06  5.80372396e-08  7.15829301e-06  4.39990320e-05  7.15829301e-06  4.39990320e-05 
 8.43650474e-06  8.42448111e-05  8.43650474e-06  2.90341760e-08  8.43650474e-06  4.39990320e-05  8.43650474e-06  4.39990320e-05 
 9.52256632e-06  9.50725146e-05  9.52256632e-06  1.50715039e-08  9.52256632e-06  4.39990320e-05  9.52256632e-06  4.39990320e-05 
 1.00000000e-05  9.98311254e-05  1.00000000e-05  1.35670094e-08  1.00000000e-05  4.39990320e-05  1.00000000e-05  4.39990320e-05 
 1.01170074e-05  1.00997205e-04  1.01170074e-05  1.37924350e-08  1.01170074e-05  4.39990320e-05  1.01170074e-05  4.39990320e-05 
 1.03510221e-05  1.03329253e-04  1.03510221e-05  1.48258475e-08  1.03510221e-05  4.39990320e-05  1.03510221e-05  4.39990320e-05 
 1.08190516e-05  1.07992819e-04  1.08190516e-05  1.94801175e-08  1.08190516e-05  4.39990320e-05  1.08190516e-05  4.39990320e-05 
 1.17551106e-05  1.17317754e-04  1.17551106e-05  3.63098530e-08  1.17551106e-05  4.39990320e-05  1.17551106e-05  4.39990320e-05 
 1.29406287e-05  1.29123555e-04  1.29406287e-05  6.14921043e-08  1.29406287e-05  4.39990320e-05  1.29406287e-05  4.39990320e-05 
 1.43626286e-05  1.43278089e-04  1.43626286e-05  8.02667685e-08  1.43626286e-05  4.39990320e-05  1.43626286e-05  4.39990320e-05 
 1.55195488e-05  1.54789012e-04  1.55195488e-05  7.97623642e-08  1.55195488e-05  4.39990320e-05  1.55195488e-05  4.39990320e-05 
 1.67436380e-05  1.66963344e-04  1.67436380e-05  6.51146323e-08  1.67436380e-05  4.39990320e-05  1.67436380e-05  4.39990320e-05 
 1.78463353e-05  1.77926045e-04  1.78463353e-05  4.62643248e-08  1.78463353e-05  4.39990320e-05  1.78463353e-05  4.39990320e-05 
 1.91953000e-05  1.91331510e-04  1.91953000e-05  2.86542386e-08  1.91953000e-05  4.39990320e-05  1.91953000e-05  4.39990320e-05 
 2.04460399e-05  2.03755399e-04  2.04460399e-05  2.52162325e-08  2.04460399e-05  4.39990320e-05  2.04460399e-05  4.39990320e-05 
 2.15880339e-05  2.15094503e-04  2.15880339e-05  3.36604631e-08  2.15880339e-05  4.39990320e-05  2.15880339e-05  4.39990320e-05 
 2.27432660e-05  2.26560598e-04  2.27432660e-05  4.87516442e-08  2.27432660e-05  4.39990320e-05  2.27432660e-05  4.39990320e-05 
 2.40743865e-05  2.39766899e-04  2.40743865e-05  6.43439897e-08  2.40743865e-05  4.39990320e-05  2.40743865e-05  4.39990320e-05 
 2.53549006e-05  2.52465518e-04  2.53549006e-05  6.99866819e-08  2.53549006e-05  4.39990320e-05  2.53549006e-05  4.39990320e-05 
 2.65108839e-05  2.63924468e-04  2.65108839e-05  6.53379526e-08  2.65108839e-05  4.39990320e-05  2.65108839e-05  4.39990320e-05 
 2.76950587e-05  2.75658233e-04  2.76950587e-05  5.39562660e-08  2.76950587e-05  4.39990320e-05  2.76950587e-05  4.39990320e-05 
 2.89339346e-05  2.87928993e-04  2.89339346e-05  4.14351434e-08  2.89339346e-05  4.39990320e-05  2.89339346e-05  4.39990320e-05 
 3.03787139e-05  3.02232689e-04  3.03787139e-05  3.43228128e-08  3.03787139e-05  4.39990320e-05  3.03787139e-05  4.39990320e-05 
 3.15702721e-05  3.14024174e-04  3.15702721e-05  3.68517851e-08  3.15702721e-05  4.39990320e-05  3.15702721e-05  4.39990320e-05 
 3.28079883e-05  3.26267404e-04  3.28079883e-05  4.56035615e-08  3.28079883e-05  4.39990320e-05  3.28079883e-05  4.39990320e-05 
 3.39919453e-05  3.37974067e-04  3.39919453e-05  5.52841529e-08  3.39919453e-05  4.39990320e-05  3.39919453e-05  4.39990320e-05 
 3.57649710e-05  3.55496533e-04  3.57649710e-05  6.22617651e-08  3.57649710e-05  4.39990320e-05  3.57649710e-05  4.39990320e-05 
 3.70329185e-05  3.68020970e-04  3.70329185e-05  5.97562092e-08  3.70329185e-05  4.39990320e-05  3.70329185e-05  4.39990320e-05 
 3.83457538e-05  3.80983143e-04  3.83457538e-05  5.24262462e-08  3.83457538e-05  4.39990320e-05  3.83457538e-05  4.39990320e-05 
 3.95540848e-05  3.92908419e-04  3.95540848e-05  4.51435560e-08  3.95540848e-05  4.39990320e-05  3.95540848e-05  4.39990320e-05 
 4.11030240e-05  4.08188108e-04  4.11030240e-05  4.07141670e-08  4.11030240e-05  4.39990320e-05  4.11030240e-05  4.39990320e-05 
 4.23297231e-05  4.20283348e-04  4.23297231e-05  4.24704806e-08  4.23297231e-05  4.39990320e-05  4.23297231e-05  4.39990320e-05 
 4.36018159e-05  4.32820873e-04  4.36018159e-05  4.78780519e-08  4.36018159e-05  4.39990320e-05  4.36018159e-05  4.39990320e-05 
 4.48039651e-05  4.44664092e-04  4.48039651e-05  5.35284219e-08  4.48039651e-05  4.39990320e-05  4.48039651e-05  4.39990320e-05 
 4.64059400e-05  4.60438800e-04  4.64059400e-05  5.71612445e-08  4.64059400e-05  4.39990320e-05  4.64059400e-05  4.39990320e-05 
 4.76517141e-05  4.72700083e-04  4.76517141e-05  5.58068447e-08  4.76517141e-05  4.39990320e-05  4.76517141e-05  4.39990320e-05 
 4.89704210e-05  4.85673568e-04  4.89704210e-05  5.15068147e-08  4.89704210e-05  4.39990320e-05  4.89704210e-05  4.39990320e-05 
 5.02394351e-05  4.98152714e-04  5.02394351e-05  4.70413391e-08  5.02394351e-05  4.39990320e-05  5.02394351e-05  4.39990320e-05 
 5.17795587e-05  5.13290692e-04  5.17795587e-05  4.45252862e-08  5.17795587e-05  4.39990320e-05  5.17795587e-05  4.39990320e-05 
 5.30298446e-05  5.25574042e-04  5.30298446e-05  4.56366563e-08  5.30298446e-05  4.39990320e-05  5.30298446e-05  4.39990320e-05 
 5.45263392e-05  5.40269429e-04  5.45263392e-05  4.93735539e-08  5.45263392e-05  4.39990320e-05  5.45263392e-05  4.39990320e-05 
 5.59041781e-05  5.53793061e-04  5.59041781e-05  5.27686018e-08  5.59041781e-05  4.39990320e-05  5.59041781e-05  4.39990320e-05 
 5.72488728e-05  5.66985308e-04  5.72488728e-05  5.41240135e-08  5.72488728e-05  4.39990320e-05  5.72488728e-05  4.39990320e-05 
 5.84900610e-05  5.79156774e-04  5.84900610e-05  5.31444120e-08  5.84900610e-05  4.39990320e-05  5.84900610e-05  4.39990320e-05 
 6.01631751e-05  5.95555759e-04  6.01631751e-05  4.99626434e-08  6.01631751e-05  4.39990320e-05  6.01631751e-05  4.39990320e-05 
 6.17025153e-05  6.10635373e-04  6.17025153e-05  4.74832067e-08  6.17025153e-05  4.39990320e-05  6.17025153e-05  4.39990320e-05 
 6.30831927e-05  6.24154029e-04  6.30831927e-05  4.69947386e-08  6.30831927e-05  4.39990320e-05  6.30831927e-05  4.39990320e-05 
 6.45347046e-05  6.38359447e-04  6.45347046e-05  4.83646645e-08  6.45347046e-05  4.39990320e-05  6.45347046e-05  4.39990320e-05 
 6.63377377e-05  6.55995373e-04  6.63377377e-05  5.08979652e-08  6.63377377e-05  4.39990320e-05  6.63377377e-05  4.39990320e-05 
 6.84834343e-05  6.76968977e-04  6.84834343e-05  5.21825501e-08  6.84834343e-05  4.39990320e-05  6.84834343e-05  4.39990320e-05 
 7.02807431e-05  6.94525483e-04  7.02807431e-05  5.12814783e-08  7.02807431e-05  4.39990320e-05  7.02807431e-05  4.39990320e-05 
 7.25393968e-05  7.16573388e-04  7.25393968e-05  4.93661006e-08  7.25393968e-05  4.39990320e-05  7.25393968e-05  4.39990320e-05 
 7.50038192e-05  7.40610716e-04  7.50038192e-05  4.86751304e-08  7.50038192e-05  4.39990320e-05  7.50038192e-05  4.39990320e-05 
 7.73166706e-05  7.63151456e-04  7.73166706e-05  4.95319150e-08  7.73166706e-05  4.39990320e-05  7.73166706e-05  4.39990320e-05 
 8.01010805e-05  7.90264576e-04  8.01010805e-05  5.06181685e-08  8.01010805e-05  4.39990320e-05  8.01010805e-05  4.39990320e-05 
 8.33075647e-05  8.21456041e-04  8.33075647e-05  5.05251752e-08  8.33075647e-05  4.39990320e-05  8.33075647e-05  4.39990320e-05 
 8.69991378e-05  8.57324431e-04  8.69991378e-05  4.98131205e-08  8.69991378e-05  4.39990320e-05  8.69991378e-05  4.39990320e-05 
 9.12591983e-05  8.98660831e-04  9.12591983e-05  4.97329239e-08  9.12591983e-05  4.39990320e-05  9.12591983e-05  4.39990320e-05 
 9.72866312e-05  9.57044906e-04  9.72866312e-05  5.00790478e-08  9.72866312e-05  4.39990320e-05  9.72866312e-05  4.39990320e-05 
 1.03475380e-04  1.01686793e-03  1.03475380e-04  5.00701055e-08  1.03475380e-04  4.39990320e-05  1.03475380e-04  4.39990320e-05 
 1.13475380e-04  1.11326814e-03  1.13475380e-04  4.99682554e-08  1.13475380e-04  4.39990320e-05  1.13475380e-04  4.39990320e-05 
 1.23475380e-04  1.20934316e-03  1.23475380e-04  4.99933752e-08  1.23475380e-04  4.39990320e-05  1.23475380e-04  4.39990320e-05 
 1.33475380e-04  1.30509402e-03  1.33475380e-04  5.00044142e-08  1.33475380e-04  4.39990320e-05  1.33475380e-04  4.39990320e-05 
 1.43475380e-04  1.40052180e-03  1.43475380e-04  4.99991658e-08  1.43475380e-04  4.39990320e-05  1.43475380e-04  4.39990320e-05 
 1.53475380e-04  1.49562758e-03  1.53475380e-04  4.99987993e-08  1.53475380e-04  4.39990320e-05  1.53475380e-04  4.39990320e-05 
 1.63475380e-04  1.59041244e-03  1.63475380e-04  4.99996133e-08  1.63475380e-04  4.39990320e-05  1.63475380e-04  4.39990320e-05 
 1.73475380e-04  1.68487747e-03  1.73475380e-04  4.99994985e-08  1.73475380e-04  4.39990320e-05  1.73475380e-04  4.39990320e-05 
 1.83475380e-04  1.77902375e-03  1.83475380e-04  4.99994083e-08  1.83475380e-04  4.39990320e-05  1.83475380e-04  4.39990320e-05 
 1.93475380e-04  1.87285234e-03  1.93475380e-04  4.99994430e-08  1.93475380e-04  4.39990320e-05  1.93475380e-04  4.39990320e-05 
 2.03475380e-04  1.96636433e-03  2.03475380e-04  4.99994478e-08  2.03475380e-04  4.39990320e-05  2.03475380e-04  4.39990320e-05 
 2.13475380e-04  2.05956079e-03  2.13475380e-04  4.99994426e-08  2.13475380e-04  4.39990320e-05  2.13475380e-04  4.39990320e-05 
 2.23475380e-04  2.15244277e-03  2.23475380e-04  4.99994428e-08  2.23475380e-04  4.39990320e-05  2.23475380e-04  4.39990320e-05 
 2.33475380e-04  2.24501134e-03  2.33475380e-04  4.99994430e-08  2.33475380e-04  4.39990320e-05  2.33475380e-04  4.39990320e-05 
 2.43475380e-04  2.33726755e-03  2.43475380e-04  4.99994437e-08  2.43475380e-04  4.39990320e-05  2.43475380e-04  4.39990320e-05 
 2.53475380e-04  2.42921246e-03  2.53475380e-04  4.99994433e-08  2.53475380e-04  4.39990320e-05  2.53475380e-04  4.39990320e-05 
 2.63475380e-04  2.52084712e-03  2.63475380e-04  4.99994435e-08  2.63475380e-04  4.39990320e-05  2.63475380e-04  4.39990320e-05 
 2.73475380e-04  2.61217258e-03  2.73475380e-04  4.99994434e-08  2.73475380e-04  4.39990320e-05  2.73475380e-04  4.39990320e-05 
 2.83475380e-04  2.70318988e-03  2.83475380e-04  4.99994443e-08  2.83475380e-04  4.39990320e-05  2.83475380e-04  4.39990320e-05 
 2.93475380e-04  2.79390006e-03  2.93475380e-04  4.99994437e-08  2.93475380e-04  4.39990320e-05  2.93475380e-04  4.39990320e-05 
 3.03475380e-04  2.88430415e-03  3.03475380e-04  4.99994443e-08  3.03475380e-04  4.39990320e-05  3.03475380e-04  4.39990320e-05 
 3.13475380e-04  2.97440319e-03  3.13475380e-04  4.99994439e-08  3.13475380e-04  4.39990320e-05  3.13475380e-04  4.39990320e-05 
 3.23475380e-04  3.06419821e-03  3.23475380e-04  4.99994436e-08  3.23475380e-04  4.39990320e-05  3.23475380e-04  4.39990320e-05 
 3.33475380e-04  3.15369024e-03  3.33475380e-04  4.99994427e-08  3.33475380e-04  4.39990320e-05  3.33475380e-04  4.39990320e-05 
 3.43475380e-04  3.24288029e-03  3.43475380e-04  4.99994438e-08  3.43475380e-04  4.39990320e-05  3.43475380e-04  4.39990320e-05 
 3.53475380e-04  3.33176938e-03  3.53475380e-04  4.99994425e-08  3.53475380e-04  4.39990320e-05  3.53475380e-04  4.39990320e-05 
 3.63475380e-04  3.42035854e-03  3.63475380e-04  4.99994431e-08  3.63475380e-04  4.39990320e-05  3.63475380e-04  4.39990320e-05 
 3.73475380e-04  3.50864877e-03  3.73475380e-04  4.99994446e-08  3.73475380e-04  4.39990320e-05  3.73475380e-04  4.39990320e-05 
 3.83475380e-04  3.59664108e-03  3.83475380e-04  4.99994434e-08  3.83475380e-04  4.39990320e-05  3.83475380e-04  4.39990320e-05 
 3.93475380e-04  3.68433648e-03  3.93475380e-04  4.99994433e-08  3.93475380e-04  4.39990320e-05  3.93475380e-04  4.39990320e-05 
 4.03475380e-04  3.77173597e-03  4.03475380e-04  4.99994437e-08  4.03475380e-04  4.39990320e-05  4.03475380e-04  4.39990320e-05 
 4.13475380e-04  3.85884055e-03  4.13475380e-04  4.99994429e-08  4.13475380e-04  4.39990320e-05  4.13475380e-04  4.39990320e-05 
 4.23475380e-04  3.94565120e-03  4.23475380e-04  4.99994434e-08  4.23475380e-04  4.39990320e-05  4.23475380e-04  4.39990320e-05 
 4.33475380e-04  4.03216894e-03  4.33475380e-04  4.99994439e-08  4.33475380e-04  4.39990320e-05  4.33475380e-04  4.39990320e-05 
 4.43475380e-04  4.11839473e-03  4.43475380e-04  4.99994425e-08  4.43475380e-04  4.39990320e-05  4.43475380e-04  4.39990320e-05 
 4.53475380e-04  4.20432957e-03  4.53475380e-04  4.99994438e-08  4.53475380e-04  4.39990320e-05  4.53475380e-04  4.39990320e-05 
 4.63475380e-04  4.28997444e-03  4.63475380e-04  4.99994433e-08  4.63475380e-04  4.39990320e-05  4.63475380e-04  4.39990320e-05 
 4.73475380e-04  4.37533032e-03  4.73475380e-04  4.99994437e-08  4.73475380e-04  4.39990320e-05  4.73475380e-04  4.39990320e-05 
 4.83475380e-04  4.46039818e-03  4.83475380e-04  4.99994437e-08  4.83475380e-04  4.39990320e-05  4.83475380e-04  4.39990320e-05 
 4.93475380e-04  4.54517900e-03  4.93475380e-04  4.99994442e-08  4.93475380e-04  4.39990320e-05  4.93475380e-04  4.39990320e-05 
 5.03475380e-04  4.62967374e-03  5.03475380e-04  4.99994432e-08  5.03475380e-04  4.39990320e-05  5.03475380e-04  4.39990320e-05 
 5.13475380e-04  4.71388337e-03  5.13475380e-04  4.99994442e-08  5.13475380e-04  4.39990320e-05  5.13475380e-04  4.39990320e-05 
 5.23475380e-04  4.79780885e-03  5.23475380e-04  4.99994426e-08  5.23475380e-04  4.39990320e-05  5.23475380e-04  4.39990320e-05 
 5.33475380e-04  4.88145114e-03  5.33475380e-04  4.99994428e-08  5.33475380e-04  4.39990320e-05  5.33475380e-04  4.39990320e-05 
 5.43475380e-04  4.96481120e-03  5.43475380e-04  4.99994444e-08  5.43475380e-04  4.39990320e-05  5.43475380e-04  4.39990320e-05 
 5.53475380e-04  5.04788997e-03  5.53475380e-04  4.99994439e-08  5.53475380e-04  4.39990320e-05  5.53475380e-04  4.39990320e-05 
 5.63475380e-04  5.13068841e-03  5.63475380e-04  4.99994437e-08  5.63475380e-04  4.39990320e-05  5.63475380e-04  4.39990320e-05 
 5.73475380e-04  5.21320746e-03  5.73475380e-04  4.99994431e-08  5.73475380e-04  4.39990320e-05  5.73475380e-04  4.39990320e-05 
 5.83475380e-04  5.29544807e-03  5.83475380e-04  4.99994441e-08  5.83475380e-04  4.39990320e-05  5.83475380e-04  4.39990320e-05 
 5.93475380e-04  5.37741117e-03  5.93475380e-04  4.99994441e-08  5.93475380e-04  4.39990320e-05  5.93475380e-04  4.39990320e-05 
 6.03475380e-04  5.45909771e-03  6.03475380e-04  4.99994438e-08  6.03475380e-04  4.39990320e-05  6.03475380e-04  4.39990320e-05 
 6.13475380e-04  5.54050860e-03  6.13475380e-04  4.99994445e-08  6.13475380e-04  4.39990320e-05  6.13475380e-04  4.39990320e-05 
 6.23475380e-04  5.62164480e-03  6.23475380e-04  4.99994436e-08  6.23475380e-04  4.39990320e-05  6.23475380e-04  4.39990320e-05 
 6.33475380e-04  5.70250721e-03  6.33475380e-04  4.99994442e-08  6.33475380e-04  4.39990320e-05  6.33475380e-04  4.39990320e-05 
 6.43475380e-04  5.78309677e-03  6.43475380e-04  4.99994441e-08  6.43475380e-04  4.39990320e-05  6.43475380e-04  4.39990320e-05 
 6.53475380e-04  5.86341440e-03  6.53475380e-04  4.99994440e-08  6.53475380e-04  4.39990320e-05  6.53475380e-04  4.39990320e-05 
 6.63475380e-04  5.94346101e-03  6.63475380e-04  4.99994427e-08  6.63475380e-04  4.39990320e-05  6.63475380e-04  4.39990320e-05 
 6.73475380e-04  6.02323751e-03  6.73475380e-04  4.99994443e-08  6.73475380e-04  4.39990320e-05  6.73475380e-04  4.39990320e-05 
 6.83475380e-04  6.10274483e-03  6.83475380e-04  4.99994435e-08  6.83475380e-04  4.39990320e-05  6.83475380e-04  4.39990320e-05 
 6.93475380e-04  6.18198387e-03  6.93475380e-04  4.99994431e-08  6.93475380e-04  4.39990320e-05  6.93475380e-04  4.39990320e-05 
 7.03475380e-04  6.26095553e-03  7.03475380e-04  4.99994432e-08  7.03475380e-04  4.39990320e-05  7.03475380e-04  4.39990320e-05 
 7.13475380e-04  6.33966071e-03  7.13475380e-04  4.99994427e-08  7.13475380e-04  4.39990320e-05  7.13475380e-04  4.39990320e-05 
 7.23475380e-04  6.41810032e-03  7.23475380e-04  4.99994441e-08  7.23475380e-04  4.39990320e-05  7.23475380e-04  4.39990320e-05 
 7.33475380e-04  6.49627525e-03  7.33475380e-04  4.99994445e-08  7.33475380e-04  4.39990320e-05  7.33475380e-04  4.39990320e-05 
 7.43475380e-04  6.57418639e-03  7.43475380e-04  4.99994439e-08  7.43475380e-04  4.39990320e-05  7.43475380e-04  4.39990320e-05 
 7.53475380e-04  6.65183464e-03  7.53475380e-04  4.99994439e-08  7.53475380e-04  4.39990320e-05  7.53475380e-04  4.39990320e-05 
 7.63475380e-04  6.72922087e-03  7.63475380e-04  4.99994432e-08  7.63475380e-04  4.39990320e-05  7.63475380e-04  4.39990320e-05 
 7.73475380e-04  6.80634599e-03  7.73475380e-04  4.99994438e-08  7.73475380e-04  4.39990320e-05  7.73475380e-04  4.39990320e-05 
 7.83475380e-04  6.88321086e-03  7.83475380e-04  4.99994439e-08  7.83475380e-04  4.39990320e-05  7.83475380e-04  4.39990320e-05 
 7.93475380e-04  6.95981636e-03  7.93475380e-04  4.99994441e-08  7.93475380e-04  4.39990320e-05  7.93475380e-04  4.39990320e-05 
 8.03475380e-04  7.03616337e-03  8.03475380e-04  4.99994429e-08  8.03475380e-04  4.39990320e-05  8.03475380e-04  4.39990320e-05 
 8.13475380e-04  7.11225277e-03  8.13475380e-04  4.99994442e-08  8.13475380e-04  4.39990320e-05  8.13475380e-04  4.39990320e-05 
 8.23475380e-04  7.18808541e-03  8.23475380e-04  4.99994430e-08  8.23475380e-04  4.39990320e-05  8.23475380e-04  4.39990320e-05 
 8.33475380e-04  7.26366217e-03  8.33475380e-04  4.99994430e-08  8.33475380e-04  4.39990320e-05  8.33475380e-04  4.39990320e-05 
 8.43475380e-04  7.33898392e-03  8.43475380e-04  4.99994438e-08  8.43475380e-04  4.39990320e-05  8.43475380e-04  4.39990320e-05 
 8.53475380e-04  7.41405150e-03  8.53475380e-04  4.99994432e-08  8.53475380e-04  4.39990320e-05  8.53475380e-04  4.39990320e-05 
 8.63475380e-04  7.48886579e-03  8.63475380e-04  4.99994443e-08  8.63475380e-04  4.39990320e-05  8.63475380e-04  4.39990320e-05 
 8.73475380e-04  7.56342762e-03  8.73475380e-04  4.99994445e-08  8.73475380e-04  4.39990320e-05  8.73475380e-04  4.39990320e-05 
 8.83475380e-04  7.63773787e-03  8.83475380e-04  4.99994438e-08  8.83475380e-04  4.39990320e-05  8.83475380e-04  4.39990320e-05 
 8.93475380e-04  7.71179737e-03  8.93475380e-04  4.99994440e-08  8.93475380e-04  4.39990320e-05  8.93475380e-04  4.39990320e-05 
 9.03475380e-04  7.78560696e-03  9.03475380e-04  4.99994434e-08  9.03475380e-04  4.39990320e-05  9.03475380e-04  4.39990320e-05 
 9.13475380e-04  7.85916750e-03  9.13475380e-04  4.99994437e-08  9.13475380e-04  4.39990320e-05  9.13475380e-04  4.39990320e-05 
 9.23475380e-04  7.93247983e-03  9.23475380e-04  4.99994436e-08  9.23475380e-04  4.39990320e-05  9.23475380e-04  4.39990320e-05 
 9.33475380e-04  8.00554478e-03  9.33475380e-04  4.99994440e-08  9.33475380e-04  4.39990320e-05  9.33475380e-04  4.39990320e-05 
 9.43475380e-04  8.07836318e-03  9.43475380e-04  4.99994433e-08  9.43475380e-04  4.39990320e-05  9.43475380e-04  4.39990320e-05 
 9.53475380e-04  8.15093587e-03  9.53475380e-04  4.99994434e-08  9.53475380e-04  4.39990320e-05  9.53475380e-04  4.39990320e-05 
 9.63475380e-04  8.22326368e-03  9.63475380e-04  4.99994434e-08  9.63475380e-04  4.39990320e-05  9.63475380e-04  4.39990320e-05 
 9.73475380e-04  8.29534744e-03  9.73475380e-04  4.99994444e-08  9.73475380e-04  4.39990320e-05  9.73475380e-04  4.39990320e-05 
 9.83475380e-04  8.36718796e-03  9.83475380e-04  4.99994438e-08  9.83475380e-04  4.39990320e-05  9.83475380e-04  4.39990320e-05 
 9.93475380e-04  8.43878607e-03  9.93475380e-04  4.99994441e-08  9.93475380e-04  4.39990320e-05  9.93475380e-04  4.39990320e-05 
 1.00347538e-03  8.51014258e-03  1.00347538e-03  4.99994436e-08  1.00347538e-03  4.39990320e-05  1.00347538e-03  4.39990320e-05 
 1.01347538e-03  8.58125832e-03  1.01347538e-03  4.99994437e-08  1.01347538e-03  4.39990320e-05  1.01347538e-03  4.39990320e-05 
 1.02347538e-03  8.65213409e-03  1.02347538e-03  4.99994432e-08  1.02347538e-03  4.39990320e-05  1.02347538e-03  4.39990320e-05 
 1.03347538e-03  8.72277070e-03  1.03347538e-03  4.99994439e-08  1.03347538e-03  4.39990320e-05  1.03347538e-03  4.39990320e-05 
 1.04347538e-03  8.79316896e-03  1.04347538e-03  4.99994439e-08  1.04347538e-03  4.39990320e-05  1.04347538e-03  4.39990320e-05 
 1.05347538e-03  8.86332968e-03  1.05347538e-03  4.99994440e-08  1.05347538e-03  4.39990320e-05  1.05347538e-03  4.39990320e-05 
 1.06347538e-03  8.93325366e-03  1.06347538e-03  4.99994428e-08  1.06347538e-03  4.39990320e-05  1.06347538e-03  4.39990320e-05 
 1.07347538e-03  9.00294169e-03  1.07347538e-03  4.99994443e-08  1.07347538e-03  4.39990320e-05  1.07347538e-03  4.39990320e-05 
 1.08347538e-03  9.07239457e-03  1.08347538e-03  4.99994432e-08  1.08347538e-03  4.39990320e-05  1.08347538e-03  4.39990320e-05 
 1.09347538e-03  9.14161309e-03  1.09347538e-03  4.99994429e-08  1.09347538e-03  4.39990320e-05  1.09347538e-03  4.39990320e-05 
 1.10347538e-03  9.21059805e-03  1.10347538e-03  4.99994435e-08  1.10347538e-03  4.39990320e-05  1.10347538e-03  4.39990320e-05 
 1.11347538e-03  9.27935024e-03  1.11347538e-03  4.99994433e-08  1.11347538e-03  4.39990320e-05  1.11347538e-03  4.39990320e-05 
 1.12347538e-03  9.34787043e-03  1.12347538e-03  4.99994439e-08  1.12347538e-03  4.39990320e-05  1.12347538e-03  4.39990320e-05 
 1.13347538e-03  9.41615941e-03  1.13347538e-03  4.99994435e-08  1.13347538e-03  4.39990320e-05  1.13347538e-03  4.39990320e-05 
 1.14347538e-03  9.48421797e-03  1.14347538e-03  4.99994437e-08  1.14347538e-03  4.39990320e-05  1.14347538e-03  4.39990320e-05 
 1.15347538e-03  9.55204688e-03  1.15347538e-03  4.99994433e-08  1.15347538e-03  4.39990320e-05  1.15347538e-03  4.39990320e-05 
 1.16347538e-03  9.61964691e-03  1.16347538e-03  4.99994439e-08  1.16347538e-03  4.39990320e-05  1.16347538e-03  4.39990320e-05 
 1.17347538e-03  9.68701884e-03  1.17347538e-03  4.99994438e-08  1.17347538e-03  4.39990320e-05  1.17347538e-03  4.39990320e-05 
 1.18347538e-03  9.75416343e-03  1.18347538e-03  4.99994438e-08  1.18347538e-03  4.39990320e-05  1.18347538e-03  4.39990320e-05 
 1.19347538e-03  9.82108146e-03  1.19347538e-03  4.99994429e-08  1.19347538e-03  4.39990320e-05  1.19347538e-03  4.39990320e-05 
 1.20347538e-03  9.88777368e-03  1.20347538e-03  4.99994435e-08  1.20347538e-03  4.39990320e-05  1.20347538e-03  4.39990320e-05 
 1.21347538e-03  9.95424087e-03  1.21347538e-03  4.99994441e-08  1.21347538e-03  4.39990320e-05  1.21347538e-03  4.39990320e-05 
 1.22347538e-03  1.00204838e-02  1.22347538e-03  4.99994425e-08  1.22347538e-03  4.39990320e-05  1.22347538e-03  4.39990320e-05 
 1.23347538e-03  1.00865032e-02  1.23347538e-03  4.99994435e-08  1.23347538e-03  4.39990320e-05  1.23347538e-03  4.39990320e-05 
 1.24347538e-03  1.01522998e-02  1.24347538e-03  4.99994431e-08  1.24347538e-03  4.39990320e-05  1.24347538e-03  4.39990320e-05 
 1.25347538e-03  1.02178744e-02  1.25347538e-03  4.99994441e-08  1.25347538e-03  4.39990320e-05  1.25347538e-03  4.39990320e-05 
 1.26347538e-03  1.02832277e-02  1.26347538e-03  4.99994442e-08  1.26347538e-03  4.39990320e-05  1.26347538e-03  4.39990320e-05 
 1.27347538e-03  1.03483605e-02  1.27347538e-03  4.99994439e-08  1.27347538e-03  4.39990320e-05  1.27347538e-03  4.39990320e-05 
 1.28347538e-03  1.04132735e-02  1.28347538e-03  4.99994424e-08  1.28347538e-03  4.39990320e-05  1.28347538e-03  4.39990320e-05 
 1.29347538e-03  1.04779675e-02  1.29347538e-03  4.99994442e-08  1.29347538e-03  4.39990320e-05  1.29347538e-03  4.39990320e-05 
 1.30347538e-03  1.05424432e-02  1.30347538e-03  4.99994428e-08  1.30347538e-03  4.39990320e-05  1.30347538e-03  4.39990320e-05 
 1.31347538e-03  1.06067013e-02  1.31347538e-03  4.99994422e-08  1.31347538e-03  4.39990320e-05  1.31347538e-03  4.39990320e-05 
 1.32347538e-03  1.06707426e-02  1.32347538e-03  4.99994434e-08  1.32347538e-03  4.39990320e-05  1.32347538e-03  4.39990320e-05 
 1.33347538e-03  1.07345678e-02  1.33347538e-03  4.99994442e-08  1.33347538e-03  4.39990320e-05  1.33347538e-03  4.39990320e-05 
 1.34347538e-03  1.07981777e-02  1.34347538e-03  4.99994444e-08  1.34347538e-03  4.39990320e-05  1.34347538e-03  4.39990320e-05 
 1.35347538e-03  1.08615729e-02  1.35347538e-03  4.99994444e-08  1.35347538e-03  4.39990320e-05  1.35347538e-03  4.39990320e-05 
 1.36347538e-03  1.09247542e-02  1.36347538e-03  4.99994426e-08  1.36347538e-03  4.39990320e-05  1.36347538e-03  4.39990320e-05 
 1.37347538e-03  1.09877223e-02  1.37347538e-03  4.99994436e-08  1.37347538e-03  4.39990320e-05  1.37347538e-03  4.39990320e-05 
 1.38347538e-03  1.10504779e-02  1.38347538e-03  4.99994434e-08  1.38347538e-03  4.39990320e-05  1.38347538e-03  4.39990320e-05 
 1.39347538e-03  1.11130217e-02  1.39347538e-03  4.99994441e-08  1.39347538e-03  4.39990320e-05  1.39347538e-03  4.39990320e-05 
 1.40347538e-03  1.11753546e-02  1.40347538e-03  4.99994439e-08  1.40347538e-03  4.39990320e-05  1.40347538e-03  4.39990320e-05 
 1.41347538e-03  1.12374771e-02  1.41347538e-03  4.99994437e-08  1.41347538e-03  4.39990320e-05  1.41347538e-03  4.39990320e-05 
 1.42347538e-03  1.12993899e-02  1.42347538e-03  4.99994427e-08  1.42347538e-03  4.39990320e-05  1.42347538e-03  4.39990320e-05 
 1.43347538e-03  1.13610939e-02  1.43347538e-03  4.99994436e-08  1.43347538e-03  4.39990320e-05  1.43347538e-03  4.39990320e-05 
 1.44347538e-03  1.14225896e-02  1.44347538e-03  4.99994445e-08  1.44347538e-03  4.39990320e-05  1.44347538e-03  4.39990320e-05 
 1.45347538e-03  1.14838779e-02  1.45347538e-03  4.99994425e-08  1.45347538e-03  4.39990320e-05  1.45347538e-03  4.39990320e-05 
 1.46347538e-03  1.15449593e-02  1.46347538e-03  4.99994429e-08  1.46347538e-03  4.39990320e-05  1.46347538e-03  4.39990320e-05 
 1.47347538e-03  1.16058347e-02  1.47347538e-03  4.99994428e-08  1.47347538e-03  4.39990320e-05  1.47347538e-03  4.39990320e-05 
 1.48347538e-03  1.16665046e-02  1.48347538e-03  4.99994438e-08  1.48347538e-03  4.39990320e-05  1.48347538e-03  4.39990320e-05 
 1.49347538e-03  1.17269698e-02  1.49347538e-03  4.99994439e-08  1.49347538e-03  4.39990320e-05  1.49347538e-03  4.39990320e-05 
 1.50347538e-03  1.17872310e-02  1.50347538e-03  4.99994439e-08  1.50347538e-03  4.39990320e-05  1.50347538e-03  4.39990320e-05 
 1.51347538e-03  1.18472888e-02  1.51347538e-03  4.99994427e-08  1.51347538e-03  4.39990320e-05  1.51347538e-03  4.39990320e-05 
 1.52347538e-03  1.19071440e-02  1.52347538e-03  4.99994443e-08  1.52347538e-03  4.39990320e-05  1.52347538e-03  4.39990320e-05 
 1.53347538e-03  1.19667972e-02  1.53347538e-03  4.99994434e-08  1.53347538e-03  4.39990320e-05  1.53347538e-03  4.39990320e-05 
 1.54347538e-03  1.20262491e-02  1.54347538e-03  4.99994431e-08  1.54347538e-03  4.39990320e-05  1.54347538e-03  4.39990320e-05 
 1.55347538e-03  1.20855004e-02  1.55347538e-03  4.99994432e-08  1.55347538e-03  4.39990320e-05  1.55347538e-03  4.39990320e-05 
 1.56347538e-03  1.21445518e-02  1.56347538e-03  4.99994429e-08  1.56347538e-03  4.39990320e-05  1.56347538e-03  4.39990320e-05 
 1.57347538e-03  1.22034039e-02  1.57347538e-03  4.99994440e-08  1.57347538e-03  4.39990320e-05  1.57347538e-03  4.39990320e-05 
 1.58347538e-03  1.22620575e-02  1.58347538e-03  4.99994443e-08  1.58347538e-03  4.39990320e-05  1.58347538e-03  4.39990320e-05 
 1.59347538e-03  1.23205131e-02  1.59347538e-03  4.99994439e-08  1.59347538e-03  4.39990320e-05  1.59347538e-03  4.39990320e-05 
 1.60347538e-03  1.23787715e-02  1.60347538e-03  4.99994442e-08  1.60347538e-03  4.39990320e-05  1.60347538e-03  4.39990320e-05 
 1.61347538e-03  1.24368332e-02  1.61347538e-03  4.99994434e-08  1.61347538e-03  4.39990320e-05  1.61347538e-03  4.39990320e-05 
 1.62347538e-03  1.24946991e-02  1.62347538e-03  4.99994444e-08  1.62347538e-03  4.39990320e-05  1.62347538e-03  4.39990320e-05 
 1.63347538e-03  1.25523697e-02  1.63347538e-03  4.99994446e-08  1.63347538e-03  4.39990320e-05  1.63347538e-03  4.39990320e-05 
 1.64347538e-03  1.26098458e-02  1.64347538e-03  4.99994439e-08  1.64347538e-03  4.39990320e-05  1.64347538e-03  4.39990320e-05 
 1.65347538e-03  1.26671278e-02  1.65347538e-03  4.99994439e-08  1.65347538e-03  4.39990320e-05  1.65347538e-03  4.39990320e-05 
 1.66347538e-03  1.27242166e-02  1.66347538e-03  4.99994433e-08  1.66347538e-03  4.39990320e-05  1.66347538e-03  4.39990320e-05 
 1.67347538e-03  1.27811128e-02  1.67347538e-03  4.99994438e-08  1.67347538e-03  4.39990320e-05  1.67347538e-03  4.39990320e-05 
 1.68347538e-03  1.28378170e-02  1.68347538e-03  4.99994437e-08  1.68347538e-03  4.39990320e-05  1.68347538e-03  4.39990320e-05 
 1.69347538e-03  1.28943298e-02  1.69347538e-03  4.99994440e-08  1.69347538e-03  4.39990320e-05  1.69347538e-03  4.39990320e-05 
 1.70347538e-03  1.29506519e-02  1.70347538e-03  4.99994431e-08  1.70347538e-03  4.39990320e-05  1.70347538e-03  4.39990320e-05 
 1.71347538e-03  1.30067840e-02  1.71347538e-03  4.99994444e-08  1.71347538e-03  4.39990320e-05  1.71347538e-03  4.39990320e-05 
 1.72347538e-03  1.30627267e-02  1.72347538e-03  4.99994428e-08  1.72347538e-03  4.39990320e-05  1.72347538e-03  4.39990320e-05 
 1.73347538e-03  1.31184806e-02  1.73347538e-03  4.99994427e-08  1.73347538e-03  4.39990320e-05  1.73347538e-03  4.39990320e-05 
 1.74347538e-03  1.31740464e-02  1.74347538e-03  4.99994440e-08  1.74347538e-03  4.39990320e-05  1.74347538e-03  4.39990320e-05 
 1.75347538e-03  1.32294247e-02  1.75347538e-03  4.99994439e-08  1.75347538e-03  4.39990320e-05  1.75347538e-03  4.39990320e-05 
 1.76347538e-03  1.32846161e-02  1.76347538e-03  4.99994434e-08  1.76347538e-03  4.39990320e-05  1.76347538e-03  4.39990320e-05 
 1.77347538e-03  1.33396213e-02  1.77347538e-03  4.99994444e-08  1.77347538e-03  4.39990320e-05  1.77347538e-03  4.39990320e-05 
 1.78347538e-03  1.33944409e-02  1.78347538e-03  4.99994441e-08  1.78347538e-03  4.39990320e-05  1.78347538e-03  4.39990320e-05 
 1.79347538e-03  1.34490755e-02  1.79347538e-03  4.99994434e-08  1.79347538e-03  4.39990320e-05  1.79347538e-03  4.39990320e-05 
 1.80347538e-03  1.35035258e-02  1.80347538e-03  4.99994443e-08  1.80347538e-03  4.39990320e-05  1.80347538e-03  4.39990320e-05 
 1.81347538e-03  1.35577923e-02  1.81347538e-03  4.99994441e-08  1.81347538e-03  4.39990320e-05  1.81347538e-03  4.39990320e-05 
 1.82347538e-03  1.36118757e-02  1.82347538e-03  4.99994436e-08  1.82347538e-03  4.39990320e-05  1.82347538e-03  4.39990320e-05 
 1.83347538e-03  1.36657767e-02  1.83347538e-03  4.99994444e-08  1.83347538e-03  4.39990320e-05  1.83347538e-03  4.39990320e-05 
 1.84347538e-03  1.37194957e-02  1.84347538e-03  4.99994439e-08  1.84347538e-03  4.39990320e-05  1.84347538e-03  4.39990320e-05 
 1.85347538e-03  1.37730335e-02  1.85347538e-03  4.99994444e-08  1.85347538e-03  4.39990320e-05  1.85347538e-03  4.39990320e-05 
 1.86347538e-03  1.38263906e-02  1.86347538e-03  4.99994438e-08  1.86347538e-03  4.39990320e-05  1.86347538e-03  4.39990320e-05 
 1.87347538e-03  1.38795677e-02  1.87347538e-03  4.99994434e-08  1.87347538e-03  4.39990320e-05  1.87347538e-03  4.39990320e-05 
 1.88347538e-03  1.39325653e-02  1.88347538e-03  4.99994429e-08  1.88347538e-03  4.39990320e-05  1.88347538e-03  4.39990320e-05 
 1.89347538e-03  1.39853842e-02  1.89347538e-03  4.99994442e-08  1.89347538e-03  4.39990320e-05  1.89347538e-03  4.39990320e-05 
 1.90347538e-03  1.40380247e-02  1.90347538e-03  4.99994445e-08  1.90347538e-03  4.39990320e-05  1.90347538e-03  4.39990320e-05 
 1.91347538e-03  1.40904877e-02  1.91347538e-03  4.99994439e-08  1.91347538e-03  4.39990320e-05  1.91347538e-03  4.39990320e-05 
 1.92347538e-03  1.41427737e-02  1.92347538e-03  4.99994438e-08  1.92347538e-03  4.39990320e-05  1.92347538e-03  4.39990320e-05 
 1.93347538e-03  1.41948832e-02  1.93347538e-03  4.99994432e-08  1.93347538e-03  4.39990320e-05  1.93347538e-03  4.39990320e-05 
 1.94347538e-03  1.42468168e-02  1.94347538e-03  4.99994439e-08  1.94347538e-03  4.39990320e-05  1.94347538e-03  4.39990320e-05 
 1.95347538e-03  1.42985753e-02  1.95347538e-03  4.99994439e-08  1.95347538e-03  4.39990320e-05  1.95347538e-03  4.39990320e-05 
 1.96347538e-03  1.43501591e-02  1.96347538e-03  4.99994440e-08  1.96347538e-03  4.39990320e-05  1.96347538e-03  4.39990320e-05 
 1.97347538e-03  1.44015688e-02  1.97347538e-03  4.99994428e-08  1.97347538e-03  4.39990320e-05  1.97347538e-03  4.39990320e-05 
 1.98347538e-03  1.44528050e-02  1.98347538e-03  4.99994443e-08  1.98347538e-03  4.39990320e-05  1.98347538e-03  4.39990320e-05 
 1.99347538e-03  1.45038684e-02  1.99347538e-03  4.99994433e-08  1.99347538e-03  4.39990320e-05  1.99347538e-03  4.39990320e-05 
 2.00347538e-03  1.45547595e-02  2.00347538e-03  4.99994430e-08  2.00347538e-03  4.39990320e-05  2.00347538e-03  4.39990320e-05 
 2.01347538e-03  1.46054788e-02  2.01347538e-03  4.99994434e-08  2.01347538e-03  4.39990320e-05  2.01347538e-03  4.39990320e-05 
 2.02347538e-03  1.46560270e-02  2.02347538e-03  4.99994431e-08  2.02347538e-03  4.39990320e-05  2.02347538e-03  4.39990320e-05 
 2.03347538e-03  1.47064046e-02  2.03347538e-03  4.99994440e-08  2.03347538e-03  4.39990320e-05  2.03347538e-03  4.39990320e-05 
 2.04347538e-03  1.47566123e-02  2.04347538e-03  4.99994439e-08  2.04347538e-03  4.39990320e-05  2.04347538e-03  4.39990320e-05 
 2.05347538e-03  1.48066505e-02  2.05347538e-03  4.99994438e-08  2.05347538e-03  4.39990320e-05  2.05347538e-03  4.39990320e-05 
 2.06347538e-03  1.48565199e-02  2.06347538e-03  4.99994427e-08  2.06347538e-03  4.39990320e-05  2.06347538e-03  4.39990320e-05 
 2.07347538e-03  1.49062210e-02  2.07347538e-03  4.99994435e-08  2.07347538e-03  4.39990320e-05  2.07347538e-03  4.39990320e-05 
 2.08347538e-03  1.49557544e-02  2.08347538e-03  4.99994445e-08  2.08347538e-03  4.39990320e-05  2.08347538e-03  4.39990320e-05 
 2.09347538e-03  1.50051207e-02  2.09347538e-03  4.99994427e-08  2.09347538e-03  4.39990320e-05  2.09347538e-03  4.39990320e-05 
 2.10347538e-03  1.50543204e-02  2.10347538e-03  4.99994430e-08  2.10347538e-03  4.39990320e-05  2.10347538e-03  4.39990320e-05 
 2.11347538e-03  1.51033540e-02  2.11347538e-03  4.99994425e-08  2.11347538e-03  4.39990320e-05  2.11347538e-03  4.39990320e-05 
 2.12347538e-03  1.51522223e-02  2.12347538e-03  4.99994434e-08  2.12347538e-03  4.39990320e-05  2.12347538e-03  4.39990320e-05 
 2.13347538e-03  1.52009256e-02  2.13347538e-03  4.99994442e-08  2.13347538e-03  4.39990320e-05  2.13347538e-03  4.39990320e-05 
 2.14347538e-03  1.52494646e-02  2.14347538e-03  4.99994425e-08  2.14347538e-03  4.39990320e-05  2.14347538e-03  4.39990320e-05 
 2.15347538e-03  1.52978397e-02  2.15347538e-03  4.99994433e-08  2.15347538e-03  4.39990320e-05  2.15347538e-03  4.39990320e-05 
 2.16347538e-03  1.53460517e-02  2.16347538e-03  4.99994430e-08  2.16347538e-03  4.39990320e-05  2.16347538e-03  4.39990320e-05 
 2.17347538e-03  1.53941010e-02  2.17347538e-03  4.99994444e-08  2.17347538e-03  4.39990320e-05  2.17347538e-03  4.39990320e-05 
 2.18347538e-03  1.54419881e-02  2.18347538e-03  4.99994446e-08  2.18347538e-03  4.39990320e-05  2.18347538e-03  4.39990320e-05 
 2.19347538e-03  1.54897137e-02  2.19347538e-03  4.99994436e-08  2.19347538e-03  4.39990320e-05  2.19347538e-03  4.39990320e-05 
 2.20347538e-03  1.55372782e-02  2.20347538e-03  4.99994437e-08  2.20347538e-03  4.39990320e-05  2.20347538e-03  4.39990320e-05 
 2.21347538e-03  1.55846822e-02  2.21347538e-03  4.99994436e-08  2.21347538e-03  4.39990320e-05  2.21347538e-03  4.39990320e-05 
 2.22347538e-03  1.56319263e-02  2.22347538e-03  4.99994443e-08  2.22347538e-03  4.39990320e-05  2.22347538e-03  4.39990320e-05 
 2.23347538e-03  1.56790110e-02  2.23347538e-03  4.99994435e-08  2.23347538e-03  4.39990320e-05  2.23347538e-03  4.39990320e-05 
 2.24347538e-03  1.57259367e-02  2.24347538e-03  4.99994442e-08  2.24347538e-03  4.39990320e-05  2.24347538e-03  4.39990320e-05 
 2.25347538e-03  1.57727042e-02  2.25347538e-03  4.99994442e-08  2.25347538e-03  4.39990320e-05  2.25347538e-03  4.39990320e-05 
 2.26347538e-03  1.58193138e-02  2.26347538e-03  4.99994440e-08  2.26347538e-03  4.39990320e-05  2.26347538e-03  4.39990320e-05 
 2.27347538e-03  1.58657661e-02  2.27347538e-03  4.99994425e-08  2.27347538e-03  4.39990320e-05  2.27347538e-03  4.39990320e-05 
 2.28347538e-03  1.59120617e-02  2.28347538e-03  4.99994442e-08  2.28347538e-03  4.39990320e-05  2.28347538e-03  4.39990320e-05 
 2.29347538e-03  1.59582011e-02  2.29347538e-03  4.99994427e-08  2.29347538e-03  4.39990320e-05  2.29347538e-03  4.39990320e-05 
 2.30347538e-03  1.60041848e-02  2.30347538e-03  4.99994422e-08  2.30347538e-03  4.39990320e-05  2.30347538e-03  4.39990320e-05 
 2.31347538e-03  1.60500134e-02  2.31347538e-03  4.99994436e-08  2.31347538e-03  4.39990320e-05  2.31347538e-03  4.39990320e-05 
 2.32347538e-03  1.60956873e-02  2.32347538e-03  4.99994444e-08  2.32347538e-03  4.39990320e-05  2.32347538e-03  4.39990320e-05 
 2.33347538e-03  1.61412070e-02  2.33347538e-03  4.99994442e-08  2.33347538e-03  4.39990320e-05  2.33347538e-03  4.39990320e-05 
 2.34347538e-03  1.61865732e-02  2.34347538e-03  4.99994441e-08  2.34347538e-03  4.39990320e-05  2.34347538e-03  4.39990320e-05 
 2.35347538e-03  1.62317863e-02  2.35347538e-03  4.99994427e-08  2.35347538e-03  4.39990320e-05  2.35347538e-03  4.39990320e-05 
 2.36347538e-03  1.62768469e-02  2.36347538e-03  4.99994442e-08  2.36347538e-03  4.39990320e-05  2.36347538e-03  4.39990320e-05 
 2.37347538e-03  1.63217553e-02  2.37347538e-03  4.99994434e-08  2.37347538e-03  4.39990320e-05  2.37347538e-03  4.39990320e-05 
 2.38347538e-03  1.63665123e-02  2.38347538e-03  4.99994432e-08  2.38347538e-03  4.39990320e-05  2.38347538e-03  4.39990320e-05 
 2.39347538e-03  1.64111182e-02  2.39347538e-03  4.99994434e-08  2.39347538e-03  4.39990320e-05  2.39347538e-03  4.39990320e-05 
 2.40347538e-03  1.64555736e-02  2.40347538e-03  4.99994428e-08  2.40347538e-03  4.39990320e-05  2.40347538e-03  4.39990320e-05 
 2.41347538e-03  1.64998791e-02  2.41347538e-03  4.99994438e-08  2.41347538e-03  4.39990320e-05  2.41347538e-03  4.39990320e-05 
 2.42347538e-03  1.65440350e-02  2.42347538e-03  4.99994443e-08  2.42347538e-03  4.39990320e-05  2.42347538e-03  4.39990320e-05 
 2.43347538e-03  1.65880419e-02  2.43347538e-03  4.99994442e-08  2.43347538e-03  4.39990320e-05  2.43347538e-03  4.39990320e-05 
 2.44347538e-03  1.66319003e-02  2.44347538e-03  4.99994444e-08  2.44347538e-03  4.39990320e-05  2.44347538e-03  4.39990320e-05 
 2.45347538e-03  1.66756107e-02  2.45347538e-03  4.99994429e-08  2.45347538e-03  4.39990320e-05  2.45347538e-03  4.39990320e-05 
 2.46347538e-03  1.67191737e-02  2.46347538e-03  4.99994439e-08  2.46347538e-03  4.39990320e-05  2.46347538e-03  4.39990320e-05 
 2.47347538e-03  1.67625896e-02  2.47347538e-03  4.99994430e-08  2.47347538e-03  4.39990320e-05  2.47347538e-03  4.39990320e-05 
 2.48347538e-03  1.68058591e-02  2.48347538e-03  4.99994435e-08  2.48347538e-03  4.39990320e-05  2.48347538e-03  4.39990320e-05 
 2.49347538e-03  1.68489825e-02  2.49347538e-03  4.99994441e-08  2.49347538e-03  4.39990320e-05  2.49347538e-03  4.39990320e-05 
 2.50347538e-03  1.68919604e-02  2.50347538e-03  4.99994427e-08  2.50347538e-03  4.39990320e-05  2.50347538e-03  4.39990320e-05 
 2.51347538e-03  1.69347933e-02  2.51347538e-03  4.99994436e-08  2.51347538e-03  4.39990320e-05  2.51347538e-03  4.39990320e-05 
 2.52347538e-03  1.69774817e-02  2.52347538e-03  4.99994428e-08  2.52347538e-03  4.39990320e-05  2.52347538e-03  4.39990320e-05 
 2.53347538e-03  1.70200261e-02  2.53347538e-03  4.99994438e-08  2.53347538e-03  4.39990320e-05  2.53347538e-03  4.39990320e-05 
 2.54347538e-03  1.70624268e-02  2.54347538e-03  4.99994445e-08  2.54347538e-03  4.39990320e-05  2.54347538e-03  4.39990320e-05 
 2.55347538e-03  1.71046845e-02  2.55347538e-03  4.99994446e-08  2.55347538e-03  4.39990320e-05  2.55347538e-03  4.39990320e-05 
 2.56347538e-03  1.71467996e-02  2.56347538e-03  4.99994442e-08  2.56347538e-03  4.39990320e-05  2.56347538e-03  4.39990320e-05 
 2.57347538e-03  1.71887727e-02  2.57347538e-03  4.99994445e-08  2.57347538e-03  4.39990320e-05  2.57347538e-03  4.39990320e-05 
 2.58347538e-03  1.72306040e-02  2.58347538e-03  4.99994432e-08  2.58347538e-03  4.39990320e-05  2.58347538e-03  4.39990320e-05 
 2.59347538e-03  1.72722942e-02  2.59347538e-03  4.99994440e-08  2.59347538e-03  4.39990320e-05  2.59347538e-03  4.39990320e-05 
 2.60347538e-03  1.73138438e-02  2.60347538e-03  4.99994426e-08  2.60347538e-03  4.39990320e-05  2.60347538e-03  4.39990320e-05 
 2.61347538e-03  1.73552531e-02  2.61347538e-03  4.99994432e-08  2.61347538e-03  4.39990320e-05  2.61347538e-03  4.39990320e-05 
 2.62347538e-03  1.73965228e-02  2.62347538e-03  4.99994425e-08  2.62347538e-03  4.39990320e-05  2.62347538e-03  4.39990320e-05 
 2.63347538e-03  1.74376531e-02  2.63347538e-03  4.99994441e-08  2.63347538e-03  4.39990320e-05  2.63347538e-03  4.39990320e-05 
 2.64347538e-03  1.74786447e-02  2.64347538e-03  4.99994430e-08  2.64347538e-03  4.39990320e-05  2.64347538e-03  4.39990320e-05 
 2.65347538e-03  1.75194979e-02  2.65347538e-03  4.99994430e-08  2.65347538e-03  4.39990320e-05  2.65347538e-03  4.39990320e-05 
 2.66347538e-03  1.75602133e-02  2.66347538e-03  4.99994437e-08  2.66347538e-03  4.39990320e-05  2.66347538e-03  4.39990320e-05 
 2.67347538e-03  1.76007914e-02  2.67347538e-03  4.99994432e-08  2.67347538e-03  4.39990320e-05  2.67347538e-03  4.39990320e-05 
 2.68347538e-03  1.76412325e-02  2.68347538e-03  4.99994435e-08  2.68347538e-03  4.39990320e-05  2.68347538e-03  4.39990320e-05 
 2.69347538e-03  1.76815371e-02  2.69347538e-03  4.99994434e-08  2.69347538e-03  4.39990320e-05  2.69347538e-03  4.39990320e-05 
 2.70347538e-03  1.77217057e-02  2.70347538e-03  4.99994443e-08  2.70347538e-03  4.39990320e-05  2.70347538e-03  4.39990320e-05 
 2.71347538e-03  1.77617388e-02  2.71347538e-03  4.99994437e-08  2.71347538e-03  4.39990320e-05  2.71347538e-03  4.39990320e-05 
 2.72347538e-03  1.78016368e-02  2.72347538e-03  4.99994443e-08  2.72347538e-03  4.39990320e-05  2.72347538e-03  4.39990320e-05 
 2.73347538e-03  1.78414002e-02  2.73347538e-03  4.99994439e-08  2.73347538e-03  4.39990320e-05  2.73347538e-03  4.39990320e-05 
 2.74347538e-03  1.78810294e-02  2.74347538e-03  4.99994437e-08  2.74347538e-03  4.39990320e-05  2.74347538e-03  4.39990320e-05 
 2.75347538e-03  1.79205249e-02  2.75347538e-03  4.99994427e-08  2.75347538e-03  4.39990320e-05  2.75347538e-03  4.39990320e-05 
 2.76347538e-03  1.79598871e-02  2.76347538e-03  4.99994437e-08  2.76347538e-03  4.39990320e-05  2.76347538e-03  4.39990320e-05 
 2.77347538e-03  1.79991165e-02  2.77347538e-03  4.99994445e-08  2.77347538e-03  4.39990320e-05  2.77347538e-03  4.39990320e-05 
 2.78347538e-03  1.80382135e-02  2.78347538e-03  4.99994425e-08  2.78347538e-03  4.39990320e-05  2.78347538e-03  4.39990320e-05 
 2.79347538e-03  1.80771786e-02  2.79347538e-03  4.99994428e-08  2.79347538e-03  4.39990320e-05  2.79347538e-03  4.39990320e-05 
 2.80347538e-03  1.81160123e-02  2.80347538e-03  4.99994428e-08  2.80347538e-03  4.39990320e-05  2.80347538e-03  4.39990320e-05 
 2.81347538e-03  1.81547148e-02  2.81347538e-03  4.99994440e-08  2.81347538e-03  4.39990320e-05  2.81347538e-03  4.39990320e-05 
 2.82347538e-03  1.81932868e-02  2.82347538e-03  4.99994440e-08  2.82347538e-03  4.39990320e-05  2.82347538e-03  4.39990320e-05 
 2.83347538e-03  1.82317287e-02  2.83347538e-03  4.99994437e-08  2.83347538e-03  4.39990320e-05  2.83347538e-03  4.39990320e-05 
 2.84347538e-03  1.82700408e-02  2.84347538e-03  4.99994424e-08  2.84347538e-03  4.39990320e-05  2.84347538e-03  4.39990320e-05 
 2.85347538e-03  1.83082236e-02  2.85347538e-03  4.99994435e-08  2.85347538e-03  4.39990320e-05  2.85347538e-03  4.39990320e-05 
 2.86347538e-03  1.83462776e-02  2.86347538e-03  4.99994428e-08  2.86347538e-03  4.39990320e-05  2.86347538e-03  4.39990320e-05 
 2.87347538e-03  1.83842032e-02  2.87347538e-03  4.99994436e-08  2.87347538e-03  4.39990320e-05  2.87347538e-03  4.39990320e-05 
 2.88347538e-03  1.84220008e-02  2.88347538e-03  4.99994444e-08  2.88347538e-03  4.39990320e-05  2.88347538e-03  4.39990320e-05 
 2.89347538e-03  1.84596709e-02  2.89347538e-03  4.99994426e-08  2.89347538e-03  4.39990320e-05  2.89347538e-03  4.39990320e-05 
 2.90347538e-03  1.84972139e-02  2.90347538e-03  4.99994430e-08  2.90347538e-03  4.39990320e-05  2.90347538e-03  4.39990320e-05 
 2.91347538e-03  1.85346302e-02  2.91347538e-03  4.99994428e-08  2.91347538e-03  4.39990320e-05  2.91347538e-03  4.39990320e-05 
 2.92347538e-03  1.85719202e-02  2.92347538e-03  4.99994436e-08  2.92347538e-03  4.39990320e-05  2.92347538e-03  4.39990320e-05 
 2.93347538e-03  1.86090844e-02  2.93347538e-03  4.99994438e-08  2.93347538e-03  4.39990320e-05  2.93347538e-03  4.39990320e-05 
 2.94347538e-03  1.86461232e-02  2.94347538e-03  4.99994442e-08  2.94347538e-03  4.39990320e-05  2.94347538e-03  4.39990320e-05 
 2.95347538e-03  1.86830371e-02  2.95347538e-03  4.99994429e-08  2.95347538e-03  4.39990320e-05  2.95347538e-03  4.39990320e-05 
 2.96347538e-03  1.87198263e-02  2.96347538e-03  4.99994440e-08  2.96347538e-03  4.39990320e-05  2.96347538e-03  4.39990320e-05 
 2.97347538e-03  1.87564915e-02  2.97347538e-03  4.99994429e-08  2.97347538e-03  4.39990320e-05  2.97347538e-03  4.39990320e-05 
 2.98347538e-03  1.87930329e-02  2.98347538e-03  4.99994432e-08  2.98347538e-03  4.39990320e-05  2.98347538e-03  4.39990320e-05 
 2.99347538e-03  1.88294510e-02  2.99347538e-03  4.99994441e-08  2.99347538e-03  4.39990320e-05  2.99347538e-03  4.39990320e-05 
 3.00347538e-03  1.88657462e-02  3.00347538e-03  4.99994431e-08  3.00347538e-03  4.39990320e-05  3.00347538e-03  4.39990320e-05 
 3.01347538e-03  1.89019189e-02  3.01347538e-03  4.99994438e-08  3.01347538e-03  4.39990320e-05  3.01347538e-03  4.39990320e-05 
 3.02347538e-03  1.89379696e-02  3.02347538e-03  4.99994445e-08  3.02347538e-03  4.39990320e-05  3.02347538e-03  4.39990320e-05 
 3.03347538e-03  1.89738987e-02  3.03347538e-03  4.99994425e-08  3.03347538e-03  4.39990320e-05  3.03347538e-03  4.39990320e-05 
 3.04347538e-03  1.90097065e-02  3.04347538e-03  4.99994430e-08  3.04347538e-03  4.39990320e-05  3.04347538e-03  4.39990320e-05 
 3.05347538e-03  1.90453935e-02  3.05347538e-03  4.99994428e-08  3.05347538e-03  4.39990320e-05  3.05347538e-03  4.39990320e-05 
 3.06347538e-03  1.90809600e-02  3.06347538e-03  4.99994437e-08  3.06347538e-03  4.39990320e-05  3.06347538e-03  4.39990320e-05 
 3.07347538e-03  1.91164066e-02  3.07347538e-03  4.99994438e-08  3.07347538e-03  4.39990320e-05  3.07347538e-03  4.39990320e-05 
 3.08347538e-03  1.91517335e-02  3.08347538e-03  4.99994439e-08  3.08347538e-03  4.39990320e-05  3.08347538e-03  4.39990320e-05 
 3.09347538e-03  1.91869413e-02  3.09347538e-03  4.99994428e-08  3.09347538e-03  4.39990320e-05  3.09347538e-03  4.39990320e-05 
 3.10347538e-03  1.92220302e-02  3.10347538e-03  4.99994443e-08  3.10347538e-03  4.39990320e-05  3.10347538e-03  4.39990320e-05 
 3.11347538e-03  1.92570007e-02  3.11347538e-03  4.99994432e-08  3.11347538e-03  4.39990320e-05  3.11347538e-03  4.39990320e-05 
 3.12347538e-03  1.92918533e-02  3.12347538e-03  4.99994429e-08  3.12347538e-03  4.39990320e-05  3.12347538e-03  4.39990320e-05 
 3.13347538e-03  1.93265882e-02  3.13347538e-03  4.99994435e-08  3.13347538e-03  4.39990320e-05  3.13347538e-03  4.39990320e-05 
 3.14347538e-03  1.93612059e-02  3.14347538e-03  4.99994433e-08  3.14347538e-03  4.39990320e-05  3.14347538e-03  4.39990320e-05 
 3.15347538e-03  1.93957069e-02  3.15347538e-03  4.99994439e-08  3.15347538e-03  4.39990320e-05  3.15347538e-03  4.39990320e-05 
 3.16347538e-03  1.94300914e-02  3.16347538e-03  4.99994435e-08  3.16347538e-03  4.39990320e-05  3.16347538e-03  4.39990320e-05 
 3.17347538e-03  1.94643598e-02  3.17347538e-03  4.99994437e-08  3.17347538e-03  4.39990320e-05  3.17347538e-03  4.39990320e-05 
 3.18347538e-03  1.94985127e-02  3.18347538e-03  4.99994432e-08  3.18347538e-03  4.39990320e-05  3.18347538e-03  4.39990320e-05 
 3.19347538e-03  1.95325503e-02  3.19347538e-03  4.99994439e-08  3.19347538e-03  4.39990320e-05  3.19347538e-03  4.39990320e-05 
 3.20347538e-03  1.95664730e-02  3.20347538e-03  4.99994439e-08  3.20347538e-03  4.39990320e-05  3.20347538e-03  4.39990320e-05 
 3.21347538e-03  1.96002813e-02  3.21347538e-03  4.99994440e-08  3.21347538e-03  4.39990320e-05  3.21347538e-03  4.39990320e-05 
 3.22347538e-03  1.96339755e-02  3.22347538e-03  4.99994428e-08  3.22347538e-03  4.39990320e-05  3.22347538e-03  4.39990320e-05 
 3.23347538e-03  1.96675560e-02  3.23347538e-03  4.99994443e-08  3.23347538e-03  4.39990320e-05  3.23347538e-03  4.39990320e-05 
 3.24347538e-03  1.97010232e-02  3.24347538e-03  4.99994433e-08  3.24347538e-03  4.39990320e-05  3.24347538e-03  4.39990320e-05 
 3.25347538e-03  1.97343775e-02  3.25347538e-03  4.99994430e-08  3.25347538e-03  4.39990320e-05  3.25347538e-03  4.39990320e-05 
 3.26347538e-03  1.97676192e-02  3.26347538e-03  4.99994434e-08  3.26347538e-03  4.39990320e-05  3.26347538e-03  4.39990320e-05 
 3.27347538e-03  1.98007488e-02  3.27347538e-03  4.99994431e-08  3.27347538e-03  4.39990320e-05  3.27347538e-03  4.39990320e-05 
 3.28347538e-03  1.98337665e-02  3.28347538e-03  4.99994440e-08  3.28347538e-03  4.39990320e-05  3.28347538e-03  4.39990320e-05 
 3.29347538e-03  1.98666729e-02  3.29347538e-03  4.99994438e-08  3.29347538e-03  4.39990320e-05  3.29347538e-03  4.39990320e-05 
 3.30347538e-03  1.98994682e-02  3.30347538e-03  4.99994437e-08  3.30347538e-03  4.39990320e-05  3.30347538e-03  4.39990320e-05 
 3.31347538e-03  1.99321528e-02  3.31347538e-03  4.99994428e-08  3.31347538e-03  4.39990320e-05  3.31347538e-03  4.39990320e-05 
 3.32347538e-03  1.99647272e-02  3.32347538e-03  4.99994437e-08  3.32347538e-03  4.39990320e-05  3.32347538e-03  4.39990320e-05 
 3.33347538e-03  1.99971917e-02  3.33347538e-03  4.99994444e-08  3.33347538e-03  4.39990320e-05  3.33347538e-03  4.39990320e-05 
 3.34347538e-03  2.00295466e-02  3.34347538e-03  4.99994446e-08  3.34347538e-03  4.39990320e-05  3.34347538e-03  4.39990320e-05 
 3.35347538e-03  2.00617923e-02  3.35347538e-03  4.99994444e-08  3.35347538e-03  4.39990320e-05  3.35347538e-03  4.39990320e-05 
 3.36347538e-03  2.00939292e-02  3.36347538e-03  4.99994424e-08  3.36347538e-03  4.39990320e-05  3.36347538e-03  4.39990320e-05 
 3.37347538e-03  2.01259577e-02  3.37347538e-03  4.99994436e-08  3.37347538e-03  4.39990320e-05  3.37347538e-03  4.39990320e-05 
 3.38347538e-03  2.01578781e-02  3.38347538e-03  4.99994435e-08  3.38347538e-03  4.39990320e-05  3.38347538e-03  4.39990320e-05 
 3.39347538e-03  2.01896908e-02  3.39347538e-03  4.99994443e-08  3.39347538e-03  4.39990320e-05  3.39347538e-03  4.39990320e-05 
 3.40347538e-03  2.02213962e-02  3.40347538e-03  4.99994437e-08  3.40347538e-03  4.39990320e-05  3.40347538e-03  4.39990320e-05 
 3.41347538e-03  2.02529945e-02  3.41347538e-03  4.99994444e-08  3.41347538e-03  4.39990320e-05  3.41347538e-03  4.39990320e-05 
 3.42347538e-03  2.02844863e-02  3.42347538e-03  4.99994441e-08  3.42347538e-03  4.39990320e-05  3.42347538e-03  4.39990320e-05 
 3.43347538e-03  2.03158718e-02  3.43347538e-03  4.99994436e-08  3.43347538e-03  4.39990320e-05  3.43347538e-03  4.39990320e-05 
 3.44347538e-03  2.03471513e-02  3.44347538e-03  4.99994424e-08  3.44347538e-03  4.39990320e-05  3.44347538e-03  4.39990320e-05 
 3.45347538e-03  2.03783254e-02  3.45347538e-03  4.99994437e-08  3.45347538e-03  4.39990320e-05  3.45347538e-03  4.39990320e-05 
 3.46347538e-03  2.04093942e-02  3.46347538e-03  4.99994430e-08  3.46347538e-03  4.39990320e-05  3.46347538e-03  4.39990320e-05 
 3.47347538e-03  2.04403582e-02  3.47347538e-03  4.99994434e-08  3.47347538e-03  4.39990320e-05  3.47347538e-03  4.39990320e-05 
 3.48347538e-03  2.04712177e-02  3.48347538e-03  4.99994440e-08  3.48347538e-03  4.39990320e-05  3.48347538e-03  4.39990320e-05 
 3.49347538e-03  2.05019731e-02  3.49347538e-03  4.99994427e-08  3.49347538e-03  4.39990320e-05  3.49347538e-03  4.39990320e-05 
 3.50347538e-03  2.05326248e-02  3.50347538e-03  4.99994438e-08  3.50347538e-03  4.39990320e-05  3.50347538e-03  4.39990320e-05 
 3.51347538e-03  2.05631729e-02  3.51347538e-03  4.99994430e-08  3.51347538e-03  4.39990320e-05  3.51347538e-03  4.39990320e-05 
 3.52347538e-03  2.05936181e-02  3.52347538e-03  4.99994436e-08  3.52347538e-03  4.39990320e-05  3.52347538e-03  4.39990320e-05 
 3.53347538e-03  2.06239604e-02  3.53347538e-03  4.99994442e-08  3.53347538e-03  4.39990320e-05  3.53347538e-03  4.39990320e-05 
 3.54347538e-03  2.06542004e-02  3.54347538e-03  4.99994425e-08  3.54347538e-03  4.39990320e-05  3.54347538e-03  4.39990320e-05 
 3.55347538e-03  2.06843384e-02  3.55347538e-03  4.99994435e-08  3.55347538e-03  4.39990320e-05  3.55347538e-03  4.39990320e-05 
 3.56347538e-03  2.07143746e-02  3.56347538e-03  4.99994431e-08  3.56347538e-03  4.39990320e-05  3.56347538e-03  4.39990320e-05 
 3.57347538e-03  2.07443096e-02  3.57347538e-03  4.99994441e-08  3.57347538e-03  4.39990320e-05  3.57347538e-03  4.39990320e-05 
 3.58347538e-03  2.07741435e-02  3.58347538e-03  4.99994443e-08  3.58347538e-03  4.39990320e-05  3.58347538e-03  4.39990320e-05 
 3.59347538e-03  2.08038767e-02  3.59347538e-03  4.99994439e-08  3.59347538e-03  4.39990320e-05  3.59347538e-03  4.39990320e-05 
 3.60347538e-03  2.08335096e-02  3.60347538e-03  4.99994442e-08  3.60347538e-03  4.39990320e-05  3.60347538e-03  4.39990320e-05 
 3.61347538e-03  2.08630425e-02  3.61347538e-03  4.99994434e-08  3.61347538e-03  4.39990320e-05  3.61347538e-03  4.39990320e-05 
 3.62347538e-03  2.08924758e-02  3.62347538e-03  4.99994444e-08  3.62347538e-03  4.39990320e-05  3.62347538e-03  4.39990320e-05 
 3.63347538e-03  2.09218097e-02  3.63347538e-03  4.99994446e-08  3.63347538e-03  4.39990320e-05  3.63347538e-03  4.39990320e-05 
 3.64347538e-03  2.09510447e-02  3.64347538e-03  4.99994439e-08  3.64347538e-03  4.39990320e-05  3.64347538e-03  4.39990320e-05 
 3.65347538e-03  2.09801810e-02  3.65347538e-03  4.99994439e-08  3.65347538e-03  4.39990320e-05  3.65347538e-03  4.39990320e-05 
 3.66347538e-03  2.10092190e-02  3.66347538e-03  4.99994432e-08  3.66347538e-03  4.39990320e-05  3.66347538e-03  4.39990320e-05 
 3.67347538e-03  2.10381590e-02  3.67347538e-03  4.99994438e-08  3.67347538e-03  4.39990320e-05  3.67347538e-03  4.39990320e-05 
 3.68347538e-03  2.10670013e-02  3.68347538e-03  4.99994438e-08  3.68347538e-03  4.39990320e-05  3.68347538e-03  4.39990320e-05 
 3.69347538e-03  2.10957464e-02  3.69347538e-03  4.99994441e-08  3.69347538e-03  4.39990320e-05  3.69347538e-03  4.39990320e-05 
 3.70347538e-03  2.11243944e-02  3.70347538e-03  4.99994429e-08  3.70347538e-03  4.39990320e-05  3.70347538e-03  4.39990320e-05 
 3.71347538e-03  2.11529458e-02  3.71347538e-03  4.99994441e-08  3.71347538e-03  4.39990320e-05  3.71347538e-03  4.39990320e-05 
 3.72347538e-03  2.11814008e-02  3.72347538e-03  4.99994430e-08  3.72347538e-03  4.39990320e-05  3.72347538e-03  4.39990320e-05 
 3.73347538e-03  2.12097599e-02  3.73347538e-03  4.99994431e-08  3.73347538e-03  4.39990320e-05  3.73347538e-03  4.39990320e-05 
 3.74347538e-03  2.12380232e-02  3.74347538e-03  4.99994440e-08  3.74347538e-03  4.39990320e-05  3.74347538e-03  4.39990320e-05 
 3.75347538e-03  2.12661911e-02  3.75347538e-03  4.99994433e-08  3.75347538e-03  4.39990320e-05  3.75347538e-03  4.39990320e-05 
 3.76347538e-03  2.12942641e-02  3.76347538e-03  4.99994442e-08  3.76347538e-03  4.39990320e-05  3.76347538e-03  4.39990320e-05 
 3.77347538e-03  2.13222422e-02  3.77347538e-03  4.99994444e-08  3.77347538e-03  4.39990320e-05  3.77347538e-03  4.39990320e-05 
 3.78347538e-03  2.13501260e-02  3.78347538e-03  4.99994440e-08  3.78347538e-03  4.39990320e-05  3.78347538e-03  4.39990320e-05 
 3.79347538e-03  2.13779157e-02  3.79347538e-03  4.99994443e-08  3.79347538e-03  4.39990320e-05  3.79347538e-03  4.39990320e-05 
 3.80347538e-03  2.14056116e-02  3.80347538e-03  4.99994433e-08  3.80347538e-03  4.39990320e-05  3.80347538e-03  4.39990320e-05 
 3.81347538e-03  2.14332141e-02  3.81347538e-03  4.99994443e-08  3.81347538e-03  4.39990320e-05  3.81347538e-03  4.39990320e-05 
 3.82347538e-03  2.14607234e-02  3.82347538e-03  4.99994426e-08  3.82347538e-03  4.39990320e-05  3.82347538e-03  4.39990320e-05 
 3.83347538e-03  2.14881399e-02  3.83347538e-03  4.99994427e-08  3.83347538e-03  4.39990320e-05  3.83347538e-03  4.39990320e-05 
 3.84347538e-03  2.15154639e-02  3.84347538e-03  4.99994443e-08  3.84347538e-03  4.39990320e-05  3.84347538e-03  4.39990320e-05 
 3.85347538e-03  2.15426957e-02  3.85347538e-03  4.99994440e-08  3.85347538e-03  4.39990320e-05  3.85347538e-03  4.39990320e-05 
 3.86347538e-03  2.15698356e-02  3.86347538e-03  4.99994440e-08  3.86347538e-03  4.39990320e-05  3.86347538e-03  4.39990320e-05 
 3.87347538e-03  2.15968839e-02  3.87347538e-03  4.99994431e-08  3.87347538e-03  4.39990320e-05  3.87347538e-03  4.39990320e-05 
 3.88347538e-03  2.16238410e-02  3.88347538e-03  4.99994437e-08  3.88347538e-03  4.39990320e-05  3.88347538e-03  4.39990320e-05 
 3.89347538e-03  2.16507070e-02  3.89347538e-03  4.99994440e-08  3.89347538e-03  4.39990320e-05  3.89347538e-03  4.39990320e-05 
 3.90347538e-03  2.16774825e-02  3.90347538e-03  4.99994444e-08  3.90347538e-03  4.39990320e-05  3.90347538e-03  4.39990320e-05 
 3.91347538e-03  2.17041676e-02  3.91347538e-03  4.99994428e-08  3.91347538e-03  4.39990320e-05  3.91347538e-03  4.39990320e-05 
 3.92347538e-03  2.17307626e-02  3.92347538e-03  4.99994437e-08  3.92347538e-03  4.39990320e-05  3.92347538e-03  4.39990320e-05 
 3.93347538e-03  2.17572679e-02  3.93347538e-03  4.99994429e-08  3.93347538e-03  4.39990320e-05  3.93347538e-03  4.39990320e-05 
 3.94347538e-03  2.17836838e-02  3.94347538e-03  4.99994438e-08  3.94347538e-03  4.39990320e-05  3.94347538e-03  4.39990320e-05 
 3.95347538e-03  2.18100105e-02  3.95347538e-03  4.99994444e-08  3.95347538e-03  4.39990320e-05  3.95347538e-03  4.39990320e-05 
 3.96347538e-03  2.18362484e-02  3.96347538e-03  4.99994444e-08  3.96347538e-03  4.39990320e-05  3.96347538e-03  4.39990320e-05 
 3.97347538e-03  2.18623978e-02  3.97347538e-03  4.99994444e-08  3.97347538e-03  4.39990320e-05  3.97347538e-03  4.39990320e-05 
 3.98347538e-03  2.18884589e-02  3.98347538e-03  4.99994426e-08  3.98347538e-03  4.39990320e-05  3.98347538e-03  4.39990320e-05 
 3.99347538e-03  2.19144321e-02  3.99347538e-03  4.99994438e-08  3.99347538e-03  4.39990320e-05  3.99347538e-03  4.39990320e-05 
 4.00347538e-03  2.19403176e-02  4.00347538e-03  4.99994433e-08  4.00347538e-03  4.39990320e-05  4.00347538e-03  4.39990320e-05 
 4.01347538e-03  2.19661158e-02  4.01347538e-03  4.99994439e-08  4.01347538e-03  4.39990320e-05  4.01347538e-03  4.39990320e-05 
 4.02347538e-03  2.19918270e-02  4.02347538e-03  4.99994438e-08  4.02347538e-03  4.39990320e-05  4.02347538e-03  4.39990320e-05 
 4.03347538e-03  2.20174514e-02  4.03347538e-03  4.99994427e-08  4.03347538e-03  1.99990910e+00  4.03347538e-03  4.39990320e-05 
 4.04347538e-03  2.20429893e-02  4.04347538e-03  4.99994435e-08  4.04347538e-03  1.99990910e+00  4.04347538e-03  4.39990320e-05 
 4.05347538e-03  2.20684411e-02  4.05347538e-03  4.99994445e-08  4.05347538e-03  1.99990910e+00  4.05347538e-03  4.39990320e-05 
 4.06347538e-03  2.20938069e-02  4.06347538e-03  4.99994428e-08  4.06347538e-03  1.99990910e+00  4.06347538e-03  4.39990320e-05 
 4.07347538e-03  2.21190872e-02  4.07347538e-03  4.99994431e-08  4.07347538e-03  1.99990910e+00  4.07347538e-03  4.39990320e-05 
 4.08347538e-03  2.21442822e-02  4.08347538e-03  4.99994445e-08  4.08347538e-03  1.99990910e+00  4.08347538e-03  4.39990320e-05 
 4.09347538e-03  2.21693922e-02  4.09347538e-03  4.99994437e-08  4.09347538e-03  1.99990910e+00  4.09347538e-03  4.39990320e-05 
 4.10347538e-03  2.21944174e-02  4.10347538e-03  4.99994436e-08  4.10347538e-03  1.99990910e+00  4.10347538e-03  4.39990320e-05 
 4.11347538e-03  2.22193582e-02  4.11347538e-03  4.99994434e-08  4.11347538e-03  1.99990910e+00  4.11347538e-03  4.39990320e-05 
 4.12347538e-03  2.22442148e-02  4.12347538e-03  4.99994444e-08  4.12347538e-03  1.99990910e+00  4.12347538e-03  4.39990320e-05 
 4.13347538e-03  2.22689876e-02  4.13347538e-03  4.99994439e-08  4.13347538e-03  1.99990910e+00  4.13347538e-03  4.39990320e-05 
 4.14347538e-03  2.22936767e-02  4.14347538e-03  4.99994442e-08  4.14347538e-03  1.99990910e+00  4.14347538e-03  4.39990320e-05 
 4.15347538e-03  2.23182826e-02  4.15347538e-03  4.99994436e-08  4.15347538e-03  1.99990910e+00  4.15347538e-03  4.39990320e-05 
 4.16347538e-03  2.23428054e-02  4.16347538e-03  4.99994437e-08  4.16347538e-03  1.99990910e+00  4.16347538e-03  4.39990320e-05 
 4.17347538e-03  2.23672455e-02  4.17347538e-03  4.99994432e-08  4.17347538e-03  1.99990910e+00  4.17347538e-03  4.39990320e-05 
 4.18347538e-03  2.23916031e-02  4.18347538e-03  4.99994439e-08  4.18347538e-03  1.99990910e+00  4.18347538e-03  4.39990320e-05 
 4.19347538e-03  2.24158786e-02  4.19347538e-03  4.99994438e-08  4.19347538e-03  1.99990910e+00  4.19347538e-03  4.39990320e-05 
 4.20347538e-03  2.24400721e-02  4.20347538e-03  4.99994439e-08  4.20347538e-03  1.99990910e+00  4.20347538e-03  4.39990320e-05 
 4.21347538e-03  2.24641839e-02  4.21347538e-03  4.99994428e-08  4.21347538e-03  1.99990910e+00  4.21347538e-03  4.39990320e-05 
 4.22347538e-03  2.24882145e-02  4.22347538e-03  4.99994444e-08  4.22347538e-03  1.99990910e+00  4.22347538e-03  4.39990320e-05 
 4.23347538e-03  2.25121639e-02  4.23347538e-03  4.99994432e-08  4.23347538e-03  1.99990910e+00  4.23347538e-03  4.39990320e-05 
 4.24347538e-03  2.25360325e-02  4.24347538e-03  4.99994428e-08  4.24347538e-03  1.99990910e+00  4.24347538e-03  4.39990320e-05 
 4.25347538e-03  2.25598206e-02  4.25347538e-03  4.99994434e-08  4.25347538e-03  1.99990910e+00  4.25347538e-03  4.39990320e-05 
 4.26347538e-03  2.25835284e-02  4.26347538e-03  4.99994433e-08  4.26347538e-03  1.99990910e+00  4.26347538e-03  4.39990320e-05 
 4.27347538e-03  2.26071562e-02  4.27347538e-03  4.99994440e-08  4.27347538e-03  1.99990910e+00  4.27347538e-03  4.39990320e-05 
 4.28347538e-03  2.26307043e-02  4.28347538e-03  4.99994435e-08  4.28347538e-03  1.99990910e+00  4.28347538e-03  4.39990320e-05 
 4.29347538e-03  2.26541729e-02  4.29347538e-03  4.99994435e-08  4.29347538e-03  1.99990910e+00  4.29347538e-03  4.39990320e-05 
 4.30347538e-03  2.26775623e-02  4.30347538e-03  4.99994431e-08  4.30347538e-03  1.99990910e+00  4.30347538e-03  4.39990320e-05 
 4.31347538e-03  2.27008729e-02  4.31347538e-03  4.99994442e-08  4.31347538e-03  1.99990910e+00  4.31347538e-03  4.39990320e-05 
 4.32347538e-03  2.27241047e-02  4.32347538e-03  4.99994442e-08  4.32347538e-03  1.99990910e+00  4.32347538e-03  4.39990320e-05 
 4.33347538e-03  2.27472582e-02  4.33347538e-03  4.99994436e-08  4.33347538e-03  1.99990910e+00  4.33347538e-03  4.39990320e-05 
 4.34347538e-03  2.27703335e-02  4.34347538e-03  4.99994442e-08  4.34347538e-03  1.99990910e+00  4.34347538e-03  4.39990320e-05 
 4.35347538e-03  2.27933310e-02  4.35347538e-03  4.99994438e-08  4.35347538e-03  1.99990910e+00  4.35347538e-03  4.39990320e-05 
 4.36347538e-03  2.28162509e-02  4.36347538e-03  4.99994435e-08  4.36347538e-03  1.99990910e+00  4.36347538e-03  4.39990320e-05 
 4.37347538e-03  2.28390934e-02  4.37347538e-03  4.99994428e-08  4.37347538e-03  1.99990910e+00  4.37347538e-03  4.39990320e-05 
 4.38347538e-03  2.28618588e-02  4.38347538e-03  4.99994439e-08  4.38347538e-03  1.99990910e+00  4.38347538e-03  4.39990320e-05 
 4.39347538e-03  2.28845475e-02  4.39347538e-03  4.99994445e-08  4.39347538e-03  1.99990910e+00  4.39347538e-03  4.39990320e-05 
 4.40347538e-03  2.29071596e-02  4.40347538e-03  4.99994442e-08  4.40347538e-03  1.99990910e+00  4.40347538e-03  4.39990320e-05 
 4.41347538e-03  2.29296953e-02  4.41347538e-03  4.99994440e-08  4.41347538e-03  1.99990910e+00  4.41347538e-03  4.39990320e-05 
 4.42347538e-03  2.29521551e-02  4.42347538e-03  4.99994428e-08  4.42347538e-03  1.99990910e+00  4.42347538e-03  4.39990320e-05 
 4.43347538e-03  2.29745390e-02  4.43347538e-03  4.99994434e-08  4.43347538e-03  1.99990910e+00  4.43347538e-03  4.39990320e-05 
 4.44347538e-03  2.29968474e-02  4.44347538e-03  4.99994442e-08  4.44347538e-03  1.99990910e+00  4.44347538e-03  4.39990320e-05 
 4.45347538e-03  2.30190806e-02  4.45347538e-03  4.99994429e-08  4.45347538e-03  1.99990910e+00  4.45347538e-03  4.39990320e-05 
 4.46347538e-03  2.30412387e-02  4.46347538e-03  4.99994435e-08  4.46347538e-03  1.99990910e+00  4.46347538e-03  4.39990320e-05 
 4.47347538e-03  2.30633221e-02  4.47347538e-03  4.99994425e-08  4.47347538e-03  1.99990910e+00  4.47347538e-03  4.39990320e-05 
 4.48347538e-03  2.30853309e-02  4.48347538e-03  4.99994439e-08  4.48347538e-03  1.99990910e+00  4.48347538e-03  4.39990320e-05 
 4.49347538e-03  2.31072655e-02  4.49347538e-03  4.99994429e-08  4.49347538e-03  1.99990910e+00  4.49347538e-03  4.39990320e-05 
 4.50347538e-03  2.31291260e-02  4.50347538e-03  4.99994433e-08  4.50347538e-03  1.99990910e+00  4.50347538e-03  4.39990320e-05 
 4.51347538e-03  2.31509128e-02  4.51347538e-03  4.99994440e-08  4.51347538e-03  1.99990910e+00  4.51347538e-03  4.39990320e-05 
 4.52347538e-03  2.31726261e-02  4.52347538e-03  4.99994430e-08  4.52347538e-03  1.99990910e+00  4.52347538e-03  4.39990320e-05 
 4.53347538e-03  2.31942661e-02  4.53347538e-03  4.99994439e-08  4.53347538e-03  1.99990910e+00  4.53347538e-03  4.39990320e-05 
 4.54347538e-03  2.32158331e-02  4.54347538e-03  4.99994426e-08  4.54347538e-03  1.99990910e+00  4.54347538e-03  4.39990320e-05 
 4.55347538e-03  2.32373273e-02  4.55347538e-03  4.99994432e-08  4.55347538e-03  1.99990910e+00  4.55347538e-03  4.39990320e-05 
 4.56347538e-03  2.32587490e-02  4.56347538e-03  4.99994425e-08  4.56347538e-03  1.99990910e+00  4.56347538e-03  4.39990320e-05 
 4.57347538e-03  2.32800984e-02  4.57347538e-03  4.99994441e-08  4.57347538e-03  1.99990910e+00  4.57347538e-03  4.39990320e-05 
 4.58347538e-03  2.33013758e-02  4.58347538e-03  4.99994429e-08  4.58347538e-03  1.99990910e+00  4.58347538e-03  4.39990320e-05 
 4.59347538e-03  2.33225814e-02  4.59347538e-03  4.99994430e-08  4.59347538e-03  1.99990910e+00  4.59347538e-03  4.39990320e-05 
 4.60347538e-03  2.33437154e-02  4.60347538e-03  4.99994438e-08  4.60347538e-03  1.99990910e+00  4.60347538e-03  4.39990320e-05 
 4.61347538e-03  2.33647781e-02  4.61347538e-03  4.99994433e-08  4.61347538e-03  1.99990910e+00  4.61347538e-03  4.39990320e-05 
 4.62347538e-03  2.33857698e-02  4.62347538e-03  4.99994444e-08  4.62347538e-03  1.99990910e+00  4.62347538e-03  4.39990320e-05 
 4.63347538e-03  2.34066906e-02  4.63347538e-03  4.99994444e-08  4.63347538e-03  1.99990910e+00  4.63347538e-03  4.39990320e-05 
 4.64347538e-03  2.34275408e-02  4.64347538e-03  4.99994436e-08  4.64347538e-03  1.99990910e+00  4.64347538e-03  4.39990320e-05 
 4.65347538e-03  2.34483206e-02  4.65347538e-03  4.99994441e-08  4.65347538e-03  1.99990910e+00  4.65347538e-03  4.39990320e-05 
 4.66347538e-03  2.34690303e-02  4.66347538e-03  4.99994437e-08  4.66347538e-03  1.99990910e+00  4.66347538e-03  4.39990320e-05 
 4.67347538e-03  2.34896702e-02  4.67347538e-03  4.99994438e-08  4.67347538e-03  1.99990910e+00  4.67347538e-03  4.39990320e-05 
 4.68347538e-03  2.35102404e-02  4.68347538e-03  4.99994430e-08  4.68347538e-03  1.99990910e+00  4.68347538e-03  4.39990320e-05 
 4.69347538e-03  2.35307412e-02  4.69347538e-03  4.99994436e-08  4.69347538e-03  1.99990910e+00  4.69347538e-03  4.39990320e-05 
 4.70347538e-03  2.35511728e-02  4.70347538e-03  4.99994440e-08  4.70347538e-03  1.99990910e+00  4.70347538e-03  4.39990320e-05 
 4.71347538e-03  2.35715355e-02  4.71347538e-03  4.99994444e-08  4.71347538e-03  1.99990910e+00  4.71347538e-03  4.39990320e-05 
 4.72347538e-03  2.35918295e-02  4.72347538e-03  4.99994429e-08  4.72347538e-03  1.99990910e+00  4.72347538e-03  4.39990320e-05 
 4.73347538e-03  2.36120550e-02  4.73347538e-03  4.99994437e-08  4.73347538e-03  1.99990910e+00  4.73347538e-03  4.39990320e-05 
 4.74347538e-03  2.36322122e-02  4.74347538e-03  4.99994428e-08  4.74347538e-03  1.99990910e+00  4.74347538e-03  4.39990320e-05 
 4.75347538e-03  2.36523015e-02  4.75347538e-03  4.99994437e-08  4.75347538e-03  1.99990910e+00  4.75347538e-03  4.39990320e-05 
 4.76347538e-03  2.36723229e-02  4.76347538e-03  4.99994445e-08  4.76347538e-03  1.99990910e+00  4.76347538e-03  4.39990320e-05 
 4.77347538e-03  2.36922768e-02  4.77347538e-03  4.99994426e-08  4.77347538e-03  1.99990910e+00  4.77347538e-03  4.39990320e-05 
 4.78347538e-03  2.37121633e-02  4.78347538e-03  4.99994430e-08  4.78347538e-03  1.99990910e+00  4.78347538e-03  4.39990320e-05 
 4.79347538e-03  2.37319828e-02  4.79347538e-03  4.99994427e-08  4.79347538e-03  1.99990910e+00  4.79347538e-03  4.39990320e-05 
 4.80347538e-03  2.37517354e-02  4.80347538e-03  4.99994436e-08  4.80347538e-03  1.99990910e+00  4.80347538e-03  4.39990320e-05 
 4.81347538e-03  2.37714213e-02  4.81347538e-03  4.99994439e-08  4.81347538e-03  1.99990910e+00  4.81347538e-03  4.39990320e-05 
 4.82347538e-03  2.37910408e-02  4.82347538e-03  4.99994442e-08  4.82347538e-03  1.99990910e+00  4.82347538e-03  4.39990320e-05 
 4.83347538e-03  2.38105941e-02  4.83347538e-03  4.99994428e-08  4.83347538e-03  1.99990910e+00  4.83347538e-03  4.39990320e-05 
 4.84347538e-03  2.38300814e-02  4.84347538e-03  4.99994439e-08  4.84347538e-03  1.99990910e+00  4.84347538e-03  4.39990320e-05 
 4.85347538e-03  2.38495029e-02  4.85347538e-03  4.99994431e-08  4.85347538e-03  1.99990910e+00  4.85347538e-03  4.39990320e-05 
 4.86347538e-03  2.38688590e-02  4.86347538e-03  4.99994435e-08  4.86347538e-03  1.99990910e+00  4.86347538e-03  4.39990320e-05 
 4.87347538e-03  2.38881497e-02  4.87347538e-03  4.99994440e-08  4.87347538e-03  1.99990910e+00  4.87347538e-03  4.39990320e-05 
 4.88347538e-03  2.39073753e-02  4.88347538e-03  4.99994427e-08  4.88347538e-03  1.99990910e+00  4.88347538e-03  4.39990320e-05 
 4.89347538e-03  2.39265360e-02  4.89347538e-03  4.99994438e-08  4.89347538e-03  1.99990910e+00  4.89347538e-03  4.39990320e-05 
 4.90347538e-03  2.39456321e-02  4.90347538e-03  4.99994430e-08  4.90347538e-03  1.99990910e+00  4.90347538e-03  4.39990320e-05 
 4.91347538e-03  2.39646638e-02  4.91347538e-03  4.99994436e-08  4.91347538e-03  1.99990910e+00  4.91347538e-03  4.39990320e-05 
 4.92347538e-03  2.39836312e-02  4.92347538e-03  4.99994441e-08  4.92347538e-03  1.99990910e+00  4.92347538e-03  4.39990320e-05 
 4.93347538e-03  2.40025346e-02  4.93347538e-03  4.99994425e-08  4.93347538e-03  1.99990910e+00  4.93347538e-03  4.39990320e-05 
 4.94347538e-03  2.40213743e-02  4.94347538e-03  4.99994436e-08  4.94347538e-03  1.99990910e+00  4.94347538e-03  4.39990320e-05 
 4.95347538e-03  2.40401504e-02  4.95347538e-03  4.99994431e-08  4.95347538e-03  1.99990910e+00  4.95347538e-03  4.39990320e-05 
 4.96347538e-03  2.40588631e-02  4.96347538e-03  4.99994440e-08  4.96347538e-03  1.99990910e+00  4.96347538e-03  4.39990320e-05 
 4.97347538e-03  2.40775127e-02  4.97347538e-03  4.99994441e-08  4.97347538e-03  1.99990910e+00  4.97347538e-03  4.39990320e-05 
 4.98347538e-03  2.40960993e-02  4.98347538e-03  4.99994440e-08  4.98347538e-03  1.99990910e+00  4.98347538e-03  4.39990320e-05 
 4.99347538e-03  2.41146233e-02  4.99347538e-03  4.99994424e-08  4.99347538e-03  1.99990910e+00  4.99347538e-03  4.39990320e-05 
 5.00347538e-03  2.41330847e-02  5.00347538e-03  4.99994442e-08  5.00347538e-03  1.99990910e+00  5.00347538e-03  4.39990320e-05 
 5.01347538e-03  2.41514838e-02  5.01347538e-03  4.99994427e-08  5.01347538e-03  1.99990910e+00  5.01347538e-03  4.39990320e-05 
 5.02347538e-03  2.41698209e-02  5.02347538e-03  4.99994422e-08  5.02347538e-03  1.99990910e+00  5.02347538e-03  4.39990320e-05 
 5.03347538e-03  2.41880960e-02  5.03347538e-03  4.99994436e-08  5.03347538e-03  1.99990910e+00  5.03347538e-03  4.39990320e-05 
 5.04347538e-03  2.42063095e-02  5.04347538e-03  4.99994443e-08  5.04347538e-03  1.99990910e+00  5.04347538e-03  4.39990320e-05 
 5.05347538e-03  2.42244616e-02  5.05347538e-03  4.99994442e-08  5.05347538e-03  1.99990910e+00  5.05347538e-03  4.39990320e-05 
 5.06347538e-03  2.42425524e-02  5.06347538e-03  4.99994442e-08  5.06347538e-03  1.99990910e+00  5.06347538e-03  4.39990320e-05 
 5.07347538e-03  2.42605821e-02  5.07347538e-03  4.99994428e-08  5.07347538e-03  1.99990910e+00  5.07347538e-03  4.39990320e-05 
 5.08347538e-03  2.42785511e-02  5.08347538e-03  4.99994441e-08  5.08347538e-03  1.99990910e+00  5.08347538e-03  4.39990320e-05 
 5.09347538e-03  2.42964593e-02  5.09347538e-03  4.99994432e-08  5.09347538e-03  1.99990910e+00  5.09347538e-03  4.39990320e-05 
 5.10347538e-03  2.43143072e-02  5.10347538e-03  4.99994432e-08  5.10347538e-03  1.99990910e+00  5.10347538e-03  4.39990320e-05 
 5.11347538e-03  2.43320948e-02  5.11347538e-03  4.99994437e-08  5.11347538e-03  1.99990910e+00  5.11347538e-03  4.39990320e-05 
 5.12347538e-03  2.43498224e-02  5.12347538e-03  4.99994429e-08  5.12347538e-03  1.99990910e+00  5.12347538e-03  4.39990320e-05 
 5.13347538e-03  2.43674902e-02  5.13347538e-03  4.99994444e-08  5.13347538e-03  1.99990910e+00  5.13347538e-03  4.39990320e-05 
 5.14347538e-03  2.43850984e-02  5.14347538e-03  4.99994430e-08  5.14347538e-03  1.99990910e+00  5.14347538e-03  4.39990320e-05 
 5.15347538e-03  2.44026472e-02  5.15347538e-03  4.99994426e-08  5.15347538e-03  1.99990910e+00  5.15347538e-03  4.39990320e-05 
 5.16347538e-03  2.44201367e-02  5.16347538e-03  4.99994437e-08  5.16347538e-03  1.99990910e+00  5.16347538e-03  4.39990320e-05 
 5.17347538e-03  2.44375672e-02  5.17347538e-03  4.99994438e-08  5.17347538e-03  1.99990910e+00  5.17347538e-03  4.39990320e-05 
 5.18347538e-03  2.44549389e-02  5.18347538e-03  4.99994438e-08  5.18347538e-03  1.99990910e+00  5.18347538e-03  4.39990320e-05 
 5.19347538e-03  2.44722520e-02  5.19347538e-03  4.99994427e-08  5.19347538e-03  1.99990910e+00  5.19347538e-03  4.39990320e-05 
 5.20347538e-03  2.44895067e-02  5.20347538e-03  4.99994433e-08  5.20347538e-03  1.99990910e+00  5.20347538e-03  4.39990320e-05 
 5.21347538e-03  2.45067032e-02  5.21347538e-03  4.99994444e-08  5.21347538e-03  1.99990910e+00  5.21347538e-03  4.39990320e-05 
 5.22347538e-03  2.45238416e-02  5.22347538e-03  4.99994429e-08  5.22347538e-03  1.99990910e+00  5.22347538e-03  4.39990320e-05 
 5.23347538e-03  2.45409222e-02  5.23347538e-03  4.99994433e-08  5.23347538e-03  1.99990910e+00  5.23347538e-03  4.39990320e-05 
 5.24347538e-03  2.45579452e-02  5.24347538e-03  4.99994445e-08  5.24347538e-03  1.99990910e+00  5.24347538e-03  4.39990320e-05 
 5.25347538e-03  2.45749107e-02  5.25347538e-03  4.99994433e-08  5.25347538e-03  1.99990910e+00  5.25347538e-03  4.39990320e-05 
 5.26347538e-03  2.45918190e-02  5.26347538e-03  4.99994435e-08  5.26347538e-03  1.99990910e+00  5.26347538e-03  4.39990320e-05 
 5.27347538e-03  2.46086702e-02  5.27347538e-03  4.99994440e-08  5.27347538e-03  1.99990910e+00  5.27347538e-03  4.39990320e-05 
 5.28347538e-03  2.46254645e-02  5.28347538e-03  4.99994428e-08  5.28347538e-03  1.99990910e+00  5.28347538e-03  4.39990320e-05 
 5.29347538e-03  2.46422022e-02  5.29347538e-03  4.99994440e-08  5.29347538e-03  1.99990910e+00  5.29347538e-03  4.39990320e-05 
 5.30347538e-03  2.46588834e-02  5.30347538e-03  4.99994429e-08  5.30347538e-03  1.99990910e+00  5.30347538e-03  4.39990320e-05 
 5.31347538e-03  2.46755084e-02  5.31347538e-03  4.99994433e-08  5.31347538e-03  1.99990910e+00  5.31347538e-03  4.39990320e-05 
 5.32347538e-03  2.46920772e-02  5.32347538e-03  4.99994441e-08  5.32347538e-03  1.99990910e+00  5.32347538e-03  4.39990320e-05 
 5.33347538e-03  2.47085901e-02  5.33347538e-03  4.99994431e-08  5.33347538e-03  1.99990910e+00  5.33347538e-03  4.39990320e-05 
 5.34347538e-03  2.47250473e-02  5.34347538e-03  4.99994438e-08  5.34347538e-03  1.99990910e+00  5.34347538e-03  4.39990320e-05 
 5.35347538e-03  2.47414490e-02  5.35347538e-03  4.99994445e-08  5.35347538e-03  1.99990910e+00  5.35347538e-03  4.39990320e-05 
 5.36347538e-03  2.47577953e-02  5.36347538e-03  4.99994426e-08  5.36347538e-03  1.99990910e+00  5.36347538e-03  4.39990320e-05 
 5.37347538e-03  2.47740865e-02  5.37347538e-03  4.99994430e-08  5.37347538e-03  1.99990910e+00  5.37347538e-03  4.39990320e-05 
 5.38347538e-03  2.47903227e-02  5.38347538e-03  4.99994427e-08  5.38347538e-03  1.99990910e+00  5.38347538e-03  4.39990320e-05 
 5.39347538e-03  2.48065041e-02  5.39347538e-03  4.99994436e-08  5.39347538e-03  1.99990910e+00  5.39347538e-03  4.39990320e-05 
 5.40347538e-03  2.48226309e-02  5.40347538e-03  4.99994439e-08  5.40347538e-03  1.99990910e+00  5.40347538e-03  4.39990320e-05 
 5.41347538e-03  2.48387033e-02  5.41347538e-03  4.99994441e-08  5.41347538e-03  1.99990910e+00  5.41347538e-03  4.39990320e-05 
 5.42347538e-03  2.48547214e-02  5.42347538e-03  4.99994428e-08  5.42347538e-03  1.99990910e+00  5.42347538e-03  4.39990320e-05 
 5.43347538e-03  2.48706855e-02  5.43347538e-03  4.99994440e-08  5.43347538e-03  1.99990910e+00  5.43347538e-03  4.39990320e-05 
 5.44347538e-03  2.48865958e-02  5.44347538e-03  4.99994431e-08  5.44347538e-03  1.99990910e+00  5.44347538e-03  4.39990320e-05 
 5.45347538e-03  2.49024523e-02  5.45347538e-03  4.99994434e-08  5.45347538e-03  1.99990910e+00  5.45347538e-03  4.39990320e-05 
 5.46347538e-03  2.49182554e-02  5.46347538e-03  4.99994438e-08  5.46347538e-03  1.99990910e+00  5.46347538e-03  4.39990320e-05 
 5.47347538e-03  2.49340051e-02  5.47347538e-03  4.99994427e-08  5.47347538e-03  1.99990910e+00  5.47347538e-03  4.39990320e-05 
 5.48347538e-03  2.49497017e-02  5.48347538e-03  4.99994440e-08  5.48347538e-03  1.99990910e+00  5.48347538e-03  4.39990320e-05 
 5.49347538e-03  2.49653453e-02  5.49347538e-03  4.99994432e-08  5.49347538e-03  1.99990910e+00  5.49347538e-03  4.39990320e-05 
 5.50347538e-03  2.49809361e-02  5.50347538e-03  4.99994433e-08  5.50347538e-03  1.99990910e+00  5.50347538e-03  4.39990320e-05 
 5.51347538e-03  2.49964744e-02  5.51347538e-03  4.99994437e-08  5.51347538e-03  1.99990910e+00  5.51347538e-03  4.39990320e-05 
 5.52347538e-03  2.50119601e-02  5.52347538e-03  4.99994428e-08  5.52347538e-03  1.99990910e+00  5.52347538e-03  4.39990320e-05 
 5.53347538e-03  2.50273937e-02  5.53347538e-03  4.99994442e-08  5.53347538e-03  1.99990910e+00  5.53347538e-03  4.39990320e-05 
 5.54347538e-03  2.50427751e-02  5.54347538e-03  4.99994431e-08  5.54347538e-03  1.99990910e+00  5.54347538e-03  4.39990320e-05 
 5.55347538e-03  2.50581047e-02  5.55347538e-03  4.99994429e-08  5.55347538e-03  1.99990910e+00  5.55347538e-03  4.39990320e-05 
 5.56347538e-03  2.50733825e-02  5.56347538e-03  4.99994436e-08  5.56347538e-03  1.99990910e+00  5.56347538e-03  4.39990320e-05 
 5.57347538e-03  2.50886088e-02  5.57347538e-03  4.99994434e-08  5.57347538e-03  1.99990910e+00  5.57347538e-03  4.39990320e-05 
 5.58347538e-03  2.51037837e-02  5.58347538e-03  4.99994437e-08  5.58347538e-03  1.99990910e+00  5.58347538e-03  4.39990320e-05 
 5.59347538e-03  2.51189074e-02  5.59347538e-03  4.99994433e-08  5.59347538e-03  1.99990910e+00  5.59347538e-03  4.39990320e-05 
 5.60347538e-03  2.51339801e-02  5.60347538e-03  4.99994439e-08  5.60347538e-03  1.99990910e+00  5.60347538e-03  4.39990320e-05 
 5.61347538e-03  2.51490019e-02  5.61347538e-03  4.99994437e-08  5.61347538e-03  1.99990910e+00  5.61347538e-03  4.39990320e-05 
 5.62347538e-03  2.51639730e-02  5.62347538e-03  4.99994438e-08  5.62347538e-03  1.99990910e+00  5.62347538e-03  4.39990320e-05 
 5.63347538e-03  2.51788936e-02  5.63347538e-03  4.99994430e-08  5.63347538e-03  1.99990910e+00  5.63347538e-03  4.39990320e-05 
 5.64347538e-03  2.51937638e-02  5.64347538e-03  4.99994436e-08  5.64347538e-03  1.99990910e+00  5.64347538e-03  4.39990320e-05 
 5.65347538e-03  2.52085839e-02  5.65347538e-03  4.99994441e-08  5.65347538e-03  1.99990910e+00  5.65347538e-03  4.39990320e-05 
 5.66347538e-03  2.52233540e-02  5.66347538e-03  4.99994445e-08  5.66347538e-03  1.99990910e+00  5.66347538e-03  4.39990320e-05 
 5.67347538e-03  2.52380742e-02  5.67347538e-03  4.99994428e-08  5.67347538e-03  1.99990910e+00  5.67347538e-03  4.39990320e-05 
 5.68347538e-03  2.52527448e-02  5.68347538e-03  4.99994435e-08  5.68347538e-03  1.99990910e+00  5.68347538e-03  4.39990320e-05 
 5.69347538e-03  2.52673658e-02  5.69347538e-03  4.99994429e-08  5.69347538e-03  1.99990910e+00  5.69347538e-03  4.39990320e-05 
 5.70347538e-03  2.52819375e-02  5.70347538e-03  4.99994440e-08  5.70347538e-03  1.99990910e+00  5.70347538e-03  4.39990320e-05 
 5.71347538e-03  2.52964601e-02  5.71347538e-03  4.99994445e-08  5.71347538e-03  1.99990910e+00  5.71347538e-03  4.39990320e-05 
 5.72347538e-03  2.53109336e-02  5.72347538e-03  4.99994442e-08  5.72347538e-03  1.99990910e+00  5.72347538e-03  4.39990320e-05 
 5.73347538e-03  2.53253583e-02  5.73347538e-03  4.99994440e-08  5.73347538e-03  1.99990910e+00  5.73347538e-03  4.39990320e-05 
 5.74347538e-03  2.53397344e-02  5.74347538e-03  4.99994429e-08  5.74347538e-03  1.99990910e+00  5.74347538e-03  4.39990320e-05 
 5.75347538e-03  2.53540619e-02  5.75347538e-03  4.99994434e-08  5.75347538e-03  1.99990910e+00  5.75347538e-03  4.39990320e-05 
 5.76347538e-03  2.53683411e-02  5.76347538e-03  4.99994442e-08  5.76347538e-03  1.99990910e+00  5.76347538e-03  4.39990320e-05 
 5.77347538e-03  2.53825721e-02  5.77347538e-03  4.99994428e-08  5.77347538e-03  1.99990910e+00  5.77347538e-03  4.39990320e-05 
 5.78347538e-03  2.53967550e-02  5.78347538e-03  4.99994436e-08  5.78347538e-03  1.99990910e+00  5.78347538e-03  4.39990320e-05 
 5.79347538e-03  2.54108902e-02  5.79347538e-03  4.99994427e-08  5.79347538e-03  1.99990910e+00  5.79347538e-03  4.39990320e-05 
 5.80347538e-03  2.54249776e-02  5.80347538e-03  4.99994438e-08  5.80347538e-03  1.99990910e+00  5.80347538e-03  4.39990320e-05 
 5.81347538e-03  2.54390175e-02  5.81347538e-03  4.99994426e-08  5.81347538e-03  1.99990910e+00  5.81347538e-03  4.39990320e-05 
 5.82347538e-03  2.54530100e-02  5.82347538e-03  4.99994432e-08  5.82347538e-03  1.99990910e+00  5.82347538e-03  4.39990320e-05 
 5.83347538e-03  2.54669553e-02  5.83347538e-03  4.99994445e-08  5.83347538e-03  1.99990910e+00  5.83347538e-03  4.39990320e-05 
 5.84347538e-03  2.54808535e-02  5.84347538e-03  4.99994432e-08  5.84347538e-03  1.99990910e+00  5.84347538e-03  4.39990320e-05 
 5.85347538e-03  2.54947049e-02  5.85347538e-03  4.99994433e-08  5.85347538e-03  1.99990910e+00  5.85347538e-03  4.39990320e-05 
 5.86347538e-03  2.55085095e-02  5.86347538e-03  4.99994440e-08  5.86347538e-03  1.99990910e+00  5.86347538e-03  4.39990320e-05 
 5.87347538e-03  2.55222675e-02  5.87347538e-03  4.99994430e-08  5.87347538e-03  1.99990910e+00  5.87347538e-03  4.39990320e-05 
 5.88347538e-03  2.55359791e-02  5.88347538e-03  4.99994440e-08  5.88347538e-03  1.99990910e+00  5.88347538e-03  4.39990320e-05 
 5.89347538e-03  2.55496445e-02  5.89347538e-03  4.99994426e-08  5.89347538e-03  1.99990910e+00  5.89347538e-03  4.39990320e-05 
 5.90347538e-03  2.55632637e-02  5.90347538e-03  4.99994430e-08  5.90347538e-03  1.99990910e+00  5.90347538e-03  4.39990320e-05 
 5.91347538e-03  2.55768369e-02  5.91347538e-03  4.99994445e-08  5.91347538e-03  1.99990910e+00  5.91347538e-03  4.39990320e-05 
 5.92347538e-03  2.55903644e-02  5.92347538e-03  4.99994437e-08  5.92347538e-03  1.99990910e+00  5.92347538e-03  4.39990320e-05 
 5.93347538e-03  2.56038462e-02  5.93347538e-03  4.99994436e-08  5.93347538e-03  1.99990910e+00  5.93347538e-03  4.39990320e-05 
 5.94347538e-03  2.56172826e-02  5.94347538e-03  4.99994434e-08  5.94347538e-03  1.99990910e+00  5.94347538e-03  4.39990320e-05 
 5.95347538e-03  2.56306736e-02  5.95347538e-03  4.99994445e-08  5.95347538e-03  1.99990910e+00  5.95347538e-03  4.39990320e-05 
 5.96347538e-03  2.56440194e-02  5.96347538e-03  4.99994440e-08  5.96347538e-03  1.99990910e+00  5.96347538e-03  4.39990320e-05 
 5.97347538e-03  2.56573201e-02  5.97347538e-03  4.99994442e-08  5.97347538e-03  1.99990910e+00  5.97347538e-03  4.39990320e-05 
 5.98347538e-03  2.56705760e-02  5.98347538e-03  4.99994435e-08  5.98347538e-03  1.99990910e+00  5.98347538e-03  4.39990320e-05 
 5.99347538e-03  2.56837872e-02  5.99347538e-03  4.99994436e-08  5.99347538e-03  1.99990910e+00  5.99347538e-03  4.39990320e-05 
 6.00347538e-03  2.56969538e-02  6.00347538e-03  4.99994434e-08  6.00347538e-03  1.99990910e+00  6.00347538e-03  4.39990320e-05 
 6.01347538e-03  2.57100759e-02  6.01347538e-03  4.99994442e-08  6.01347538e-03  1.99990910e+00  6.01347538e-03  4.39990320e-05 
 6.02347538e-03  2.57231538e-02  6.02347538e-03  4.99994438e-08  6.02347538e-03  1.99990910e+00  6.02347538e-03  4.39990320e-05 
 6.03347538e-03  2.57361876e-02  6.03347538e-03  4.99994444e-08  6.03347538e-03  1.99990910e+00  6.03347538e-03  4.39990320e-05 
 6.04347538e-03  2.57491773e-02  6.04347538e-03  4.99994439e-08  6.04347538e-03  1.99990910e+00  6.04347538e-03  4.39990320e-05 
 6.05347538e-03  2.57621233e-02  6.05347538e-03  4.99994434e-08  6.05347538e-03  1.99990910e+00  6.05347538e-03  4.39990320e-05 
 6.06347538e-03  2.57750255e-02  6.06347538e-03  4.99994426e-08  6.06347538e-03  1.99990910e+00  6.06347538e-03  4.39990320e-05 
 6.07347538e-03  2.57878842e-02  6.07347538e-03  4.99994440e-08  6.07347538e-03  1.99990910e+00  6.07347538e-03  4.39990320e-05 
 6.08347538e-03  2.58006996e-02  6.08347538e-03  4.99994428e-08  6.08347538e-03  1.99990910e+00  6.08347538e-03  4.39990320e-05 
 6.09347538e-03  2.58134717e-02  6.09347538e-03  4.99994428e-08  6.09347538e-03  1.99990910e+00  6.09347538e-03  4.39990320e-05 
 6.10347538e-03  2.58262007e-02  6.10347538e-03  4.99994439e-08  6.10347538e-03  1.99990910e+00  6.10347538e-03  4.39990320e-05 
 6.11347538e-03  2.58388867e-02  6.11347538e-03  4.99994436e-08  6.11347538e-03  1.99990910e+00  6.11347538e-03  4.39990320e-05 
 6.12347538e-03  2.58515299e-02  6.12347538e-03  4.99994444e-08  6.12347538e-03  1.99990910e+00  6.12347538e-03  4.39990320e-05 
 6.13347538e-03  2.58641305e-02  6.13347538e-03  4.99994440e-08  6.13347538e-03  1.99990910e+00  6.13347538e-03  4.39990320e-05 
 6.14347538e-03  2.58766885e-02  6.14347538e-03  4.99994435e-08  6.14347538e-03  1.99990910e+00  6.14347538e-03  4.39990320e-05 
 6.15347538e-03  2.58892042e-02  6.15347538e-03  4.99994425e-08  6.15347538e-03  1.99990910e+00  6.15347538e-03  4.39990320e-05 
 6.16347538e-03  2.59016777e-02  6.16347538e-03  4.99994439e-08  6.16347538e-03  1.99990910e+00  6.16347538e-03  4.39990320e-05 
 6.17347538e-03  2.59141090e-02  6.17347538e-03  4.99994429e-08  6.17347538e-03  1.99990910e+00  6.17347538e-03  4.39990320e-05 
 6.18347538e-03  2.59264984e-02  6.18347538e-03  4.99994431e-08  6.18347538e-03  1.99990910e+00  6.18347538e-03  4.39990320e-05 
 6.19347538e-03  2.59388460e-02  6.19347538e-03  4.99994439e-08  6.19347538e-03  1.99990910e+00  6.19347538e-03  4.39990320e-05 
 6.20347538e-03  2.59511520e-02  6.20347538e-03  4.99994432e-08  6.20347538e-03  1.99990910e+00  6.20347538e-03  4.39990320e-05 
 6.21347538e-03  2.59634164e-02  6.21347538e-03  4.99994442e-08  6.21347538e-03  1.99990910e+00  6.21347538e-03  4.39990320e-05 
 6.22347538e-03  2.59756394e-02  6.22347538e-03  4.99994445e-08  6.22347538e-03  1.99990910e+00  6.22347538e-03  4.39990320e-05 
 6.23347538e-03  2.59878212e-02  6.23347538e-03  4.99994441e-08  6.23347538e-03  1.99990910e+00  6.23347538e-03  4.39990320e-05 
 6.24347538e-03  2.59999619e-02  6.24347538e-03  4.99994441e-08  6.24347538e-03  1.99990910e+00  6.24347538e-03  4.39990320e-05 
 6.25347538e-03  2.60120616e-02  6.25347538e-03  4.99994430e-08  6.25347538e-03  1.99990910e+00  6.25347538e-03  4.39990320e-05 
 6.26347538e-03  2.60241205e-02  6.26347538e-03  4.99994434e-08  6.26347538e-03  1.99990910e+00  6.26347538e-03  4.39990320e-05 
 6.27347538e-03  2.60361387e-02  6.27347538e-03  4.99994439e-08  6.27347538e-03  1.99990910e+00  6.27347538e-03  4.39990320e-05 
 6.28347538e-03  2.60481163e-02  6.28347538e-03  4.99994427e-08  6.28347538e-03  1.99990910e+00  6.28347538e-03  4.39990320e-05 
 6.29347538e-03  2.60600536e-02  6.29347538e-03  4.99994438e-08  6.29347538e-03  1.99990910e+00  6.29347538e-03  4.39990320e-05 
 6.30347538e-03  2.60719505e-02  6.30347538e-03  4.99994431e-08  6.30347538e-03  1.99990910e+00  6.30347538e-03  4.39990320e-05 
 6.31347538e-03  2.60838073e-02  6.31347538e-03  4.99994435e-08  6.31347538e-03  1.99990910e+00  6.31347538e-03  4.39990320e-05 
 6.32347538e-03  2.60956241e-02  6.32347538e-03  4.99994440e-08  6.32347538e-03  1.99990910e+00  6.32347538e-03  4.39990320e-05 
 6.33347538e-03  2.61074010e-02  6.33347538e-03  4.99994426e-08  6.33347538e-03  1.99990910e+00  6.33347538e-03  4.39990320e-05 
 6.34347538e-03  2.61191382e-02  6.34347538e-03  4.99994437e-08  6.34347538e-03  1.99990910e+00  6.34347538e-03  4.39990320e-05 
 6.35347538e-03  2.61308358e-02  6.35347538e-03  4.99994431e-08  6.35347538e-03  1.99990910e+00  6.35347538e-03  4.39990320e-05 
 6.36347538e-03  2.61424939e-02  6.36347538e-03  4.99994438e-08  6.36347538e-03  1.99990910e+00  6.36347538e-03  4.39990320e-05 
 6.37347538e-03  2.61541127e-02  6.37347538e-03  4.99994440e-08  6.37347538e-03  1.99990910e+00  6.37347538e-03  4.39990320e-05 
 6.38347538e-03  2.61656922e-02  6.38347538e-03  4.99994443e-08  6.38347538e-03  1.99990910e+00  6.38347538e-03  4.39990320e-05 
 6.39347538e-03  2.61772327e-02  6.39347538e-03  4.99994428e-08  6.39347538e-03  1.99990910e+00  6.39347538e-03  4.39990320e-05 
 6.40347538e-03  2.61887343e-02  6.40347538e-03  4.99994438e-08  6.40347538e-03  1.99990910e+00  6.40347538e-03  4.39990320e-05 
 6.41347538e-03  2.62001970e-02  6.41347538e-03  4.99994431e-08  6.41347538e-03  1.99990910e+00  6.41347538e-03  4.39990320e-05 
 6.42347538e-03  2.62116211e-02  6.42347538e-03  4.99994436e-08  6.42347538e-03  1.99990910e+00  6.42347538e-03  4.39990320e-05 
 6.43347538e-03  2.62230066e-02  6.43347538e-03  4.99994441e-08  6.43347538e-03  1.99990910e+00  6.43347538e-03  4.39990320e-05 
 6.44347538e-03  2.62343537e-02  6.44347538e-03  4.99994425e-08  6.44347538e-03  1.99990910e+00  6.44347538e-03  4.39990320e-05 
 6.45347538e-03  2.62456625e-02  6.45347538e-03  4.99994435e-08  6.45347538e-03  1.99990910e+00  6.45347538e-03  4.39990320e-05 
 6.46347538e-03  2.62569331e-02  6.46347538e-03  4.99994432e-08  6.46347538e-03  1.99990910e+00  6.46347538e-03  4.39990320e-05 
 6.47347538e-03  2.62681657e-02  6.47347538e-03  4.99994441e-08  6.47347538e-03  1.99990910e+00  6.47347538e-03  4.39990320e-05 
 6.48347538e-03  2.62793604e-02  6.48347538e-03  4.99994441e-08  6.48347538e-03  1.99990910e+00  6.48347538e-03  4.39990320e-05 
 6.49347538e-03  2.62905174e-02  6.49347538e-03  4.99994438e-08  6.49347538e-03  1.99990910e+00  6.49347538e-03  4.39990320e-05 
 6.50347538e-03  2.63016367e-02  6.50347538e-03  4.99994425e-08  6.50347538e-03  1.99990910e+00  6.50347538e-03  4.39990320e-05 
 6.51347538e-03  2.63127184e-02  6.51347538e-03  4.99994433e-08  6.51347538e-03  1.99990910e+00  6.51347538e-03  4.39990320e-05 
 6.52347538e-03  2.63237628e-02  6.52347538e-03  4.99994426e-08  6.52347538e-03  1.99990910e+00  6.52347538e-03  4.39990320e-05 
 6.53347538e-03  2.63347699e-02  6.53347538e-03  4.99994438e-08  6.53347538e-03  1.99990910e+00  6.53347538e-03  4.39990320e-05 
 6.54347538e-03  2.63457399e-02  6.54347538e-03  4.99994427e-08  6.54347538e-03  1.99990910e+00  6.54347538e-03  4.39990320e-05 
 6.55347538e-03  2.63566728e-02  6.55347538e-03  4.99994432e-08  6.55347538e-03  1.99990910e+00  6.55347538e-03  4.39990320e-05 
 6.56347538e-03  2.63675689e-02  6.56347538e-03  4.99994442e-08  6.56347538e-03  1.99990910e+00  6.56347538e-03  4.39990320e-05 
 6.57347538e-03  2.63784282e-02  6.57347538e-03  4.99994432e-08  6.57347538e-03  1.99990910e+00  6.57347538e-03  4.39990320e-05 
 6.58347538e-03  2.63892509e-02  6.58347538e-03  4.99994437e-08  6.58347538e-03  1.99990910e+00  6.58347538e-03  4.39990320e-05 
 6.59347538e-03  2.64000370e-02  6.59347538e-03  4.99994442e-08  6.59347538e-03  1.99990910e+00  6.59347538e-03  4.39990320e-05 
 6.60347538e-03  2.64107867e-02  6.60347538e-03  4.99994426e-08  6.60347538e-03  1.99990910e+00  6.60347538e-03  4.39990320e-05 
 6.61347538e-03  2.64215002e-02  6.61347538e-03  4.99994435e-08  6.61347538e-03  1.99990910e+00  6.61347538e-03  4.39990320e-05 
 6.62347538e-03  2.64321775e-02  6.62347538e-03  4.99994430e-08  6.62347538e-03  1.99990910e+00  6.62347538e-03  4.39990320e-05 
 6.63347538e-03  2.64428188e-02  6.63347538e-03  4.99994441e-08  6.63347538e-03  1.99990910e+00  6.63347538e-03  4.39990320e-05 
 6.64347538e-03  2.64534242e-02  6.64347538e-03  4.99994444e-08  6.64347538e-03  1.99990910e+00  6.64347538e-03  4.39990320e-05 
 6.65347538e-03  2.64639938e-02  6.65347538e-03  4.99994440e-08  6.65347538e-03  1.99990910e+00  6.65347538e-03  4.39990320e-05 
 6.66347538e-03  2.64745277e-02  6.66347538e-03  4.99994442e-08  6.66347538e-03  1.99990910e+00  6.66347538e-03  4.39990320e-05 
 6.67347538e-03  2.64850261e-02  6.67347538e-03  4.99994431e-08  6.67347538e-03  1.99990910e+00  6.67347538e-03  4.39990320e-05 
 6.68347538e-03  2.64954890e-02  6.68347538e-03  4.99994444e-08  6.68347538e-03  1.99990910e+00  6.68347538e-03  4.39990320e-05 
 6.69347538e-03  2.65059167e-02  6.69347538e-03  4.99994429e-08  6.69347538e-03  1.99990910e+00  6.69347538e-03  4.39990320e-05 
 6.70347538e-03  2.65163092e-02  6.70347538e-03  4.99994427e-08  6.70347538e-03  1.99990910e+00  6.70347538e-03  4.39990320e-05 
 6.71347538e-03  2.65266666e-02  6.71347538e-03  4.99994439e-08  6.71347538e-03  1.99990910e+00  6.71347538e-03  4.39990320e-05 
 6.72347538e-03  2.65369890e-02  6.72347538e-03  4.99994439e-08  6.72347538e-03  1.99990910e+00  6.72347538e-03  4.39990320e-05 
 6.73347538e-03  2.65472766e-02  6.73347538e-03  4.99994435e-08  6.73347538e-03  1.99990910e+00  6.73347538e-03  4.39990320e-05 
 6.74347538e-03  2.65575295e-02  6.74347538e-03  4.99994424e-08  6.74347538e-03  1.99990910e+00  6.74347538e-03  4.39990320e-05 
 6.75347538e-03  2.65677479e-02  6.75347538e-03  4.99994437e-08  6.75347538e-03  1.99990910e+00  6.75347538e-03  4.39990320e-05 
 6.76347538e-03  2.65779317e-02  6.76347538e-03  4.99994428e-08  6.76347538e-03  1.99990910e+00  6.76347538e-03  4.39990320e-05 
 6.77347538e-03  2.65880812e-02  6.77347538e-03  4.99994434e-08  6.77347538e-03  1.99990910e+00  6.77347538e-03  4.39990320e-05 
 6.78347538e-03  2.65981964e-02  6.78347538e-03  4.99994442e-08  6.78347538e-03  1.99990910e+00  6.78347538e-03  4.39990320e-05 
 6.79347538e-03  2.66082775e-02  6.79347538e-03  4.99994428e-08  6.79347538e-03  1.99990910e+00  6.79347538e-03  4.39990320e-05 
 6.80347538e-03  2.66183245e-02  6.80347538e-03  4.99994434e-08  6.80347538e-03  1.99990910e+00  6.80347538e-03  4.39990320e-05 
 6.81347538e-03  2.66283377e-02  6.81347538e-03  4.99994426e-08  6.81347538e-03  1.99990910e+00  6.81347538e-03  4.39990320e-05 
 6.82347538e-03  2.66383171e-02  6.82347538e-03  4.99994439e-08  6.82347538e-03  1.99990910e+00  6.82347538e-03  4.39990320e-05 
 6.83347538e-03  2.66482628e-02  6.83347538e-03  4.99994428e-08  6.83347538e-03  1.99990910e+00  6.83347538e-03  4.39990320e-05 
 6.84347538e-03  2.66581749e-02  6.84347538e-03  4.99994431e-08  6.84347538e-03  1.99990910e+00  6.84347538e-03  4.39990320e-05 
 6.85347538e-03  2.66680536e-02  6.85347538e-03  4.99994441e-08  6.85347538e-03  1.99990910e+00  6.85347538e-03  4.39990320e-05 
 6.86347538e-03  2.66778990e-02  6.86347538e-03  4.99994432e-08  6.86347538e-03  1.99990910e+00  6.86347538e-03  4.39990320e-05 
 6.87347538e-03  2.66877112e-02  6.87347538e-03  4.99994439e-08  6.87347538e-03  1.99990910e+00  6.87347538e-03  4.39990320e-05 
 6.88347538e-03  2.66974902e-02  6.88347538e-03  4.99994443e-08  6.88347538e-03  1.99990910e+00  6.88347538e-03  4.39990320e-05 
 6.89347538e-03  2.67072362e-02  6.89347538e-03  4.99994444e-08  6.89347538e-03  1.99990910e+00  6.89347538e-03  4.39990320e-05 
 6.90347538e-03  2.67169494e-02  6.90347538e-03  4.99994426e-08  6.90347538e-03  1.99990910e+00  6.90347538e-03  4.39990320e-05 
 6.91347538e-03  2.67266298e-02  6.91347538e-03  4.99994435e-08  6.91347538e-03  1.99990910e+00  6.91347538e-03  4.39990320e-05 
 6.92347538e-03  2.67362775e-02  6.92347538e-03  4.99994432e-08  6.92347538e-03  1.99990910e+00  6.92347538e-03  4.39990320e-05 
 6.93347538e-03  2.67458926e-02  6.93347538e-03  4.99994443e-08  6.93347538e-03  1.99990910e+00  6.93347538e-03  4.39990320e-05 
 6.94347538e-03  2.67554754e-02  6.94347538e-03  4.99994442e-08  6.94347538e-03  1.99990910e+00  6.94347538e-03  4.39990320e-05 
 6.95347538e-03  2.67650257e-02  6.95347538e-03  4.99994436e-08  6.95347538e-03  1.99990910e+00  6.95347538e-03  4.39990320e-05 
 6.96347538e-03  2.67745439e-02  6.96347538e-03  4.99994443e-08  6.96347538e-03  1.99990910e+00  6.96347538e-03  4.39990320e-05 
 6.97347538e-03  2.67840299e-02  6.97347538e-03  4.99994439e-08  6.97347538e-03  1.99990910e+00  6.97347538e-03  4.39990320e-05 
 6.98347538e-03  2.67934840e-02  6.98347538e-03  4.99994435e-08  6.98347538e-03  1.99990910e+00  6.98347538e-03  4.39990320e-05 
 6.99347538e-03  2.68029061e-02  6.99347538e-03  4.99994427e-08  6.99347538e-03  1.99990910e+00  6.99347538e-03  4.39990320e-05 
 7.00347538e-03  2.68122964e-02  7.00347538e-03  4.99994440e-08  7.00347538e-03  1.99990910e+00  7.00347538e-03  4.39990320e-05 
 7.01347538e-03  2.68216551e-02  7.01347538e-03  4.99994426e-08  7.01347538e-03  1.99990910e+00  7.01347538e-03  4.39990320e-05 
 7.02347538e-03  2.68309821e-02  7.02347538e-03  4.99994428e-08  7.02347538e-03  1.99990910e+00  7.02347538e-03  4.39990320e-05 
 7.03347538e-03  2.68402777e-02  7.03347538e-03  4.99994442e-08  7.03347538e-03  1.99990910e+00  7.03347538e-03  4.39990320e-05 
 7.04347538e-03  2.68495420e-02  7.04347538e-03  4.99994438e-08  7.04347538e-03  1.99990910e+00  7.04347538e-03  4.39990320e-05 
 7.05347538e-03  2.68587749e-02  7.05347538e-03  4.99994440e-08  7.05347538e-03  1.99990910e+00  7.05347538e-03  4.39990320e-05 
 7.06347538e-03  2.68679767e-02  7.06347538e-03  4.99994435e-08  7.06347538e-03  1.99990910e+00  7.06347538e-03  4.39990320e-05 
 7.07347538e-03  2.68771475e-02  7.07347538e-03  4.99994439e-08  7.07347538e-03  1.99990910e+00  7.07347538e-03  4.39990320e-05 
 7.08347538e-03  2.68862873e-02  7.08347538e-03  4.99994434e-08  7.08347538e-03  1.99990910e+00  7.08347538e-03  4.39990320e-05 
 7.09347538e-03  2.68953963e-02  7.09347538e-03  4.99994438e-08  7.09347538e-03  1.99990910e+00  7.09347538e-03  4.39990320e-05 
 7.10347538e-03  2.69044746e-02  7.10347538e-03  4.99994434e-08  7.10347538e-03  1.99990910e+00  7.10347538e-03  4.39990320e-05 
 7.11347538e-03  2.69135222e-02  7.11347538e-03  4.99994439e-08  7.11347538e-03  1.99990910e+00  7.11347538e-03  4.39990320e-05 
 7.12347538e-03  2.69225393e-02  7.12347538e-03  4.99994434e-08  7.12347538e-03  1.99990910e+00  7.12347538e-03  4.39990320e-05 
 7.13347538e-03  2.69315259e-02  7.13347538e-03  4.99994438e-08  7.13347538e-03  1.99990910e+00  7.13347538e-03  4.39990320e-05 
 7.14347538e-03  2.69404822e-02  7.14347538e-03  4.99994434e-08  7.14347538e-03  1.99990910e+00  7.14347538e-03  4.39990320e-05 
 7.15347538e-03  2.69494083e-02  7.15347538e-03  4.99994439e-08  7.15347538e-03  1.99990910e+00  7.15347538e-03  4.39990320e-05 
 7.16347538e-03  2.69583043e-02  7.16347538e-03  4.99994435e-08  7.16347538e-03  1.99990910e+00  7.16347538e-03  4.39990320e-05 
 7.17347538e-03  2.69671703e-02  7.17347538e-03  4.99994437e-08  7.17347538e-03  1.99990910e+00  7.17347538e-03  4.39990320e-05 
 7.18347538e-03  2.69760064e-02  7.18347538e-03  4.99994432e-08  7.18347538e-03  1.99990910e+00  7.18347538e-03  4.39990320e-05 
 7.19347538e-03  2.69848126e-02  7.19347538e-03  4.99994439e-08  7.19347538e-03  1.99990910e+00  7.19347538e-03  4.39990320e-05 
 7.20347538e-03  2.69935891e-02  7.20347538e-03  4.99994438e-08  7.20347538e-03  1.99990910e+00  7.20347538e-03  4.39990320e-05 
 7.21347538e-03  2.70023360e-02  7.21347538e-03  4.99994439e-08  7.21347538e-03  1.99990910e+00  7.21347538e-03  4.39990320e-05 
 7.22347538e-03  2.70110534e-02  7.22347538e-03  4.99994430e-08  7.22347538e-03  1.99990910e+00  7.22347538e-03  4.39990320e-05 
 7.23347538e-03  2.70197414e-02  7.23347538e-03  4.99994434e-08  7.23347538e-03  1.99990910e+00  7.23347538e-03  4.39990320e-05 
 7.24347538e-03  2.70284001e-02  7.24347538e-03  4.99994440e-08  7.24347538e-03  1.99990910e+00  7.24347538e-03  4.39990320e-05 
 7.25347538e-03  2.70370295e-02  7.25347538e-03  4.99994426e-08  7.25347538e-03  1.99990910e+00  7.25347538e-03  4.39990320e-05 
 7.26347538e-03  2.70456299e-02  7.26347538e-03  4.99994437e-08  7.26347538e-03  1.99990910e+00  7.26347538e-03  4.39990320e-05 
 7.27347538e-03  2.70542012e-02  7.27347538e-03  4.99994431e-08  7.27347538e-03  1.99990910e+00  7.27347538e-03  4.39990320e-05 
 7.28347538e-03  2.70627436e-02  7.28347538e-03  4.99994437e-08  7.28347538e-03  1.99990910e+00  7.28347538e-03  4.39990320e-05 
 7.29347538e-03  2.70712571e-02  7.29347538e-03  4.99994441e-08  7.29347538e-03  1.99990910e+00  7.29347538e-03  4.39990320e-05 
 7.30347538e-03  2.70797420e-02  7.30347538e-03  4.99994445e-08  7.30347538e-03  1.99990910e+00  7.30347538e-03  4.39990320e-05 
 7.31347538e-03  2.70881982e-02  7.31347538e-03  4.99994428e-08  7.31347538e-03  1.99990910e+00  7.31347538e-03  4.39990320e-05 
 7.32347538e-03  2.70966258e-02  7.32347538e-03  4.99994435e-08  7.32347538e-03  1.99990910e+00  7.32347538e-03  4.39990320e-05 
 7.33347538e-03  2.71050251e-02  7.33347538e-03  4.99994429e-08  7.33347538e-03  1.99990910e+00  7.33347538e-03  4.39990320e-05 
 7.34347538e-03  2.71133960e-02  7.34347538e-03  4.99994440e-08  7.34347538e-03  1.99990910e+00  7.34347538e-03  4.39990320e-05 
 7.35347538e-03  2.71217386e-02  7.35347538e-03  4.99994445e-08  7.35347538e-03  1.99990910e+00  7.35347538e-03  4.39990320e-05 
 7.36347538e-03  2.71300531e-02  7.36347538e-03  4.99994442e-08  7.36347538e-03  1.99990910e+00  7.36347538e-03  4.39990320e-05 
 7.37347538e-03  2.71383395e-02  7.37347538e-03  4.99994440e-08  7.37347538e-03  1.99990910e+00  7.37347538e-03  4.39990320e-05 
 7.38347538e-03  2.71465980e-02  7.38347538e-03  4.99994429e-08  7.38347538e-03  1.99990910e+00  7.38347538e-03  4.39990320e-05 
 7.39347538e-03  2.71548286e-02  7.39347538e-03  4.99994434e-08  7.39347538e-03  1.99990910e+00  7.39347538e-03  4.39990320e-05 
 7.40347538e-03  2.71630315e-02  7.40347538e-03  4.99994442e-08  7.40347538e-03  1.99990910e+00  7.40347538e-03  4.39990320e-05 
 7.41347538e-03  2.71712066e-02  7.41347538e-03  4.99994428e-08  7.41347538e-03  1.99990910e+00  7.41347538e-03  4.39990320e-05 
 7.42347538e-03  2.71793542e-02  7.42347538e-03  4.99994435e-08  7.42347538e-03  1.99990910e+00  7.42347538e-03  4.39990320e-05 
 7.43347538e-03  2.71874743e-02  7.43347538e-03  4.99994427e-08  7.43347538e-03  1.99990910e+00  7.43347538e-03  4.39990320e-05 
 7.44347538e-03  2.71955670e-02  7.44347538e-03  4.99994439e-08  7.44347538e-03  1.99990910e+00  7.44347538e-03  4.39990320e-05 
 7.45347538e-03  2.72036324e-02  7.45347538e-03  4.99994426e-08  7.45347538e-03  1.99990910e+00  7.45347538e-03  4.39990320e-05 
 7.46347538e-03  2.72116705e-02  7.46347538e-03  4.99994431e-08  7.46347538e-03  1.99990910e+00  7.46347538e-03  4.39990320e-05 
 7.47347538e-03  2.72196816e-02  7.47347538e-03  4.99994445e-08  7.47347538e-03  1.99990910e+00  7.47347538e-03  4.39990320e-05 
 7.48347538e-03  2.72276656e-02  7.48347538e-03  4.99994435e-08  7.48347538e-03  1.99990910e+00  7.48347538e-03  4.39990320e-05 
 7.49347538e-03  2.72356226e-02  7.49347538e-03  4.99994434e-08  7.49347538e-03  1.99990910e+00  7.49347538e-03  4.39990320e-05 
 7.50347538e-03  2.72435528e-02  7.50347538e-03  4.99994437e-08  7.50347538e-03  1.99990910e+00  7.50347538e-03  4.39990320e-05 
 7.51347538e-03  2.72514563e-02  7.51347538e-03  4.99994427e-08  7.51347538e-03  1.99990910e+00  7.51347538e-03  4.39990320e-05 
 7.52347538e-03  2.72593331e-02  7.52347538e-03  4.99994444e-08  7.52347538e-03  1.99990910e+00  7.52347538e-03  4.39990320e-05 
 7.53347538e-03  2.72671833e-02  7.53347538e-03  4.99994433e-08  7.53347538e-03  1.99990910e+00  7.53347538e-03  4.39990320e-05 
 7.54347538e-03  2.72750070e-02  7.54347538e-03  4.99994428e-08  7.54347538e-03  1.99990910e+00  7.54347538e-03  4.39990320e-05 
 7.55347538e-03  2.72828043e-02  7.55347538e-03  4.99994433e-08  7.55347538e-03  1.99990910e+00  7.55347538e-03  4.39990320e-05 
 7.56347538e-03  2.72905753e-02  7.56347538e-03  4.99994433e-08  7.56347538e-03  1.99990910e+00  7.56347538e-03  4.39990320e-05 
 7.57347538e-03  2.72983201e-02  7.57347538e-03  4.99994442e-08  7.57347538e-03  1.99990910e+00  7.57347538e-03  4.39990320e-05 
 7.58347538e-03  2.73060388e-02  7.58347538e-03  4.99994436e-08  7.58347538e-03  1.99990910e+00  7.58347538e-03  4.39990320e-05 
 7.59347538e-03  2.73137314e-02  7.59347538e-03  4.99994444e-08  7.59347538e-03  1.99990910e+00  7.59347538e-03  4.39990320e-05 
 7.60347538e-03  2.73213981e-02  7.60347538e-03  4.99994441e-08  7.60347538e-03  1.99990910e+00  7.60347538e-03  4.39990320e-05 
 7.61347538e-03  2.73290388e-02  7.61347538e-03  4.99994436e-08  7.61347538e-03  1.99990910e+00  7.61347538e-03  4.39990320e-05 
 7.62347538e-03  2.73366538e-02  7.62347538e-03  4.99994424e-08  7.62347538e-03  1.99990910e+00  7.62347538e-03  4.39990320e-05 
 7.63347538e-03  2.73442431e-02  7.63347538e-03  4.99994437e-08  7.63347538e-03  1.99990910e+00  7.63347538e-03  4.39990320e-05 
 7.64347538e-03  2.73518068e-02  7.64347538e-03  4.99994429e-08  7.64347538e-03  1.99990910e+00  7.64347538e-03  4.39990320e-05 
 7.65347538e-03  2.73593450e-02  7.65347538e-03  4.99994434e-08  7.65347538e-03  1.99990910e+00  7.65347538e-03  4.39990320e-05 
 7.66347538e-03  2.73668578e-02  7.66347538e-03  4.99994442e-08  7.66347538e-03  1.99990910e+00  7.66347538e-03  4.39990320e-05 
 7.67347538e-03  2.73743451e-02  7.67347538e-03  4.99994428e-08  7.67347538e-03  1.99990910e+00  7.67347538e-03  4.39990320e-05 
 7.68347538e-03  2.73818073e-02  7.68347538e-03  4.99994436e-08  7.68347538e-03  1.99990910e+00  7.68347538e-03  4.39990320e-05 
 7.69347538e-03  2.73892442e-02  7.69347538e-03  4.99994427e-08  7.69347538e-03  1.99990910e+00  7.69347538e-03  4.39990320e-05 
 7.70347538e-03  2.73966561e-02  7.70347538e-03  4.99994438e-08  7.70347538e-03  1.99990910e+00  7.70347538e-03  4.39990320e-05 
 7.71347538e-03  2.74040429e-02  7.71347538e-03  4.99994426e-08  7.71347538e-03  1.99990910e+00  7.71347538e-03  4.39990320e-05 
 7.72347538e-03  2.74114048e-02  7.72347538e-03  4.99994432e-08  7.72347538e-03  1.99990910e+00  7.72347538e-03  4.39990320e-05 
 7.73347538e-03  2.74187419e-02  7.73347538e-03  4.99994425e-08  7.73347538e-03  1.99990910e+00  7.73347538e-03  4.39990320e-05 
 7.74347538e-03  2.74260542e-02  7.74347538e-03  4.99994440e-08  7.74347538e-03  1.99990910e+00  7.74347538e-03  4.39990320e-05 
 7.75347538e-03  2.74333418e-02  7.75347538e-03  4.99994430e-08  7.75347538e-03  1.99990910e+00  7.75347538e-03  4.39990320e-05 
 7.76347538e-03  2.74406049e-02  7.76347538e-03  4.99994431e-08  7.76347538e-03  1.99990910e+00  7.76347538e-03  4.39990320e-05 
 7.77347538e-03  2.74478434e-02  7.77347538e-03  4.99994438e-08  7.77347538e-03  1.99990910e+00  7.77347538e-03  4.39990320e-05 
 7.78347538e-03  2.74550576e-02  7.78347538e-03  4.99994431e-08  7.78347538e-03  1.99990910e+00  7.78347538e-03  4.39990320e-05 
 7.79347538e-03  2.74622473e-02  7.79347538e-03  4.99994443e-08  7.79347538e-03  1.99990910e+00  7.79347538e-03  4.39990320e-05 
 7.80347538e-03  2.74694128e-02  7.80347538e-03  4.99994425e-08  7.80347538e-03  1.99990910e+00  7.80347538e-03  4.39990320e-05 
 7.81347538e-03  2.74765542e-02  7.81347538e-03  4.99994426e-08  7.81347538e-03  1.99990910e+00  7.81347538e-03  4.39990320e-05 
 7.82347538e-03  2.74836714e-02  7.82347538e-03  4.99994443e-08  7.82347538e-03  1.99990910e+00  7.82347538e-03  4.39990320e-05 
 7.83347538e-03  2.74907646e-02  7.83347538e-03  4.99994443e-08  7.83347538e-03  1.99990910e+00  7.83347538e-03  4.39990320e-05 
 7.84347538e-03  2.74978339e-02  7.84347538e-03  4.99994441e-08  7.84347538e-03  1.99990910e+00  7.84347538e-03  4.39990320e-05 
 7.85347538e-03  2.75048794e-02  7.85347538e-03  4.99994428e-08  7.85347538e-03  1.99990910e+00  7.85347538e-03  4.39990320e-05 
 7.86347538e-03  2.75119010e-02  7.86347538e-03  4.99994433e-08  7.86347538e-03  1.99990910e+00  7.86347538e-03  4.39990320e-05 
 7.87347538e-03  2.75188990e-02  7.87347538e-03  4.99994443e-08  7.87347538e-03  1.99990910e+00  7.87347538e-03  4.39990320e-05 
 7.88347538e-03  2.75258733e-02  7.88347538e-03  4.99994430e-08  7.88347538e-03  1.99990910e+00  7.88347538e-03  4.39990320e-05 
 7.89347538e-03  2.75328242e-02  7.89347538e-03  4.99994434e-08  7.89347538e-03  1.99990910e+00  7.89347538e-03  4.39990320e-05 
 7.90347538e-03  2.75397515e-02  7.90347538e-03  4.99994444e-08  7.90347538e-03  1.99990910e+00  7.90347538e-03  4.39990320e-05 
 7.91347538e-03  2.75466555e-02  7.91347538e-03  4.99994432e-08  7.91347538e-03  1.99990910e+00  7.91347538e-03  4.39990320e-05 
 7.92347538e-03  2.75535362e-02  7.92347538e-03  4.99994435e-08  7.92347538e-03  1.99990910e+00  7.92347538e-03  4.39990320e-05 
 7.93347538e-03  2.75603937e-02  7.93347538e-03  4.99994442e-08  7.93347538e-03  1.99990910e+00  7.93347538e-03  4.39990320e-05 
 7.94347538e-03  2.75672280e-02  7.94347538e-03  4.99994429e-08  7.94347538e-03  1.99990910e+00  7.94347538e-03  4.39990320e-05 
 7.95347538e-03  2.75740393e-02  7.95347538e-03  4.99994437e-08  7.95347538e-03  1.99990910e+00  7.95347538e-03  4.39990320e-05 
 7.96347538e-03  2.75808276e-02  7.96347538e-03  4.99994426e-08  7.96347538e-03  1.99990910e+00  7.96347538e-03  4.39990320e-05 
 7.97347538e-03  2.75875930e-02  7.97347538e-03  4.99994435e-08  7.97347538e-03  1.99990910e+00  7.97347538e-03  4.39990320e-05 
 7.98347538e-03  2.75943356e-02  7.98347538e-03  4.99994426e-08  7.98347538e-03  1.99990910e+00  7.98347538e-03  4.39990320e-05 
 7.99347538e-03  2.76010554e-02  7.99347538e-03  4.99994436e-08  7.99347538e-03  1.99990910e+00  7.99347538e-03  4.39990320e-05 
 8.00347538e-03  2.76077525e-02  8.00347538e-03  4.99994426e-08  8.00347538e-03  1.99990910e+00  8.00347538e-03  4.39990320e-05 
 8.01347538e-03  2.76144270e-02  8.01347538e-03  4.99994434e-08  8.01347538e-03  1.99990910e+00  8.01347538e-03  4.39990320e-05 
 8.02347538e-03  2.76210790e-02  8.02347538e-03  4.99994425e-08  8.02347538e-03  1.99990910e+00  8.02347538e-03  4.39990320e-05 
 8.03347538e-03  2.76277086e-02  8.03347538e-03  4.99994437e-08  8.03347538e-03  1.99990910e+00  8.03347538e-03  4.39990320e-05 
 8.04347538e-03  2.76343158e-02  8.04347538e-03  4.99994428e-08  8.04347538e-03  1.99990910e+00  8.04347538e-03  4.39990320e-05 
 8.05347538e-03  2.76409007e-02  8.05347538e-03  4.99994435e-08  8.05347538e-03  1.99990910e+00  8.05347538e-03  4.39990320e-05 
 8.06347538e-03  2.76474634e-02  8.06347538e-03  4.99994443e-08  8.06347538e-03  1.99990910e+00  8.06347538e-03  4.39990320e-05 
 8.07347538e-03  2.76540039e-02  8.07347538e-03  4.99994428e-08  8.07347538e-03  1.99990910e+00  8.07347538e-03  4.39990320e-05 
 8.08347538e-03  2.76605224e-02  8.08347538e-03  4.99994433e-08  8.08347538e-03  1.99990910e+00  8.08347538e-03  4.39990320e-05 
 8.09347538e-03  2.76670189e-02  8.09347538e-03  4.99994426e-08  8.09347538e-03  1.99990910e+00  8.09347538e-03  4.39990320e-05 
 8.10347538e-03  2.76734934e-02  8.10347538e-03  4.99994441e-08  8.10347538e-03  1.99990910e+00  8.10347538e-03  4.39990320e-05 
 8.11347538e-03  2.76799461e-02  8.11347538e-03  4.99994430e-08  8.11347538e-03  1.99990910e+00  8.11347538e-03  4.39990320e-05 
 8.12347538e-03  2.76863771e-02  8.12347538e-03  4.99994429e-08  8.12347538e-03  1.99990910e+00  8.12347538e-03  4.39990320e-05 
 8.13347538e-03  2.76927863e-02  8.13347538e-03  4.99994438e-08  8.13347538e-03  1.99990910e+00  8.13347538e-03  4.39990320e-05 
 8.14347538e-03  2.76991739e-02  8.14347538e-03  4.99994434e-08  8.14347538e-03  1.99990910e+00  8.14347538e-03  4.39990320e-05 
 8.15347538e-03  2.77055400e-02  8.15347538e-03  4.99994435e-08  8.15347538e-03  1.99990910e+00  8.15347538e-03  4.39990320e-05 
 8.16347538e-03  2.77118845e-02  8.16347538e-03  4.99994431e-08  8.16347538e-03  1.99990910e+00  8.16347538e-03  4.39990320e-05 
 8.17347538e-03  2.77182077e-02  8.17347538e-03  4.99994442e-08  8.17347538e-03  1.99990910e+00  8.17347538e-03  4.39990320e-05 
 8.18347538e-03  2.77245095e-02  8.18347538e-03  4.99994441e-08  8.18347538e-03  1.99990910e+00  8.18347538e-03  4.39990320e-05 
 8.19347538e-03  2.77307901e-02  8.19347538e-03  4.99994436e-08  8.19347538e-03  1.99990910e+00  8.19347538e-03  4.39990320e-05 
 8.20347538e-03  2.77370494e-02  8.20347538e-03  4.99994444e-08  8.20347538e-03  1.99990910e+00  8.20347538e-03  4.39990320e-05 
 8.21347538e-03  2.77432877e-02  8.21347538e-03  4.99994440e-08  8.21347538e-03  1.99990910e+00  8.21347538e-03  4.39990320e-05 
 8.22347538e-03  2.77495049e-02  8.22347538e-03  4.99994444e-08  8.22347538e-03  1.99990910e+00  8.22347538e-03  4.39990320e-05 
 8.23347538e-03  2.77557011e-02  8.23347538e-03  4.99994436e-08  8.23347538e-03  1.99990910e+00  8.23347538e-03  4.39990320e-05 
 8.24347538e-03  2.77618764e-02  8.24347538e-03  4.99994444e-08  8.24347538e-03  1.99990910e+00  8.24347538e-03  4.39990320e-05 
 8.25347538e-03  2.77680309e-02  8.25347538e-03  4.99994443e-08  8.25347538e-03  1.99990910e+00  8.25347538e-03  4.39990320e-05 
 8.26347538e-03  2.77741646e-02  8.26347538e-03  4.99994437e-08  8.26347538e-03  1.99990910e+00  8.26347538e-03  4.39990320e-05 
 8.27347538e-03  2.77802776e-02  8.27347538e-03  4.99994443e-08  8.27347538e-03  1.99990910e+00  8.27347538e-03  4.39990320e-05 
 8.28347538e-03  2.77863700e-02  8.28347538e-03  4.99994437e-08  8.28347538e-03  1.99990910e+00  8.28347538e-03  4.39990320e-05 
 8.29347538e-03  2.77924418e-02  8.29347538e-03  4.99994435e-08  8.29347538e-03  1.99990910e+00  8.29347538e-03  4.39990320e-05 
 8.30347538e-03  2.77984932e-02  8.30347538e-03  4.99994428e-08  8.30347538e-03  1.99990910e+00  8.30347538e-03  4.39990320e-05 
 8.31347538e-03  2.78045241e-02  8.31347538e-03  4.99994441e-08  8.31347538e-03  1.99990910e+00  8.31347538e-03  4.39990320e-05 
 8.32347538e-03  2.78105346e-02  8.32347538e-03  4.99994445e-08  8.32347538e-03  1.99990910e+00  8.32347538e-03  4.39990320e-05 
 8.33347538e-03  2.78165249e-02  8.33347538e-03  4.99994439e-08  8.33347538e-03  1.99990910e+00  8.33347538e-03  4.39990320e-05 
 8.34347538e-03  2.78224950e-02  8.34347538e-03  4.99994439e-08  8.34347538e-03  1.99990910e+00  8.34347538e-03  4.39990320e-05 
 8.35347538e-03  2.78284449e-02  8.35347538e-03  4.99994432e-08  8.35347538e-03  1.99990910e+00  8.35347538e-03  4.39990320e-05 
 8.36347538e-03  2.78343748e-02  8.36347538e-03  4.99994438e-08  8.36347538e-03  1.99990910e+00  8.36347538e-03  4.39990320e-05 
 8.37347538e-03  2.78402846e-02  8.37347538e-03  4.99994439e-08  8.37347538e-03  1.99990910e+00  8.37347538e-03  4.39990320e-05 
 8.38347538e-03  2.78461745e-02  8.38347538e-03  4.99994442e-08  8.38347538e-03  1.99990910e+00  8.38347538e-03  4.39990320e-05 
 8.39347538e-03  2.78520446e-02  8.39347538e-03  4.99994429e-08  8.39347538e-03  1.99990910e+00  8.39347538e-03  4.39990320e-05 
 8.40347538e-03  2.78578948e-02  8.40347538e-03  4.99994441e-08  8.40347538e-03  1.99990910e+00  8.40347538e-03  4.39990320e-05 
 8.41347538e-03  2.78637253e-02  8.41347538e-03  4.99994430e-08  8.41347538e-03  1.99990910e+00  8.41347538e-03  4.39990320e-05 
 8.42347538e-03  2.78695361e-02  8.42347538e-03  4.99994433e-08  8.42347538e-03  1.99990910e+00  8.42347538e-03  4.39990320e-05 
 8.43347538e-03  2.78753273e-02  8.43347538e-03  4.99994439e-08  8.43347538e-03  1.99990910e+00  8.43347538e-03  4.39990320e-05 
 8.44347538e-03  2.78810989e-02  8.44347538e-03  4.99994430e-08  8.44347538e-03  1.99990910e+00  8.44347538e-03  4.39990320e-05 
 8.45347538e-03  2.78868511e-02  8.45347538e-03  4.99994441e-08  8.45347538e-03  1.99990910e+00  8.45347538e-03  4.39990320e-05 
 8.46347538e-03  2.78925839e-02  8.46347538e-03  4.99994427e-08  8.46347538e-03  1.99990910e+00  8.46347538e-03  4.39990320e-05 
 8.47347538e-03  2.78982973e-02  8.47347538e-03  4.99994430e-08  8.47347538e-03  1.99990910e+00  8.47347538e-03  4.39990320e-05 
 8.48347538e-03  2.79039914e-02  8.48347538e-03  4.99994443e-08  8.48347538e-03  1.99990910e+00  8.48347538e-03  4.39990320e-05 
 8.49347538e-03  2.79096664e-02  8.49347538e-03  4.99994435e-08  8.49347538e-03  1.99990910e+00  8.49347538e-03  4.39990320e-05 
 8.50347538e-03  2.79153222e-02  8.50347538e-03  4.99994438e-08  8.50347538e-03  1.99990910e+00  8.50347538e-03  4.39990320e-05 
 8.51347538e-03  2.79209589e-02  8.51347538e-03  4.99994438e-08  8.51347538e-03  1.99990910e+00  8.51347538e-03  4.39990320e-05 
 8.52347538e-03  2.79265765e-02  8.52347538e-03  4.99994443e-08  8.52347538e-03  1.99990910e+00  8.52347538e-03  4.39990320e-05 
 8.53347538e-03  2.79321753e-02  8.53347538e-03  4.99994433e-08  8.53347538e-03  1.99990910e+00  8.53347538e-03  4.39990320e-05 
 8.54347538e-03  2.79377551e-02  8.54347538e-03  4.99994440e-08  8.54347538e-03  1.99990910e+00  8.54347538e-03  4.39990320e-05 
 8.55347538e-03  2.79433161e-02  8.55347538e-03  4.99994444e-08  8.55347538e-03  1.99990910e+00  8.55347538e-03  4.39990320e-05 
 8.56347538e-03  2.79488583e-02  8.56347538e-03  4.99994443e-08  8.56347538e-03  1.99990910e+00  8.56347538e-03  4.39990320e-05 
 8.57347538e-03  2.79543819e-02  8.57347538e-03  4.99994444e-08  8.57347538e-03  1.99990910e+00  8.57347538e-03  4.39990320e-05 
 8.58347538e-03  2.79598868e-02  8.58347538e-03  4.99994428e-08  8.58347538e-03  1.99990910e+00  8.58347538e-03  4.39990320e-05 
 8.59347538e-03  2.79653731e-02  8.59347538e-03  4.99994439e-08  8.59347538e-03  1.99990910e+00  8.59347538e-03  4.39990320e-05 
 8.60347538e-03  2.79708409e-02  8.60347538e-03  4.99994431e-08  8.60347538e-03  1.99990910e+00  8.60347538e-03  4.39990320e-05 
 8.61347538e-03  2.79762903e-02  8.61347538e-03  4.99994435e-08  8.61347538e-03  1.99990910e+00  8.61347538e-03  4.39990320e-05 
 8.62347538e-03  2.79817213e-02  8.62347538e-03  4.99994439e-08  8.62347538e-03  1.99990910e+00  8.62347538e-03  4.39990320e-05 
 8.63347538e-03  2.79871339e-02  8.63347538e-03  4.99994425e-08  8.63347538e-03  1.99990910e+00  8.63347538e-03  4.39990320e-05 
 8.64347538e-03  2.79925283e-02  8.64347538e-03  4.99994438e-08  8.64347538e-03  1.99990910e+00  8.64347538e-03  4.39990320e-05 
 8.65347538e-03  2.79979045e-02  8.65347538e-03  4.99994433e-08  8.65347538e-03  1.99990910e+00  8.65347538e-03  4.39990320e-05 
 8.66347538e-03  2.80032625e-02  8.66347538e-03  4.99994437e-08  8.66347538e-03  1.99990910e+00  8.66347538e-03  4.39990320e-05 
 8.67347538e-03  2.80086025e-02  8.67347538e-03  4.99994438e-08  8.67347538e-03  1.99990910e+00  8.67347538e-03  4.39990320e-05 
 8.68347538e-03  2.80139244e-02  8.68347538e-03  4.99994443e-08  8.68347538e-03  1.99990910e+00  8.68347538e-03  4.39990320e-05 
 8.69347538e-03  2.80192284e-02  8.69347538e-03  4.99994432e-08  8.69347538e-03  1.99990910e+00  8.69347538e-03  4.39990320e-05 
 8.70347538e-03  2.80245145e-02  8.70347538e-03  4.99994441e-08  8.70347538e-03  1.99990910e+00  8.70347538e-03  4.39990320e-05 
 8.71347538e-03  2.80297828e-02  8.71347538e-03  4.99994446e-08  8.71347538e-03  1.99990910e+00  8.71347538e-03  4.39990320e-05 
 8.72347538e-03  2.80350332e-02  8.72347538e-03  4.99994444e-08  8.72347538e-03  1.99990910e+00  8.72347538e-03  4.39990320e-05 
 8.73347538e-03  2.80402660e-02  8.73347538e-03  4.99994441e-08  8.73347538e-03  1.99990910e+00  8.73347538e-03  4.39990320e-05 
 8.74347538e-03  2.80454811e-02  8.74347538e-03  4.99994426e-08  8.74347538e-03  1.99990910e+00  8.74347538e-03  4.39990320e-05 
 8.75347538e-03  2.80506786e-02  8.75347538e-03  4.99994442e-08  8.75347538e-03  1.99990910e+00  8.75347538e-03  4.39990320e-05 
 8.76347538e-03  2.80558586e-02  8.76347538e-03  4.99994436e-08  8.76347538e-03  1.99990910e+00  8.76347538e-03  4.39990320e-05 
 8.77347538e-03  2.80610211e-02  8.77347538e-03  4.99994434e-08  8.77347538e-03  1.99990910e+00  8.77347538e-03  4.39990320e-05 
 8.78347538e-03  2.80661661e-02  8.78347538e-03  4.99994431e-08  8.78347538e-03  1.99990910e+00  8.78347538e-03  4.39990320e-05 
 8.79347538e-03  2.80712938e-02  8.79347538e-03  4.99994424e-08  8.79347538e-03  1.99990910e+00  8.79347538e-03  4.39990320e-05 
 8.80347538e-03  2.80764042e-02  8.80347538e-03  4.99994440e-08  8.80347538e-03  1.99990910e+00  8.80347538e-03  4.39990320e-05 
 8.81347538e-03  2.80814974e-02  8.81347538e-03  4.99994429e-08  8.81347538e-03  1.99990910e+00  8.81347538e-03  4.39990320e-05 
 8.82347538e-03  2.80865734e-02  8.82347538e-03  4.99994429e-08  8.82347538e-03  1.99990910e+00  8.82347538e-03  4.39990320e-05 
 8.83347538e-03  2.80916322e-02  8.83347538e-03  4.99994438e-08  8.83347538e-03  1.99990910e+00  8.83347538e-03  4.39990320e-05 
 8.84347538e-03  2.80966740e-02  8.84347538e-03  4.99994434e-08  8.84347538e-03  1.99990910e+00  8.84347538e-03  4.39990320e-05 
 8.85347538e-03  2.81016988e-02  8.85347538e-03  4.99994434e-08  8.85347538e-03  1.99990910e+00  8.85347538e-03  4.39990320e-05 
 8.86347538e-03  2.81067066e-02  8.86347538e-03  4.99994431e-08  8.86347538e-03  1.99990910e+00  8.86347538e-03  4.39990320e-05 
 8.87347538e-03  2.81116975e-02  8.87347538e-03  4.99994442e-08  8.87347538e-03  1.99990910e+00  8.87347538e-03  4.39990320e-05 
 8.88347538e-03  2.81166715e-02  8.88347538e-03  4.99994442e-08  8.88347538e-03  1.99990910e+00  8.88347538e-03  4.39990320e-05 
 8.89347538e-03  2.81216288e-02  8.89347538e-03  4.99994436e-08  8.89347538e-03  1.99990910e+00  8.89347538e-03  4.39990320e-05 
 8.90347538e-03  2.81265694e-02  8.90347538e-03  4.99994442e-08  8.90347538e-03  1.99990910e+00  8.90347538e-03  4.39990320e-05 
 8.91347538e-03  2.81314933e-02  8.91347538e-03  4.99994439e-08  8.91347538e-03  1.99990910e+00  8.91347538e-03  4.39990320e-05 
 8.92347538e-03  2.81364006e-02  8.92347538e-03  4.99994437e-08  8.92347538e-03  1.99990910e+00  8.92347538e-03  4.39990320e-05 
 8.93347538e-03  2.81412913e-02  8.93347538e-03  4.99994427e-08  8.93347538e-03  1.99990910e+00  8.93347538e-03  4.39990320e-05 
 8.94347538e-03  2.81461655e-02  8.94347538e-03  4.99994437e-08  8.94347538e-03  1.99990910e+00  8.94347538e-03  4.39990320e-05 
 8.95347538e-03  2.81510232e-02  8.95347538e-03  4.99994445e-08  8.95347538e-03  1.99990910e+00  8.95347538e-03  4.39990320e-05 
 8.96347538e-03  2.81558646e-02  8.96347538e-03  4.99994425e-08  8.96347538e-03  1.99990910e+00  8.96347538e-03  4.39990320e-05 
 8.97347538e-03  2.81606897e-02  8.97347538e-03  4.99994428e-08  8.97347538e-03  1.99990910e+00  8.97347538e-03  4.39990320e-05 
 8.98347538e-03  2.81654984e-02  8.98347538e-03  4.99994428e-08  8.98347538e-03  1.99990910e+00  8.98347538e-03  4.39990320e-05 
 8.99347538e-03  2.81702909e-02  8.99347538e-03  4.99994439e-08  8.99347538e-03  1.99990910e+00  8.99347538e-03  4.39990320e-05 
 9.00347538e-03  2.81750673e-02  9.00347538e-03  4.99994439e-08  9.00347538e-03  1.99990910e+00  9.00347538e-03  4.39990320e-05 
 9.01347538e-03  2.81798275e-02  9.01347538e-03  4.99994437e-08  9.01347538e-03  1.99990910e+00  9.01347538e-03  4.39990320e-05 
 9.02347538e-03  2.81845717e-02  9.02347538e-03  4.99994425e-08  9.02347538e-03  1.99990910e+00  9.02347538e-03  4.39990320e-05 
 9.03347538e-03  2.81892999e-02  9.03347538e-03  4.99994435e-08  9.03347538e-03  1.99990910e+00  9.03347538e-03  4.39990320e-05 
 9.04347538e-03  2.81940121e-02  9.04347538e-03  4.99994426e-08  9.04347538e-03  1.99990910e+00  9.04347538e-03  4.39990320e-05 
 9.05347538e-03  2.81987084e-02  9.05347538e-03  4.99994435e-08  9.05347538e-03  1.99990910e+00  9.05347538e-03  4.39990320e-05 
 9.06347538e-03  2.82033889e-02  9.06347538e-03  4.99994425e-08  9.06347538e-03  1.99990910e+00  9.06347538e-03  4.39990320e-05 
 9.07347538e-03  2.82080536e-02  9.07347538e-03  4.99994435e-08  9.07347538e-03  1.99990910e+00  9.07347538e-03  4.39990320e-05 
 9.08347538e-03  2.82127025e-02  9.08347538e-03  4.99994427e-08  9.08347538e-03  1.99990910e+00  9.08347538e-03  4.39990320e-05 
 9.09347538e-03  2.82173357e-02  9.09347538e-03  4.99994437e-08  9.09347538e-03  1.99990910e+00  9.09347538e-03  4.39990320e-05 
 9.10347538e-03  2.82219534e-02  9.10347538e-03  4.99994425e-08  9.10347538e-03  1.99990910e+00  9.10347538e-03  4.39990320e-05 
 9.11347538e-03  2.82265554e-02  9.11347538e-03  4.99994434e-08  9.11347538e-03  1.99990910e+00  9.11347538e-03  4.39990320e-05 
 9.12347538e-03  2.82311419e-02  9.12347538e-03  4.99994426e-08  9.12347538e-03  1.99990910e+00  9.12347538e-03  4.39990320e-05 
 9.13347538e-03  2.82357129e-02  9.13347538e-03  4.99994438e-08  9.13347538e-03  1.99990910e+00  9.13347538e-03  4.39990320e-05 
 9.14347538e-03  2.82402685e-02  9.14347538e-03  4.99994428e-08  9.14347538e-03  1.99990910e+00  9.14347538e-03  4.39990320e-05 
 9.15347538e-03  2.82448088e-02  9.15347538e-03  4.99994432e-08  9.15347538e-03  1.99990910e+00  9.15347538e-03  4.39990320e-05 
 9.16347538e-03  2.82493337e-02  9.16347538e-03  4.99994442e-08  9.16347538e-03  1.99990910e+00  9.16347538e-03  4.39990320e-05 
 9.17347538e-03  2.82538433e-02  9.17347538e-03  4.99994432e-08  9.17347538e-03  1.99990910e+00  9.17347538e-03  4.39990320e-05 
 9.18347538e-03  2.82583377e-02  9.18347538e-03  4.99994437e-08  9.18347538e-03  1.99990910e+00  9.18347538e-03  4.39990320e-05 
 9.19347538e-03  2.82628170e-02  9.19347538e-03  4.99994443e-08  9.19347538e-03  1.99990910e+00  9.19347538e-03  4.39990320e-05 
 9.20347538e-03  2.82672812e-02  9.20347538e-03  4.99994426e-08  9.20347538e-03  1.99990910e+00  9.20347538e-03  4.39990320e-05 
 9.21347538e-03  2.82717302e-02  9.21347538e-03  4.99994433e-08  9.21347538e-03  1.99990910e+00  9.21347538e-03  4.39990320e-05 
 9.22347538e-03  2.82761643e-02  9.22347538e-03  4.99994430e-08  9.22347538e-03  1.99990910e+00  9.22347538e-03  4.39990320e-05 
 9.23347538e-03  2.82805834e-02  9.23347538e-03  4.99994443e-08  9.23347538e-03  1.99990910e+00  9.23347538e-03  4.39990320e-05 
 9.24347538e-03  2.82849876e-02  9.24347538e-03  4.99994446e-08  9.24347538e-03  1.99990910e+00  9.24347538e-03  4.39990320e-05 
 9.25347538e-03  2.82893769e-02  9.25347538e-03  4.99994438e-08  9.25347538e-03  1.99990910e+00  9.25347538e-03  4.39990320e-05 
 9.26347538e-03  2.82937515e-02  9.26347538e-03  4.99994438e-08  9.26347538e-03  1.99990910e+00  9.26347538e-03  4.39990320e-05 
 9.27347538e-03  2.82981112e-02  9.27347538e-03  4.99994433e-08  9.27347538e-03  1.99990910e+00  9.27347538e-03  4.39990320e-05 
 9.28347538e-03  2.83024563e-02  9.28347538e-03  4.99994440e-08  9.28347538e-03  1.99990910e+00  9.28347538e-03  4.39990320e-05 
 9.29347538e-03  2.83067867e-02  9.29347538e-03  4.99994438e-08  9.29347538e-03  1.99990910e+00  9.29347538e-03  4.39990320e-05 
 9.30347538e-03  2.83111025e-02  9.30347538e-03  4.99994438e-08  9.30347538e-03  1.99990910e+00  9.30347538e-03  4.39990320e-05 
 9.31347538e-03  2.83154037e-02  9.31347538e-03  4.99994428e-08  9.31347538e-03  1.99990910e+00  9.31347538e-03  4.39990320e-05 
 9.32347538e-03  2.83196904e-02  9.32347538e-03  4.99994435e-08  9.32347538e-03  1.99990910e+00  9.32347538e-03  4.39990320e-05 
 9.33347538e-03  2.83239626e-02  9.33347538e-03  4.99994442e-08  9.33347538e-03  1.99990910e+00  9.33347538e-03  4.39990320e-05 
 9.34347538e-03  2.83282204e-02  9.34347538e-03  4.99994426e-08  9.34347538e-03  1.99990910e+00  9.34347538e-03  4.39990320e-05 
 9.35347538e-03  2.83324639e-02  9.35347538e-03  4.99994433e-08  9.35347538e-03  1.99990910e+00  9.35347538e-03  4.39990320e-05 
 9.36347538e-03  2.83366930e-02  9.36347538e-03  4.99994429e-08  9.36347538e-03  1.99990910e+00  9.36347538e-03  4.39990320e-05 
 9.37347538e-03  2.83409079e-02  9.37347538e-03  4.99994443e-08  9.37347538e-03  1.99990910e+00  9.37347538e-03  4.39990320e-05 
 9.38347538e-03  2.83451085e-02  9.38347538e-03  4.99994446e-08  9.38347538e-03  1.99990910e+00  9.38347538e-03  4.39990320e-05 
 9.39347538e-03  2.83492950e-02  9.39347538e-03  4.99994438e-08  9.39347538e-03  1.99990910e+00  9.39347538e-03  4.39990320e-05 
 9.40347538e-03  2.83534674e-02  9.40347538e-03  4.99994437e-08  9.40347538e-03  1.99990910e+00  9.40347538e-03  4.39990320e-05 
 9.41347538e-03  2.83576256e-02  9.41347538e-03  4.99994433e-08  9.41347538e-03  1.99990910e+00  9.41347538e-03  4.39990320e-05 
 9.42347538e-03  2.83617699e-02  9.42347538e-03  4.99994441e-08  9.42347538e-03  1.99990910e+00  9.42347538e-03  4.39990320e-05 
 9.43347538e-03  2.83659001e-02  9.43347538e-03  4.99994438e-08  9.43347538e-03  1.99990910e+00  9.43347538e-03  4.39990320e-05 
 9.44347538e-03  2.83700164e-02  9.44347538e-03  4.99994436e-08  9.44347538e-03  1.99990910e+00  9.44347538e-03  4.39990320e-05 
 9.45347538e-03  2.83741188e-02  9.45347538e-03  4.99994427e-08  9.45347538e-03  1.99990910e+00  9.45347538e-03  4.39990320e-05 
 9.46347538e-03  2.83782074e-02  9.46347538e-03  4.99994438e-08  9.46347538e-03  1.99990910e+00  9.46347538e-03  4.39990320e-05 
 9.47347538e-03  2.83822822e-02  9.47347538e-03  4.99994425e-08  9.47347538e-03  1.99990910e+00  9.47347538e-03  4.39990320e-05 
 9.48347538e-03  2.83863432e-02  9.48347538e-03  4.99994430e-08  9.48347538e-03  1.99990910e+00  9.48347538e-03  4.39990320e-05 
 9.49347538e-03  2.83903906e-02  9.49347538e-03  4.99994445e-08  9.49347538e-03  1.99990910e+00  9.49347538e-03  4.39990320e-05 
 9.50347538e-03  2.83944242e-02  9.50347538e-03  4.99994435e-08  9.50347538e-03  1.99990910e+00  9.50347538e-03  4.39990320e-05 
 9.51347538e-03  2.83984443e-02  9.51347538e-03  4.99994435e-08  9.51347538e-03  1.99990910e+00  9.51347538e-03  4.39990320e-05 
 9.52347538e-03  2.84024508e-02  9.52347538e-03  4.99994436e-08  9.52347538e-03  1.99990910e+00  9.52347538e-03  4.39990320e-05 
 9.53347538e-03  2.84064438e-02  9.53347538e-03  4.99994426e-08  9.53347538e-03  1.99990910e+00  9.53347538e-03  4.39990320e-05 
 9.54347538e-03  2.84104233e-02  9.54347538e-03  4.99994433e-08  9.54347538e-03  1.99990910e+00  9.54347538e-03  4.39990320e-05 
 9.55347538e-03  2.84143894e-02  9.55347538e-03  4.99994444e-08  9.55347538e-03  1.99990910e+00  9.55347538e-03  4.39990320e-05 
 9.56347538e-03  2.84183421e-02  9.56347538e-03  4.99994429e-08  9.56347538e-03  1.99990910e+00  9.56347538e-03  4.39990320e-05 
 9.57347538e-03  2.84222814e-02  9.57347538e-03  4.99994433e-08  9.57347538e-03  1.99990910e+00  9.57347538e-03  4.39990320e-05 
 9.58347538e-03  2.84262075e-02  9.58347538e-03  4.99994445e-08  9.58347538e-03  1.99990910e+00  9.58347538e-03  4.39990320e-05 
 9.59347538e-03  2.84301203e-02  9.59347538e-03  4.99994434e-08  9.59347538e-03  1.99990910e+00  9.59347538e-03  4.39990320e-05 
 9.60347538e-03  2.84340199e-02  9.60347538e-03  4.99994434e-08  9.60347538e-03  1.99990910e+00  9.60347538e-03  4.39990320e-05 
 9.61347538e-03  2.84379064e-02  9.61347538e-03  4.99994438e-08  9.61347538e-03  1.99990910e+00  9.61347538e-03  4.39990320e-05 
 9.62347538e-03  2.84417797e-02  9.62347538e-03  4.99994428e-08  9.62347538e-03  1.99990910e+00  9.62347538e-03  4.39990320e-05 
 9.63347538e-03  2.84456400e-02  9.63347538e-03  4.99994442e-08  9.63347538e-03  1.99990910e+00  9.63347538e-03  4.39990320e-05 
 9.64347538e-03  2.84494872e-02  9.64347538e-03  4.99994431e-08  9.64347538e-03  1.99990910e+00  9.64347538e-03  4.39990320e-05 
 9.65347538e-03  2.84533215e-02  9.65347538e-03  4.99994429e-08  9.65347538e-03  1.99990910e+00  9.65347538e-03  4.39990320e-05 
 9.66347538e-03  2.84571428e-02  9.66347538e-03  4.99994437e-08  9.66347538e-03  1.99990910e+00  9.66347538e-03  4.39990320e-05 
 9.67347538e-03  2.84609513e-02  9.67347538e-03  4.99994434e-08  9.67347538e-03  1.99990910e+00  9.67347538e-03  4.39990320e-05 
 9.68347538e-03  2.84647468e-02  9.68347538e-03  4.99994436e-08  9.68347538e-03  1.99990910e+00  9.68347538e-03  4.39990320e-05 
 9.69347538e-03  2.84685296e-02  9.69347538e-03  4.99994432e-08  9.69347538e-03  1.99990910e+00  9.69347538e-03  4.39990320e-05 
 9.70347538e-03  2.84722996e-02  9.70347538e-03  4.99994441e-08  9.70347538e-03  1.99990910e+00  9.70347538e-03  4.39990320e-05 
 9.71347538e-03  2.84760569e-02  9.71347538e-03  4.99994438e-08  9.71347538e-03  1.99990910e+00  9.71347538e-03  4.39990320e-05 
 9.72347538e-03  2.84798015e-02  9.72347538e-03  4.99994436e-08  9.72347538e-03  1.99990910e+00  9.72347538e-03  4.39990320e-05 
 9.73347538e-03  2.84835335e-02  9.73347538e-03  4.99994427e-08  9.73347538e-03  1.99990910e+00  9.73347538e-03  4.39990320e-05 
 9.74347538e-03  2.84872529e-02  9.74347538e-03  4.99994437e-08  9.74347538e-03  1.99990910e+00  9.74347538e-03  4.39990320e-05 
 9.75347538e-03  2.84909597e-02  9.75347538e-03  4.99994445e-08  9.75347538e-03  1.99990910e+00  9.75347538e-03  4.39990320e-05 
 9.76347538e-03  2.84946540e-02  9.76347538e-03  4.99994445e-08  9.76347538e-03  1.99990910e+00  9.76347538e-03  4.39990320e-05 
 9.77347538e-03  2.84983359e-02  9.77347538e-03  4.99994442e-08  9.77347538e-03  1.99990910e+00  9.77347538e-03  4.39990320e-05 
 9.78347538e-03  2.85020053e-02  9.78347538e-03  4.99994445e-08  9.78347538e-03  1.99990910e+00  9.78347538e-03  4.39990320e-05 
 9.79347538e-03  2.85056624e-02  9.79347538e-03  4.99994432e-08  9.79347538e-03  1.99990910e+00  9.79347538e-03  4.39990320e-05 
 9.80347538e-03  2.85093071e-02  9.80347538e-03  4.99994439e-08  9.80347538e-03  1.99990910e+00  9.80347538e-03  4.39990320e-05 
 9.81347538e-03  2.85129395e-02  9.81347538e-03  4.99994426e-08  9.81347538e-03  1.99990910e+00  9.81347538e-03  4.39990320e-05 
 9.82347538e-03  2.85165596e-02  9.82347538e-03  4.99994432e-08  9.82347538e-03  1.99990910e+00  9.82347538e-03  4.39990320e-05 
 9.83347538e-03  2.85201676e-02  9.83347538e-03  4.99994426e-08  9.83347538e-03  1.99990910e+00  9.83347538e-03  4.39990320e-05 
 9.84347538e-03  2.85237634e-02  9.84347538e-03  4.99994441e-08  9.84347538e-03  1.99990910e+00  9.84347538e-03  4.39990320e-05 
 9.85347538e-03  2.85273470e-02  9.85347538e-03  4.99994429e-08  9.85347538e-03  1.99990910e+00  9.85347538e-03  4.39990320e-05 
 9.86347538e-03  2.85309185e-02  9.86347538e-03  4.99994429e-08  9.86347538e-03  1.99990910e+00  9.86347538e-03  4.39990320e-05 
 9.87347538e-03  2.85344780e-02  9.87347538e-03  4.99994439e-08  9.87347538e-03  1.99990910e+00  9.87347538e-03  4.39990320e-05 
 9.88347538e-03  2.85380255e-02  9.88347538e-03  4.99994435e-08  9.88347538e-03  1.99990910e+00  9.88347538e-03  4.39990320e-05 
 9.89347538e-03  2.85415610e-02  9.89347538e-03  4.99994444e-08  9.89347538e-03  1.99990910e+00  9.89347538e-03  4.39990320e-05 
 9.90347538e-03  2.85450846e-02  9.90347538e-03  4.99994442e-08  9.90347538e-03  1.99990910e+00  9.90347538e-03  4.39990320e-05 
 9.91347538e-03  2.85485963e-02  9.91347538e-03  4.99994436e-08  9.91347538e-03  1.99990910e+00  9.91347538e-03  4.39990320e-05 
 9.92347538e-03  2.85520961e-02  9.92347538e-03  4.99994443e-08  9.92347538e-03  1.99990910e+00  9.92347538e-03  4.39990320e-05 
 9.93347538e-03  2.85555841e-02  9.93347538e-03  4.99994440e-08  9.93347538e-03  1.99990910e+00  9.93347538e-03  4.39990320e-05 
 9.94347538e-03  2.85590604e-02  9.94347538e-03  4.99994435e-08  9.94347538e-03  1.99990910e+00  9.94347538e-03  4.39990320e-05 
 9.95347538e-03  2.85625249e-02  9.95347538e-03  4.99994425e-08  9.95347538e-03  1.99990910e+00  9.95347538e-03  4.39990320e-05 
 9.96347538e-03  2.85659778e-02  9.96347538e-03  4.99994438e-08  9.96347538e-03  1.99990910e+00  9.96347538e-03  4.39990320e-05 
 9.97347538e-03  2.85694190e-02  9.97347538e-03  4.99994428e-08  9.97347538e-03  1.99990910e+00  9.97347538e-03  4.39990320e-05 
 9.98347538e-03  2.85728485e-02  9.98347538e-03  4.99994432e-08  9.98347538e-03  1.99990910e+00  9.98347538e-03  4.39990320e-05 
 9.99347538e-03  2.85762665e-02  9.99347538e-03  4.99994441e-08  9.99347538e-03  1.99990910e+00  9.99347538e-03  4.39990320e-05 
 1.00000000e-02  2.85784904e-02  1.00000000e-02  4.99994440e-08  1.00000000e-02  1.99990910e+00  1.00000000e-02  4.39990320e-05 
 1.00000500e-02  2.85785075e-02  1.00000500e-02  4.99994439e-08  1.00000500e-02  1.99990910e+00  1.00000500e-02  4.39990320e-05 
 1.00001500e-02  2.85785415e-02  1.00001500e-02  4.99994439e-08  1.00001500e-02  1.99990910e+00  1.00001500e-02  4.39990320e-05 
 1.00001756e-02  2.85785502e-02  1.00001756e-02  4.99994439e-08  1.00001756e-02  1.99990910e+00  1.00001756e-02  4.39990320e-05 
 1.00002205e-02  2.85785655e-02  1.00002205e-02  4.99994439e-08  1.00002205e-02  1.99990910e+00  1.00002205e-02  4.39990320e-05 
 1.00002329e-02  2.85785697e-02  1.00002329e-02  4.99994439e-08  1.00002329e-02  1.99990910e+00  1.00002329e-02  4.39990320e-05 
 1.00002546e-02  2.85785771e-02  1.00002546e-02  4.99994439e-08  1.00002546e-02  1.99990910e+00  1.00002546e-02  4.39990320e-05 
 1.00002606e-02  2.85785792e-02  1.00002606e-02  4.99994439e-08  1.00002606e-02  1.99990910e+00  1.00002606e-02  4.39990320e-05 
 1.00002711e-02  2.85785828e-02  1.00002711e-02  4.99994439e-08  1.00002711e-02  1.99990910e+00  1.00002711e-02  4.39990320e-05 
 1.00002774e-02  2.85785849e-02  1.00002774e-02  4.99994439e-08  1.00002774e-02  1.99990910e+00  1.00002774e-02  4.39990320e-05 
 1.00002824e-02  2.85785482e-02  1.00002824e-02  8.42185087e-08  1.00002824e-02  1.99990910e+00  1.00002824e-02  4.39990320e-05 
 1.00002851e-02  2.85785208e-02  1.00002851e-02  1.09420620e-07  1.00002851e-02  1.99990910e+00  1.00002851e-02  4.39990320e-05 
 1.00002878e-02  2.85784921e-02  1.00002878e-02  1.35633939e-07  1.00002878e-02  1.99990910e+00  1.00002878e-02  4.39990320e-05 
 1.00002909e-02  2.85784591e-02  1.00002909e-02  1.65796055e-07  1.00002909e-02  1.99990910e+00  1.00002909e-02  4.39990320e-05 
 1.00002969e-02  2.85783924e-02  1.00002969e-02  2.26457019e-07  1.00002969e-02  1.99990910e+00  1.00002969e-02  4.39990320e-05 
 1.00003091e-02  2.85782585e-02  1.00003091e-02  3.48048036e-07  1.00003091e-02  1.99990910e+00  1.00003091e-02  4.39990320e-05 
 1.00003281e-02  2.85780494e-02  1.00003281e-02  5.37357875e-07  1.00003281e-02  1.99990910e+00  1.00003281e-02  4.39990320e-05 
 1.00003564e-02  2.85777365e-02  1.00003564e-02  8.20437871e-07  1.00003564e-02  1.99990910e+00  1.00003564e-02  4.39990320e-05 
 1.00003905e-02  2.85773588e-02  1.00003905e-02  1.16196671e-06  1.00003905e-02  1.99990910e+00  1.00003905e-02  4.39990320e-05 
 1.00004292e-02  2.85769311e-02  1.00004292e-02  1.54892766e-06  1.00004292e-02  1.99990910e+00  1.00004292e-02  4.39990320e-05 
 1.00004816e-02  2.85763525e-02  1.00004816e-02  2.07243508e-06  1.00004816e-02  1.99990910e+00  1.00004816e-02  4.39990320e-05 
 1.00005000e-02  2.85761490e-02  1.00005000e-02  2.25657979e-06  1.00005000e-02  1.99990910e+00  1.00005000e-02  4.39990320e-05 
 1.00005105e-02  2.85760333e-02  1.00005105e-02  2.36128030e-06  1.00005105e-02  1.99990910e+00  1.00005105e-02  4.39990320e-05 
 1.00005314e-02  2.85758020e-02  1.00005314e-02  2.57068044e-06  1.00005314e-02  1.99990910e+00  1.00005314e-02  4.39990320e-05 
 1.00005733e-02  2.85753392e-02  1.00005733e-02  2.98947646e-06  1.00005733e-02  1.99990910e+00  1.00005733e-02  4.39990320e-05 
 1.00006571e-02  2.85744137e-02  1.00006571e-02  3.82705084e-06  1.00006571e-02  1.99990910e+00  1.00006571e-02  4.39990320e-05 
 1.00008246e-02  2.85725627e-02  1.00008246e-02  5.50212858e-06  1.00008246e-02  1.99990910e+00  1.00008246e-02  4.39990320e-05 
 1.00011597e-02  2.85688611e-02  1.00011597e-02  8.85199962e-06  1.00011597e-02  1.99990910e+00  1.00011597e-02  4.39990320e-05 
 1.00018298e-02  2.85614592e-02  1.00018298e-02  1.55506038e-05  1.00018298e-02  1.99990910e+00  1.00018298e-02  4.39990320e-05 
 1.00031701e-02  2.85466605e-02  1.00031701e-02  2.89432615e-05  1.00031701e-02  1.99990910e+00  1.00031701e-02  4.39990320e-05 
 1.00058506e-02  2.85170830e-02  1.00058506e-02  5.57103854e-05  1.00058506e-02  1.99990910e+00  1.00058506e-02  4.39990320e-05 
 1.00112117e-02  2.84580085e-02  1.00112117e-02  1.09171955e-04  1.00112117e-02  1.99990910e+00  1.00112117e-02  4.39990320e-05 
 1.00212117e-02  2.83481031e-02  1.00212117e-02  2.08634964e-04  1.00212117e-02  1.99990910e+00  1.00212117e-02  4.39990320e-05 
 1.00312117e-02  2.82385689e-02  1.00312117e-02  3.07762476e-04  1.00312117e-02  1.99990910e+00  1.00312117e-02  4.39990320e-05 
 1.00412117e-02  2.81294045e-02  1.00412117e-02  4.06555541e-04  1.00412117e-02  1.99990910e+00  1.00412117e-02  4.39990320e-05 
 1.00512117e-02  2.80206089e-02  1.00512117e-02  5.05015261e-04  1.00512117e-02  1.99990910e+00  1.00512117e-02  4.39990320e-05 
 1.00612117e-02  2.79121808e-02  1.00612117e-02  6.03142753e-04  1.00612117e-02  1.99990910e+00  1.00612117e-02  4.39990320e-05 
 1.00712117e-02  2.78041190e-02  1.00712117e-02  7.00939134e-04  1.00712117e-02  1.99990910e+00  1.00712117e-02  4.39990320e-05 
 1.00812117e-02  2.76964222e-02  1.00812117e-02  7.98405520e-04  1.00812117e-02  1.99990910e+00  1.00812117e-02  4.39990320e-05 
 1.00912117e-02  2.75890893e-02  1.00912117e-02  8.95543025e-04  1.00912117e-02  1.99990910e+00  1.00912117e-02  4.39990320e-05 
 1.01012117e-02  2.74821190e-02  1.01012117e-02  9.92352758e-04  1.01012117e-02  1.99990910e+00  1.01012117e-02  4.39990320e-05 
 1.01112117e-02  2.73755101e-02  1.01112117e-02  1.08883583e-03  1.01112117e-02  1.99990910e+00  1.01112117e-02  4.39990320e-05 
 1.01212117e-02  2.72692614e-02  1.01212117e-02  1.18499333e-03  1.01212117e-02  1.99990910e+00  1.01212117e-02  4.39990320e-05 
 1.01312117e-02  2.71633718e-02  1.01312117e-02  1.28082637e-03  1.01312117e-02  1.99990910e+00  1.01312117e-02  4.39990320e-05 
 1.01412117e-02  2.70578399e-02  1.01412117e-02  1.37633604e-03  1.01412117e-02  1.99990910e+00  1.01412117e-02  4.39990320e-05 
 1.01512117e-02  2.69526646e-02  1.01512117e-02  1.47152343e-03  1.01512117e-02  1.99990910e+00  1.01512117e-02  4.39990320e-05 
 1.01612117e-02  2.68478448e-02  1.01612117e-02  1.56638963e-03  1.01612117e-02  1.99990910e+00  1.01612117e-02  4.39990320e-05 
 1.01712117e-02  2.67433792e-02  1.01712117e-02  1.66093572e-03  1.01712117e-02  1.99990910e+00  1.01712117e-02  4.39990320e-05 
 1.01812117e-02  2.66392666e-02  1.01812117e-02  1.75516278e-03  1.01812117e-02  1.99990910e+00  1.01812117e-02  4.39990320e-05 
 1.01912117e-02  2.65355059e-02  1.01912117e-02  1.84907189e-03  1.01912117e-02  1.99990910e+00  1.01912117e-02  4.39990320e-05 
 1.02012117e-02  2.64320959e-02  1.02012117e-02  1.94266413e-03  1.02012117e-02  1.99990910e+00  1.02012117e-02  4.39990320e-05 
 1.02112117e-02  2.63290354e-02  1.02112117e-02  2.03594055e-03  1.02112117e-02  1.99990910e+00  1.02112117e-02  4.39990320e-05 
 1.02212117e-02  2.62263232e-02  1.02212117e-02  2.12890223e-03  1.02212117e-02  1.99990910e+00  1.02212117e-02  4.39990320e-05 
 1.02312117e-02  2.61239582e-02  1.02312117e-02  2.22155023e-03  1.02312117e-02  1.99990910e+00  1.02312117e-02  4.39990320e-05 
 1.02412117e-02  2.60219393e-02  1.02412117e-02  2.31388561e-03  1.02412117e-02  1.99990910e+00  1.02412117e-02  4.39990320e-05 
 1.02512117e-02  2.59202653e-02  1.02512117e-02  2.40590942e-03  1.02512117e-02  1.99990910e+00  1.02512117e-02  4.39990320e-05 
 1.02612117e-02  2.58189349e-02  1.02612117e-02  2.49762271e-03  1.02612117e-02  1.99990910e+00  1.02612117e-02  4.39990320e-05 
 1.02712117e-02  2.57179471e-02  1.02712117e-02  2.58902654e-03  1.02712117e-02  1.99990910e+00  1.02712117e-02  4.39990320e-05 
 1.02812117e-02  2.56173008e-02  1.02812117e-02  2.68012194e-03  1.02812117e-02  1.99990910e+00  1.02812117e-02  4.39990320e-05 
 1.02912117e-02  2.55169948e-02  1.02912117e-02  2.77090995e-03  1.02912117e-02  1.99990910e+00  1.02912117e-02  4.39990320e-05 
 1.03012117e-02  2.54170279e-02  1.03012117e-02  2.86139162e-03  1.03012117e-02  1.99990910e+00  1.03012117e-02  4.39990320e-05 
 1.03112117e-02  2.53173990e-02  1.03112117e-02  2.95156798e-03  1.03112117e-02  1.99990910e+00  1.03112117e-02  4.39990320e-05 
 1.03212117e-02  2.52181070e-02  1.03212117e-02  3.04144005e-03  1.03212117e-02  1.99990910e+00  1.03212117e-02  4.39990320e-05 
 1.03312117e-02  2.51191508e-02  1.03312117e-02  3.13100887e-03  1.03312117e-02  1.99990910e+00  1.03312117e-02  4.39990320e-05 
 1.03412117e-02  2.50205292e-02  1.03412117e-02  3.22027546e-03  1.03412117e-02  1.99990910e+00  1.03412117e-02  4.39990320e-05 
 1.03512117e-02  2.49222411e-02  1.03512117e-02  3.30924083e-03  1.03512117e-02  1.99990910e+00  1.03512117e-02  4.39990320e-05 
 1.03612117e-02  2.48242855e-02  1.03612117e-02  3.39790600e-03  1.03612117e-02  1.99990910e+00  1.03612117e-02  4.39990320e-05 
 1.03712117e-02  2.47266611e-02  1.03712117e-02  3.48627200e-03  1.03712117e-02  1.99990910e+00  1.03712117e-02  4.39990320e-05 
 1.03812117e-02  2.46293669e-02  1.03812117e-02  3.57433982e-03  1.03812117e-02  1.99990910e+00  1.03812117e-02  4.39990320e-05 
 1.03912117e-02  2.45324019e-02  1.03912117e-02  3.66211047e-03  1.03912117e-02  1.99990910e+00  1.03912117e-02  4.39990320e-05 
 1.04012117e-02  2.44357648e-02  1.04012117e-02  3.74958495e-03  1.04012117e-02  1.99990910e+00  1.04012117e-02  4.39990320e-05 
 1.04112117e-02  2.43394546e-02  1.04112117e-02  3.83676427e-03  1.04112117e-02  1.99990910e+00  1.04112117e-02  4.39990320e-05 
 1.04212117e-02  2.42434703e-02  1.04212117e-02  3.92364942e-03  1.04212117e-02  1.99990910e+00  1.04212117e-02  4.39990320e-05 
 1.04312117e-02  2.41478106e-02  1.04312117e-02  4.01024139e-03  1.04312117e-02  1.99990910e+00  1.04312117e-02  4.39990320e-05 
 1.04412117e-02  2.40524746e-02  1.04412117e-02  4.09654118e-03  1.04412117e-02  1.99990910e+00  1.04412117e-02  4.39990320e-05 
 1.04512117e-02  2.39574611e-02  1.04512117e-02  4.18254976e-03  1.04512117e-02  1.99990910e+00  1.04512117e-02  4.39990320e-05 
 1.04612117e-02  2.38627691e-02  1.04612117e-02  4.26826812e-03  1.04612117e-02  1.99990910e+00  1.04612117e-02  4.39990320e-05 
 1.04712117e-02  2.37683975e-02  1.04712117e-02  4.35369724e-03  1.04712117e-02  1.99990910e+00  1.04712117e-02  4.39990320e-05 
 1.04812117e-02  2.36743453e-02  1.04812117e-02  4.43883810e-03  1.04812117e-02  1.99990910e+00  1.04812117e-02  4.39990320e-05 
 1.04912117e-02  2.35806113e-02  1.04912117e-02  4.52369167e-03  1.04912117e-02  1.99990910e+00  1.04912117e-02  4.39990320e-05 
 1.05012117e-02  2.34871945e-02  1.05012117e-02  4.60825892e-03  1.05012117e-02  1.99990910e+00  1.05012117e-02  4.39990320e-05 
 1.05112117e-02  2.33940938e-02  1.05112117e-02  4.69254081e-03  1.05112117e-02  1.99990910e+00  1.05112117e-02  4.39990320e-05 
 1.05212117e-02  2.33013083e-02  1.05212117e-02  4.77653830e-03  1.05212117e-02  1.99990910e+00  1.05212117e-02  4.39990320e-05 
 1.05312117e-02  2.32088367e-02  1.05312117e-02  4.86025237e-03  1.05312117e-02  1.99990910e+00  1.05312117e-02  4.39990320e-05 
 1.05412117e-02  2.31166782e-02  1.05412117e-02  4.94368395e-03  1.05412117e-02  1.99990910e+00  1.05412117e-02  4.39990320e-05 
 1.05512117e-02  2.30248316e-02  1.05512117e-02  5.02683402e-03  1.05512117e-02  1.99990910e+00  1.05512117e-02  4.39990320e-05 
 1.05612117e-02  2.29332959e-02  1.05612117e-02  5.10970350e-03  1.05612117e-02  1.99990910e+00  1.05612117e-02  4.39990320e-05 
 1.05712117e-02  2.28420701e-02  1.05712117e-02  5.19229337e-03  1.05712117e-02  1.99990910e+00  1.05712117e-02  4.39990320e-05 
 1.05812117e-02  2.27511531e-02  1.05812117e-02  5.27460454e-03  1.05812117e-02  1.99990910e+00  1.05812117e-02  4.39990320e-05 
 1.05912117e-02  2.26605438e-02  1.05912117e-02  5.35663798e-03  1.05912117e-02  1.99990910e+00  1.05912117e-02  4.39990320e-05 
 1.06012117e-02  2.25702414e-02  1.06012117e-02  5.43839461e-03  1.06012117e-02  1.99990910e+00  1.06012117e-02  4.39990320e-05 
 1.06112117e-02  2.24802447e-02  1.06112117e-02  5.51987537e-03  1.06112117e-02  1.99990910e+00  1.06112117e-02  4.39990320e-05 
 1.06212117e-02  2.23905527e-02  1.06212117e-02  5.60108118e-03  1.06212117e-02  1.99990910e+00  1.06212117e-02  4.39990320e-05 
 1.06312117e-02  2.23011644e-02  1.06312117e-02  5.68201298e-03  1.06312117e-02  1.99990910e+00  1.06312117e-02  4.39990320e-05 
 1.06412117e-02  2.22120789e-02  1.06412117e-02  5.76267170e-03  1.06412117e-02  1.99990910e+00  1.06412117e-02  4.39990320e-05 
 1.06512117e-02  2.21232950e-02  1.06512117e-02  5.84305824e-03  1.06512117e-02  1.99990910e+00  1.06512117e-02  4.39990320e-05 
 1.06612117e-02  2.20348117e-02  1.06612117e-02  5.92317354e-03  1.06612117e-02  1.99990910e+00  1.06612117e-02  4.39990320e-05 
 1.06712117e-02  2.19466282e-02  1.06712117e-02  6.00301851e-03  1.06712117e-02  1.99990910e+00  1.06712117e-02  4.39990320e-05 
 1.06812117e-02  2.18587433e-02  1.06812117e-02  6.08259405e-03  1.06812117e-02  1.99990910e+00  1.06812117e-02  4.39990320e-05 
 1.06912117e-02  2.17711561e-02  1.06912117e-02  6.16190108e-03  1.06912117e-02  1.99990910e+00  1.06912117e-02  4.39990320e-05 
 1.07012117e-02  2.16838656e-02  1.07012117e-02  6.24094050e-03  1.07012117e-02  1.99990910e+00  1.07012117e-02  4.39990320e-05 
 1.07112117e-02  2.15968707e-02  1.07112117e-02  6.31971322e-03  1.07112117e-02  1.99990910e+00  1.07112117e-02  4.39990320e-05 
 1.07212117e-02  2.15101706e-02  1.07212117e-02  6.39822014e-03  1.07212117e-02  1.99990910e+00  1.07212117e-02  4.39990320e-05 
 1.07312117e-02  2.14237642e-02  1.07312117e-02  6.47646215e-03  1.07312117e-02  1.99990910e+00  1.07312117e-02  4.39990320e-05 
 1.07412117e-02  2.13376505e-02  1.07412117e-02  6.55444015e-03  1.07412117e-02  1.99990910e+00  1.07412117e-02  4.39990320e-05 
 1.07512117e-02  2.12518286e-02  1.07512117e-02  6.63215503e-03  1.07512117e-02  1.99990910e+00  1.07512117e-02  4.39990320e-05 
 1.07612117e-02  2.11662975e-02  1.07612117e-02  6.70960767e-03  1.07612117e-02  1.99990910e+00  1.07612117e-02  4.39990320e-05 
 1.07712117e-02  2.10810562e-02  1.07712117e-02  6.78679896e-03  1.07712117e-02  1.99990910e+00  1.07712117e-02  4.39990320e-05 
 1.07812117e-02  2.09961037e-02  1.07812117e-02  6.86372979e-03  1.07812117e-02  1.99990910e+00  1.07812117e-02  4.39990320e-05 
 1.07912117e-02  2.09114391e-02  1.07912117e-02  6.94040103e-03  1.07912117e-02  1.99990910e+00  1.07912117e-02  4.39990320e-05 
 1.08012117e-02  2.08270615e-02  1.08012117e-02  7.01681355e-03  1.08012117e-02  1.99990910e+00  1.08012117e-02  4.39990320e-05 
 1.08112117e-02  2.07429698e-02  1.08112117e-02  7.09296824e-03  1.08112117e-02  1.99990910e+00  1.08112117e-02  4.39990320e-05 
 1.08212117e-02  2.06591631e-02  1.08212117e-02  7.16886596e-03  1.08212117e-02  1.99990910e+00  1.08212117e-02  4.39990320e-05 
 1.08312117e-02  2.05756405e-02  1.08312117e-02  7.24450757e-03  1.08312117e-02  1.99990910e+00  1.08312117e-02  4.39990320e-05 
 1.08412117e-02  2.04924010e-02  1.08412117e-02  7.31989395e-03  1.08412117e-02  1.99990910e+00  1.08412117e-02  4.39990320e-05 
 1.08512117e-02  2.04094437e-02  1.08512117e-02  7.39502595e-03  1.08512117e-02  1.99990910e+00  1.08512117e-02  4.39990320e-05 
 1.08612117e-02  2.03267676e-02  1.08612117e-02  7.46990443e-03  1.08612117e-02  1.99990910e+00  1.08612117e-02  4.39990320e-05 
 1.08712117e-02  2.02443718e-02  1.08712117e-02  7.54453025e-03  1.08712117e-02  1.99990910e+00  1.08712117e-02  4.39990320e-05 
 1.08812117e-02  2.01622553e-02  1.08812117e-02  7.61890426e-03  1.08812117e-02  1.99990910e+00  1.08812117e-02  4.39990320e-05 
 1.08912117e-02  2.00804173e-02  1.08912117e-02  7.69302731e-03  1.08912117e-02  1.99990910e+00  1.08912117e-02  4.39990320e-05 
 1.09012117e-02  1.99988567e-02  1.09012117e-02  7.76690024e-03  1.09012117e-02  1.99990910e+00  1.09012117e-02  4.39990320e-05 
 1.09112117e-02  1.99175727e-02  1.09112117e-02  7.84052390e-03  1.09112117e-02  1.99990910e+00  1.09112117e-02  4.39990320e-05 
 1.09212117e-02  1.98365644e-02  1.09212117e-02  7.91389914e-03  1.09212117e-02  1.99990910e+00  1.09212117e-02  4.39990320e-05 
 1.09312117e-02  1.97558308e-02  1.09312117e-02  7.98702678e-03  1.09312117e-02  1.99990910e+00  1.09312117e-02  4.39990320e-05 
 1.09412117e-02  1.96753710e-02  1.09412117e-02  8.05990767e-03  1.09412117e-02  1.99990910e+00  1.09412117e-02  4.39990320e-05 
 1.09512117e-02  1.95951841e-02  1.09512117e-02  8.13254264e-03  1.09512117e-02  1.99990910e+00  1.09512117e-02  4.39990320e-05 
 1.09612117e-02  1.95152691e-02  1.09612117e-02  8.20493251e-03  1.09612117e-02  1.99990910e+00  1.09612117e-02  4.39990320e-05 
 1.09712117e-02  1.94356253e-02  1.09712117e-02  8.27707812e-03  1.09712117e-02  1.99990910e+00  1.09712117e-02  4.39990320e-05 
 1.09812117e-02  1.93562516e-02  1.09812117e-02  8.34898029e-03  1.09812117e-02  1.99990910e+00  1.09812117e-02  4.39990320e-05 
 1.09912117e-02  1.92771472e-02  1.09912117e-02  8.42063984e-03  1.09912117e-02  1.99990910e+00  1.09912117e-02  4.39990320e-05 
 1.10012117e-02  1.91983111e-02  1.10012117e-02  8.49205758e-03  1.10012117e-02  1.99990910e+00  1.10012117e-02  4.39990320e-05 
 1.10112117e-02  1.91197426e-02  1.10112117e-02  8.56323434e-03  1.10112117e-02  1.99990910e+00  1.10112117e-02  4.39990320e-05 
 1.10212117e-02  1.90414406e-02  1.10212117e-02  8.63417093e-03  1.10212117e-02  1.99990910e+00  1.10212117e-02  4.39990320e-05 
 1.10312117e-02  1.89634043e-02  1.10312117e-02  8.70486816e-03  1.10312117e-02  1.99990910e+00  1.10312117e-02  4.39990320e-05 
 1.10412117e-02  1.88856328e-02  1.10412117e-02  8.77532683e-03  1.10412117e-02  1.99990910e+00  1.10412117e-02  4.39990320e-05 
 1.10512117e-02  1.88081253e-02  1.10512117e-02  8.84554775e-03  1.10512117e-02  1.99990910e+00  1.10512117e-02  4.39990320e-05 
 1.10612117e-02  1.87308807e-02  1.10612117e-02  8.91553173e-03  1.10612117e-02  1.99990910e+00  1.10612117e-02  4.39990320e-05 
 1.10712117e-02  1.86538984e-02  1.10712117e-02  8.98527956e-03  1.10712117e-02  1.99990910e+00  1.10712117e-02  4.39990320e-05 
 1.10812117e-02  1.85771773e-02  1.10812117e-02  9.05479203e-03  1.10812117e-02  1.99990910e+00  1.10812117e-02  4.39990320e-05 
 1.10912117e-02  1.85007167e-02  1.10912117e-02  9.12406996e-03  1.10912117e-02  1.99990910e+00  1.10912117e-02  4.39990320e-05 
 1.11012117e-02  1.84245156e-02  1.11012117e-02  9.19311411e-03  1.11012117e-02  1.99990910e+00  1.11012117e-02  4.39990320e-05 
 1.11112117e-02  1.83485732e-02  1.11112117e-02  9.26192529e-03  1.11112117e-02  1.99990910e+00  1.11112117e-02  4.39990320e-05 
 1.11212117e-02  1.82728887e-02  1.11212117e-02  9.33050428e-03  1.11212117e-02  1.99990910e+00  1.11212117e-02  4.39990320e-05 
 1.11312117e-02  1.81974610e-02  1.11312117e-02  9.39885187e-03  1.11312117e-02  1.99990910e+00  1.11312117e-02  4.39990320e-05 
 1.11412117e-02  1.81222895e-02  1.11412117e-02  9.46696883e-03  1.11412117e-02  1.99990910e+00  1.11412117e-02  4.39990320e-05 
 1.11512117e-02  1.80473733e-02  1.11512117e-02  9.53485594e-03  1.11512117e-02  1.99990910e+00  1.11512117e-02  4.39990320e-05 
 1.11612117e-02  1.79727114e-02  1.11612117e-02  9.60251397e-03  1.11612117e-02  1.99990910e+00  1.11612117e-02  4.39990320e-05 
 1.11712117e-02  1.78983032e-02  1.11712117e-02  9.66994371e-03  1.11712117e-02  1.99990910e+00  1.11712117e-02  4.39990320e-05 
 1.11812117e-02  1.78241476e-02  1.11812117e-02  9.73714592e-03  1.11812117e-02  1.99990910e+00  1.11812117e-02  4.39990320e-05 
 1.11912117e-02  1.77502438e-02  1.11912117e-02  9.80412137e-03  1.11912117e-02  1.99990910e+00  1.11912117e-02  4.39990320e-05 
 1.12012117e-02  1.76765911e-02  1.12012117e-02  9.87087083e-03  1.12012117e-02  1.99990910e+00  1.12012117e-02  4.39990320e-05 
 1.12112117e-02  1.76031886e-02  1.12112117e-02  9.93739505e-03  1.12112117e-02  1.99990910e+00  1.12112117e-02  4.39990320e-05 
 1.12212117e-02  1.75300355e-02  1.12212117e-02  1.00036948e-02  1.12212117e-02  1.99990910e+00  1.12212117e-02  4.39990320e-05 
 1.12312117e-02  1.74571309e-02  1.12312117e-02  1.00697708e-02  1.12312117e-02  1.99990910e+00  1.12312117e-02  4.39990320e-05 
 1.12412117e-02  1.73844739e-02  1.12412117e-02  1.01356239e-02  1.12412117e-02  1.99990910e+00  1.12412117e-02  4.39990320e-05 
 1.12512117e-02  1.73120638e-02  1.12512117e-02  1.02012548e-02  1.12512117e-02  1.99990910e+00  1.12512117e-02  4.39990320e-05 
 1.12612117e-02  1.72398998e-02  1.12612117e-02  1.02666642e-02  1.12612117e-02  1.99990910e+00  1.12612117e-02  4.39990320e-05 
 1.12712117e-02  1.71679810e-02  1.12712117e-02  1.03318529e-02  1.12712117e-02  1.99990910e+00  1.12712117e-02  4.39990320e-05 
 1.12812117e-02  1.70963066e-02  1.12812117e-02  1.03968216e-02  1.12812117e-02  1.99990910e+00  1.12812117e-02  4.39990320e-05 
 1.12912117e-02  1.70248758e-02  1.12912117e-02  1.04615711e-02  1.12912117e-02  1.99990910e+00  1.12912117e-02  4.39990320e-05 
 1.13012117e-02  1.69536878e-02  1.13012117e-02  1.05261021e-02  1.13012117e-02  1.99990910e+00  1.13012117e-02  4.39990320e-05 
 1.13112117e-02  1.68827418e-02  1.13112117e-02  1.05904154e-02  1.13112117e-02  1.99990910e+00  1.13112117e-02  4.39990320e-05 
 1.13212117e-02  1.68120369e-02  1.13212117e-02  1.06545116e-02  1.13212117e-02  1.99990910e+00  1.13212117e-02  4.39990320e-05 
 1.13312117e-02  1.67415723e-02  1.13312117e-02  1.07183916e-02  1.13312117e-02  1.99990910e+00  1.13312117e-02  4.39990320e-05 
 1.13412117e-02  1.66713474e-02  1.13412117e-02  1.07820560e-02  1.13412117e-02  1.99990910e+00  1.13412117e-02  4.39990320e-05 
 1.13512117e-02  1.66013612e-02  1.13512117e-02  1.08455056e-02  1.13512117e-02  1.99990910e+00  1.13512117e-02  4.39990320e-05 
 1.13612117e-02  1.65316129e-02  1.13612117e-02  1.09087411e-02  1.13612117e-02  1.99990910e+00  1.13612117e-02  4.39990320e-05 
 1.13712117e-02  1.64621019e-02  1.13712117e-02  1.09717633e-02  1.13712117e-02  1.99990910e+00  1.13712117e-02  4.39990320e-05 
 1.13812117e-02  1.63928272e-02  1.13812117e-02  1.10345727e-02  1.13812117e-02  1.99990910e+00  1.13812117e-02  4.39990320e-05 
 1.13912117e-02  1.63237881e-02  1.13912117e-02  1.10971703e-02  1.13912117e-02  1.99990910e+00  1.13912117e-02  4.39990320e-05 
 1.14012117e-02  1.62549838e-02  1.14012117e-02  1.11595566e-02  1.14012117e-02  1.99990910e+00  1.14012117e-02  4.39990320e-05 
 1.14112117e-02  1.61864135e-02  1.14112117e-02  1.12217324e-02  1.14112117e-02  1.99990910e+00  1.14112117e-02  4.39990320e-05 
 1.14212117e-02  1.61180765e-02  1.14212117e-02  1.12836984e-02  1.14212117e-02  1.99990910e+00  1.14212117e-02  4.39990320e-05 
 1.14312117e-02  1.60499720e-02  1.14312117e-02  1.13454553e-02  1.14312117e-02  1.99990910e+00  1.14312117e-02  4.39990320e-05 
 1.14412117e-02  1.59820991e-02  1.14412117e-02  1.14070038e-02  1.14412117e-02  1.99990910e+00  1.14412117e-02  4.39990320e-05 
 1.14512117e-02  1.59144572e-02  1.14512117e-02  1.14683446e-02  1.14512117e-02  1.99990910e+00  1.14512117e-02  4.39990320e-05 
 1.14612117e-02  1.58470454e-02  1.14612117e-02  1.15294785e-02  1.14612117e-02  1.99990910e+00  1.14612117e-02  4.39990320e-05 
 1.14712117e-02  1.57798631e-02  1.14712117e-02  1.15904061e-02  1.14712117e-02  1.99990910e+00  1.14712117e-02  4.39990320e-05 
 1.14812117e-02  1.57129093e-02  1.14812117e-02  1.16511280e-02  1.14812117e-02  1.99990910e+00  1.14812117e-02  4.39990320e-05 
 1.14912117e-02  1.56461834e-02  1.14912117e-02  1.17116451e-02  1.14912117e-02  1.99990910e+00  1.14912117e-02  4.39990320e-05 
 1.15012117e-02  1.55796846e-02  1.15012117e-02  1.17719580e-02  1.15012117e-02  1.99990910e+00  1.15012117e-02  4.39990320e-05 
 1.15112117e-02  1.55134121e-02  1.15112117e-02  1.18320674e-02  1.15112117e-02  1.99990910e+00  1.15112117e-02  4.39990320e-05 
 1.15212117e-02  1.54473653e-02  1.15212117e-02  1.18919739e-02  1.15212117e-02  1.99990910e+00  1.15212117e-02  4.39990320e-05 
 1.15312117e-02  1.53815432e-02  1.15312117e-02  1.19516783e-02  1.15312117e-02  1.99990910e+00  1.15312117e-02  4.39990320e-05 
 1.15412117e-02  1.53159453e-02  1.15412117e-02  1.20111813e-02  1.15412117e-02  1.99990910e+00  1.15412117e-02  4.39990320e-05 
 1.15512117e-02  1.52505707e-02  1.15512117e-02  1.20704834e-02  1.15512117e-02  1.99990910e+00  1.15512117e-02  4.39990320e-05 
 1.15612117e-02  1.51854187e-02  1.15612117e-02  1.21295855e-02  1.15612117e-02  1.99990910e+00  1.15612117e-02  4.39990320e-05 
 1.15712117e-02  1.51204886e-02  1.15712117e-02  1.21884881e-02  1.15712117e-02  1.99990910e+00  1.15712117e-02  4.39990320e-05 
 1.15812117e-02  1.50557796e-02  1.15812117e-02  1.22471920e-02  1.15812117e-02  1.99990910e+00  1.15812117e-02  4.39990320e-05 
 1.15912117e-02  1.49912909e-02  1.15912117e-02  1.23056978e-02  1.15912117e-02  1.99990910e+00  1.15912117e-02  4.39990320e-05 
 1.16012117e-02  1.49270219e-02  1.16012117e-02  1.23640061e-02  1.16012117e-02  1.99990910e+00  1.16012117e-02  4.39990320e-05 
 1.16112117e-02  1.48629719e-02  1.16112117e-02  1.24221177e-02  1.16112117e-02  1.99990910e+00  1.16112117e-02  4.39990320e-05 
 1.16212117e-02  1.47991400e-02  1.16212117e-02  1.24800333e-02  1.16212117e-02  1.99990910e+00  1.16212117e-02  4.39990320e-05 
 1.16312117e-02  1.47355256e-02  1.16312117e-02  1.25377534e-02  1.16312117e-02  1.99990910e+00  1.16312117e-02  4.39990320e-05 
 1.16412117e-02  1.46721279e-02  1.16412117e-02  1.25952787e-02  1.16412117e-02  1.99990910e+00  1.16412117e-02  4.39990320e-05 
 1.16512117e-02  1.46089462e-02  1.16512117e-02  1.26526099e-02  1.16512117e-02  1.99990910e+00  1.16512117e-02  4.39990320e-05 
 1.16612117e-02  1.45459799e-02  1.16612117e-02  1.27097477e-02  1.16612117e-02  1.99990910e+00  1.16612117e-02  4.39990320e-05 
 1.16712117e-02  1.44832281e-02  1.16712117e-02  1.27666927e-02  1.16712117e-02  1.99990910e+00  1.16712117e-02  4.39990320e-05 
 1.16812117e-02  1.44206902e-02  1.16812117e-02  1.28234455e-02  1.16812117e-02  1.99990910e+00  1.16812117e-02  4.39990320e-05 
 1.16912117e-02  1.43583654e-02  1.16912117e-02  1.28800069e-02  1.16912117e-02  1.99990910e+00  1.16912117e-02  4.39990320e-05 
 1.17012117e-02  1.42962531e-02  1.17012117e-02  1.29363773e-02  1.17012117e-02  1.99990910e+00  1.17012117e-02  4.39990320e-05 
 1.17112117e-02  1.42343525e-02  1.17112117e-02  1.29925576e-02  1.17112117e-02  1.99990910e+00  1.17112117e-02  4.39990320e-05 
 1.17212117e-02  1.41726630e-02  1.17212117e-02  1.30485483e-02  1.17212117e-02  1.99990910e+00  1.17212117e-02  4.39990320e-05 
 1.17312117e-02  1.41111838e-02  1.17312117e-02  1.31043500e-02  1.17312117e-02  1.99990910e+00  1.17312117e-02  4.39990320e-05 
 1.17412117e-02  1.40499142e-02  1.17412117e-02  1.31599635e-02  1.17412117e-02  1.99990910e+00  1.17412117e-02  4.39990320e-05 
 1.17512117e-02  1.39888535e-02  1.17512117e-02  1.32153893e-02  1.17512117e-02  1.99990910e+00  1.17512117e-02  4.39990320e-05 
 1.17612117e-02  1.39280011e-02  1.17612117e-02  1.32706281e-02  1.17612117e-02  1.99990910e+00  1.17612117e-02  4.39990320e-05 
 1.17712117e-02  1.38673562e-02  1.17712117e-02  1.33256805e-02  1.17712117e-02  1.99990910e+00  1.17712117e-02  4.39990320e-05 
 1.17812117e-02  1.38069182e-02  1.17812117e-02  1.33805471e-02  1.17812117e-02  1.99990910e+00  1.17812117e-02  4.39990320e-05 
 1.17912117e-02  1.37466863e-02  1.17912117e-02  1.34352286e-02  1.17912117e-02  1.99990910e+00  1.17912117e-02  4.39990320e-05 
 1.18012117e-02  1.36866600e-02  1.18012117e-02  1.34897256e-02  1.18012117e-02  1.99990910e+00  1.18012117e-02  4.39990320e-05 
 1.18112117e-02  1.36268384e-02  1.18112117e-02  1.35440387e-02  1.18112117e-02  1.99990910e+00  1.18112117e-02  4.39990320e-05 
 1.18212117e-02  1.35672209e-02  1.18212117e-02  1.35981685e-02  1.18212117e-02  1.99990910e+00  1.18212117e-02  4.39990320e-05 
 1.18312117e-02  1.35078069e-02  1.18312117e-02  1.36521157e-02  1.18312117e-02  1.99990910e+00  1.18312117e-02  4.39990320e-05 
 1.18412117e-02  1.34485956e-02  1.18412117e-02  1.37058809e-02  1.18412117e-02  1.99990910e+00  1.18412117e-02  4.39990320e-05 
 1.18512117e-02  1.33895864e-02  1.18512117e-02  1.37594646e-02  1.18512117e-02  1.99990910e+00  1.18512117e-02  4.39990320e-05 
 1.18612117e-02  1.33307786e-02  1.18612117e-02  1.38128675e-02  1.18612117e-02  1.99990910e+00  1.18612117e-02  4.39990320e-05 
 1.18712117e-02  1.32721716e-02  1.18712117e-02  1.38660902e-02  1.18712117e-02  1.99990910e+00  1.18712117e-02  4.39990320e-05 
 1.18812117e-02  1.32137646e-02  1.18812117e-02  1.39191333e-02  1.18812117e-02  1.99990910e+00  1.18812117e-02  4.39990320e-05 
 1.18912117e-02  1.31555571e-02  1.18912117e-02  1.39719975e-02  1.18912117e-02  1.99990910e+00  1.18912117e-02  4.39990320e-05 
 1.19012117e-02  1.30975483e-02  1.19012117e-02  1.40246832e-02  1.19012117e-02  1.99990910e+00  1.19012117e-02  4.39990320e-05 
 1.19112117e-02  1.30397376e-02  1.19112117e-02  1.40771912e-02  1.19112117e-02  1.99990910e+00  1.19112117e-02  4.39990320e-05 
 1.19212117e-02  1.29821243e-02  1.19212117e-02  1.41295220e-02  1.19212117e-02  1.99990910e+00  1.19212117e-02  4.39990320e-05 
 1.19312117e-02  1.29247077e-02  1.19312117e-02  1.41816762e-02  1.19312117e-02  1.99990910e+00  1.19312117e-02  4.39990320e-05 
 1.19412117e-02  1.28674873e-02  1.19412117e-02  1.42336545e-02  1.19412117e-02  1.99990910e+00  1.19412117e-02  4.39990320e-05 
 1.19512117e-02  1.28104624e-02  1.19512117e-02  1.42854573e-02  1.19512117e-02  1.99990910e+00  1.19512117e-02  4.39990320e-05 
 1.19612117e-02  1.27536322e-02  1.19612117e-02  1.43370854e-02  1.19612117e-02  1.99990910e+00  1.19612117e-02  4.39990320e-05 
 1.19712117e-02  1.26969962e-02  1.19712117e-02  1.43885392e-02  1.19712117e-02  1.99990910e+00  1.19712117e-02  4.39990320e-05 
 1.19812117e-02  1.26405538e-02  1.19812117e-02  1.44398194e-02  1.19812117e-02  1.99990910e+00  1.19812117e-02  4.39990320e-05 
 1.19912117e-02  1.25843042e-02  1.19912117e-02  1.44909266e-02  1.19912117e-02  1.99990910e+00  1.19912117e-02  4.39990320e-05 
 1.20012117e-02  1.25282469e-02  1.20012117e-02  1.45418614e-02  1.20012117e-02  1.99990910e+00  1.20012117e-02  4.39990320e-05 
 1.20112117e-02  1.24723811e-02  1.20112117e-02  1.45926242e-02  1.20112117e-02  1.99990910e+00  1.20112117e-02  4.39990320e-05 
 1.20212117e-02  1.24167063e-02  1.20212117e-02  1.46432158e-02  1.20212117e-02  1.99990910e+00  1.20212117e-02  4.39990320e-05 
 1.20312117e-02  1.23612219e-02  1.20312117e-02  1.46936367e-02  1.20312117e-02  1.99990910e+00  1.20312117e-02  4.39990320e-05 
 1.20412117e-02  1.23059271e-02  1.20412117e-02  1.47438874e-02  1.20412117e-02  1.99990910e+00  1.20412117e-02  4.39990320e-05 
 1.20512117e-02  1.22508214e-02  1.20512117e-02  1.47939686e-02  1.20512117e-02  1.99990910e+00  1.20512117e-02  4.39990320e-05 
 1.20612117e-02  1.21959041e-02  1.20612117e-02  1.48438807e-02  1.20612117e-02  1.99990910e+00  1.20612117e-02  4.39990320e-05 
 1.20712117e-02  1.21411746e-02  1.20712117e-02  1.48936245e-02  1.20712117e-02  1.99990910e+00  1.20712117e-02  4.39990320e-05 
 1.20812117e-02  1.20866323e-02  1.20812117e-02  1.49432004e-02  1.20812117e-02  1.99990910e+00  1.20812117e-02  4.39990320e-05 
 1.20912117e-02  1.20322766e-02  1.20912117e-02  1.49926090e-02  1.20912117e-02  1.99990910e+00  1.20912117e-02  4.39990320e-05 
 1.21012117e-02  1.19781068e-02  1.21012117e-02  1.50418509e-02  1.21012117e-02  1.99990910e+00  1.21012117e-02  4.39990320e-05 
 1.21112117e-02  1.19241224e-02  1.21112117e-02  1.50909267e-02  1.21112117e-02  1.99990910e+00  1.21112117e-02  4.39990320e-05 
 1.21212117e-02  1.18703226e-02  1.21212117e-02  1.51398368e-02  1.21212117e-02  1.99990910e+00  1.21212117e-02  4.39990320e-05 
 1.21312117e-02  1.18167070e-02  1.21312117e-02  1.51885819e-02  1.21312117e-02  1.99990910e+00  1.21312117e-02  4.39990320e-05 
 1.21412117e-02  1.17632748e-02  1.21412117e-02  1.52371626e-02  1.21412117e-02  1.99990910e+00  1.21412117e-02  4.39990320e-05 
 1.21512117e-02  1.17100255e-02  1.21512117e-02  1.52855793e-02  1.21512117e-02  1.99990910e+00  1.21512117e-02  4.39990320e-05 
 1.21612117e-02  1.16569585e-02  1.21612117e-02  1.53338326e-02  1.21612117e-02  1.99990910e+00  1.21612117e-02  4.39990320e-05 
 1.21712117e-02  1.16040731e-02  1.21712117e-02  1.53819231e-02  1.21712117e-02  1.99990910e+00  1.21712117e-02  4.39990320e-05 
 1.21812117e-02  1.15513688e-02  1.21812117e-02  1.54298513e-02  1.21812117e-02  1.99990910e+00  1.21812117e-02  4.39990320e-05 
 1.21912117e-02  1.14988449e-02  1.21912117e-02  1.54776179e-02  1.21912117e-02  1.99990910e+00  1.21912117e-02  4.39990320e-05 
 1.22012117e-02  1.14465010e-02  1.22012117e-02  1.55252232e-02  1.22012117e-02  1.99990910e+00  1.22012117e-02  4.39990320e-05 
 1.22112117e-02  1.13943362e-02  1.22112117e-02  1.55726679e-02  1.22112117e-02  1.99990910e+00  1.22112117e-02  4.39990320e-05 
 1.22212117e-02  1.13423502e-02  1.22212117e-02  1.56199525e-02  1.22212117e-02  1.99990910e+00  1.22212117e-02  4.39990320e-05 
 1.22312117e-02  1.12905422e-02  1.22312117e-02  1.56670776e-02  1.22312117e-02  1.99990910e+00  1.22312117e-02  4.39990320e-05 
 1.22412117e-02  1.12389116e-02  1.22412117e-02  1.57140436e-02  1.22412117e-02  1.99990910e+00  1.22412117e-02  4.39990320e-05 
 1.22512117e-02  1.11874580e-02  1.22512117e-02  1.57608512e-02  1.22512117e-02  1.99990910e+00  1.22512117e-02  4.39990320e-05 
 1.22612117e-02  1.11361807e-02  1.22612117e-02  1.58075008e-02  1.22612117e-02  1.99990910e+00  1.22612117e-02  4.39990320e-05 
 1.22712117e-02  1.10850791e-02  1.22712117e-02  1.58539930e-02  1.22712117e-02  1.99990910e+00  1.22712117e-02  4.39990320e-05 
 1.22812117e-02  1.10341527e-02  1.22812117e-02  1.59003283e-02  1.22812117e-02  1.99990910e+00  1.22812117e-02  4.39990320e-05 
 1.22912117e-02  1.09834008e-02  1.22912117e-02  1.59465073e-02  1.22912117e-02  1.99990910e+00  1.22912117e-02  4.39990320e-05 
 1.23012117e-02  1.09328228e-02  1.23012117e-02  1.59925304e-02  1.23012117e-02  1.99990910e+00  1.23012117e-02  4.39990320e-05 
 1.23112117e-02  1.08824183e-02  1.23112117e-02  1.60383983e-02  1.23112117e-02  1.99990910e+00  1.23112117e-02  4.39990320e-05 
 1.23212117e-02  1.08321866e-02  1.23212117e-02  1.60841114e-02  1.23212117e-02  1.99990910e+00  1.23212117e-02  4.39990320e-05 
 1.23312117e-02  1.07821272e-02  1.23312117e-02  1.61296702e-02  1.23312117e-02  1.99990910e+00  1.23312117e-02  4.39990320e-05 
 1.23412117e-02  1.07322394e-02  1.23412117e-02  1.61750753e-02  1.23412117e-02  1.99990910e+00  1.23412117e-02  4.39990320e-05 
 1.23512117e-02  1.06825228e-02  1.23512117e-02  1.62203272e-02  1.23512117e-02  1.99990910e+00  1.23512117e-02  4.39990320e-05 
 1.23612117e-02  1.06329767e-02  1.23612117e-02  1.62654265e-02  1.23612117e-02  1.99990910e+00  1.23612117e-02  4.39990320e-05 
 1.23712117e-02  1.05836005e-02  1.23712117e-02  1.63103735e-02  1.23712117e-02  1.99990910e+00  1.23712117e-02  4.39990320e-05 
 1.23812117e-02  1.05343938e-02  1.23812117e-02  1.63551688e-02  1.23812117e-02  1.99990910e+00  1.23812117e-02  4.39990320e-05 
 1.23912117e-02  1.04853559e-02  1.23912117e-02  1.63998130e-02  1.23912117e-02  1.99990910e+00  1.23912117e-02  4.39990320e-05 
 1.24012117e-02  1.04364864e-02  1.24012117e-02  1.64443066e-02  1.24012117e-02  1.99990910e+00  1.24012117e-02  4.39990320e-05 
 1.24112117e-02  1.03877845e-02  1.24112117e-02  1.64886500e-02  1.24112117e-02  1.99990910e+00  1.24112117e-02  4.39990320e-05 
 1.24212117e-02  1.03392499e-02  1.24212117e-02  1.65328438e-02  1.24212117e-02  1.99990910e+00  1.24212117e-02  4.39990320e-05 
 1.24312117e-02  1.02908819e-02  1.24312117e-02  1.65768885e-02  1.24312117e-02  1.99990910e+00  1.24312117e-02  4.39990320e-05 
 1.24412117e-02  1.02426799e-02  1.24412117e-02  1.66207846e-02  1.24412117e-02  1.99990910e+00  1.24412117e-02  4.39990320e-05 
 1.24512117e-02  1.01946435e-02  1.24512117e-02  1.66645325e-02  1.24512117e-02  1.99990910e+00  1.24512117e-02  4.39990320e-05 
 1.24612117e-02  1.01467720e-02  1.24612117e-02  1.67081328e-02  1.24612117e-02  1.99990910e+00  1.24612117e-02  4.39990320e-05 
 1.24712117e-02  1.00990650e-02  1.24712117e-02  1.67515860e-02  1.24712117e-02  1.99990910e+00  1.24712117e-02  4.39990320e-05 
 1.24812117e-02  1.00515218e-02  1.24812117e-02  1.67948926e-02  1.24812117e-02  1.99990910e+00  1.24812117e-02  4.39990320e-05 
 1.24912117e-02  1.00041420e-02  1.24912117e-02  1.68380531e-02  1.24912117e-02  1.99990910e+00  1.24912117e-02  4.39990320e-05 
 1.25012117e-02  9.95692503e-03  1.25012117e-02  1.68810679e-02  1.25012117e-02  4.39990320e-05  1.25012117e-02  4.39990320e-05 
 1.25112117e-02  9.90987029e-03  1.25112117e-02  1.69239375e-02  1.25112117e-02  4.39990320e-05  1.25112117e-02  4.39990320e-05 
 1.25212117e-02  9.86297726e-03  1.25212117e-02  1.69666625e-02  1.25212117e-02  4.39990320e-05  1.25212117e-02  4.39990320e-05 
 1.25312117e-02  9.81624543e-03  1.25312117e-02  1.70092434e-02  1.25312117e-02  4.39990320e-05  1.25312117e-02  4.39990320e-05 
 1.25412117e-02  9.76967424e-03  1.25412117e-02  1.70516805e-02  1.25412117e-02  4.39990320e-05  1.25412117e-02  4.39990320e-05 
 1.25512117e-02  9.72326318e-03  1.25512117e-02  1.70939745e-02  1.25512117e-02  4.39990320e-05  1.25512117e-02  4.39990320e-05 
 1.25612117e-02  9.67701171e-03  1.25612117e-02  1.71361258e-02  1.25612117e-02  4.39990320e-05  1.25612117e-02  4.39990320e-05 
 1.25712117e-02  9.63091931e-03  1.25712117e-02  1.71781348e-02  1.25712117e-02  4.39990320e-05  1.25712117e-02  4.39990320e-05 
 1.25812117e-02  9.58498544e-03  1.25812117e-02  1.72200020e-02  1.25812117e-02  4.39990320e-05  1.25812117e-02  4.39990320e-05 
 1.25912117e-02  9.53920958e-03  1.25912117e-02  1.72617280e-02  1.25912117e-02  4.39990320e-05  1.25912117e-02  4.39990320e-05 
 1.26012117e-02  9.49359122e-03  1.26012117e-02  1.73033132e-02  1.26012117e-02  4.39990320e-05  1.26012117e-02  4.39990320e-05 
 1.26112117e-02  9.44812982e-03  1.26112117e-02  1.73447581e-02  1.26112117e-02  4.39990320e-05  1.26112117e-02  4.39990320e-05 
 1.26212117e-02  9.40282487e-03  1.26212117e-02  1.73860631e-02  1.26212117e-02  4.39990320e-05  1.26212117e-02  4.39990320e-05 
 1.26312117e-02  9.35767585e-03  1.26312117e-02  1.74272288e-02  1.26312117e-02  4.39990320e-05  1.26312117e-02  4.39990320e-05 
 1.26412117e-02  9.31268225e-03  1.26412117e-02  1.74682556e-02  1.26412117e-02  4.39990320e-05  1.26412117e-02  4.39990320e-05 
 1.26512117e-02  9.26784355e-03  1.26512117e-02  1.75091439e-02  1.26512117e-02  4.39990320e-05  1.26512117e-02  4.39990320e-05 
 1.26612117e-02  9.22315924e-03  1.26612117e-02  1.75498942e-02  1.26612117e-02  4.39990320e-05  1.26612117e-02  4.39990320e-05 
 1.26712117e-02  9.17862881e-03  1.26712117e-02  1.75905070e-02  1.26712117e-02  4.39990320e-05  1.26712117e-02  4.39990320e-05 
 1.26812117e-02  9.13425175e-03  1.26812117e-02  1.76309828e-02  1.26812117e-02  4.39990320e-05  1.26812117e-02  4.39990320e-05 
 1.26912117e-02  9.09002756e-03  1.26912117e-02  1.76713221e-02  1.26912117e-02  4.39990320e-05  1.26912117e-02  4.39990320e-05 
 1.27012117e-02  9.04595572e-03  1.27012117e-02  1.77115252e-02  1.27012117e-02  4.39990320e-05  1.27012117e-02  4.39990320e-05 
 1.27112117e-02  9.00203573e-03  1.27112117e-02  1.77515926e-02  1.27112117e-02  4.39990320e-05  1.27112117e-02  4.39990320e-05 
 1.27212117e-02  8.95826710e-03  1.27212117e-02  1.77915249e-02  1.27212117e-02  4.39990320e-05  1.27212117e-02  4.39990320e-05 
 1.27312117e-02  8.91464932e-03  1.27312117e-02  1.78313224e-02  1.27312117e-02  4.39990320e-05  1.27312117e-02  4.39990320e-05 
 1.27412117e-02  8.87118190e-03  1.27412117e-02  1.78709856e-02  1.27412117e-02  4.39990320e-05  1.27412117e-02  4.39990320e-05 
 1.27512117e-02  8.82786433e-03  1.27512117e-02  1.79105149e-02  1.27512117e-02  4.39990320e-05  1.27512117e-02  4.39990320e-05 
 1.27612117e-02  8.78469613e-03  1.27612117e-02  1.79499109e-02  1.27612117e-02  4.39990320e-05  1.27612117e-02  4.39990320e-05 
 1.27712117e-02  8.74167679e-03  1.27712117e-02  1.79891740e-02  1.27712117e-02  4.39990320e-05  1.27712117e-02  4.39990320e-05 
 1.27812117e-02  8.69880583e-03  1.27812117e-02  1.80283046e-02  1.27812117e-02  4.39990320e-05  1.27812117e-02  4.39990320e-05 
 1.27912117e-02  8.65608276e-03  1.27912117e-02  1.80673031e-02  1.27912117e-02  4.39990320e-05  1.27912117e-02  4.39990320e-05 
 1.28012117e-02  8.61350709e-03  1.28012117e-02  1.81061700e-02  1.28012117e-02  4.39990320e-05  1.28012117e-02  4.39990320e-05 
 1.28112117e-02  8.57107833e-03  1.28112117e-02  1.81449058e-02  1.28112117e-02  4.39990320e-05  1.28112117e-02  4.39990320e-05 
 1.28212117e-02  8.52879600e-03  1.28212117e-02  1.81835109e-02  1.28212117e-02  4.39990320e-05  1.28212117e-02  4.39990320e-05 
 1.28312117e-02  8.48665961e-03  1.28312117e-02  1.82219857e-02  1.28312117e-02  4.39990320e-05  1.28312117e-02  4.39990320e-05 
 1.28412117e-02  8.44466869e-03  1.28412117e-02  1.82603307e-02  1.28412117e-02  4.39990320e-05  1.28412117e-02  4.39990320e-05 
 1.28512117e-02  8.40282275e-03  1.28512117e-02  1.82985463e-02  1.28512117e-02  4.39990320e-05  1.28512117e-02  4.39990320e-05 
 1.28612117e-02  8.36112131e-03  1.28612117e-02  1.83366330e-02  1.28612117e-02  4.39990320e-05  1.28612117e-02  4.39990320e-05 
 1.28712117e-02  8.31956390e-03  1.28712117e-02  1.83745911e-02  1.28712117e-02  4.39990320e-05  1.28712117e-02  4.39990320e-05 
 1.28812117e-02  8.27815005e-03  1.28812117e-02  1.84124212e-02  1.28812117e-02  4.39990320e-05  1.28812117e-02  4.39990320e-05 
 1.28912117e-02  8.23687927e-03  1.28912117e-02  1.84501236e-02  1.28912117e-02  4.39990320e-05  1.28912117e-02  4.39990320e-05 
 1.29012117e-02  8.19575110e-03  1.29012117e-02  1.84876988e-02  1.29012117e-02  4.39990320e-05  1.29012117e-02  4.39990320e-05 
 1.29112117e-02  8.15476507e-03  1.29112117e-02  1.85251472e-02  1.29112117e-02  4.39990320e-05  1.29112117e-02  4.39990320e-05 
 1.29212117e-02  8.11392071e-03  1.29212117e-02  1.85624692e-02  1.29212117e-02  4.39990320e-05  1.29212117e-02  4.39990320e-05 
 1.29312117e-02  8.07321756e-03  1.29312117e-02  1.85996653e-02  1.29312117e-02  4.39990320e-05  1.29312117e-02  4.39990320e-05 
 1.29412117e-02  8.03265513e-03  1.29412117e-02  1.86367359e-02  1.29412117e-02  4.39990320e-05  1.29412117e-02  4.39990320e-05 
 1.29512117e-02  7.99223299e-03  1.29512117e-02  1.86736814e-02  1.29512117e-02  4.39990320e-05  1.29512117e-02  4.39990320e-05 
 1.29612117e-02  7.95195065e-03  1.29612117e-02  1.87105022e-02  1.29612117e-02  4.39990320e-05  1.29612117e-02  4.39990320e-05 
 1.29712117e-02  7.91180766e-03  1.29712117e-02  1.87471988e-02  1.29712117e-02  4.39990320e-05  1.29712117e-02  4.39990320e-05 
 1.29812117e-02  7.87180357e-03  1.29812117e-02  1.87837716e-02  1.29812117e-02  4.39990320e-05  1.29812117e-02  4.39990320e-05 
 1.29912117e-02  7.83193791e-03  1.29912117e-02  1.88202210e-02  1.29912117e-02  4.39990320e-05  1.29912117e-02  4.39990320e-05 
 1.30012117e-02  7.79221023e-03  1.30012117e-02  1.88565473e-02  1.30012117e-02  4.39990320e-05  1.30012117e-02  4.39990320e-05 
 1.30112117e-02  7.75262007e-03  1.30112117e-02  1.88927511e-02  1.30112117e-02  4.39990320e-05  1.30112117e-02  4.39990320e-05 
 1.30212117e-02  7.71316699e-03  1.30212117e-02  1.89288327e-02  1.30212117e-02  4.39990320e-05  1.30212117e-02  4.39990320e-05 
 1.30312117e-02  7.67385052e-03  1.30312117e-02  1.89647926e-02  1.30312117e-02  4.39990320e-05  1.30312117e-02  4.39990320e-05 
 1.30412117e-02  7.63467023e-03  1.30412117e-02  1.90006312e-02  1.30412117e-02  4.39990320e-05  1.30412117e-02  4.39990320e-05 
 1.30512117e-02  7.59562566e-03  1.30512117e-02  1.90363488e-02  1.30512117e-02  4.39990320e-05  1.30512117e-02  4.39990320e-05 
 1.30612117e-02  7.55671637e-03  1.30612117e-02  1.90719458e-02  1.30612117e-02  4.39990320e-05  1.30612117e-02  4.39990320e-05 
 1.30712117e-02  7.51794190e-03  1.30712117e-02  1.91074228e-02  1.30712117e-02  4.39990320e-05  1.30712117e-02  4.39990320e-05 
 1.30812117e-02  7.47930183e-03  1.30812117e-02  1.91427801e-02  1.30812117e-02  4.39990320e-05  1.30812117e-02  4.39990320e-05 
 1.30912117e-02  7.44079571e-03  1.30912117e-02  1.91780180e-02  1.30912117e-02  4.39990320e-05  1.30912117e-02  4.39990320e-05 
 1.31012117e-02  7.40242309e-03  1.31012117e-02  1.92131371e-02  1.31012117e-02  4.39990320e-05  1.31012117e-02  4.39990320e-05 
 1.31112117e-02  7.36418354e-03  1.31112117e-02  1.92481376e-02  1.31112117e-02  4.39990320e-05  1.31112117e-02  4.39990320e-05 
 1.31212117e-02  7.32607662e-03  1.31212117e-02  1.92830201e-02  1.31212117e-02  4.39990320e-05  1.31212117e-02  4.39990320e-05 
 1.31312117e-02  7.28810189e-03  1.31312117e-02  1.93177848e-02  1.31312117e-02  4.39990320e-05  1.31312117e-02  4.39990320e-05 
 1.31412117e-02  7.25025892e-03  1.31412117e-02  1.93524322e-02  1.31412117e-02  4.39990320e-05  1.31412117e-02  4.39990320e-05 
 1.31512117e-02  7.21254729e-03  1.31512117e-02  1.93869628e-02  1.31512117e-02  4.39990320e-05  1.31512117e-02  4.39990320e-05 
 1.31612117e-02  7.17496655e-03  1.31612117e-02  1.94213768e-02  1.31612117e-02  4.39990320e-05  1.31612117e-02  4.39990320e-05 
 1.31712117e-02  7.13751627e-03  1.31712117e-02  1.94556746e-02  1.31712117e-02  4.39990320e-05  1.31712117e-02  4.39990320e-05 
 1.31812117e-02  7.10019604e-03  1.31812117e-02  1.94898568e-02  1.31812117e-02  4.39990320e-05  1.31812117e-02  4.39990320e-05 
 1.31912117e-02  7.06300542e-03  1.31912117e-02  1.95239236e-02  1.31912117e-02  4.39990320e-05  1.31912117e-02  4.39990320e-05 
 1.32012117e-02  7.02594398e-03  1.32012117e-02  1.95578755e-02  1.32012117e-02  4.39990320e-05  1.32012117e-02  4.39990320e-05 
 1.32112117e-02  6.98901131e-03  1.32112117e-02  1.95917127e-02  1.32112117e-02  4.39990320e-05  1.32112117e-02  4.39990320e-05 
 1.32212117e-02  6.95220698e-03  1.32212117e-02  1.96254359e-02  1.32212117e-02  4.39990320e-05  1.32212117e-02  4.39990320e-05 
 1.32312117e-02  6.91553057e-03  1.32312117e-02  1.96590452e-02  1.32312117e-02  4.39990320e-05  1.32312117e-02  4.39990320e-05 
 1.32412117e-02  6.87898166e-03  1.32412117e-02  1.96925411e-02  1.32412117e-02  4.39990320e-05  1.32412117e-02  4.39990320e-05 
 1.32512117e-02  6.84255984e-03  1.32512117e-02  1.97259240e-02  1.32512117e-02  4.39990320e-05  1.32512117e-02  4.39990320e-05 
 1.32612117e-02  6.80626467e-03  1.32612117e-02  1.97591942e-02  1.32612117e-02  4.39990320e-05  1.32612117e-02  4.39990320e-05 
 1.32712117e-02  6.77009577e-03  1.32712117e-02  1.97923522e-02  1.32712117e-02  4.39990320e-05  1.32712117e-02  4.39990320e-05 
 1.32812117e-02  6.73405270e-03  1.32812117e-02  1.98253983e-02  1.32812117e-02  4.39990320e-05  1.32812117e-02  4.39990320e-05 
 1.32912117e-02  6.69813505e-03  1.32912117e-02  1.98583329e-02  1.32912117e-02  4.39990320e-05  1.32912117e-02  4.39990320e-05 
 1.33012117e-02  6.66234242e-03  1.33012117e-02  1.98911564e-02  1.33012117e-02  4.39990320e-05  1.33012117e-02  4.39990320e-05 
 1.33112117e-02  6.62667440e-03  1.33112117e-02  1.99238691e-02  1.33112117e-02  4.39990320e-05  1.33112117e-02  4.39990320e-05 
 1.33212117e-02  6.59113057e-03  1.33212117e-02  1.99564714e-02  1.33212117e-02  4.39990320e-05  1.33212117e-02  4.39990320e-05 
 1.33312117e-02  6.55571054e-03  1.33312117e-02  1.99889637e-02  1.33312117e-02  4.39990320e-05  1.33312117e-02  4.39990320e-05 
 1.33412117e-02  6.52041390e-03  1.33412117e-02  2.00213463e-02  1.33412117e-02  4.39990320e-05  1.33412117e-02  4.39990320e-05 
 1.33512117e-02  6.48524023e-03  1.33512117e-02  2.00536197e-02  1.33512117e-02  4.39990320e-05  1.33512117e-02  4.39990320e-05 
 1.33612117e-02  6.45018915e-03  1.33612117e-02  2.00857842e-02  1.33612117e-02  4.39990320e-05  1.33612117e-02  4.39990320e-05 
 1.33712117e-02  6.41526025e-03  1.33712117e-02  2.01178402e-02  1.33712117e-02  4.39990320e-05  1.33712117e-02  4.39990320e-05 
 1.33812117e-02  6.38045313e-03  1.33812117e-02  2.01497880e-02  1.33812117e-02  4.39990320e-05  1.33812117e-02  4.39990320e-05 
 1.33912117e-02  6.34576740e-03  1.33912117e-02  2.01816280e-02  1.33912117e-02  4.39990320e-05  1.33912117e-02  4.39990320e-05 
 1.34012117e-02  6.31120265e-03  1.34012117e-02  2.02133606e-02  1.34012117e-02  4.39990320e-05  1.34012117e-02  4.39990320e-05 
 1.34112117e-02  6.27675850e-03  1.34112117e-02  2.02449861e-02  1.34112117e-02  4.39990320e-05  1.34112117e-02  4.39990320e-05 
 1.34212117e-02  6.24243454e-03  1.34212117e-02  2.02765048e-02  1.34212117e-02  4.39990320e-05  1.34212117e-02  4.39990320e-05 
 1.34312117e-02  6.20823039e-03  1.34312117e-02  2.03079172e-02  1.34312117e-02  4.39990320e-05  1.34312117e-02  4.39990320e-05 
 1.34412117e-02  6.17414565e-03  1.34412117e-02  2.03392237e-02  1.34412117e-02  4.39990320e-05  1.34412117e-02  4.39990320e-05 
 1.34512117e-02  6.14017994e-03  1.34512117e-02  2.03704244e-02  1.34512117e-02  4.39990320e-05  1.34512117e-02  4.39990320e-05 
 1.34612117e-02  6.10633287e-03  1.34612117e-02  2.04015200e-02  1.34612117e-02  4.39990320e-05  1.34612117e-02  4.39990320e-05 
 1.34712117e-02  6.07260405e-03  1.34712117e-02  2.04325105e-02  1.34712117e-02  4.39990320e-05  1.34712117e-02  4.39990320e-05 
 1.34812117e-02  6.03899310e-03  1.34812117e-02  2.04633965e-02  1.34812117e-02  4.39990320e-05  1.34812117e-02  4.39990320e-05 
 1.34912117e-02  6.00549962e-03  1.34912117e-02  2.04941783e-02  1.34912117e-02  4.39990320e-05  1.34912117e-02  4.39990320e-05 
 1.35012117e-02  5.97212324e-03  1.35012117e-02  2.05248562e-02  1.35012117e-02  4.39990320e-05  1.35012117e-02  4.39990320e-05 
 1.35112117e-02  5.93886359e-03  1.35112117e-02  2.05554306e-02  1.35112117e-02  4.39990320e-05  1.35112117e-02  4.39990320e-05 
 1.35212117e-02  5.90572026e-03  1.35212117e-02  2.05859019e-02  1.35212117e-02  4.39990320e-05  1.35212117e-02  4.39990320e-05 
 1.35312117e-02  5.87269290e-03  1.35312117e-02  2.06162703e-02  1.35312117e-02  4.39990320e-05  1.35312117e-02  4.39990320e-05 
 1.35412117e-02  5.83978112e-03  1.35412117e-02  2.06465362e-02  1.35412117e-02  4.39990320e-05  1.35412117e-02  4.39990320e-05 
 1.35512117e-02  5.80698454e-03  1.35512117e-02  2.06767001e-02  1.35512117e-02  4.39990320e-05  1.35512117e-02  4.39990320e-05 
 1.35612117e-02  5.77430280e-03  1.35612117e-02  2.07067621e-02  1.35612117e-02  4.39990320e-05  1.35612117e-02  4.39990320e-05 
 1.35712117e-02  5.74173551e-03  1.35712117e-02  2.07367227e-02  1.35712117e-02  4.39990320e-05  1.35712117e-02  4.39990320e-05 
 1.35812117e-02  5.70928231e-03  1.35812117e-02  2.07665822e-02  1.35812117e-02  4.39990320e-05  1.35812117e-02  4.39990320e-05 
 1.35912117e-02  5.67694282e-03  1.35912117e-02  2.07963409e-02  1.35912117e-02  4.39990320e-05  1.35912117e-02  4.39990320e-05 
 1.36012117e-02  5.64471668e-03  1.36012117e-02  2.08259993e-02  1.36012117e-02  4.39990320e-05  1.36012117e-02  4.39990320e-05 
 1.36112117e-02  5.61260351e-03  1.36112117e-02  2.08555575e-02  1.36112117e-02  4.39990320e-05  1.36112117e-02  4.39990320e-05 
 1.36212117e-02  5.58060296e-03  1.36212117e-02  2.08850160e-02  1.36212117e-02  4.39990320e-05  1.36212117e-02  4.39990320e-05 
 1.36312117e-02  5.54871465e-03  1.36312117e-02  2.09143751e-02  1.36312117e-02  4.39990320e-05  1.36312117e-02  4.39990320e-05 
 1.36412117e-02  5.51693822e-03  1.36412117e-02  2.09436352e-02  1.36412117e-02  4.39990320e-05  1.36412117e-02  4.39990320e-05 
 1.36512117e-02  5.48527332e-03  1.36512117e-02  2.09727965e-02  1.36512117e-02  4.39990320e-05  1.36512117e-02  4.39990320e-05 
 1.36612117e-02  5.45371957e-03  1.36612117e-02  2.10018594e-02  1.36612117e-02  4.39990320e-05  1.36612117e-02  4.39990320e-05 
 1.36712117e-02  5.42227661e-03  1.36712117e-02  2.10308243e-02  1.36712117e-02  4.39990320e-05  1.36712117e-02  4.39990320e-05 
 1.36812117e-02  5.39094410e-03  1.36812117e-02  2.10596914e-02  1.36812117e-02  4.39990320e-05  1.36812117e-02  4.39990320e-05 
 1.36912117e-02  5.35972166e-03  1.36912117e-02  2.10884611e-02  1.36912117e-02  4.39990320e-05  1.36912117e-02  4.39990320e-05 
 1.37012117e-02  5.32860895e-03  1.37012117e-02  2.11171337e-02  1.37012117e-02  4.39990320e-05  1.37012117e-02  4.39990320e-05 
 1.37112117e-02  5.29760561e-03  1.37112117e-02  2.11457096e-02  1.37112117e-02  4.39990320e-05  1.37112117e-02  4.39990320e-05 
 1.37212117e-02  5.26671129e-03  1.37212117e-02  2.11741890e-02  1.37212117e-02  4.39990320e-05  1.37212117e-02  4.39990320e-05 
 1.37312117e-02  5.23592562e-03  1.37312117e-02  2.12025724e-02  1.37312117e-02  4.39990320e-05  1.37312117e-02  4.39990320e-05 
 1.37412117e-02  5.20524827e-03  1.37412117e-02  2.12308600e-02  1.37412117e-02  4.39990320e-05  1.37412117e-02  4.39990320e-05 
 1.37512117e-02  5.17467889e-03  1.37512117e-02  2.12590521e-02  1.37512117e-02  4.39990320e-05  1.37512117e-02  4.39990320e-05 
 1.37612117e-02  5.14421711e-03  1.37612117e-02  2.12871491e-02  1.37612117e-02  4.39990320e-05  1.37612117e-02  4.39990320e-05 
 1.37712117e-02  5.11386261e-03  1.37712117e-02  2.13151513e-02  1.37712117e-02  4.39990320e-05  1.37712117e-02  4.39990320e-05 
 1.37812117e-02  5.08361502e-03  1.37812117e-02  2.13430590e-02  1.37812117e-02  4.39990320e-05  1.37812117e-02  4.39990320e-05 
 1.37912117e-02  5.05347401e-03  1.37912117e-02  2.13708725e-02  1.37912117e-02  4.39990320e-05  1.37912117e-02  4.39990320e-05 
 1.38012117e-02  5.02343923e-03  1.38012117e-02  2.13985922e-02  1.38012117e-02  4.39990320e-05  1.38012117e-02  4.39990320e-05 
 1.38112117e-02  4.99351034e-03  1.38112117e-02  2.14262184e-02  1.38112117e-02  4.39990320e-05  1.38112117e-02  4.39990320e-05 
 1.38212117e-02  4.96368699e-03  1.38212117e-02  2.14537513e-02  1.38212117e-02  4.39990320e-05  1.38212117e-02  4.39990320e-05 
 1.38312117e-02  4.93396886e-03  1.38312117e-02  2.14811913e-02  1.38312117e-02  4.39990320e-05  1.38312117e-02  4.39990320e-05 
 1.38412117e-02  4.90435560e-03  1.38412117e-02  2.15085387e-02  1.38412117e-02  4.39990320e-05  1.38412117e-02  4.39990320e-05 
 1.38512117e-02  4.87484686e-03  1.38512117e-02  2.15357939e-02  1.38512117e-02  4.39990320e-05  1.38512117e-02  4.39990320e-05 
 1.38612117e-02  4.84544233e-03  1.38612117e-02  2.15629571e-02  1.38612117e-02  4.39990320e-05  1.38612117e-02  4.39990320e-05 
 1.38712117e-02  4.81614166e-03  1.38712117e-02  2.15900286e-02  1.38712117e-02  4.39990320e-05  1.38712117e-02  4.39990320e-05 
 1.38812117e-02  4.78694451e-03  1.38812117e-02  2.16170088e-02  1.38812117e-02  4.39990320e-05  1.38812117e-02  4.39990320e-05 
 1.38912117e-02  4.75785056e-03  1.38912117e-02  2.16438980e-02  1.38912117e-02  4.39990320e-05  1.38912117e-02  4.39990320e-05 
 1.39012117e-02  4.72885948e-03  1.39012117e-02  2.16706964e-02  1.39012117e-02  4.39990320e-05  1.39012117e-02  4.39990320e-05 
 1.39112117e-02  4.69997093e-03  1.39112117e-02  2.16974044e-02  1.39112117e-02  4.39990320e-05  1.39112117e-02  4.39990320e-05 
 1.39212117e-02  4.67118458e-03  1.39212117e-02  2.17240222e-02  1.39212117e-02  4.39990320e-05  1.39212117e-02  4.39990320e-05 
 1.39312117e-02  4.64250012e-03  1.39312117e-02  2.17505503e-02  1.39312117e-02  4.39990320e-05  1.39312117e-02  4.39990320e-05 
 1.39412117e-02  4.61391720e-03  1.39412117e-02  2.17769888e-02  1.39412117e-02  4.39990320e-05  1.39412117e-02  4.39990320e-05 
 1.39512117e-02  4.58543552e-03  1.39512117e-02  2.18033381e-02  1.39512117e-02  4.39990320e-05  1.39512117e-02  4.39990320e-05 
 1.39612117e-02  4.55705473e-03  1.39612117e-02  2.18295985e-02  1.39612117e-02  4.39990320e-05  1.39612117e-02  4.39990320e-05 
 1.39712117e-02  4.52877453e-03  1.39712117e-02  2.18557703e-02  1.39712117e-02  4.39990320e-05  1.39712117e-02  4.39990320e-05 
 1.39812117e-02  4.50059458e-03  1.39812117e-02  2.18818538e-02  1.39812117e-02  4.39990320e-05  1.39812117e-02  4.39990320e-05 
 1.39912117e-02  4.47251458e-03  1.39912117e-02  2.19078493e-02  1.39912117e-02  4.39990320e-05  1.39912117e-02  4.39990320e-05 
 1.40012117e-02  4.44453419e-03  1.40012117e-02  2.19337571e-02  1.40012117e-02  4.39990320e-05  1.40012117e-02  4.39990320e-05 
 1.40112117e-02  4.41665311e-03  1.40112117e-02  2.19595774e-02  1.40112117e-02  4.39990320e-05  1.40112117e-02  4.39990320e-05 
 1.40212117e-02  4.38887101e-03  1.40212117e-02  2.19853106e-02  1.40212117e-02  4.39990320e-05  1.40212117e-02  4.39990320e-05 
 1.40312117e-02  4.36118758e-03  1.40312117e-02  2.20109570e-02  1.40312117e-02  4.39990320e-05  1.40312117e-02  1.99990910e+00 
 1.40412117e-02  4.33360250e-03  1.40412117e-02  2.20365168e-02  1.40412117e-02  4.39990320e-05  1.40412117e-02  1.99990910e+00 
 1.40512117e-02  4.30611547e-03  1.40512117e-02  2.20619904e-02  1.40512117e-02  4.39990320e-05  1.40512117e-02  1.99990910e+00 
 1.40612117e-02  4.27872617e-03  1.40612117e-02  2.20873781e-02  1.40612117e-02  4.39990320e-05  1.40612117e-02  1.99990910e+00 
 1.40712117e-02  4.25143429e-03  1.40712117e-02  2.21126800e-02  1.40712117e-02  4.39990320e-05  1.40712117e-02  1.99990910e+00 
 1.40812117e-02  4.22423952e-03  1.40812117e-02  2.21378966e-02  1.40812117e-02  4.39990320e-05  1.40812117e-02  1.99990910e+00 
 1.40912117e-02  4.19714155e-03  1.40912117e-02  2.21630281e-02  1.40912117e-02  4.39990320e-05  1.40912117e-02  1.99990910e+00 
 1.41012117e-02  4.17014007e-03  1.41012117e-02  2.21880749e-02  1.41012117e-02  4.39990320e-05  1.41012117e-02  1.99990910e+00 
 1.41112117e-02  4.14323479e-03  1.41112117e-02  2.22130370e-02  1.41112117e-02  4.39990320e-05  1.41112117e-02  1.99990910e+00 
 1.41212117e-02  4.11642538e-03  1.41212117e-02  2.22379150e-02  1.41212117e-02  4.39990320e-05  1.41212117e-02  1.99990910e+00 
 1.41312117e-02  4.08971156e-03  1.41312117e-02  2.22627090e-02  1.41312117e-02  4.39990320e-05  1.41312117e-02  1.99990910e+00 
 1.41412117e-02  4.06309302e-03  1.41412117e-02  2.22874194e-02  1.41412117e-02  4.39990320e-05  1.41412117e-02  1.99990910e+00 
 1.41512117e-02  4.03656945e-03  1.41512117e-02  2.23120464e-02  1.41512117e-02  4.39990320e-05  1.41512117e-02  1.99990910e+00 
 1.41612117e-02  4.01014056e-03  1.41612117e-02  2.23365902e-02  1.41612117e-02  4.39990320e-05  1.41612117e-02  1.99990910e+00 
 1.41712117e-02  3.98380604e-03  1.41712117e-02  2.23610513e-02  1.41712117e-02  4.39990320e-05  1.41712117e-02  1.99990910e+00 
 1.41812117e-02  3.95756561e-03  1.41812117e-02  2.23854298e-02  1.41812117e-02  4.39990320e-05  1.41812117e-02  1.99990910e+00 
 1.41912117e-02  3.93141895e-03  1.41912117e-02  2.24097261e-02  1.41912117e-02  4.39990320e-05  1.41912117e-02  1.99990910e+00 
 1.42012117e-02  3.90536579e-03  1.42012117e-02  2.24339403e-02  1.42012117e-02  4.39990320e-05  1.42012117e-02  1.99990910e+00 
 1.42112117e-02  3.87940582e-03  1.42112117e-02  2.24580729e-02  1.42112117e-02  4.39990320e-05  1.42112117e-02  1.99990910e+00 
 1.42212117e-02  3.85353874e-03  1.42212117e-02  2.24821240e-02  1.42212117e-02  4.39990320e-05  1.42212117e-02  1.99990910e+00 
 1.42312117e-02  3.82776428e-03  1.42312117e-02  2.25060940e-02  1.42312117e-02  4.39990320e-05  1.42312117e-02  1.99990910e+00 
 1.42412117e-02  3.80208213e-03  1.42412117e-02  2.25299831e-02  1.42412117e-02  4.39990320e-05  1.42412117e-02  1.99990910e+00 
 1.42512117e-02  3.77649201e-03  1.42512117e-02  2.25537916e-02  1.42512117e-02  4.39990320e-05  1.42512117e-02  1.99990910e+00 
 1.42612117e-02  3.75099363e-03  1.42612117e-02  2.25775197e-02  1.42612117e-02  4.39990320e-05  1.42612117e-02  1.99990910e+00 
 1.42712117e-02  3.72558670e-03  1.42712117e-02  2.26011678e-02  1.42712117e-02  4.39990320e-05  1.42712117e-02  1.99990910e+00 
 1.42812117e-02  3.70027093e-03  1.42812117e-02  2.26247361e-02  1.42812117e-02  4.39990320e-05  1.42812117e-02  1.99990910e+00 
 1.42912117e-02  3.67504605e-03  1.42912117e-02  2.26482249e-02  1.42912117e-02  4.39990320e-05  1.42912117e-02  1.99990910e+00 
 1.43012117e-02  3.64991176e-03  1.43012117e-02  2.26716344e-02  1.43012117e-02  4.39990320e-05  1.43012117e-02  1.99990910e+00 
 1.43112117e-02  3.62486778e-03  1.43112117e-02  2.26949649e-02  1.43112117e-02  4.39990320e-05  1.43112117e-02  1.99990910e+00 
 1.43212117e-02  3.59991384e-03  1.43212117e-02  2.27182167e-02  1.43212117e-02  4.39990320e-05  1.43212117e-02  1.99990910e+00 
 1.43312117e-02  3.57504964e-03  1.43312117e-02  2.27413900e-02  1.43312117e-02  4.39990320e-05  1.43312117e-02  1.99990910e+00 
 1.43412117e-02  3.55027492e-03  1.43412117e-02  2.27644852e-02  1.43412117e-02  4.39990320e-05  1.43412117e-02  1.99990910e+00 
 1.43512117e-02  3.52558938e-03  1.43512117e-02  2.27875024e-02  1.43512117e-02  4.39990320e-05  1.43512117e-02  1.99990910e+00 
 1.43612117e-02  3.50099277e-03  1.43612117e-02  2.28104419e-02  1.43612117e-02  4.39990320e-05  1.43612117e-02  1.99990910e+00 
 1.43712117e-02  3.47648479e-03  1.43712117e-02  2.28333040e-02  1.43712117e-02  4.39990320e-05  1.43712117e-02  1.99990910e+00 
 1.43812117e-02  3.45206518e-03  1.43812117e-02  2.28560890e-02  1.43812117e-02  4.39990320e-05  1.43812117e-02  1.99990910e+00 
 1.43912117e-02  3.42773366e-03  1.43912117e-02  2.28787971e-02  1.43912117e-02  4.39990320e-05  1.43912117e-02  1.99990910e+00 
 1.44012117e-02  3.40348996e-03  1.44012117e-02  2.29014286e-02  1.44012117e-02  4.39990320e-05  1.44012117e-02  1.99990910e+00 
 1.44112117e-02  3.37933381e-03  1.44112117e-02  2.29239837e-02  1.44112117e-02  4.39990320e-05  1.44112117e-02  1.99990910e+00 
 1.44212117e-02  3.35526493e-03  1.44212117e-02  2.29464628e-02  1.44212117e-02  4.39990320e-05  1.44212117e-02  1.99990910e+00 
 1.44312117e-02  3.33128307e-03  1.44312117e-02  2.29688659e-02  1.44312117e-02  4.39990320e-05  1.44312117e-02  1.99990910e+00 
 1.44412117e-02  3.30738794e-03  1.44412117e-02  2.29911935e-02  1.44412117e-02  4.39990320e-05  1.44412117e-02  1.99990910e+00 
 1.44512117e-02  3.28357928e-03  1.44512117e-02  2.30134457e-02  1.44512117e-02  4.39990320e-05  1.44512117e-02  1.99990910e+00 
 1.44612117e-02  3.25985683e-03  1.44612117e-02  2.30356228e-02  1.44612117e-02  4.39990320e-05  1.44612117e-02  1.99990910e+00 
 1.44712117e-02  3.23622032e-03  1.44712117e-02  2.30577251e-02  1.44712117e-02  4.39990320e-05  1.44712117e-02  1.99990910e+00 
 1.44812117e-02  3.21266949e-03  1.44812117e-02  2.30797529e-02  1.44812117e-02  4.39990320e-05  1.44812117e-02  1.99990910e+00 
 1.44912117e-02  3.18920408e-03  1.44912117e-02  2.31017063e-02  1.44912117e-02  4.39990320e-05  1.44912117e-02  1.99990910e+00 
 1.45012117e-02  3.16582382e-03  1.45012117e-02  2.31235856e-02  1.45012117e-02  4.39990320e-05  1.45012117e-02  1.99990910e+00 
 1.45112117e-02  3.14252846e-03  1.45112117e-02  2.31453911e-02  1.45112117e-02  4.39990320e-05  1.45112117e-02  1.99990910e+00 
 1.45212117e-02  3.11931773e-03  1.45212117e-02  2.31671230e-02  1.45212117e-02  4.39990320e-05  1.45212117e-02  1.99990910e+00 
 1.45312117e-02  3.09619139e-03  1.45312117e-02  2.31887816e-02  1.45312117e-02  4.39990320e-05  1.45312117e-02  1.99990910e+00 
 1.45412117e-02  3.07314916e-03  1.45412117e-02  2.32103671e-02  1.45412117e-02  4.39990320e-05  1.45412117e-02  1.99990910e+00 
 1.45512117e-02  3.05019080e-03  1.45512117e-02  2.32318797e-02  1.45512117e-02  4.39990320e-05  1.45512117e-02  1.99990910e+00 
 1.45612117e-02  3.02731605e-03  1.45612117e-02  2.32533198e-02  1.45612117e-02  4.39990320e-05  1.45612117e-02  1.99990910e+00 
 1.45712117e-02  3.00452465e-03  1.45712117e-02  2.32746875e-02  1.45712117e-02  4.39990320e-05  1.45712117e-02  1.99990910e+00 
 1.45812117e-02  2.98181637e-03  1.45812117e-02  2.32959832e-02  1.45812117e-02  4.39990320e-05  1.45812117e-02  1.99990910e+00 
 1.45912117e-02  2.95919093e-03  1.45912117e-02  2.33172069e-02  1.45912117e-02  4.39990320e-05  1.45912117e-02  1.99990910e+00 
 1.46012117e-02  2.93664811e-03  1.46012117e-02  2.33383591e-02  1.46012117e-02  4.39990320e-05  1.46012117e-02  1.99990910e+00 
 1.46112117e-02  2.91418763e-03  1.46112117e-02  2.33594399e-02  1.46112117e-02  4.39990320e-05  1.46112117e-02  1.99990910e+00 
 1.46212117e-02  2.89180927e-03  1.46212117e-02  2.33804495e-02  1.46212117e-02  4.39990320e-05  1.46212117e-02  1.99990910e+00 
 1.46312117e-02  2.86951277e-03  1.46312117e-02  2.34013883e-02  1.46312117e-02  4.39990320e-05  1.46312117e-02  1.99990910e+00 
 1.46412117e-02  2.84729789e-03  1.46412117e-02  2.34222564e-02  1.46412117e-02  4.39990320e-05  1.46412117e-02  1.99990910e+00 
 1.46512117e-02  2.82516437e-03  1.46512117e-02  2.34430541e-02  1.46512117e-02  4.39990320e-05  1.46512117e-02  1.99990910e+00 
 1.46612117e-02  2.80311199e-03  1.46612117e-02  2.34637816e-02  1.46612117e-02  4.39990320e-05  1.46612117e-02  1.99990910e+00 
 1.46712117e-02  2.78114049e-03  1.46712117e-02  2.34844391e-02  1.46712117e-02  4.39990320e-05  1.46712117e-02  1.99990910e+00 
 1.46812117e-02  2.75924964e-03  1.46812117e-02  2.35050270e-02  1.46812117e-02  4.39990320e-05  1.46812117e-02  1.99990910e+00 
 1.46912117e-02  2.73743920e-03  1.46912117e-02  2.35255454e-02  1.46912117e-02  4.39990320e-05  1.46912117e-02  1.99990910e+00 
 1.47012117e-02  2.71570893e-03  1.47012117e-02  2.35459945e-02  1.47012117e-02  4.39990320e-05  1.47012117e-02  1.99990910e+00 
 1.47112117e-02  2.69405858e-03  1.47112117e-02  2.35663747e-02  1.47112117e-02  4.39990320e-05  1.47112117e-02  1.99990910e+00 
 1.47212117e-02  2.67248794e-03  1.47212117e-02  2.35866861e-02  1.47212117e-02  4.39990320e-05  1.47212117e-02  1.99990910e+00 
 1.47312117e-02  2.65099675e-03  1.47312117e-02  2.36069289e-02  1.47312117e-02  4.39990320e-05  1.47312117e-02  1.99990910e+00 
 1.47412117e-02  2.62958478e-03  1.47412117e-02  2.36271035e-02  1.47412117e-02  4.39990320e-05  1.47412117e-02  1.99990910e+00 
 1.47512117e-02  2.60825182e-03  1.47512117e-02  2.36472099e-02  1.47512117e-02  4.39990320e-05  1.47512117e-02  1.99990910e+00 
 1.47612117e-02  2.58699761e-03  1.47612117e-02  2.36672486e-02  1.47612117e-02  4.39990320e-05  1.47612117e-02  1.99990910e+00 
 1.47712117e-02  2.56582193e-03  1.47712117e-02  2.36872196e-02  1.47712117e-02  4.39990320e-05  1.47712117e-02  1.99990910e+00 
 1.47812117e-02  2.54472456e-03  1.47812117e-02  2.37071232e-02  1.47812117e-02  4.39990320e-05  1.47812117e-02  1.99990910e+00 
 1.47912117e-02  2.52370526e-03  1.47912117e-02  2.37269596e-02  1.47912117e-02  4.39990320e-05  1.47912117e-02  1.99990910e+00 
 1.48012117e-02  2.50276381e-03  1.48012117e-02  2.37467292e-02  1.48012117e-02  4.39990320e-05  1.48012117e-02  1.99990910e+00 
 1.48112117e-02  2.48189998e-03  1.48112117e-02  2.37664320e-02  1.48112117e-02  4.39990320e-05  1.48112117e-02  1.99990910e+00 
 1.48212117e-02  2.46111355e-03  1.48212117e-02  2.37860683e-02  1.48212117e-02  4.39990320e-05  1.48212117e-02  1.99990910e+00 
 1.48312117e-02  2.44040430e-03  1.48312117e-02  2.38056384e-02  1.48312117e-02  4.39990320e-05  1.48312117e-02  1.99990910e+00 
 1.48412117e-02  2.41977199e-03  1.48412117e-02  2.38251424e-02  1.48412117e-02  4.39990320e-05  1.48412117e-02  1.99990910e+00 
 1.48512117e-02  2.39921642e-03  1.48512117e-02  2.38445806e-02  1.48512117e-02  4.39990320e-05  1.48512117e-02  1.99990910e+00 
 1.48612117e-02  2.37873736e-03  1.48612117e-02  2.38639533e-02  1.48612117e-02  4.39990320e-05  1.48612117e-02  1.99990910e+00 
 1.48712117e-02  2.35833459e-03  1.48712117e-02  2.38832605e-02  1.48712117e-02  4.39990320e-05  1.48712117e-02  1.99990910e+00 
 1.48812117e-02  2.33800790e-03  1.48812117e-02  2.39025026e-02  1.48812117e-02  4.39990320e-05  1.48812117e-02  1.99990910e+00 
 1.48912117e-02  2.31775707e-03  1.48912117e-02  2.39216798e-02  1.48912117e-02  4.39990320e-05  1.48912117e-02  1.99990910e+00 
 1.49012117e-02  2.29758188e-03  1.49012117e-02  2.39407923e-02  1.49012117e-02  4.39990320e-05  1.49012117e-02  1.99990910e+00 
 1.49112117e-02  2.27748213e-03  1.49112117e-02  2.39598403e-02  1.49112117e-02  4.39990320e-05  1.49112117e-02  1.99990910e+00 
 1.49212117e-02  2.25745759e-03  1.49212117e-02  2.39788240e-02  1.49212117e-02  4.39990320e-05  1.49212117e-02  1.99990910e+00 
 1.49312117e-02  2.23750807e-03  1.49312117e-02  2.39977437e-02  1.49312117e-02  4.39990320e-05  1.49312117e-02  1.99990910e+00 
 1.49412117e-02  2.21763334e-03  1.49412117e-02  2.40165995e-02  1.49412117e-02  4.39990320e-05  1.49412117e-02  1.99990910e+00 
 1.49512117e-02  2.19783320e-03  1.49512117e-02  2.40353917e-02  1.49512117e-02  4.39990320e-05  1.49512117e-02  1.99990910e+00 
 1.49612117e-02  2.17810745e-03  1.49612117e-02  2.40541204e-02  1.49612117e-02  4.39990320e-05  1.49612117e-02  1.99990910e+00 
 1.49712117e-02  2.15845587e-03  1.49712117e-02  2.40727860e-02  1.49712117e-02  4.39990320e-05  1.49712117e-02  1.99990910e+00 
 1.49812117e-02  2.13887826e-03  1.49812117e-02  2.40913886e-02  1.49812117e-02  4.39990320e-05  1.49812117e-02  1.99990910e+00 
 1.49912117e-02  2.11937442e-03  1.49912117e-02  2.41099284e-02  1.49912117e-02  4.39990320e-05  1.49912117e-02  1.99990910e+00 
 1.50012117e-02  2.09994415e-03  1.50012117e-02  2.41284057e-02  1.50012117e-02  4.39990320e-05  1.50012117e-02  1.99990910e+00 
 1.50112117e-02  2.08058725e-03  1.50112117e-02  2.41468206e-02  1.50112117e-02  4.39990320e-05  1.50112117e-02  1.99990910e+00 
 1.50212117e-02  2.06130351e-03  1.50212117e-02  2.41651734e-02  1.50212117e-02  4.39990320e-05  1.50212117e-02  1.99990910e+00 
 1.50312117e-02  2.04209274e-03  1.50312117e-02  2.41834643e-02  1.50312117e-02  4.39990320e-05  1.50312117e-02  1.99990910e+00 
 1.50412117e-02  2.02295473e-03  1.50412117e-02  2.42016934e-02  1.50412117e-02  4.39990320e-05  1.50412117e-02  1.99990910e+00 
 1.50512117e-02  2.00388931e-03  1.50512117e-02  2.42198610e-02  1.50512117e-02  4.39990320e-05  1.50512117e-02  1.99990910e+00 
 1.50612117e-02  1.98489626e-03  1.50612117e-02  2.42379673e-02  1.50612117e-02  4.39990320e-05  1.50612117e-02  1.99990910e+00 
 1.50712117e-02  1.96597540e-03  1.50712117e-02  2.42560126e-02  1.50712117e-02  4.39990320e-05  1.50712117e-02  1.99990910e+00 
 1.50812117e-02  1.94712654e-03  1.50812117e-02  2.42739969e-02  1.50812117e-02  4.39990320e-05  1.50812117e-02  1.99990910e+00 
 1.50912117e-02  1.92834949e-03  1.50912117e-02  2.42919206e-02  1.50912117e-02  4.39990320e-05  1.50912117e-02  1.99990910e+00 
 1.51012117e-02  1.90964405e-03  1.51012117e-02  2.43097837e-02  1.51012117e-02  4.39990320e-05  1.51012117e-02  1.99990910e+00 
 1.51112117e-02  1.89101004e-03  1.51112117e-02  2.43275866e-02  1.51112117e-02  4.39990320e-05  1.51112117e-02  1.99990910e+00 
 1.51212117e-02  1.87244728e-03  1.51212117e-02  2.43453294e-02  1.51212117e-02  4.39990320e-05  1.51212117e-02  1.99990910e+00 
 1.51312117e-02  1.85395558e-03  1.51312117e-02  2.43630124e-02  1.51312117e-02  4.39990320e-05  1.51312117e-02  1.99990910e+00 
 1.51412117e-02  1.83553475e-03  1.51412117e-02  2.43806357e-02  1.51412117e-02  4.39990320e-05  1.51412117e-02  1.99990910e+00 
 1.51512117e-02  1.81718462e-03  1.51512117e-02  2.43981995e-02  1.51512117e-02  4.39990320e-05  1.51512117e-02  1.99990910e+00 
 1.51612117e-02  1.79890500e-03  1.51612117e-02  2.44157041e-02  1.51612117e-02  4.39990320e-05  1.51612117e-02  1.99990910e+00 
 1.51712117e-02  1.78069572e-03  1.51712117e-02  2.44331495e-02  1.51712117e-02  4.39990320e-05  1.51712117e-02  1.99990910e+00 
 1.51812117e-02  1.76255660e-03  1.51812117e-02  2.44505362e-02  1.51812117e-02  4.39990320e-05  1.51812117e-02  1.99990910e+00 
 1.51912117e-02  1.74448746e-03  1.51912117e-02  2.44678641e-02  1.51912117e-02  4.39990320e-05  1.51912117e-02  1.99990910e+00 
 1.52012117e-02  1.72648813e-03  1.52012117e-02  2.44851336e-02  1.52012117e-02  4.39990320e-05  1.52012117e-02  1.99990910e+00 
 1.52112117e-02  1.70855843e-03  1.52112117e-02  2.45023448e-02  1.52112117e-02  4.39990320e-05  1.52112117e-02  1.99990910e+00 
 1.52212117e-02  1.69069821e-03  1.52212117e-02  2.45194979e-02  1.52212117e-02  4.39990320e-05  1.52212117e-02  1.99990910e+00 
 1.52312117e-02  1.67290727e-03  1.52312117e-02  2.45365932e-02  1.52312117e-02  4.39990320e-05  1.52312117e-02  1.99990910e+00 
 1.52412117e-02  1.65518547e-03  1.52412117e-02  2.45536308e-02  1.52412117e-02  4.39990320e-05  1.52412117e-02  1.99990910e+00 
 1.52512117e-02  1.63753263e-03  1.52512117e-02  2.45706109e-02  1.52512117e-02  4.39990320e-05  1.52512117e-02  1.99990910e+00 
 1.52612117e-02  1.61994859e-03  1.52612117e-02  2.45875336e-02  1.52612117e-02  4.39990320e-05  1.52612117e-02  1.99990910e+00 
 1.52712117e-02  1.60243318e-03  1.52712117e-02  2.46043993e-02  1.52712117e-02  4.39990320e-05  1.52712117e-02  1.99990910e+00 
 1.52812117e-02  1.58498624e-03  1.52812117e-02  2.46212081e-02  1.52812117e-02  4.39990320e-05  1.52812117e-02  1.99990910e+00 
 1.52912117e-02  1.56760762e-03  1.52912117e-02  2.46379601e-02  1.52912117e-02  4.39990320e-05  1.52912117e-02  1.99990910e+00 
 1.53012117e-02  1.55029716e-03  1.53012117e-02  2.46546557e-02  1.53012117e-02  4.39990320e-05  1.53012117e-02  1.99990910e+00 
 1.53112117e-02  1.53305469e-03  1.53112117e-02  2.46712949e-02  1.53112117e-02  4.39990320e-05  1.53112117e-02  1.99990910e+00 
 1.53212117e-02  1.51588007e-03  1.53212117e-02  2.46878779e-02  1.53212117e-02  4.39990320e-05  1.53212117e-02  1.99990910e+00 
 1.53312117e-02  1.49877315e-03  1.53312117e-02  2.47044050e-02  1.53312117e-02  4.39990320e-05  1.53312117e-02  1.99990910e+00 
 1.53412117e-02  1.48173377e-03  1.53412117e-02  2.47208763e-02  1.53412117e-02  4.39990320e-05  1.53412117e-02  1.99990910e+00 
 1.53512117e-02  1.46476178e-03  1.53512117e-02  2.47372921e-02  1.53512117e-02  4.39990320e-05  1.53512117e-02  1.99990910e+00 
 1.53612117e-02  1.44785704e-03  1.53612117e-02  2.47536524e-02  1.53612117e-02  4.39990320e-05  1.53612117e-02  1.99990910e+00 
 1.53712117e-02  1.43101941e-03  1.53712117e-02  2.47699576e-02  1.53712117e-02  4.39990320e-05  1.53712117e-02  1.99990910e+00 
 1.53812117e-02  1.41424873e-03  1.53812117e-02  2.47862077e-02  1.53812117e-02  4.39990320e-05  1.53812117e-02  1.99990910e+00 
 1.53912117e-02  1.39754488e-03  1.53912117e-02  2.48024030e-02  1.53912117e-02  4.39990320e-05  1.53912117e-02  1.99990910e+00 
 1.54012117e-02  1.38090770e-03  1.54012117e-02  2.48185436e-02  1.54012117e-02  4.39990320e-05  1.54012117e-02  1.99990910e+00 
 1.54112117e-02  1.36433707e-03  1.54112117e-02  2.48346298e-02  1.54112117e-02  4.39990320e-05  1.54112117e-02  1.99990910e+00 
 1.54212117e-02  1.34783285e-03  1.54212117e-02  2.48506617e-02  1.54212117e-02  4.39990320e-05  1.54212117e-02  1.99990910e+00 
 1.54312117e-02  1.33139490e-03  1.54312117e-02  2.48666395e-02  1.54312117e-02  4.39990320e-05  1.54312117e-02  1.99990910e+00 
 1.54412117e-02  1.31502311e-03  1.54412117e-02  2.48825634e-02  1.54412117e-02  4.39990320e-05  1.54412117e-02  1.99990910e+00 
 1.54512117e-02  1.29871733e-03  1.54512117e-02  2.48984336e-02  1.54512117e-02  4.39990320e-05  1.54512117e-02  1.99990910e+00 
 1.54612117e-02  1.28247744e-03  1.54612117e-02  2.49142502e-02  1.54612117e-02  4.39990320e-05  1.54612117e-02  1.99990910e+00 
 1.54712117e-02  1.26630333e-03  1.54712117e-02  2.49300134e-02  1.54712117e-02  4.39990320e-05  1.54712117e-02  1.99990910e+00 
 1.54812117e-02  1.25019486e-03  1.54812117e-02  2.49457235e-02  1.54812117e-02  4.39990320e-05  1.54812117e-02  1.99990910e+00 
 1.54912117e-02  1.23415192e-03  1.54912117e-02  2.49613805e-02  1.54912117e-02  4.39990320e-05  1.54912117e-02  1.99990910e+00 
 1.55012117e-02  1.21817440e-03  1.55012117e-02  2.49769847e-02  1.55012117e-02  4.39990320e-05  1.55012117e-02  1.99990910e+00 
 1.55112117e-02  1.20226218e-03  1.55112117e-02  2.49925363e-02  1.55112117e-02  4.39990320e-05  1.55112117e-02  1.99990910e+00 
 1.55212117e-02  1.18641515e-03  1.55212117e-02  2.50080353e-02  1.55212117e-02  4.39990320e-05  1.55212117e-02  1.99990910e+00 
 1.55312117e-02  1.17063320e-03  1.55312117e-02  2.50234821e-02  1.55312117e-02  4.39990320e-05  1.55312117e-02  1.99990910e+00 
 1.55412117e-02  1.15491623e-03  1.55412117e-02  2.50388768e-02  1.55412117e-02  4.39990320e-05  1.55412117e-02  1.99990910e+00 
 1.55512117e-02  1.13926413e-03  1.55512117e-02  2.50542195e-02  1.55512117e-02  4.39990320e-05  1.55512117e-02  1.99990910e+00 
 1.55612117e-02  1.12367681e-03  1.55612117e-02  2.50695104e-02  1.55612117e-02  4.39990320e-05  1.55612117e-02  1.99990910e+00 
 1.55712117e-02  1.10815417e-03  1.55712117e-02  2.50847498e-02  1.55712117e-02  4.39990320e-05  1.55712117e-02  1.99990910e+00 
 1.55812117e-02  1.09269611e-03  1.55812117e-02  2.50999377e-02  1.55812117e-02  4.39990320e-05  1.55812117e-02  1.99990910e+00 
 1.55912117e-02  1.07730254e-03  1.55912117e-02  2.51150744e-02  1.55912117e-02  4.39990320e-05  1.55912117e-02  1.99990910e+00 
 1.56012117e-02  1.06197338e-03  1.56012117e-02  2.51301600e-02  1.56012117e-02  4.39990320e-05  1.56012117e-02  1.99990910e+00 
 1.56112117e-02  1.04670854e-03  1.56112117e-02  2.51451947e-02  1.56112117e-02  4.39990320e-05  1.56112117e-02  1.99990910e+00 
 1.56212117e-02  1.03150794e-03  1.56212117e-02  2.51601786e-02  1.56212117e-02  4.39990320e-05  1.56212117e-02  1.99990910e+00 
 1.56312117e-02  1.01637151e-03  1.56312117e-02  2.51751120e-02  1.56312117e-02  4.39990320e-05  1.56312117e-02  1.99990910e+00 
 1.56412117e-02  1.00129917e-03  1.56412117e-02  2.51899950e-02  1.56412117e-02  4.39990320e-05  1.56412117e-02  1.99990910e+00 
 1.56512117e-02  9.86290847e-04  1.56512117e-02  2.52048278e-02  1.56512117e-02  4.39990320e-05  1.56512117e-02  1.99990910e+00 
 1.56612117e-02  9.71346481e-04  1.56612117e-02  2.52196106e-02  1.56612117e-02  4.39990320e-05  1.56612117e-02  1.99990910e+00 
 1.56712117e-02  9.56466008e-04  1.56712117e-02  2.52343434e-02  1.56712117e-02  4.39990320e-05  1.56712117e-02  1.99990910e+00 
 1.56812117e-02  9.41649369e-04  1.56812117e-02  2.52490266e-02  1.56812117e-02  4.39990320e-05  1.56812117e-02  1.99990910e+00 
 1.56912117e-02  9.26896512e-04  1.56912117e-02  2.52636602e-02  1.56912117e-02  4.39990320e-05  1.56912117e-02  1.99990910e+00 
 1.57012117e-02  9.12207387e-04  1.57012117e-02  2.52782444e-02  1.57012117e-02  4.39990320e-05  1.57012117e-02  1.99990910e+00 
 1.57112117e-02  8.97581948e-04  1.57112117e-02  2.52927794e-02  1.57112117e-02  4.39990320e-05  1.57112117e-02  1.99990910e+00 
 1.57212117e-02  8.83020155e-04  1.57212117e-02  2.53072654e-02  1.57212117e-02  4.39990320e-05  1.57212117e-02  1.99990910e+00 
 1.57312117e-02  8.68521974e-04  1.57312117e-02  2.53217025e-02  1.57312117e-02  4.39990320e-05  1.57312117e-02  1.99990910e+00 
 1.57412117e-02  8.54087372e-04  1.57412117e-02  2.53360908e-02  1.57412117e-02  4.39990320e-05  1.57412117e-02  1.99990910e+00 
 1.57512117e-02  8.39716327e-04  1.57512117e-02  2.53504306e-02  1.57512117e-02  4.39990320e-05  1.57512117e-02  1.99990910e+00 
 1.57612117e-02  8.25408816e-04  1.57612117e-02  2.53647221e-02  1.57612117e-02  4.39990320e-05  1.57612117e-02  1.99990910e+00 
 1.57712117e-02  8.11164826e-04  1.57712117e-02  2.53789653e-02  1.57712117e-02  4.39990320e-05  1.57712117e-02  1.99990910e+00 
 1.57812117e-02  7.96984349e-04  1.57812117e-02  2.53931604e-02  1.57812117e-02  4.39990320e-05  1.57812117e-02  1.99990910e+00 
 1.57912117e-02  7.82867383e-04  1.57912117e-02  2.54073077e-02  1.57912117e-02  4.39990320e-05  1.57912117e-02  1.99990910e+00 
 1.58012117e-02  7.68813930e-04  1.58012117e-02  2.54214072e-02  1.58012117e-02  4.39990320e-05  1.58012117e-02  1.99990910e+00 
 1.58112117e-02  7.54824002e-04  1.58112117e-02  2.54354591e-02  1.58112117e-02  4.39990320e-05  1.58112117e-02  1.99990910e+00 
 1.58212117e-02  7.40897615e-04  1.58212117e-02  2.54494637e-02  1.58212117e-02  4.39990320e-05  1.58212117e-02  1.99990910e+00 
 1.58312117e-02  7.27034795e-04  1.58312117e-02  2.54634209e-02  1.58312117e-02  4.39990320e-05  1.58312117e-02  1.99990910e+00 
 1.58412117e-02  7.13235573e-04  1.58412117e-02  2.54773311e-02  1.58412117e-02  4.39990320e-05  1.58412117e-02  1.99990910e+00 
 1.58512117e-02  6.99499988e-04  1.58512117e-02  2.54911943e-02  1.58512117e-02  4.39990320e-05  1.58512117e-02  1.99990910e+00 
 1.58612117e-02  6.85828090e-04  1.58612117e-02  2.55050108e-02  1.58612117e-02  4.39990320e-05  1.58612117e-02  1.99990910e+00 
 1.58712117e-02  6.72219933e-04  1.58712117e-02  2.55187806e-02  1.58712117e-02  4.39990320e-05  1.58712117e-02  1.99990910e+00 
 1.58812117e-02  6.58675585e-04  1.58812117e-02  2.55325040e-02  1.58812117e-02  4.39990320e-05  1.58812117e-02  1.99990910e+00 
 1.58912117e-02  6.45195118e-04  1.58912117e-02  2.55461810e-02  1.58912117e-02  4.39990320e-05  1.58912117e-02  1.99990910e+00 
 1.59012117e-02  6.31778618e-04  1.59012117e-02  2.55598119e-02  1.59012117e-02  4.39990320e-05  1.59012117e-02  1.99990910e+00 
 1.59112117e-02  6.18426181e-04  1.59112117e-02  2.55733969e-02  1.59112117e-02  4.39990320e-05  1.59112117e-02  1.99990910e+00 
 1.59212117e-02  6.05137911e-04  1.59212117e-02  2.55869359e-02  1.59212117e-02  4.39990320e-05  1.59212117e-02  1.99990910e+00 
 1.59312117e-02  5.91913928e-04  1.59312117e-02  2.56004293e-02  1.59312117e-02  4.39990320e-05  1.59312117e-02  1.99990910e+00 
 1.59412117e-02  5.78754359e-04  1.59412117e-02  2.56138772e-02  1.59412117e-02  4.39990320e-05  1.59412117e-02  1.99990910e+00 
 1.59512117e-02  5.65659348e-04  1.59512117e-02  2.56272797e-02  1.59512117e-02  4.39990320e-05  1.59512117e-02  1.99990910e+00 
 1.59612117e-02  5.52629052e-04  1.59612117e-02  2.56406369e-02  1.59612117e-02  4.39990320e-05  1.59612117e-02  1.99990910e+00 
 1.59712117e-02  5.39663639e-04  1.59712117e-02  2.56539491e-02  1.59712117e-02  4.39990320e-05  1.59712117e-02  1.99990910e+00 
 1.59812117e-02  5.26763297e-04  1.59812117e-02  2.56672164e-02  1.59812117e-02  4.39990320e-05  1.59812117e-02  1.99990910e+00 
 1.59912117e-02  5.13928226e-04  1.59912117e-02  2.56804389e-02  1.59912117e-02  4.39990320e-05  1.59912117e-02  1.99990910e+00 
 1.60012117e-02  5.01158646e-04  1.60012117e-02  2.56936168e-02  1.60012117e-02  4.39990320e-05  1.60012117e-02  1.99990910e+00 
 1.60112117e-02  4.88454795e-04  1.60112117e-02  2.57067502e-02  1.60112117e-02  4.39990320e-05  1.60112117e-02  1.99990910e+00 
 1.60212117e-02  4.75816928e-04  1.60212117e-02  2.57198393e-02  1.60212117e-02  4.39990320e-05  1.60212117e-02  1.99990910e+00 
 1.60312117e-02  4.63245324e-04  1.60312117e-02  2.57328842e-02  1.60312117e-02  4.39990320e-05  1.60312117e-02  1.99990910e+00 
 1.60412117e-02  4.50740282e-04  1.60412117e-02  2.57458851e-02  1.60412117e-02  4.39990320e-05  1.60412117e-02  1.99990910e+00 
 1.60512117e-02  4.38302125e-04  1.60512117e-02  2.57588422e-02  1.60512117e-02  4.39990320e-05  1.60512117e-02  1.99990910e+00 
 1.60612117e-02  4.25931204e-04  1.60612117e-02  2.57717555e-02  1.60612117e-02  4.39990320e-05  1.60612117e-02  1.99990910e+00 
 1.60712117e-02  4.13627894e-04  1.60712117e-02  2.57846253e-02  1.60712117e-02  4.39990320e-05  1.60712117e-02  1.99990910e+00 
 1.60812117e-02  4.01392601e-04  1.60812117e-02  2.57974516e-02  1.60812117e-02  4.39990320e-05  1.60812117e-02  1.99990910e+00 
 1.60912117e-02  3.89225764e-04  1.60912117e-02  2.58102346e-02  1.60912117e-02  4.39990320e-05  1.60912117e-02  1.99990910e+00 
 1.61012117e-02  3.77127854e-04  1.61012117e-02  2.58229745e-02  1.61012117e-02  4.39990320e-05  1.61012117e-02  1.99990910e+00 
 1.61112117e-02  3.65099382e-04  1.61112117e-02  2.58356715e-02  1.61112117e-02  4.39990320e-05  1.61112117e-02  1.99990910e+00 
 1.61212117e-02  3.53140896e-04  1.61212117e-02  2.58483256e-02  1.61212117e-02  4.39990320e-05  1.61212117e-02  1.99990910e+00 
 1.61312117e-02  3.41252992e-04  1.61312117e-02  2.58609369e-02  1.61312117e-02  4.39990320e-05  1.61312117e-02  1.99990910e+00 
 1.61412117e-02  3.29436310e-04  1.61412117e-02  2.58735058e-02  1.61412117e-02  4.39990320e-05  1.61412117e-02  1.99990910e+00 
 1.61512117e-02  3.17691547e-04  1.61512117e-02  2.58860322e-02  1.61512117e-02  4.39990320e-05  1.61512117e-02  1.99990910e+00 
 1.61612117e-02  3.06019453e-04  1.61612117e-02  2.58985163e-02  1.61612117e-02  4.39990320e-05  1.61612117e-02  1.99990910e+00 
 1.61712117e-02  2.94420844e-04  1.61712117e-02  2.59109584e-02  1.61712117e-02  4.39990320e-05  1.61712117e-02  1.99990910e+00 
 1.61812117e-02  2.82896606e-04  1.61812117e-02  2.59233584e-02  1.61812117e-02  4.39990320e-05  1.61812117e-02  1.99990910e+00 
 1.61912117e-02  2.71447702e-04  1.61912117e-02  2.59357166e-02  1.61912117e-02  4.39990320e-05  1.61912117e-02  1.99990910e+00 
 1.62012117e-02  2.60075180e-04  1.62012117e-02  2.59480331e-02  1.62012117e-02  4.39990320e-05  1.62012117e-02  1.99990910e+00 
 1.62112117e-02  2.48780185e-04  1.62112117e-02  2.59603080e-02  1.62112117e-02  4.39990320e-05  1.62112117e-02  1.99990910e+00 
 1.62212117e-02  2.37563969e-04  1.62212117e-02  2.59725415e-02  1.62212117e-02  4.39990320e-05  1.62212117e-02  1.99990910e+00 
 1.62312117e-02  2.26427905e-04  1.62312117e-02  2.59847338e-02  1.62312117e-02  4.39990320e-05  1.62312117e-02  1.99990910e+00 
 1.62412117e-02  2.15373504e-04  1.62412117e-02  2.59968849e-02  1.62412117e-02  4.39990320e-05  1.62412117e-02  1.99990910e+00 
 1.62512117e-02  2.04402429e-04  1.62512117e-02  2.60089950e-02  1.62512117e-02  4.39990320e-05  1.62512117e-02  1.99990910e+00 
 1.62612117e-02  1.93516523e-04  1.62612117e-02  2.60210642e-02  1.62612117e-02  4.39990320e-05  1.62612117e-02  1.99990910e+00 
 1.62712117e-02  1.82717832e-04  1.62712117e-02  2.60330927e-02  1.62712117e-02  4.39990320e-05  1.62712117e-02  1.99990910e+00 
 1.62812117e-02  1.72008639e-04  1.62812117e-02  2.60450806e-02  1.62812117e-02  4.39990320e-05  1.62812117e-02  1.99990910e+00 
 1.62912117e-02  1.61391502e-04  1.62912117e-02  2.60570281e-02  1.62912117e-02  4.39990320e-05  1.62912117e-02  1.99990910e+00 
 1.63012117e-02  1.50869301e-04  1.63012117e-02  2.60689353e-02  1.63012117e-02  4.39990320e-05  1.63012117e-02  1.99990910e+00 
 1.63112117e-02  1.40445301e-04  1.63112117e-02  2.60808022e-02  1.63112117e-02  4.39990320e-05  1.63112117e-02  1.99990910e+00 
 1.63212117e-02  1.30123230e-04  1.63212117e-02  2.60926292e-02  1.63212117e-02  4.39990320e-05  1.63212117e-02  1.99990910e+00 
 1.63312117e-02  1.19907370e-04  1.63312117e-02  2.61044162e-02  1.63312117e-02  4.39990320e-05  1.63312117e-02  1.99990910e+00 
 1.63412117e-02  1.09802693e-04  1.63412117e-02  2.61161635e-02  1.63412117e-02  4.39990320e-05  1.63412117e-02  1.99990910e+00 
 1.63512117e-02  9.98150248e-05  1.63512117e-02  2.61278711e-02  1.63512117e-02  4.39990320e-05  1.63512117e-02  1.99990910e+00 
 1.63612117e-02  8.99512789e-05  1.63612117e-02  2.61395392e-02  1.63612117e-02  4.39990320e-05  1.63612117e-02  1.99990910e+00 
 1.63712117e-02  8.02197776e-05  1.63712117e-02  2.61511679e-02  1.63712117e-02  4.39990320e-05  1.63712117e-02  1.99990910e+00 
 1.63812117e-02  7.06307140e-05  1.63812117e-02  2.61627574e-02  1.63812117e-02  4.39990320e-05  1.63812117e-02  1.99990910e+00 
 1.63912117e-02  6.11968415e-05  1.63912117e-02  2.61743078e-02  1.63912117e-02  4.39990320e-05  1.63912117e-02  1.99990910e+00 
 1.64012117e-02  5.19345482e-05  1.64012117e-02  2.61858192e-02  1.64012117e-02  4.39990320e-05  1.64012117e-02  1.99990910e+00 
 1.64112117e-02  4.28656284e-05  1.64112117e-02  2.61972918e-02  1.64112117e-02  4.39990320e-05  1.64112117e-02  1.99990910e+00 
 1.64212117e-02  3.40204278e-05  1.64212117e-02  2.62087257e-02  1.64212117e-02  4.39990320e-05  1.64212117e-02  1.99990910e+00 
 1.64312117e-02  2.54440039e-05  1.64312117e-02  2.62201210e-02  1.64312117e-02  4.39990320e-05  1.64312117e-02  1.99990910e+00 
 1.64412117e-02  1.72100129e-05  1.64412117e-02  2.62314778e-02  1.64412117e-02  4.39990320e-05  1.64412117e-02  1.99990910e+00 
 1.64512117e-02  9.45948781e-06  1.64512117e-02  2.62427963e-02  1.64512117e-02  4.39990320e-05  1.64512117e-02  1.99990910e+00 
 1.64612117e-02  2.66342403e-06  1.64612117e-02  2.62540766e-02  1.64612117e-02  4.39990320e-05  1.64612117e-02  1.99990910e+00 
 1.64700401e-02 -1.06676741e-07  1.64700401e-02  2.62640036e-02  1.64700401e-02  4.39990320e-05  1.64700401e-02  1.99990910e+00 
 1.64762154e-02 -3.24854303e-08  1.64762154e-02  2.62709299e-02  1.64762154e-02  4.39990320e-05  1.64762154e-02  1.99990910e+00 
 1.64793147e-02  1.42471094e-07  1.64793147e-02  2.62744006e-02  1.64793147e-02  4.39990320e-05  1.64793147e-02  1.99990910e+00 
 1.64812406e-02  1.53459882e-07  1.64812406e-02  2.62765554e-02  1.64812406e-02  4.39990320e-05  1.64812406e-02  1.99990910e+00 
 1.64828117e-02  9.39780098e-08  1.64828117e-02  2.62783123e-02  1.64828117e-02  4.39990320e-05  1.64828117e-02  1.99990910e+00 
 1.64843978e-02  1.71558334e-08  1.64843978e-02  2.62800849e-02  1.64843978e-02  4.39990320e-05  1.64843978e-02  1.99990910e+00 
 1.64856267e-02 -2.03314473e-08  1.64856267e-02  2.62814578e-02  1.64856267e-02  4.39990320e-05  1.64856267e-02  1.99990910e+00 
 1.64865885e-02 -2.31971385e-08  1.64865885e-02  2.62825318e-02  1.64865885e-02  4.39990320e-05  1.64865885e-02  1.99990910e+00 
 1.64875510e-02 -1.11922221e-09  1.64875510e-02  2.62836063e-02  1.64875510e-02  4.39990320e-05  1.64875510e-02  1.99990910e+00 
 1.64886366e-02  4.20788866e-08  1.64886366e-02  2.62848178e-02  1.64886366e-02  4.39990320e-05  1.64886366e-02  1.99990910e+00 
 1.64899356e-02  9.08171752e-08  1.64899356e-02  2.62862668e-02  1.64899356e-02  4.39990320e-05  1.64899356e-02  1.99990910e+00 
 1.64912028e-02  1.11566971e-07  1.64912028e-02  2.62876797e-02  1.64912028e-02  4.39990320e-05  1.64912028e-02  1.99990910e+00 
 1.64923403e-02  1.00602479e-07  1.64923403e-02  2.62889474e-02  1.64923403e-02  4.39990320e-05  1.64923403e-02  1.99990910e+00 
 1.64935120e-02  6.74555226e-08  1.64935120e-02  2.62902529e-02  1.64935120e-02  4.39990320e-05  1.64935120e-02  1.99990910e+00 
 1.64947133e-02  2.86830732e-08  1.64947133e-02  2.62915908e-02  1.64947133e-02  4.39990320e-05  1.64947133e-02  1.99990910e+00 
 1.64957973e-02  5.16802708e-09  1.64957973e-02  2.62927975e-02  1.64957973e-02  4.39990320e-05  1.64957973e-02  1.99990910e+00 
 1.64967352e-02  1.13194029e-09  1.64967352e-02  2.62938413e-02  1.64967352e-02  4.39990320e-05  1.64967352e-02  1.99990910e+00 
 1.64976587e-02  1.31748742e-08  1.64976587e-02  2.62948687e-02  1.64976587e-02  4.39990320e-05  1.64976587e-02  1.99990910e+00 
 1.64987201e-02  4.00801566e-08  1.64987201e-02  2.62960491e-02  1.64987201e-02  4.39990320e-05  1.64987201e-02  1.99990910e+00 
 1.64999710e-02  7.27500900e-08  1.64999710e-02  2.62974397e-02  1.64999710e-02  4.39990320e-05  1.64999710e-02  1.99990910e+00 
 1.65013923e-02  9.06329285e-08  1.65013923e-02  2.62990190e-02  1.65013923e-02  4.39990320e-05  1.65013923e-02  1.99990910e+00 
 1.65025650e-02  8.42185255e-08  1.65025650e-02  2.63003215e-02  1.65025650e-02  4.39990320e-05  1.65025650e-02  1.99990910e+00 
 1.65037778e-02  6.21042143e-08  1.65037778e-02  2.63016681e-02  1.65037778e-02  4.39990320e-05  1.65037778e-02  1.99990910e+00 
 1.65049619e-02  3.68824373e-08  1.65049619e-02  2.63029822e-02  1.65049619e-02  4.39990320e-05  1.65049619e-02  1.99990910e+00 
 1.65060616e-02  2.08555534e-08  1.65060616e-02  2.63042022e-02  1.65060616e-02  4.39990320e-05  1.65060616e-02  1.99990910e+00 
 1.65072092e-02  1.86667498e-08  1.65072092e-02  2.63054749e-02  1.65072092e-02  4.39990320e-05  1.65072092e-02  1.99990910e+00 
 1.65084092e-02  3.16213279e-08  1.65084092e-02  2.63068051e-02  1.65084092e-02  4.39990320e-05  1.65084092e-02  1.99990910e+00 
 1.65094986e-02  5.05885241e-08  1.65094986e-02  2.63080123e-02  1.65094986e-02  4.39990320e-05  1.65094986e-02  1.99990910e+00 
 1.65109547e-02  7.10684890e-08  1.65109547e-02  2.63096251e-02  1.65109547e-02  4.39990320e-05  1.65109547e-02  1.99990910e+00 
 1.65122099e-02  7.56703192e-08  1.65122099e-02  2.63110147e-02  1.65122099e-02  4.39990320e-05  1.65122099e-02  1.99990910e+00 
 1.65133640e-02  6.77851305e-08  1.65133640e-02  2.63122919e-02  1.65133640e-02  4.39990320e-05  1.65133640e-02  1.99990910e+00 
 1.65145363e-02  5.24492138e-08  1.65145363e-02  2.63135888e-02  1.65145363e-02  4.39990320e-05  1.65145363e-02  1.99990910e+00 
 1.65158345e-02  3.64146187e-08  1.65158345e-02  2.63150242e-02  1.65158345e-02  4.39990320e-05  1.65158345e-02  1.99990910e+00 
 1.65172059e-02  2.95849334e-08  1.65172059e-02  2.63165400e-02  1.65172059e-02  4.39990320e-05  1.65172059e-02  1.99990910e+00 
 1.65183829e-02  3.41757977e-08  1.65183829e-02  2.63178404e-02  1.65183829e-02  4.39990320e-05  1.65183829e-02  1.99990910e+00 
 1.65195913e-02  4.59115096e-08  1.65195913e-02  2.63191748e-02  1.65195913e-02  4.39990320e-05  1.65195913e-02  1.99990910e+00 
 1.65208215e-02  5.85728863e-08  1.65208215e-02  2.63205328e-02  1.65208215e-02  4.39990320e-05  1.65208215e-02  1.99990910e+00 
 1.65222894e-02  6.59011952e-08  1.65222894e-02  2.63221525e-02  1.65222894e-02  4.39990320e-05  1.65222894e-02  1.99990910e+00 
 1.65234840e-02  6.32797237e-08  1.65234840e-02  2.63234701e-02  1.65234840e-02  4.39990320e-05  1.65234840e-02  1.99990910e+00 
 1.65247246e-02  5.43797941e-08  1.65247246e-02  2.63248376e-02  1.65247246e-02  4.39990320e-05  1.65247246e-02  1.99990910e+00 
 1.65259106e-02  4.45855409e-08  1.65259106e-02  2.63261447e-02  1.65259106e-02  4.39990320e-05  1.65259106e-02  1.99990910e+00 
 1.65276968e-02  3.75728849e-08  1.65276968e-02  2.63281120e-02  1.65276968e-02  4.39990320e-05  1.65276968e-02  1.99990910e+00 
 1.65289702e-02  4.02155773e-08  1.65289702e-02  2.63295138e-02  1.65289702e-02  4.39990320e-05  1.65289702e-02  1.99990910e+00 
 1.65302872e-02  4.77053410e-08  1.65302872e-02  2.63309630e-02  1.65302872e-02  4.39990320e-05  1.65302872e-02  1.99990910e+00 
 1.65315017e-02  5.50643474e-08  1.65315017e-02  2.63322989e-02  1.65315017e-02  4.39990320e-05  1.65315017e-02  1.99990910e+00 
 1.65330212e-02  5.93860275e-08  1.65330212e-02  2.63339694e-02  1.65330212e-02  4.39990320e-05  1.65330212e-02  1.99990910e+00 
 1.65342405e-02  5.76036657e-08  1.65342405e-02  2.63353093e-02  1.65342405e-02  4.39990320e-05  1.65342405e-02  1.99990910e+00 
 1.65355039e-02  5.21654417e-08  1.65355039e-02  2.63366971e-02  1.65355039e-02  4.39990320e-05  1.65355039e-02  1.99990910e+00 
 1.65367047e-02  4.64450275e-08  1.65367047e-02  2.63380155e-02  1.65367047e-02  4.39990320e-05  1.65367047e-02  1.99990910e+00 
 1.65383067e-02  4.27431704e-08  1.65383067e-02  2.63397736e-02  1.65383067e-02  4.39990320e-05  1.65383067e-02  1.99990910e+00 
 1.65395525e-02  4.40999502e-08  1.65395525e-02  2.63411402e-02  1.65395525e-02  4.39990320e-05  1.65395525e-02  1.99990910e+00 
 1.65408642e-02  4.84309848e-08  1.65408642e-02  2.63425784e-02  1.65408642e-02  4.39990320e-05  1.65408642e-02  1.99990910e+00 
 1.65421263e-02  5.29528537e-08  1.65421263e-02  2.63439616e-02  1.65421263e-02  4.39990320e-05  1.65421263e-02  1.99990910e+00 
 1.65436817e-02  5.55502388e-08  1.65436817e-02  2.63456655e-02  1.65436817e-02  4.39990320e-05  1.65436817e-02  1.99990910e+00 
 1.65449340e-02  5.44260262e-08  1.65449340e-02  2.63470367e-02  1.65449340e-02  4.39990320e-05  1.65449340e-02  1.99990910e+00 
 1.65464211e-02  5.06635962e-08  1.65464211e-02  2.63486642e-02  1.65464211e-02  4.39990320e-05  1.65464211e-02  1.99990910e+00 
 1.65477947e-02  4.72172018e-08  1.65477947e-02  2.63501668e-02  1.65477947e-02  4.39990320e-05  1.65477947e-02  1.99990910e+00 
 1.65491445e-02  4.58161879e-08  1.65491445e-02  2.63516426e-02  1.65491445e-02  4.39990320e-05  1.65491445e-02  1.99990910e+00 
 1.65503848e-02  4.67942866e-08  1.65503848e-02  2.63529982e-02  1.65503848e-02  4.39990320e-05  1.65503848e-02  1.99990910e+00 
 1.65520494e-02  5.00024095e-08  1.65520494e-02  2.63548165e-02  1.65520494e-02  4.39990320e-05  1.65520494e-02  1.99990910e+00 
 1.65535763e-02  5.25250012e-08  1.65535763e-02  2.63564836e-02  1.65535763e-02  4.39990320e-05  1.65535763e-02  1.99990910e+00 
 1.65549519e-02  5.30590515e-08  1.65549519e-02  2.63579847e-02  1.65549519e-02  4.39990320e-05  1.65549519e-02  1.99990910e+00 
 1.65563877e-02  5.17165016e-08  1.65563877e-02  2.63595508e-02  1.65563877e-02  4.39990320e-05  1.65563877e-02  1.99990910e+00 
 1.65581830e-02  4.91440480e-08  1.65581830e-02  2.63615080e-02  1.65581830e-02  4.39990320e-05  1.65581830e-02  1.99990910e+00 
 1.65602770e-02  4.77768501e-08  1.65602770e-02  2.63637892e-02  1.65602770e-02  4.39990320e-05  1.65602770e-02  1.99990910e+00 
 1.65620098e-02  4.85839392e-08  1.65620098e-02  2.63656758e-02  1.65620098e-02  4.39990320e-05  1.65620098e-02  1.99990910e+00 
 1.65642816e-02  5.05681842e-08  1.65642816e-02  2.63681474e-02  1.65642816e-02  4.39990320e-05  1.65642816e-02  1.99990910e+00 
 1.65666046e-02  5.13787365e-08  1.65666046e-02  2.63706728e-02  1.65666046e-02  4.39990320e-05  1.65666046e-02  1.99990910e+00 
 1.65687424e-02  5.06482109e-08  1.65687424e-02  2.63729952e-02  1.65687424e-02  4.39990320e-05  1.65687424e-02  1.99990910e+00 
 1.65715315e-02  4.94181560e-08  1.65715315e-02  2.63760225e-02  1.65715315e-02  4.39990320e-05  1.65715315e-02  1.99990910e+00 
 1.65750680e-02  4.94090363e-08  1.65750680e-02  2.63798569e-02  1.65750680e-02  4.39990320e-05  1.65750680e-02  1.99990910e+00 
 1.65785704e-02  5.01370711e-08  1.65785704e-02  2.63836499e-02  1.65785704e-02  4.39990320e-05  1.65785704e-02  1.99990910e+00 
 1.65827736e-02  5.02939908e-08  1.65827736e-02  2.63881959e-02  1.65827736e-02  4.39990320e-05  1.65827736e-02  1.99990910e+00 
 1.65882361e-02  4.99424094e-08  1.65882361e-02  2.63940943e-02  1.65882361e-02  4.39990320e-05  1.65882361e-02  1.99990910e+00 
 1.65941398e-02  4.99103076e-08  1.65941398e-02  2.64004569e-02  1.65941398e-02  4.39990320e-05  1.65941398e-02  1.99990910e+00 
 1.66041398e-02  5.00306707e-08  1.66041398e-02  2.64112053e-02  1.66041398e-02  4.39990320e-05  1.66041398e-02  1.99990910e+00 
 1.66141398e-02  5.00092222e-08  1.66141398e-02  2.64219173e-02  1.66141398e-02  4.39990320e-05  1.66141398e-02  1.99990910e+00 
 1.66241398e-02  4.99938561e-08  1.66241398e-02  2.64325932e-02  1.66241398e-02  4.39990320e-05  1.66241398e-02  1.99990910e+00 
 1.66341398e-02  4.99993427e-08  1.66341398e-02  2.64432331e-02  1.66341398e-02  4.39990320e-05  1.66341398e-02  1.99990910e+00 
 1.66441398e-02  5.00002504e-08  1.66441398e-02  2.64538371e-02  1.66441398e-02  4.39990320e-05  1.66441398e-02  1.99990910e+00 
 1.66541398e-02  4.99992923e-08  1.66541398e-02  2.64644053e-02  1.66541398e-02  4.39990320e-05  1.66541398e-02  1.99990910e+00 
 1.66641398e-02  4.99993612e-08  1.66641398e-02  2.64749378e-02  1.66641398e-02  4.39990320e-05  1.66641398e-02  1.99990910e+00 
 1.66741398e-02  4.99994798e-08  1.66741398e-02  2.64854348e-02  1.66741398e-02  4.39990320e-05  1.66741398e-02  1.99990910e+00 
 1.66841398e-02  4.99994475e-08  1.66841398e-02  2.64958964e-02  1.66841398e-02  4.39990320e-05  1.66841398e-02  1.99990910e+00 
 1.66941398e-02  4.99994380e-08  1.66941398e-02  2.65063227e-02  1.66941398e-02  4.39990320e-05  1.66941398e-02  1.99990910e+00 
 1.67041398e-02  4.99994452e-08  1.67041398e-02  2.65167138e-02  1.67041398e-02  4.39990320e-05  1.67041398e-02  1.99990910e+00 
 1.67141398e-02  4.99994451e-08  1.67141398e-02  2.65270698e-02  1.67141398e-02  4.39990320e-05  1.67141398e-02  1.99990910e+00 
 1.67241398e-02  4.99994438e-08  1.67241398e-02  2.65373909e-02  1.67241398e-02  4.39990320e-05  1.67241398e-02  1.99990910e+00 
 1.67341398e-02  4.99994425e-08  1.67341398e-02  2.65476772e-02  1.67341398e-02  4.39990320e-05  1.67341398e-02  1.99990910e+00 
 1.67441398e-02  4.99994443e-08  1.67441398e-02  2.65579287e-02  1.67441398e-02  4.39990320e-05  1.67441398e-02  1.99990910e+00 
 1.67541398e-02  4.99994435e-08  1.67541398e-02  2.65681457e-02  1.67541398e-02  4.39990320e-05  1.67541398e-02  1.99990910e+00 
 1.67641398e-02  4.99994430e-08  1.67641398e-02  2.65783282e-02  1.67641398e-02  4.39990320e-05  1.67641398e-02  1.99990910e+00 
 1.67741398e-02  4.99994429e-08  1.67741398e-02  2.65884763e-02  1.67741398e-02  4.39990320e-05  1.67741398e-02  1.99990910e+00 
 1.67841398e-02  4.99994428e-08  1.67841398e-02  2.65985902e-02  1.67841398e-02  4.39990320e-05  1.67841398e-02  1.99990910e+00 
 1.67941398e-02  4.99994424e-08  1.67941398e-02  2.66086699e-02  1.67941398e-02  4.39990320e-05  1.67941398e-02  1.99990910e+00 
 1.68041398e-02  4.99994442e-08  1.68041398e-02  2.66187157e-02  1.68041398e-02  4.39990320e-05  1.68041398e-02  1.99990910e+00 
 1.68141398e-02  4.99994429e-08  1.68141398e-02  2.66287275e-02  1.68141398e-02  4.39990320e-05  1.68141398e-02  1.99990910e+00 
 1.68241398e-02  4.99994425e-08  1.68241398e-02  2.66387056e-02  1.68241398e-02  4.39990320e-05  1.68241398e-02  1.99990910e+00 
 1.68341398e-02  4.99994437e-08  1.68341398e-02  2.66486500e-02  1.68341398e-02  4.39990320e-05  1.68341398e-02  1.99990910e+00 
 1.68441398e-02  4.99994439e-08  1.68441398e-02  2.66585608e-02  1.68441398e-02  4.39990320e-05  1.68441398e-02  1.99990910e+00 
 1.68541398e-02  4.99994439e-08  1.68541398e-02  2.66684382e-02  1.68541398e-02  4.39990320e-05  1.68541398e-02  1.99990910e+00 
 1.68641398e-02  4.99994425e-08  1.68641398e-02  2.66782823e-02  1.68641398e-02  4.39990320e-05  1.68641398e-02  1.99990910e+00 
 1.68741398e-02  4.99994442e-08  1.68741398e-02  2.66880932e-02  1.68741398e-02  4.39990320e-05  1.68741398e-02  1.99990910e+00 
 1.68841398e-02  4.99994436e-08  1.68841398e-02  2.66978709e-02  1.68841398e-02  4.39990320e-05  1.68841398e-02  1.99990910e+00 
 1.68941398e-02  4.99994433e-08  1.68941398e-02  2.67076157e-02  1.68941398e-02  4.39990320e-05  1.68941398e-02  1.99990910e+00 
 1.69041398e-02  4.99994430e-08  1.69041398e-02  2.67173275e-02  1.69041398e-02  4.39990320e-05  1.69041398e-02  1.99990910e+00 
 1.69141398e-02  4.99994423e-08  1.69141398e-02  2.67270066e-02  1.69141398e-02  4.39990320e-05  1.69141398e-02  1.99990910e+00 
 1.69241398e-02  4.99994441e-08  1.69241398e-02  2.67366531e-02  1.69241398e-02  4.39990320e-05  1.69241398e-02  1.99990910e+00 
 1.69341398e-02  4.99994430e-08  1.69341398e-02  2.67462670e-02  1.69341398e-02  4.39990320e-05  1.69341398e-02  1.99990910e+00 
 1.69441398e-02  4.99994428e-08  1.69441398e-02  2.67558484e-02  1.69441398e-02  4.39990320e-05  1.69441398e-02  1.99990910e+00 
 1.69541398e-02  4.99994436e-08  1.69541398e-02  2.67653976e-02  1.69541398e-02  4.39990320e-05  1.69541398e-02  1.99990910e+00 
 1.69641398e-02  4.99994435e-08  1.69641398e-02  2.67749145e-02  1.69641398e-02  4.39990320e-05  1.69641398e-02  1.99990910e+00 
 1.69741398e-02  4.99994438e-08  1.69741398e-02  2.67843992e-02  1.69741398e-02  4.39990320e-05  1.69741398e-02  1.99990910e+00 
 1.69841398e-02  4.99994431e-08  1.69841398e-02  2.67938520e-02  1.69841398e-02  4.39990320e-05  1.69841398e-02  1.99990910e+00 
 1.69941398e-02  4.99994436e-08  1.69941398e-02  2.68032729e-02  1.69941398e-02  4.39990320e-05  1.69941398e-02  1.99990910e+00 
 1.70041398e-02  4.99994438e-08  1.70041398e-02  2.68126620e-02  1.70041398e-02  4.39990320e-05  1.70041398e-02  1.99990910e+00 
 1.70141398e-02  4.99994443e-08  1.70141398e-02  2.68220194e-02  1.70141398e-02  4.39990320e-05  1.70141398e-02  1.99990910e+00 
 1.70241398e-02  4.99994431e-08  1.70241398e-02  2.68313453e-02  1.70241398e-02  4.39990320e-05  1.70241398e-02  1.99990910e+00 
 1.70341398e-02  4.99994440e-08  1.70341398e-02  2.68406396e-02  1.70341398e-02  4.39990320e-05  1.70341398e-02  1.99990910e+00 
 1.70441398e-02  4.99994425e-08  1.70441398e-02  2.68499026e-02  1.70441398e-02  4.39990320e-05  1.70441398e-02  1.99990910e+00 
 1.70541398e-02  4.99994431e-08  1.70541398e-02  2.68591344e-02  1.70541398e-02  4.39990320e-05  1.70541398e-02  1.99990910e+00 
 1.70641398e-02  4.99994425e-08  1.70641398e-02  2.68683350e-02  1.70641398e-02  4.39990320e-05  1.70641398e-02  1.99990910e+00 
 1.70741398e-02  4.99994443e-08  1.70741398e-02  2.68775046e-02  1.70741398e-02  4.39990320e-05  1.70741398e-02  1.99990910e+00 
 1.70841398e-02  4.99994431e-08  1.70841398e-02  2.68866432e-02  1.70841398e-02  4.39990320e-05  1.70841398e-02  1.99990910e+00 
 1.70941398e-02  4.99994427e-08  1.70941398e-02  2.68957509e-02  1.70941398e-02  4.39990320e-05  1.70941398e-02  1.99990910e+00 
 1.71041398e-02  4.99994434e-08  1.71041398e-02  2.69048280e-02  1.71041398e-02  4.39990320e-05  1.71041398e-02  1.99990910e+00 
 1.71141398e-02  4.99994435e-08  1.71141398e-02  2.69138744e-02  1.71141398e-02  4.39990320e-05  1.71141398e-02  1.99990910e+00 
 1.71241398e-02  4.99994441e-08  1.71241398e-02  2.69228903e-02  1.71241398e-02  4.39990320e-05  1.71241398e-02  1.99990910e+00 
 1.71341398e-02  4.99994432e-08  1.71341398e-02  2.69318758e-02  1.71341398e-02  4.39990320e-05  1.71341398e-02  1.99990910e+00 
 1.71441398e-02  4.99994443e-08  1.71441398e-02  2.69408309e-02  1.71441398e-02  4.39990320e-05  1.71441398e-02  1.99990910e+00 
 1.71541398e-02  4.99994426e-08  1.71541398e-02  2.69497559e-02  1.71541398e-02  4.39990320e-05  1.71541398e-02  1.99990910e+00 
 1.71641398e-02  4.99994427e-08  1.71641398e-02  2.69586507e-02  1.71641398e-02  4.39990320e-05  1.71641398e-02  1.99990910e+00 
 1.71741398e-02  4.99994444e-08  1.71741398e-02  2.69675155e-02  1.71741398e-02  4.39990320e-05  1.71741398e-02  1.99990910e+00 
 1.71841398e-02  4.99994441e-08  1.71841398e-02  2.69763504e-02  1.71841398e-02  4.39990320e-05  1.71841398e-02  1.99990910e+00 
 1.71941398e-02  4.99994440e-08  1.71941398e-02  2.69851555e-02  1.71941398e-02  4.39990320e-05  1.71941398e-02  1.99990910e+00 
 1.72041398e-02  4.99994429e-08  1.72041398e-02  2.69939308e-02  1.72041398e-02  4.39990320e-05  1.72041398e-02  1.99990910e+00 
 1.72141398e-02  4.99994436e-08  1.72141398e-02  2.70026766e-02  1.72141398e-02  4.39990320e-05  1.72141398e-02  1.99990910e+00 
 1.72241398e-02  4.99994442e-08  1.72241398e-02  2.70113928e-02  1.72241398e-02  4.39990320e-05  1.72241398e-02  1.99990910e+00 
 1.72341398e-02  4.99994425e-08  1.72341398e-02  2.70200797e-02  1.72341398e-02  4.39990320e-05  1.72341398e-02  1.99990910e+00 
 1.72441398e-02  4.99994434e-08  1.72441398e-02  2.70287372e-02  1.72441398e-02  4.39990320e-05  1.72441398e-02  1.99990910e+00 
 1.72541398e-02  4.99994430e-08  1.72541398e-02  2.70373655e-02  1.72541398e-02  4.39990320e-05  1.72541398e-02  1.99990910e+00 
 1.72641398e-02  4.99994442e-08  1.72641398e-02  2.70459647e-02  1.72641398e-02  4.39990320e-05  1.72641398e-02  1.99990910e+00 
 1.72741398e-02  4.99994445e-08  1.72741398e-02  2.70545349e-02  1.72741398e-02  4.39990320e-05  1.72741398e-02  1.99990910e+00 
 1.72841398e-02  4.99994438e-08  1.72841398e-02  2.70630761e-02  1.72841398e-02  4.39990320e-05  1.72841398e-02  1.99990910e+00 
 1.72941398e-02  4.99994439e-08  1.72941398e-02  2.70715886e-02  1.72941398e-02  4.39990320e-05  1.72941398e-02  1.99990910e+00 
 1.73041398e-02  4.99994434e-08  1.73041398e-02  2.70800723e-02  1.73041398e-02  4.39990320e-05  1.73041398e-02  1.99990910e+00 
 1.73141398e-02  4.99994438e-08  1.73141398e-02  2.70885274e-02  1.73141398e-02  4.39990320e-05  1.73141398e-02  1.99990910e+00 
 1.73241398e-02  4.99994436e-08  1.73241398e-02  2.70969540e-02  1.73241398e-02  4.39990320e-05  1.73241398e-02  1.99990910e+00 
 1.73341398e-02  4.99994439e-08  1.73341398e-02  2.71053521e-02  1.73341398e-02  4.39990320e-05  1.73341398e-02  1.99990910e+00 
 1.73441398e-02  4.99994433e-08  1.73441398e-02  2.71137219e-02  1.73441398e-02  4.39990320e-05  1.73441398e-02  1.99990910e+00 
 1.73541398e-02  4.99994435e-08  1.73541398e-02  2.71220634e-02  1.73541398e-02  4.39990320e-05  1.73541398e-02  1.99990910e+00 
 1.73641398e-02  4.99994435e-08  1.73641398e-02  2.71303768e-02  1.73641398e-02  4.39990320e-05  1.73641398e-02  1.99990910e+00 
 1.73741398e-02  4.99994443e-08  1.73741398e-02  2.71386622e-02  1.73741398e-02  4.39990320e-05  1.73741398e-02  1.99990910e+00 
 1.73841398e-02  4.99994435e-08  1.73841398e-02  2.71469195e-02  1.73841398e-02  4.39990320e-05  1.73841398e-02  1.99990910e+00 
 1.73941398e-02  4.99994441e-08  1.73941398e-02  2.71551491e-02  1.73941398e-02  4.39990320e-05  1.73941398e-02  1.99990910e+00 
 1.74041398e-02  4.99994441e-08  1.74041398e-02  2.71633508e-02  1.74041398e-02  4.39990320e-05  1.74041398e-02  1.99990910e+00 
 1.74141398e-02  4.99994440e-08  1.74141398e-02  2.71715249e-02  1.74141398e-02  4.39990320e-05  1.74141398e-02  1.99990910e+00 
 1.74241398e-02  4.99994426e-08  1.74241398e-02  2.71796714e-02  1.74241398e-02  4.39990320e-05  1.74241398e-02  1.99990910e+00 
 1.74341398e-02  4.99994442e-08  1.74341398e-02  2.71877904e-02  1.74341398e-02  4.39990320e-05  1.74341398e-02  1.99990910e+00 
 1.74441398e-02  4.99994436e-08  1.74441398e-02  2.71958820e-02  1.74441398e-02  4.39990320e-05  1.74441398e-02  1.99990910e+00 
 1.74541398e-02  4.99994433e-08  1.74541398e-02  2.72039464e-02  1.74541398e-02  4.39990320e-05  1.74541398e-02  1.99990910e+00 
 1.74641398e-02  4.99994431e-08  1.74641398e-02  2.72119835e-02  1.74641398e-02  4.39990320e-05  1.74641398e-02  1.99990910e+00 
 1.74741398e-02  4.99994425e-08  1.74741398e-02  2.72199934e-02  1.74741398e-02  4.39990320e-05  1.74741398e-02  1.99990910e+00 
 1.74841398e-02  4.99994441e-08  1.74841398e-02  2.72279764e-02  1.74841398e-02  4.39990320e-05  1.74841398e-02  1.99990910e+00 
 1.74941398e-02  4.99994428e-08  1.74941398e-02  2.72359324e-02  1.74941398e-02  4.39990320e-05  1.74941398e-02  1.99990910e+00 
 1.75041398e-02  4.99994427e-08  1.75041398e-02  2.72438616e-02  1.75041398e-02  4.39990320e-05  1.75041398e-02  1.99990910e+00 
 1.75141398e-02  4.99994438e-08  1.75141398e-02  2.72517640e-02  1.75141398e-02  4.39990320e-05  1.75141398e-02  1.99990910e+00 
 1.75241398e-02  4.99994438e-08  1.75241398e-02  2.72596398e-02  1.75241398e-02  4.39990320e-05  1.75241398e-02  1.99990910e+00 
 1.75341398e-02  4.99994435e-08  1.75341398e-02  2.72674889e-02  1.75341398e-02  4.39990320e-05  1.75341398e-02  1.99990910e+00 
 1.75441398e-02  4.99994425e-08  1.75441398e-02  2.72753116e-02  1.75441398e-02  4.39990320e-05  1.75441398e-02  1.99990910e+00 
 1.75541398e-02  4.99994437e-08  1.75541398e-02  2.72831079e-02  1.75541398e-02  4.39990320e-05  1.75541398e-02  1.99990910e+00 
 1.75641398e-02  4.99994427e-08  1.75641398e-02  2.72908779e-02  1.75641398e-02  4.39990320e-05  1.75641398e-02  1.99990910e+00 
 1.75741398e-02  4.99994432e-08  1.75741398e-02  2.72986217e-02  1.75741398e-02  4.39990320e-05  1.75741398e-02  1.99990910e+00 
 1.75841398e-02  4.99994444e-08  1.75841398e-02  2.73063393e-02  1.75841398e-02  4.39990320e-05  1.75841398e-02  1.99990910e+00 
 1.75941398e-02  4.99994432e-08  1.75941398e-02  2.73140309e-02  1.75941398e-02  4.39990320e-05  1.75941398e-02  1.99990910e+00 
 1.76041398e-02  4.99994435e-08  1.76041398e-02  2.73216965e-02  1.76041398e-02  4.39990320e-05  1.76041398e-02  1.99990910e+00 
 1.76141398e-02  4.99994441e-08  1.76141398e-02  2.73293363e-02  1.76141398e-02  4.39990320e-05  1.76141398e-02  1.99990910e+00 
 1.76241398e-02  4.99994429e-08  1.76241398e-02  2.73369503e-02  1.76241398e-02  4.39990320e-05  1.76241398e-02  1.99990910e+00 
 1.76341398e-02  4.99994438e-08  1.76341398e-02  2.73445386e-02  1.76341398e-02  4.39990320e-05  1.76341398e-02  1.99990910e+00 
 1.76441398e-02  4.99994427e-08  1.76441398e-02  2.73521013e-02  1.76441398e-02  4.39990320e-05  1.76441398e-02  1.99990910e+00 
 1.76541398e-02  4.99994435e-08  1.76541398e-02  2.73596385e-02  1.76541398e-02  4.39990320e-05  1.76541398e-02  1.99990910e+00 
 1.76641398e-02  4.99994445e-08  1.76641398e-02  2.73671502e-02  1.76641398e-02  4.39990320e-05  1.76641398e-02  1.99990910e+00 
 1.76741398e-02  4.99994429e-08  1.76741398e-02  2.73746366e-02  1.76741398e-02  4.39990320e-05  1.76741398e-02  1.99990910e+00 
 1.76841398e-02  4.99994431e-08  1.76841398e-02  2.73820978e-02  1.76841398e-02  4.39990320e-05  1.76841398e-02  1.99990910e+00 
 1.76941398e-02  4.99994444e-08  1.76941398e-02  2.73895337e-02  1.76941398e-02  4.39990320e-05  1.76941398e-02  1.99990910e+00 
 1.77041398e-02  4.99994436e-08  1.77041398e-02  2.73969446e-02  1.77041398e-02  4.39990320e-05  1.77041398e-02  1.99990910e+00 
 1.77141398e-02  4.99994437e-08  1.77141398e-02  2.74043305e-02  1.77141398e-02  4.39990320e-05  1.77141398e-02  1.99990910e+00 
 1.77241398e-02  4.99994436e-08  1.77241398e-02  2.74116914e-02  1.77241398e-02  4.39990320e-05  1.77241398e-02  1.99990910e+00 
 1.77341398e-02  4.99994444e-08  1.77341398e-02  2.74190275e-02  1.77341398e-02  4.39990320e-05  1.77341398e-02  1.99990910e+00 
 1.77441398e-02  4.99994436e-08  1.77441398e-02  2.74263389e-02  1.77441398e-02  4.39990320e-05  1.77441398e-02  1.99990910e+00 
 1.77541398e-02  4.99994440e-08  1.77541398e-02  2.74336256e-02  1.77541398e-02  4.39990320e-05  1.77541398e-02  1.99990910e+00 
 1.77641398e-02  4.99994440e-08  1.77641398e-02  2.74408877e-02  1.77641398e-02  4.39990320e-05  1.77641398e-02  1.99990910e+00 
 1.77741398e-02  4.99994441e-08  1.77741398e-02  2.74481253e-02  1.77741398e-02  4.39990320e-05  1.77741398e-02  1.99990910e+00 
 1.77841398e-02  4.99994428e-08  1.77841398e-02  2.74553384e-02  1.77841398e-02  4.39990320e-05  1.77841398e-02  1.99990910e+00 
 1.77941398e-02  4.99994441e-08  1.77941398e-02  2.74625272e-02  1.77941398e-02  4.39990320e-05  1.77941398e-02  1.99990910e+00 
 1.78041398e-02  4.99994432e-08  1.78041398e-02  2.74696918e-02  1.78041398e-02  4.39990320e-05  1.78041398e-02  1.99990910e+00 
 1.78141398e-02  4.99994432e-08  1.78141398e-02  2.74768322e-02  1.78141398e-02  4.39990320e-05  1.78141398e-02  1.99990910e+00 
 1.78241398e-02  4.99994436e-08  1.78241398e-02  2.74839485e-02  1.78241398e-02  4.39990320e-05  1.78241398e-02  1.99990910e+00 
 1.78341398e-02  4.99994428e-08  1.78341398e-02  2.74910408e-02  1.78341398e-02  4.39990320e-05  1.78341398e-02  1.99990910e+00 
 1.78441398e-02  4.99994434e-08  1.78441398e-02  2.74981092e-02  1.78441398e-02  4.39990320e-05  1.78441398e-02  1.99990910e+00 
 1.78541398e-02  4.99994440e-08  1.78541398e-02  2.75051537e-02  1.78541398e-02  4.39990320e-05  1.78541398e-02  1.99990910e+00 
 1.78641398e-02  4.99994425e-08  1.78641398e-02  2.75121744e-02  1.78641398e-02  4.39990320e-05  1.78641398e-02  1.99990910e+00 
 1.78741398e-02  4.99994437e-08  1.78741398e-02  2.75191714e-02  1.78741398e-02  4.39990320e-05  1.78741398e-02  1.99990910e+00 
 1.78841398e-02  4.99994431e-08  1.78841398e-02  2.75261449e-02  1.78841398e-02  4.39990320e-05  1.78841398e-02  1.99990910e+00 
 1.78941398e-02  4.99994438e-08  1.78941398e-02  2.75330948e-02  1.78941398e-02  4.39990320e-05  1.78941398e-02  1.99990910e+00 
 1.79041398e-02  4.99994441e-08  1.79041398e-02  2.75400212e-02  1.79041398e-02  4.39990320e-05  1.79041398e-02  1.99990910e+00 
 1.79141398e-02  4.99994442e-08  1.79141398e-02  2.75469243e-02  1.79141398e-02  4.39990320e-05  1.79141398e-02  1.99990910e+00 
 1.79241398e-02  4.99994427e-08  1.79241398e-02  2.75538041e-02  1.79241398e-02  4.39990320e-05  1.79241398e-02  1.99990910e+00 
 1.79341398e-02  4.99994439e-08  1.79341398e-02  2.75606607e-02  1.79341398e-02  4.39990320e-05  1.79341398e-02  1.99990910e+00 
 1.79441398e-02  4.99994432e-08  1.79441398e-02  2.75674941e-02  1.79441398e-02  4.39990320e-05  1.79441398e-02  1.99990910e+00 
 1.79541398e-02  4.99994436e-08  1.79541398e-02  2.75743045e-02  1.79541398e-02  4.39990320e-05  1.79541398e-02  1.99990910e+00 
 1.79641398e-02  4.99994438e-08  1.79641398e-02  2.75810919e-02  1.79641398e-02  4.39990320e-05  1.79641398e-02  1.99990910e+00 
 1.79741398e-02  4.99994444e-08  1.79741398e-02  2.75878564e-02  1.79741398e-02  4.39990320e-05  1.79741398e-02  1.99990910e+00 
 1.79841398e-02  4.99994432e-08  1.79841398e-02  2.75945981e-02  1.79841398e-02  4.39990320e-05  1.79841398e-02  1.99990910e+00 
 1.79941398e-02  4.99994438e-08  1.79941398e-02  2.76013170e-02  1.79941398e-02  4.39990320e-05  1.79941398e-02  1.99990910e+00 
 1.80041398e-02  4.99994445e-08  1.80041398e-02  2.76080132e-02  1.80041398e-02  4.39990320e-05  1.80041398e-02  1.99990910e+00 
 1.80141398e-02  4.99994426e-08  1.80141398e-02  2.76146869e-02  1.80141398e-02  4.39990320e-05  1.80141398e-02  1.99990910e+00 
 1.80241398e-02  4.99994431e-08  1.80241398e-02  2.76213380e-02  1.80241398e-02  4.39990320e-05  1.80241398e-02  1.99990910e+00 
 1.80341398e-02  4.99994428e-08  1.80341398e-02  2.76279667e-02  1.80341398e-02  4.39990320e-05  1.80341398e-02  1.99990910e+00 
 1.80441398e-02  4.99994436e-08  1.80441398e-02  2.76345730e-02  1.80441398e-02  4.39990320e-05  1.80441398e-02  1.99990910e+00 
 1.80541398e-02  4.99994437e-08  1.80541398e-02  2.76411571e-02  1.80541398e-02  4.39990320e-05  1.80541398e-02  1.99990910e+00 
 1.80641398e-02  4.99994442e-08  1.80641398e-02  2.76477189e-02  1.80641398e-02  4.39990320e-05  1.80641398e-02  1.99990910e+00 
 1.80741398e-02  4.99994430e-08  1.80741398e-02  2.76542586e-02  1.80741398e-02  4.39990320e-05  1.80741398e-02  1.99990910e+00 
 1.80841398e-02  4.99994441e-08  1.80841398e-02  2.76607762e-02  1.80841398e-02  4.39990320e-05  1.80841398e-02  1.99990910e+00 
 1.80941398e-02  4.99994428e-08  1.80941398e-02  2.76672718e-02  1.80941398e-02  4.39990320e-05  1.80941398e-02  1.99990910e+00 
 1.81041398e-02  4.99994430e-08  1.81041398e-02  2.76737455e-02  1.81041398e-02  4.39990320e-05  1.81041398e-02  1.99990910e+00 
 1.81141398e-02  4.99994442e-08  1.81141398e-02  2.76801974e-02  1.81141398e-02  4.39990320e-05  1.81141398e-02  1.99990910e+00 
 1.81241398e-02  4.99994435e-08  1.81241398e-02  2.76866274e-02  1.81241398e-02  4.39990320e-05  1.81241398e-02  1.99990910e+00 
 1.81341398e-02  4.99994438e-08  1.81341398e-02  2.76930358e-02  1.81341398e-02  4.39990320e-05  1.81341398e-02  1.99990910e+00 
 1.81441398e-02  4.99994439e-08  1.81441398e-02  2.76994226e-02  1.81441398e-02  4.39990320e-05  1.81441398e-02  1.99990910e+00 
 1.81541398e-02  4.99994443e-08  1.81541398e-02  2.77057878e-02  1.81541398e-02  4.39990320e-05  1.81541398e-02  1.99990910e+00 
 1.81641398e-02  4.99994431e-08  1.81641398e-02  2.77121315e-02  1.81641398e-02  4.39990320e-05  1.81641398e-02  1.99990910e+00 
 1.81741398e-02  4.99994440e-08  1.81741398e-02  2.77184539e-02  1.81741398e-02  4.39990320e-05  1.81741398e-02  1.99990910e+00 
 1.81841398e-02  4.99994427e-08  1.81841398e-02  2.77247549e-02  1.81841398e-02  4.39990320e-05  1.81841398e-02  1.99990910e+00 
 1.81941398e-02  4.99994431e-08  1.81941398e-02  2.77310346e-02  1.81941398e-02  4.39990320e-05  1.81941398e-02  1.99990910e+00 
 1.82041398e-02  4.99994444e-08  1.82041398e-02  2.77372931e-02  1.82041398e-02  4.39990320e-05  1.82041398e-02  1.99990910e+00 
 1.82141398e-02  4.99994435e-08  1.82141398e-02  2.77435306e-02  1.82141398e-02  4.39990320e-05  1.82141398e-02  1.99990910e+00 
 1.82241398e-02  4.99994436e-08  1.82241398e-02  2.77497469e-02  1.82241398e-02  4.39990320e-05  1.82241398e-02  1.99990910e+00 
 1.82341398e-02  4.99994437e-08  1.82341398e-02  2.77559423e-02  1.82341398e-02  4.39990320e-05  1.82341398e-02  1.99990910e+00 
 1.82441398e-02  4.99994425e-08  1.82441398e-02  2.77621168e-02  1.82441398e-02  4.39990320e-05  1.82441398e-02  1.99990910e+00 
 1.82541398e-02  4.99994442e-08  1.82541398e-02  2.77682705e-02  1.82541398e-02  4.39990320e-05  1.82541398e-02  1.99990910e+00 
 1.82641398e-02  4.99994435e-08  1.82641398e-02  2.77744034e-02  1.82641398e-02  4.39990320e-05  1.82641398e-02  1.99990910e+00 
 1.82741398e-02  4.99994432e-08  1.82741398e-02  2.77805156e-02  1.82741398e-02  4.39990320e-05  1.82741398e-02  1.99990910e+00 
 1.82841398e-02  4.99994431e-08  1.82841398e-02  2.77866072e-02  1.82841398e-02  4.39990320e-05  1.82841398e-02  1.99990910e+00 
 1.82941398e-02  4.99994426e-08  1.82941398e-02  2.77926782e-02  1.82941398e-02  4.39990320e-05  1.82941398e-02  1.99990910e+00 
 1.83041398e-02  4.99994441e-08  1.83041398e-02  2.77987288e-02  1.83041398e-02  4.39990320e-05  1.83041398e-02  1.99990910e+00 
 1.83141398e-02  4.99994446e-08  1.83141398e-02  2.78047589e-02  1.83141398e-02  4.39990320e-05  1.83141398e-02  1.99990910e+00 
 1.83241398e-02  4.99994439e-08  1.83241398e-02  2.78107687e-02  1.83241398e-02  4.39990320e-05  1.83241398e-02  1.99990910e+00 
 1.83341398e-02  4.99994437e-08  1.83341398e-02  2.78167581e-02  1.83341398e-02  4.39990320e-05  1.83341398e-02  1.99990910e+00 
 1.83441398e-02  4.99994430e-08  1.83441398e-02  2.78227274e-02  1.83441398e-02  4.39990320e-05  1.83441398e-02  1.99990910e+00 
 1.83541398e-02  4.99994440e-08  1.83541398e-02  2.78286766e-02  1.83541398e-02  4.39990320e-05  1.83541398e-02  1.99990910e+00 
 1.83641398e-02  4.99994443e-08  1.83641398e-02  2.78346056e-02  1.83641398e-02  4.39990320e-05  1.83641398e-02  1.99990910e+00 
 1.83741398e-02  4.99994440e-08  1.83741398e-02  2.78405147e-02  1.83741398e-02  4.39990320e-05  1.83741398e-02  1.99990910e+00 
 1.83841398e-02  4.99994443e-08  1.83841398e-02  2.78464038e-02  1.83841398e-02  4.39990320e-05  1.83841398e-02  1.99990910e+00 
 1.83941398e-02  4.99994433e-08  1.83941398e-02  2.78522731e-02  1.83941398e-02  4.39990320e-05  1.83941398e-02  1.99990910e+00 
 1.84041398e-02  4.99994442e-08  1.84041398e-02  2.78581225e-02  1.84041398e-02  4.39990320e-05  1.84041398e-02  1.99990910e+00 
 1.84141398e-02  4.99994425e-08  1.84141398e-02  2.78639522e-02  1.84141398e-02  4.39990320e-05  1.84141398e-02  1.99990910e+00 
 1.84241398e-02  4.99994428e-08  1.84241398e-02  2.78697623e-02  1.84241398e-02  4.39990320e-05  1.84241398e-02  1.99990910e+00 
 1.84341398e-02  4.99994445e-08  1.84341398e-02  2.78755527e-02  1.84341398e-02  4.39990320e-05  1.84341398e-02  1.99990910e+00 
 1.84441398e-02  4.99994440e-08  1.84441398e-02  2.78813236e-02  1.84441398e-02  4.39990320e-05  1.84441398e-02  1.99990910e+00 
 1.84541398e-02  4.99994436e-08  1.84541398e-02  2.78870750e-02  1.84541398e-02  4.39990320e-05  1.84541398e-02  1.99990910e+00 
 1.84641398e-02  4.99994430e-08  1.84641398e-02  2.78928071e-02  1.84641398e-02  4.39990320e-05  1.84641398e-02  1.99990910e+00 
 1.84741398e-02  4.99994441e-08  1.84741398e-02  2.78985197e-02  1.84741398e-02  4.39990320e-05  1.84741398e-02  1.99990910e+00 
 1.84841398e-02  4.99994444e-08  1.84841398e-02  2.79042131e-02  1.84841398e-02  4.39990320e-05  1.84841398e-02  1.99990910e+00 
 1.84941398e-02  4.99994438e-08  1.84941398e-02  2.79098873e-02  1.84941398e-02  4.39990320e-05  1.84941398e-02  1.99990910e+00 
 1.85041398e-02  4.99994441e-08  1.85041398e-02  2.79155423e-02  1.85041398e-02  4.39990320e-05  1.85041398e-02  1.99990910e+00 
 1.85141398e-02  4.99994434e-08  1.85141398e-02  2.79211783e-02  1.85141398e-02  4.39990320e-05  1.85141398e-02  1.99990910e+00 
 1.85241398e-02  4.99994435e-08  1.85241398e-02  2.79267952e-02  1.85241398e-02  4.39990320e-05  1.85241398e-02  1.99990910e+00 
 1.85341398e-02  4.99994434e-08  1.85341398e-02  2.79323932e-02  1.85341398e-02  4.39990320e-05  1.85341398e-02  1.99990910e+00 
 1.85441398e-02  4.99994443e-08  1.85441398e-02  2.79379723e-02  1.85441398e-02  4.39990320e-05  1.85441398e-02  1.99990910e+00 
 1.85541398e-02  4.99994437e-08  1.85541398e-02  2.79435326e-02  1.85541398e-02  4.39990320e-05  1.85541398e-02  1.99990910e+00 
 1.85641398e-02  4.99994443e-08  1.85641398e-02  2.79490741e-02  1.85641398e-02  4.39990320e-05  1.85641398e-02  1.99990910e+00 
 1.85741398e-02  4.99994439e-08  1.85741398e-02  2.79545969e-02  1.85741398e-02  4.39990320e-05  1.85741398e-02  1.99990910e+00 
 1.85841398e-02  4.99994437e-08  1.85841398e-02  2.79601011e-02  1.85841398e-02  4.39990320e-05  1.85841398e-02  1.99990910e+00 
 1.85941398e-02  4.99994427e-08  1.85941398e-02  2.79655867e-02  1.85941398e-02  4.39990320e-05  1.85941398e-02  1.99990910e+00 
 1.86041398e-02  4.99994437e-08  1.86041398e-02  2.79710538e-02  1.86041398e-02  4.39990320e-05  1.86041398e-02  1.99990910e+00 
 1.86141398e-02  4.99994446e-08  1.86141398e-02  2.79765024e-02  1.86141398e-02  4.39990320e-05  1.86141398e-02  1.99990910e+00 
 1.86241398e-02  4.99994446e-08  1.86241398e-02  2.79819327e-02  1.86241398e-02  4.39990320e-05  1.86241398e-02  1.99990910e+00 
 1.86341398e-02  4.99994441e-08  1.86341398e-02  2.79873446e-02  1.86341398e-02  4.39990320e-05  1.86341398e-02  1.99990910e+00 
 1.86441398e-02  4.99994444e-08  1.86441398e-02  2.79927383e-02  1.86441398e-02  4.39990320e-05  1.86441398e-02  1.99990910e+00 
 1.86541398e-02  4.99994433e-08  1.86541398e-02  2.79981138e-02  1.86541398e-02  4.39990320e-05  1.86541398e-02  1.99990910e+00 
 1.86641398e-02  4.99994442e-08  1.86641398e-02  2.80034711e-02  1.86641398e-02  4.39990320e-05  1.86641398e-02  1.99990910e+00 
 1.86741398e-02  4.99994446e-08  1.86741398e-02  2.80088104e-02  1.86741398e-02  4.39990320e-05  1.86741398e-02  1.99990910e+00 
 1.86841398e-02  4.99994442e-08  1.86841398e-02  2.80141316e-02  1.86841398e-02  4.39990320e-05  1.86841398e-02  1.99990910e+00 
 1.86941398e-02  4.99994440e-08  1.86941398e-02  2.80194349e-02  1.86941398e-02  4.39990320e-05  1.86941398e-02  1.99990910e+00 
 1.87041398e-02  4.99994429e-08  1.87041398e-02  2.80247203e-02  1.87041398e-02  4.39990320e-05  1.87041398e-02  1.99990910e+00 
 1.87141398e-02  4.99994434e-08  1.87141398e-02  2.80299879e-02  1.87141398e-02  4.39990320e-05  1.87141398e-02  1.99990910e+00 
 1.87241398e-02  4.99994442e-08  1.87241398e-02  2.80352376e-02  1.87241398e-02  4.39990320e-05  1.87241398e-02  1.99990910e+00 
 1.87341398e-02  4.99994427e-08  1.87341398e-02  2.80404697e-02  1.87341398e-02  4.39990320e-05  1.87341398e-02  1.99990910e+00 
 1.87441398e-02  4.99994434e-08  1.87441398e-02  2.80456841e-02  1.87441398e-02  4.39990320e-05  1.87441398e-02  1.99990910e+00 
 1.87541398e-02  4.99994427e-08  1.87541398e-02  2.80508810e-02  1.87541398e-02  4.39990320e-05  1.87541398e-02  1.99990910e+00 
 1.87641398e-02  4.99994440e-08  1.87641398e-02  2.80560602e-02  1.87641398e-02  4.39990320e-05  1.87641398e-02  1.99990910e+00 
 1.87741398e-02  4.99994427e-08  1.87741398e-02  2.80612220e-02  1.87741398e-02  4.39990320e-05  1.87741398e-02  1.99990910e+00 
 1.87841398e-02  4.99994429e-08  1.87841398e-02  2.80663664e-02  1.87841398e-02  4.39990320e-05  1.87841398e-02  1.99990910e+00 
 1.87941398e-02  4.99994442e-08  1.87941398e-02  2.80714935e-02  1.87941398e-02  4.39990320e-05  1.87941398e-02  1.99990910e+00 
 1.88041398e-02  4.99994436e-08  1.88041398e-02  2.80766032e-02  1.88041398e-02  4.39990320e-05  1.88041398e-02  1.99990910e+00 
 1.88141398e-02  4.99994440e-08  1.88141398e-02  2.80816957e-02  1.88141398e-02  4.39990320e-05  1.88141398e-02  1.99990910e+00 
 1.88241398e-02  4.99994438e-08  1.88241398e-02  2.80867710e-02  1.88241398e-02  4.39990320e-05  1.88241398e-02  1.99990910e+00 
 1.88341398e-02  4.99994440e-08  1.88341398e-02  2.80918292e-02  1.88341398e-02  4.39990320e-05  1.88341398e-02  1.99990910e+00 
 1.88441398e-02  4.99994431e-08  1.88441398e-02  2.80968703e-02  1.88441398e-02  4.39990320e-05  1.88441398e-02  1.99990910e+00 
 1.88541398e-02  4.99994434e-08  1.88541398e-02  2.81018944e-02  1.88541398e-02  4.39990320e-05  1.88541398e-02  1.99990910e+00 
 1.88641398e-02  4.99994438e-08  1.88641398e-02  2.81069015e-02  1.88641398e-02  4.39990320e-05  1.88641398e-02  1.99990910e+00 
 1.88741398e-02  4.99994426e-08  1.88741398e-02  2.81118918e-02  1.88741398e-02  4.39990320e-05  1.88741398e-02  1.99990910e+00 
 1.88841398e-02  4.99994440e-08  1.88841398e-02  2.81168652e-02  1.88841398e-02  4.39990320e-05  1.88841398e-02  1.99990910e+00 
 1.88941398e-02  4.99994432e-08  1.88941398e-02  2.81218218e-02  1.88941398e-02  4.39990320e-05  1.88941398e-02  1.99990910e+00 
 1.89041398e-02  4.99994433e-08  1.89041398e-02  2.81267617e-02  1.89041398e-02  4.39990320e-05  1.89041398e-02  1.99990910e+00 
 1.89141398e-02  4.99994437e-08  1.89141398e-02  2.81316850e-02  1.89141398e-02  4.39990320e-05  1.89141398e-02  1.99990910e+00 
 1.89241398e-02  4.99994427e-08  1.89241398e-02  2.81365916e-02  1.89241398e-02  4.39990320e-05  1.89241398e-02  1.99990910e+00 
 1.89341398e-02  4.99994443e-08  1.89341398e-02  2.81414817e-02  1.89341398e-02  4.39990320e-05  1.89341398e-02  1.99990910e+00 
 1.89441398e-02  4.99994432e-08  1.89441398e-02  2.81463552e-02  1.89441398e-02  4.39990320e-05  1.89441398e-02  1.99990910e+00 
 1.89541398e-02  4.99994429e-08  1.89541398e-02  2.81512124e-02  1.89541398e-02  4.39990320e-05  1.89541398e-02  1.99990910e+00 
 1.89641398e-02  4.99994434e-08  1.89641398e-02  2.81560531e-02  1.89641398e-02  4.39990320e-05  1.89641398e-02  1.99990910e+00 
 1.89741398e-02  4.99994432e-08  1.89741398e-02  2.81608775e-02  1.89741398e-02  4.39990320e-05  1.89741398e-02  1.99990910e+00 
 1.89841398e-02  4.99994440e-08  1.89841398e-02  2.81656856e-02  1.89841398e-02  4.39990320e-05  1.89841398e-02  1.99990910e+00 
 1.89941398e-02  4.99994436e-08  1.89941398e-02  2.81704775e-02  1.89941398e-02  4.39990320e-05  1.89941398e-02  1.99990910e+00 
 1.90041398e-02  4.99994436e-08  1.90041398e-02  2.81752533e-02  1.90041398e-02  4.39990320e-05  1.90041398e-02  1.99990910e+00 
 1.90141398e-02  4.99994430e-08  1.90141398e-02  2.81800129e-02  1.90141398e-02  4.39990320e-05  1.90141398e-02  1.99990910e+00 
 1.90241398e-02  4.99994439e-08  1.90241398e-02  2.81847564e-02  1.90241398e-02  4.39990320e-05  1.90241398e-02  1.99990910e+00 
 1.90341398e-02  4.99994441e-08  1.90341398e-02  2.81894840e-02  1.90341398e-02  4.39990320e-05  1.90341398e-02  1.99990910e+00 
 1.90441398e-02  4.99994441e-08  1.90441398e-02  2.81941956e-02  1.90441398e-02  4.39990320e-05  1.90441398e-02  1.99990910e+00 
 1.90541398e-02  4.99994425e-08  1.90541398e-02  2.81988913e-02  1.90541398e-02  4.39990320e-05  1.90541398e-02  1.99990910e+00 
 1.90641398e-02  4.99994439e-08  1.90641398e-02  2.82035711e-02  1.90641398e-02  4.39990320e-05  1.90641398e-02  1.99990910e+00 
 1.90741398e-02  4.99994436e-08  1.90741398e-02  2.82082352e-02  1.90741398e-02  4.39990320e-05  1.90741398e-02  1.99990910e+00 
 1.90841398e-02  4.99994437e-08  1.90841398e-02  2.82128835e-02  1.90841398e-02  4.39990320e-05  1.90841398e-02  1.99990910e+00 
 1.90941398e-02  4.99994433e-08  1.90941398e-02  2.82175161e-02  1.90941398e-02  4.39990320e-05  1.90941398e-02  1.99990910e+00 
 1.91041398e-02  4.99994440e-08  1.91041398e-02  2.82221331e-02  1.91041398e-02  4.39990320e-05  1.91041398e-02  1.99990910e+00 
 1.91141398e-02  4.99994438e-08  1.91141398e-02  2.82267346e-02  1.91141398e-02  4.39990320e-05  1.91141398e-02  1.99990910e+00 
 1.91241398e-02  4.99994437e-08  1.91241398e-02  2.82313205e-02  1.91241398e-02  4.39990320e-05  1.91241398e-02  1.99990910e+00 
 1.91341398e-02  4.99994429e-08  1.91341398e-02  2.82358909e-02  1.91341398e-02  4.39990320e-05  1.91341398e-02  1.99990910e+00 
 1.91441398e-02  4.99994437e-08  1.91441398e-02  2.82404459e-02  1.91441398e-02  4.39990320e-05  1.91441398e-02  1.99990910e+00 
 1.91541398e-02  4.99994442e-08  1.91541398e-02  2.82449855e-02  1.91541398e-02  4.39990320e-05  1.91541398e-02  1.99990910e+00 
 1.91641398e-02  4.99994444e-08  1.91641398e-02  2.82495098e-02  1.91641398e-02  4.39990320e-05  1.91641398e-02  1.99990910e+00 
 1.91741398e-02  4.99994425e-08  1.91741398e-02  2.82540189e-02  1.91741398e-02  4.39990320e-05  1.91741398e-02  1.99990910e+00 
 1.91841398e-02  4.99994434e-08  1.91841398e-02  2.82585127e-02  1.91841398e-02  4.39990320e-05  1.91841398e-02  1.99990910e+00 
 1.91941398e-02  4.99994433e-08  1.91941398e-02  2.82629914e-02  1.91941398e-02  4.39990320e-05  1.91941398e-02  1.99990910e+00 
 1.92041398e-02  4.99994444e-08  1.92041398e-02  2.82674550e-02  1.92041398e-02  4.39990320e-05  1.92041398e-02  1.99990910e+00 
 1.92141398e-02  4.99994442e-08  1.92141398e-02  2.82719035e-02  1.92141398e-02  4.39990320e-05  1.92141398e-02  1.99990910e+00 
 1.92241398e-02  4.99994445e-08  1.92241398e-02  2.82763369e-02  1.92241398e-02  4.39990320e-05  1.92241398e-02  1.99990910e+00 
 1.92341398e-02  4.99994434e-08  1.92341398e-02  2.82807555e-02  1.92341398e-02  4.39990320e-05  1.92341398e-02  1.99990910e+00 
 1.92441398e-02  4.99994442e-08  1.92441398e-02  2.82851591e-02  1.92441398e-02  4.39990320e-05  1.92441398e-02  1.99990910e+00 
 1.92541398e-02  4.99994446e-08  1.92541398e-02  2.82895478e-02  1.92541398e-02  4.39990320e-05  1.92541398e-02  1.99990910e+00 
 1.92641398e-02  4.99994442e-08  1.92641398e-02  2.82939218e-02  1.92641398e-02  4.39990320e-05  1.92641398e-02  1.99990910e+00 
 1.92741398e-02  4.99994441e-08  1.92741398e-02  2.82982810e-02  1.92741398e-02  4.39990320e-05  1.92741398e-02  1.99990910e+00 
 1.92841398e-02  4.99994429e-08  1.92841398e-02  2.83026255e-02  1.92841398e-02  4.39990320e-05  1.92841398e-02  1.99990910e+00 
 1.92941398e-02  4.99994443e-08  1.92941398e-02  2.83069553e-02  1.92941398e-02  4.39990320e-05  1.92941398e-02  1.99990910e+00 
 1.93041398e-02  4.99994432e-08  1.93041398e-02  2.83112705e-02  1.93041398e-02  4.39990320e-05  1.93041398e-02  1.99990910e+00 
 1.93141398e-02  4.99994430e-08  1.93141398e-02  2.83155711e-02  1.93141398e-02  4.39990320e-05  1.93141398e-02  1.99990910e+00 
 1.93241398e-02  4.99994435e-08  1.93241398e-02  2.83198573e-02  1.93241398e-02  4.39990320e-05  1.93241398e-02  1.99990910e+00 
 1.93341398e-02  4.99994432e-08  1.93341398e-02  2.83241290e-02  1.93341398e-02  4.39990320e-05  1.93341398e-02  1.99990910e+00 
 1.93441398e-02  4.99994438e-08  1.93441398e-02  2.83283862e-02  1.93441398e-02  4.39990320e-05  1.93441398e-02  1.99990910e+00 
 1.93541398e-02  4.99994436e-08  1.93541398e-02  2.83326291e-02  1.93541398e-02  4.39990320e-05  1.93541398e-02  1.99990910e+00 
 1.93641398e-02  4.99994439e-08  1.93641398e-02  2.83368577e-02  1.93641398e-02  4.39990320e-05  1.93641398e-02  1.99990910e+00 
 1.93741398e-02  4.99994431e-08  1.93741398e-02  2.83410720e-02  1.93741398e-02  4.39990320e-05  1.93741398e-02  1.99990910e+00 
 1.93841398e-02  4.99994435e-08  1.93841398e-02  2.83452721e-02  1.93841398e-02  4.39990320e-05  1.93841398e-02  1.99990910e+00 
 1.93941398e-02  4.99994438e-08  1.93941398e-02  2.83494580e-02  1.93941398e-02  4.39990320e-05  1.93941398e-02  1.99990910e+00 
 1.94041398e-02  4.99994444e-08  1.94041398e-02  2.83536298e-02  1.94041398e-02  4.39990320e-05  1.94041398e-02  1.99990910e+00 
 1.94141398e-02  4.99994432e-08  1.94141398e-02  2.83577875e-02  1.94141398e-02  4.39990320e-05  1.94141398e-02  1.99990910e+00 
 1.94241398e-02  4.99994438e-08  1.94241398e-02  2.83619312e-02  1.94241398e-02  4.39990320e-05  1.94241398e-02  1.99990910e+00 
 1.94341398e-02  4.99994445e-08  1.94341398e-02  2.83660609e-02  1.94341398e-02  4.39990320e-05  1.94341398e-02  1.99990910e+00 
 1.94441398e-02  4.99994426e-08  1.94441398e-02  2.83701767e-02  1.94441398e-02  4.39990320e-05  1.94441398e-02  1.99990910e+00 
 1.94541398e-02  4.99994431e-08  1.94541398e-02  2.83742786e-02  1.94541398e-02  4.39990320e-05  1.94541398e-02  1.99990910e+00 
 1.94641398e-02  4.99994428e-08  1.94641398e-02  2.83783666e-02  1.94641398e-02  4.39990320e-05  1.94641398e-02  1.99990910e+00 
 1.94741398e-02  4.99994435e-08  1.94741398e-02  2.83824408e-02  1.94741398e-02  4.39990320e-05  1.94741398e-02  1.99990910e+00 
 1.94841398e-02  4.99994438e-08  1.94841398e-02  2.83865013e-02  1.94841398e-02  4.39990320e-05  1.94841398e-02  1.99990910e+00 
 1.94941398e-02  4.99994443e-08  1.94941398e-02  2.83905481e-02  1.94941398e-02  4.39990320e-05  1.94941398e-02  1.99990910e+00 
 1.95041398e-02  4.99994431e-08  1.95041398e-02  2.83945813e-02  1.95041398e-02  4.39990320e-05  1.95041398e-02  1.99990910e+00 
 1.95141398e-02  4.99994439e-08  1.95141398e-02  2.83986008e-02  1.95141398e-02  4.39990320e-05  1.95141398e-02  1.99990910e+00 
 1.95241398e-02  4.99994426e-08  1.95241398e-02  2.84026068e-02  1.95241398e-02  4.39990320e-05  1.95241398e-02  1.99990910e+00 
 1.95341398e-02  4.99994433e-08  1.95341398e-02  2.84065992e-02  1.95341398e-02  4.39990320e-05  1.95341398e-02  1.99990910e+00 
 1.95441398e-02  4.99994425e-08  1.95441398e-02  2.84105782e-02  1.95441398e-02  4.39990320e-05  1.95441398e-02  1.99990910e+00 
 1.95541398e-02  4.99994439e-08  1.95541398e-02  2.84145438e-02  1.95541398e-02  4.39990320e-05  1.95541398e-02  1.99990910e+00 
 1.95641398e-02  4.99994429e-08  1.95641398e-02  2.84184960e-02  1.95641398e-02  4.39990320e-05  1.95641398e-02  1.99990910e+00 
 1.95741398e-02  4.99994431e-08  1.95741398e-02  2.84224348e-02  1.95741398e-02  4.39990320e-05  1.95741398e-02  1.99990910e+00 
 1.95841398e-02  4.99994439e-08  1.95841398e-02  2.84263603e-02  1.95841398e-02  4.39990320e-05  1.95841398e-02  1.99990910e+00 
 1.95941398e-02  4.99994431e-08  1.95941398e-02  2.84302726e-02  1.95941398e-02  4.39990320e-05  1.95941398e-02  1.99990910e+00 
 1.96041398e-02  4.99994442e-08  1.96041398e-02  2.84341717e-02  1.96041398e-02  4.39990320e-05  1.96041398e-02  1.99990910e+00 
 1.96141398e-02  4.99994446e-08  1.96141398e-02  2.84380577e-02  1.96141398e-02  4.39990320e-05  1.96141398e-02  1.99990910e+00 
 1.96241398e-02  4.99994442e-08  1.96241398e-02  2.84419305e-02  1.96241398e-02  4.39990320e-05  1.96241398e-02  1.99990910e+00 
 1.96341398e-02  4.99994440e-08  1.96341398e-02  2.84457903e-02  1.96341398e-02  4.39990320e-05  1.96341398e-02  1.99990910e+00 
 1.96441398e-02  4.99994429e-08  1.96441398e-02  2.84496370e-02  1.96441398e-02  4.39990320e-05  1.96441398e-02  1.99990910e+00 
 1.96541398e-02  4.99994435e-08  1.96541398e-02  2.84534708e-02  1.96541398e-02  4.39990320e-05  1.96541398e-02  1.99990910e+00 
 1.96641398e-02  4.99994442e-08  1.96641398e-02  2.84572916e-02  1.96641398e-02  4.39990320e-05  1.96641398e-02  1.99990910e+00 
 1.96741398e-02  4.99994427e-08  1.96741398e-02  2.84610995e-02  1.96741398e-02  4.39990320e-05  1.96741398e-02  1.99990910e+00 
 1.96841398e-02  4.99994434e-08  1.96841398e-02  2.84648946e-02  1.96841398e-02  4.39990320e-05  1.96841398e-02  1.99990910e+00 
 1.96941398e-02  4.99994428e-08  1.96941398e-02  2.84686769e-02  1.96941398e-02  4.39990320e-05  1.96941398e-02  1.99990910e+00 
 1.97041398e-02  4.99994440e-08  1.97041398e-02  2.84724464e-02  1.97041398e-02  4.39990320e-05  1.97041398e-02  1.99990910e+00 
 1.97141398e-02  4.99994426e-08  1.97141398e-02  2.84762032e-02  1.97141398e-02  4.39990320e-05  1.97141398e-02  1.99990910e+00 
 1.97241398e-02  4.99994429e-08  1.97241398e-02  2.84799473e-02  1.97241398e-02  4.39990320e-05  1.97241398e-02  1.99990910e+00 
 1.97341398e-02  4.99994444e-08  1.97341398e-02  2.84836788e-02  1.97341398e-02  4.39990320e-05  1.97341398e-02  1.99990910e+00 
 1.97441398e-02  4.99994438e-08  1.97441398e-02  2.84873977e-02  1.97441398e-02  4.39990320e-05  1.97441398e-02  1.99990910e+00 
 1.97541398e-02  4.99994438e-08  1.97541398e-02  2.84911040e-02  1.97541398e-02  4.39990320e-05  1.97541398e-02  1.99990910e+00 
 1.97641398e-02  4.99994434e-08  1.97641398e-02  2.84947979e-02  1.97641398e-02  4.39990320e-05  1.97641398e-02  1.99990910e+00 
 1.97741398e-02  4.99994441e-08  1.97741398e-02  2.84984792e-02  1.97741398e-02  4.39990320e-05  1.97741398e-02  1.99990910e+00 
 1.97841398e-02  4.99994438e-08  1.97841398e-02  2.85021482e-02  1.97841398e-02  4.39990320e-05  1.97841398e-02  1.99990910e+00 
 1.97941398e-02  4.99994436e-08  1.97941398e-02  2.85058047e-02  1.97941398e-02  4.39990320e-05  1.97941398e-02  1.99990910e+00 
 1.98041398e-02  4.99994428e-08  1.98041398e-02  2.85094490e-02  1.98041398e-02  4.39990320e-05  1.98041398e-02  1.99990910e+00 
 1.98141398e-02  4.99994438e-08  1.98141398e-02  2.85130809e-02  1.98141398e-02  4.39990320e-05  1.98141398e-02  1.99990910e+00 
 1.98241398e-02  4.99994445e-08  1.98241398e-02  2.85167006e-02  1.98241398e-02  4.39990320e-05  1.98241398e-02  1.99990910e+00 
 1.98341398e-02  4.99994444e-08  1.98341398e-02  2.85203081e-02  1.98341398e-02  4.39990320e-05  1.98341398e-02  1.99990910e+00 
 1.98441398e-02  4.99994442e-08  1.98441398e-02  2.85239033e-02  1.98441398e-02  4.39990320e-05  1.98441398e-02  1.99990910e+00 
 1.98541398e-02  4.99994426e-08  1.98541398e-02  2.85274865e-02  1.98541398e-02  4.39990320e-05  1.98541398e-02  1.99990910e+00 
 1.98641398e-02  4.99994439e-08  1.98641398e-02  2.85310576e-02  1.98641398e-02  4.39990320e-05  1.98641398e-02  1.99990910e+00 
 1.98741398e-02  4.99994435e-08  1.98741398e-02  2.85346166e-02  1.98741398e-02  4.39990320e-05  1.98741398e-02  1.99990910e+00 
 1.98841398e-02  4.99994437e-08  1.98841398e-02  2.85381636e-02  1.98841398e-02  4.39990320e-05  1.98841398e-02  1.99990910e+00 
 1.98941398e-02  4.99994434e-08  1.98941398e-02  2.85416987e-02  1.98941398e-02  4.39990320e-05  1.98941398e-02  1.99990910e+00 
 1.99041398e-02  4.99994441e-08  1.99041398e-02  2.85452218e-02  1.99041398e-02  4.39990320e-05  1.99041398e-02  1.99990910e+00 
 1.99141398e-02  4.99994437e-08  1.99141398e-02  2.85487330e-02  1.99141398e-02  4.39990320e-05  1.99141398e-02  1.99990910e+00 
 1.99241398e-02  4.99994435e-08  1.99241398e-02  2.85522324e-02  1.99241398e-02  4.39990320e-05  1.99241398e-02  1.99990910e+00 
 1.99341398e-02  4.99994429e-08  1.99341398e-02  2.85557199e-02  1.99341398e-02  4.39990320e-05  1.99341398e-02  1.99990910e+00 
 1.99441398e-02  4.99994440e-08  1.99441398e-02  2.85591957e-02  1.99441398e-02  4.39990320e-05  1.99441398e-02  1.99990910e+00 
 1.99541398e-02  4.99994443e-08  1.99541398e-02  2.85626598e-02  1.99541398e-02  4.39990320e-05  1.99541398e-02  1.99990910e+00 
 1.99641398e-02  4.99994440e-08  1.99641398e-02  2.85661122e-02  1.99641398e-02  4.39990320e-05  1.99641398e-02  1.99990910e+00 
 1.99741398e-02  4.99994442e-08  1.99741398e-02  2.85695529e-02  1.99741398e-02  4.39990320e-05  1.99741398e-02  1.99990910e+00 
 1.99841398e-02  4.99994432e-08  1.99841398e-02  2.85729821e-02  1.99841398e-02  4.39990320e-05  1.99841398e-02  1.99990910e+00 
 1.99941398e-02  4.99994443e-08  1.99941398e-02  2.85763996e-02  1.99941398e-02  4.39990320e-05  1.99941398e-02  1.99990910e+00 
 2.00041398e-02  4.99994427e-08  2.00041398e-02  2.85798056e-02  2.00041398e-02  4.39990320e-05  2.00041398e-02  1.99990910e+00 
 2.00141398e-02  4.99994428e-08  2.00141398e-02  2.85832002e-02  2.00141398e-02  4.39990320e-05  2.00141398e-02  1.99990910e+00 
 2.00241398e-02  4.99994442e-08  2.00241398e-02  2.85865832e-02  2.00241398e-02  4.39990320e-05  2.00241398e-02  1.99990910e+00 
 2.00341398e-02  4.99994439e-08  2.00341398e-02  2.85899549e-02  2.00341398e-02  4.39990320e-05  2.00341398e-02  1.99990910e+00 
 2.00441398e-02  4.99994441e-08  2.00441398e-02  2.85933152e-02  2.00441398e-02  4.39990320e-05  2.00441398e-02  1.99990910e+00 
 2.00541398e-02  4.99994434e-08  2.00541398e-02  2.85966641e-02  2.00541398e-02  4.39990320e-05  2.00541398e-02  1.99990910e+00 
 2.00641398e-02  4.99994437e-08  2.00641398e-02  2.86000018e-02  2.00641398e-02  4.39990320e-05  2.00641398e-02  1.99990910e+00 
 2.00741398e-02  4.99994435e-08  2.00741398e-02  2.86033282e-02  2.00741398e-02  4.39990320e-05  2.00741398e-02  1.99990910e+00 
 2.00841398e-02  4.99994442e-08  2.00841398e-02  2.86066433e-02  2.00841398e-02  4.39990320e-05  2.00841398e-02  1.99990910e+00 
 2.00941398e-02  4.99994435e-08  2.00941398e-02  2.86099473e-02  2.00941398e-02  4.39990320e-05  2.00941398e-02  1.99990910e+00 
 2.01041398e-02  4.99994443e-08  2.01041398e-02  2.86132401e-02  2.01041398e-02  4.39990320e-05  2.01041398e-02  1.99990910e+00 
 2.01141398e-02  4.99994443e-08  2.01141398e-02  2.86165218e-02  2.01141398e-02  4.39990320e-05  2.01141398e-02  1.99990910e+00 
 2.01241398e-02  4.99994438e-08  2.01241398e-02  2.86197925e-02  2.01241398e-02  4.39990320e-05  2.01241398e-02  1.99990910e+00 
 2.01341398e-02  4.99994443e-08  2.01341398e-02  2.86230521e-02  2.01341398e-02  4.39990320e-05  2.01341398e-02  1.99990910e+00 
 2.01441398e-02  4.99994436e-08  2.01441398e-02  2.86263007e-02  2.01441398e-02  4.39990320e-05  2.01441398e-02  1.99990910e+00 
 2.01541398e-02  4.99994434e-08  2.01541398e-02  2.86295383e-02  2.01541398e-02  4.39990320e-05  2.01541398e-02  1.99990910e+00 
 2.01641398e-02  4.99994430e-08  2.01641398e-02  2.86327650e-02  2.01641398e-02  4.39990320e-05  2.01641398e-02  1.99990910e+00 
 2.01741398e-02  4.99994442e-08  2.01741398e-02  2.86359808e-02  2.01741398e-02  4.39990320e-05  2.01741398e-02  1.99990910e+00 
 2.01841398e-02  4.99994443e-08  2.01841398e-02  2.86391858e-02  2.01841398e-02  4.39990320e-05  2.01841398e-02  1.99990910e+00 
 2.01941398e-02  4.99994436e-08  2.01941398e-02  2.86423800e-02  2.01941398e-02  4.39990320e-05  2.01941398e-02  1.99990910e+00 
 2.02041398e-02  4.99994441e-08  2.02041398e-02  2.86455634e-02  2.02041398e-02  4.39990320e-05  2.02041398e-02  1.99990910e+00 
 2.02141398e-02  4.99994438e-08  2.02141398e-02  2.86487360e-02  2.02141398e-02  4.39990320e-05  2.02141398e-02  1.99990910e+00 
 2.02241398e-02  4.99994438e-08  2.02241398e-02  2.86518980e-02  2.02241398e-02  4.39990320e-05  2.02241398e-02  1.99990910e+00 
 2.02341398e-02  4.99994429e-08  2.02341398e-02  2.86550492e-02  2.02341398e-02  4.39990320e-05  2.02341398e-02  1.99990910e+00 
 2.02441398e-02  4.99994436e-08  2.02441398e-02  2.86581899e-02  2.02441398e-02  4.39990320e-05  2.02441398e-02  1.99990910e+00 
 2.02541398e-02  4.99994441e-08  2.02541398e-02  2.86613199e-02  2.02541398e-02  4.39990320e-05  2.02541398e-02  1.99990910e+00 
 2.02641398e-02  4.99994445e-08  2.02641398e-02  2.86644394e-02  2.02641398e-02  4.39990320e-05  2.02641398e-02  1.99990910e+00 
 2.02741398e-02  4.99994427e-08  2.02741398e-02  2.86675483e-02  2.02741398e-02  4.39990320e-05  2.02741398e-02  1.99990910e+00 
 2.02841398e-02  4.99994435e-08  2.02841398e-02  2.86706468e-02  2.02841398e-02  4.39990320e-05  2.02841398e-02  1.99990910e+00 
 2.02941398e-02  4.99994430e-08  2.02941398e-02  2.86737348e-02  2.02941398e-02  4.39990320e-05  2.02941398e-02  1.99990910e+00 
 2.03041398e-02  4.99994442e-08  2.03041398e-02  2.86768124e-02  2.03041398e-02  4.39990320e-05  2.03041398e-02  1.99990910e+00 
 2.03141398e-02  4.99994444e-08  2.03141398e-02  2.86798796e-02  2.03141398e-02  4.39990320e-05  2.03141398e-02  1.99990910e+00 
 2.03241398e-02  4.99994439e-08  2.03241398e-02  2.86829364e-02  2.03241398e-02  4.39990320e-05  2.03241398e-02  1.99990910e+00 
 2.03341398e-02  4.99994441e-08  2.03341398e-02  2.86859829e-02  2.03341398e-02  4.39990320e-05  2.03341398e-02  1.99990910e+00 
 2.03441398e-02  4.99994433e-08  2.03441398e-02  2.86890192e-02  2.03441398e-02  4.39990320e-05  2.03441398e-02  1.99990910e+00 
 2.03541398e-02  4.99994436e-08  2.03541398e-02  2.86920452e-02  2.03541398e-02  4.39990320e-05  2.03541398e-02  1.99990910e+00 
 2.03641398e-02  4.99994435e-08  2.03641398e-02  2.86950610e-02  2.03641398e-02  4.39990320e-05  2.03641398e-02  1.99990910e+00 
 2.03741398e-02  4.99994443e-08  2.03741398e-02  2.86980666e-02  2.03741398e-02  4.39990320e-05  2.03741398e-02  1.99990910e+00 
 2.03841398e-02  4.99994435e-08  2.03841398e-02  2.87010621e-02  2.03841398e-02  4.39990320e-05  2.03841398e-02  1.99990910e+00 
 2.03941398e-02  4.99994442e-08  2.03941398e-02  2.87040475e-02  2.03941398e-02  4.39990320e-05  2.03941398e-02  1.99990910e+00 
 2.04041398e-02  4.99994442e-08  2.04041398e-02  2.87070228e-02  2.04041398e-02  4.39990320e-05  2.04041398e-02  1.99990910e+00 
 2.04141398e-02  4.99994439e-08  2.04141398e-02  2.87099880e-02  2.04141398e-02  4.39990320e-05  2.04141398e-02  1.99990910e+00 
 2.04241398e-02  4.99994424e-08  2.04241398e-02  2.87129433e-02  2.04241398e-02  4.39990320e-05  2.04241398e-02  1.99990910e+00 
 2.04341398e-02  4.99994442e-08  2.04341398e-02  2.87158886e-02  2.04341398e-02  4.39990320e-05  2.04341398e-02  1.99990910e+00 
 2.04441398e-02  4.99994428e-08  2.04441398e-02  2.87188239e-02  2.04441398e-02  4.39990320e-05  2.04441398e-02  1.99990910e+00 
 2.04541398e-02  4.99994432e-08  2.04541398e-02  2.87217494e-02  2.04541398e-02  4.39990320e-05  2.04541398e-02  1.99990910e+00 
 2.04641398e-02  4.99994425e-08  2.04641398e-02  2.87246649e-02  2.04641398e-02  4.39990320e-05  2.04641398e-02  1.99990910e+00 
 2.04741398e-02  4.99994443e-08  2.04741398e-02  2.87275707e-02  2.04741398e-02  4.39990320e-05  2.04741398e-02  1.99990910e+00 
 2.04841398e-02  4.99994431e-08  2.04841398e-02  2.87304666e-02  2.04841398e-02  4.39990320e-05  2.04841398e-02  1.99990910e+00 
 2.04941398e-02  4.99994427e-08  2.04941398e-02  2.87333527e-02  2.04941398e-02  4.39990320e-05  2.04941398e-02  1.99990910e+00 
 2.05041398e-02  4.99994434e-08  2.05041398e-02  2.87362292e-02  2.05041398e-02  4.39990320e-05  2.05041398e-02  1.99990910e+00 
 2.05141398e-02  4.99994435e-08  2.05141398e-02  2.87390959e-02  2.05141398e-02  4.39990320e-05  2.05141398e-02  1.99990910e+00 
 2.05241398e-02  4.99994441e-08  2.05241398e-02  2.87419529e-02  2.05241398e-02  4.39990320e-05  2.05241398e-02  1.99990910e+00 
 2.05341398e-02  4.99994433e-08  2.05341398e-02  2.87448003e-02  2.05341398e-02  4.39990320e-05  2.05341398e-02  1.99990910e+00 
 2.05441398e-02  4.99994443e-08  2.05441398e-02  2.87476381e-02  2.05441398e-02  4.39990320e-05  2.05441398e-02  1.99990910e+00 
 2.05541398e-02  4.99994446e-08  2.05541398e-02  2.87504663e-02  2.05541398e-02  4.39990320e-05  2.05541398e-02  1.99990910e+00 
 2.05641398e-02  4.99994440e-08  2.05641398e-02  2.87532850e-02  2.05641398e-02  4.39990320e-05  2.05641398e-02  1.99990910e+00 
 2.05741398e-02  4.99994439e-08  2.05741398e-02  2.87560941e-02  2.05741398e-02  4.39990320e-05  2.05741398e-02  1.99990910e+00 
 2.05841398e-02  4.99994430e-08  2.05841398e-02  2.87588938e-02  2.05841398e-02  4.39990320e-05  2.05841398e-02  1.99990910e+00 
 2.05941398e-02  4.99994436e-08  2.05941398e-02  2.87616840e-02  2.05941398e-02  4.39990320e-05  2.05941398e-02  1.99990910e+00 
 2.06041398e-02  4.99994440e-08  2.06041398e-02  2.87644648e-02  2.06041398e-02  4.39990320e-05  2.06041398e-02  1.99990910e+00 
 2.06141398e-02  4.99994444e-08  2.06141398e-02  2.87672363e-02  2.06141398e-02  4.39990320e-05  2.06141398e-02  1.99990910e+00 
 2.06241398e-02  4.99994428e-08  2.06241398e-02  2.87699984e-02  2.06241398e-02  4.39990320e-05  2.06241398e-02  1.99990910e+00 
 2.06341398e-02  4.99994436e-08  2.06341398e-02  2.87727511e-02  2.06341398e-02  4.39990320e-05  2.06341398e-02  1.99990910e+00 
 2.06441398e-02  4.99994429e-08  2.06441398e-02  2.87754946e-02  2.06441398e-02  4.39990320e-05  2.06441398e-02  1.99990910e+00 
 2.06541398e-02  4.99994439e-08  2.06541398e-02  2.87782288e-02  2.06541398e-02  4.39990320e-05  2.06541398e-02  1.99990910e+00 
 2.06641398e-02  4.99994445e-08  2.06641398e-02  2.87809538e-02  2.06641398e-02  4.39990320e-05  2.06641398e-02  1.99990910e+00 
 2.06741398e-02  4.99994444e-08  2.06741398e-02  2.87836696e-02  2.06741398e-02  4.39990320e-05  2.06741398e-02  1.99990910e+00 
 2.06841398e-02  4.99994442e-08  2.06841398e-02  2.87863762e-02  2.06841398e-02  4.39990320e-05  2.06841398e-02  1.99990910e+00 
 2.06941398e-02  4.99994426e-08  2.06941398e-02  2.87890737e-02  2.06941398e-02  4.39990320e-05  2.06941398e-02  1.99990910e+00 
 2.07041398e-02  4.99994441e-08  2.07041398e-02  2.87917621e-02  2.07041398e-02  4.39990320e-05  2.07041398e-02  1.99990910e+00 
 2.07141398e-02  4.99994436e-08  2.07141398e-02  2.87944414e-02  2.07141398e-02  4.39990320e-05  2.07141398e-02  1.99990910e+00 
 2.07241398e-02  4.99994435e-08  2.07241398e-02  2.87971117e-02  2.07241398e-02  4.39990320e-05  2.07241398e-02  1.99990910e+00 
 2.07341398e-02  4.99994432e-08  2.07341398e-02  2.87997730e-02  2.07341398e-02  4.39990320e-05  2.07341398e-02  1.99990910e+00 
 2.07441398e-02  4.99994444e-08  2.07441398e-02  2.88024253e-02  2.07441398e-02  4.39990320e-05  2.07441398e-02  1.99990910e+00 
 2.07541398e-02  4.99994441e-08  2.07541398e-02  2.88050686e-02  2.07541398e-02  4.39990320e-05  2.07541398e-02  1.99990910e+00 
 2.07641398e-02  4.99994444e-08  2.07641398e-02  2.88077030e-02  2.07641398e-02  4.39990320e-05  2.07641398e-02  1.99990910e+00 
 2.07741398e-02  4.99994434e-08  2.07741398e-02  2.88103286e-02  2.07741398e-02  4.39990320e-05  2.07741398e-02  1.99990910e+00 
 2.07841398e-02  4.99994443e-08  2.07841398e-02  2.88129453e-02  2.07841398e-02  4.39990320e-05  2.07841398e-02  1.99990910e+00 
 2.07941398e-02  4.99994446e-08  2.07941398e-02  2.88155531e-02  2.07941398e-02  4.39990320e-05  2.07941398e-02  1.99990910e+00 
 2.08041398e-02  4.99994440e-08  2.08041398e-02  2.88181521e-02  2.08041398e-02  4.39990320e-05  2.08041398e-02  1.99990910e+00 
 2.08141398e-02  4.99994440e-08  2.08141398e-02  2.88207424e-02  2.08141398e-02  4.39990320e-05  2.08141398e-02  1.99990910e+00 
 2.08241398e-02  4.99994431e-08  2.08241398e-02  2.88233240e-02  2.08241398e-02  4.39990320e-05  2.08241398e-02  1.99990910e+00 
 2.08341398e-02  4.99994435e-08  2.08341398e-02  2.88258968e-02  2.08341398e-02  4.39990320e-05  2.08341398e-02  1.99990910e+00 
 2.08441398e-02  4.99994438e-08  2.08441398e-02  2.88284609e-02  2.08441398e-02  4.39990320e-05  2.08441398e-02  1.99990910e+00 
 2.08541398e-02  4.99994424e-08  2.08541398e-02  2.88310164e-02  2.08541398e-02  4.39990320e-05  2.08541398e-02  1.99990910e+00 
 2.08641398e-02  4.99994438e-08  2.08641398e-02  2.88335633e-02  2.08641398e-02  4.39990320e-05  2.08641398e-02  1.99990910e+00 
 2.08741398e-02  4.99994434e-08  2.08741398e-02  2.88361016e-02  2.08741398e-02  4.39990320e-05  2.08741398e-02  1.99990910e+00 
 2.08841398e-02  4.99994437e-08  2.08841398e-02  2.88386313e-02  2.08841398e-02  4.39990320e-05  2.08841398e-02  1.99990910e+00 
 2.08941398e-02  4.99994435e-08  2.08941398e-02  2.88411524e-02  2.08941398e-02  4.39990320e-05  2.08941398e-02  1.99990910e+00 
 2.09041398e-02  4.99994441e-08  2.09041398e-02  2.88436651e-02  2.09041398e-02  4.39990320e-05  2.09041398e-02  1.99990910e+00 
 2.09141398e-02  4.99994435e-08  2.09141398e-02  2.88461693e-02  2.09141398e-02  4.39990320e-05  2.09141398e-02  1.99990910e+00 
 2.09241398e-02  4.99994434e-08  2.09241398e-02  2.88486650e-02  2.09241398e-02  4.39990320e-05  2.09241398e-02  1.99990910e+00 
 2.09341398e-02  4.99994431e-08  2.09341398e-02  2.88511523e-02  2.09341398e-02  4.39990320e-05  2.09341398e-02  1.99990910e+00 
 2.09441398e-02  4.99994443e-08  2.09441398e-02  2.88536313e-02  2.09441398e-02  4.39990320e-05  2.09441398e-02  1.99990910e+00 
 2.09541398e-02  4.99994442e-08  2.09541398e-02  2.88561018e-02  2.09541398e-02  4.39990320e-05  2.09541398e-02  1.99990910e+00 
 2.09641398e-02  4.99994435e-08  2.09641398e-02  2.88585640e-02  2.09641398e-02  4.39990320e-05  2.09641398e-02  1.99990910e+00 
 2.09741398e-02  4.99994442e-08  2.09741398e-02  2.88610180e-02  2.09741398e-02  4.39990320e-05  2.09741398e-02  1.99990910e+00 
 2.09841398e-02  4.99994439e-08  2.09841398e-02  2.88634636e-02  2.09841398e-02  4.39990320e-05  2.09841398e-02  1.99990910e+00 
 2.09941398e-02  4.99994437e-08  2.09941398e-02  2.88659010e-02  2.09941398e-02  4.39990320e-05  2.09941398e-02  1.99990910e+00 
 2.10041398e-02  4.99994427e-08  2.10041398e-02  2.88683301e-02  2.10041398e-02  4.39990320e-05  2.10041398e-02  1.99990910e+00 
 2.10141398e-02  4.99994436e-08  2.10141398e-02  2.88707511e-02  2.10141398e-02  4.39990320e-05  2.10141398e-02  1.99990910e+00 
 2.10241398e-02  4.99994445e-08  2.10241398e-02  2.88731639e-02  2.10241398e-02  4.39990320e-05  2.10241398e-02  1.99990910e+00 
 2.10341398e-02  4.99994426e-08  2.10341398e-02  2.88755685e-02  2.10341398e-02  4.39990320e-05  2.10341398e-02  1.99990910e+00 
 2.10441398e-02  4.99994429e-08  2.10441398e-02  2.88779651e-02  2.10441398e-02  4.39990320e-05  2.10441398e-02  1.99990910e+00 
 2.10541398e-02  4.99994427e-08  2.10541398e-02  2.88803535e-02  2.10541398e-02  4.39990320e-05  2.10541398e-02  1.99990910e+00 
 2.10641398e-02  4.99994438e-08  2.10641398e-02  2.88827339e-02  2.10641398e-02  4.39990320e-05  2.10641398e-02  1.99990910e+00 
 2.10741398e-02  4.99994441e-08  2.10741398e-02  2.88851063e-02  2.10741398e-02  4.39990320e-05  2.10741398e-02  1.99990910e+00 
 2.10841398e-02  4.99994440e-08  2.10841398e-02  2.88874706e-02  2.10841398e-02  4.39990320e-05  2.10841398e-02  1.99990910e+00 
 2.10941398e-02  4.99994424e-08  2.10941398e-02  2.88898270e-02  2.10941398e-02  4.39990320e-05  2.10941398e-02  1.99990910e+00 
 2.11041398e-02  4.99994440e-08  2.11041398e-02  2.88921754e-02  2.11041398e-02  4.39990320e-05  2.11041398e-02  1.99990910e+00 
 2.11141398e-02  4.99994426e-08  2.11141398e-02  2.88945159e-02  2.11141398e-02  4.39990320e-05  2.11141398e-02  1.99990910e+00 
 2.11241398e-02  4.99994424e-08  2.11241398e-02  2.88968485e-02  2.11241398e-02  4.39990320e-05  2.11241398e-02  1.99990910e+00 
 2.11341398e-02  4.99994438e-08  2.11341398e-02  2.88991732e-02  2.11341398e-02  4.39990320e-05  2.11341398e-02  1.99990910e+00 
 2.11441398e-02  4.99994442e-08  2.11441398e-02  2.89014901e-02  2.11441398e-02  4.39990320e-05  2.11441398e-02  1.99990910e+00 
 2.11541398e-02  4.99994437e-08  2.11541398e-02  2.89037992e-02  2.11541398e-02  4.39990320e-05  2.11541398e-02  1.99990910e+00 
 2.11641398e-02  4.99994441e-08  2.11641398e-02  2.89061005e-02  2.11641398e-02  4.39990320e-05  2.11641398e-02  1.99990910e+00 
 2.11741398e-02  4.99994435e-08  2.11741398e-02  2.89083940e-02  2.11741398e-02  4.39990320e-05  2.11741398e-02  1.99990910e+00 
 2.11841398e-02  4.99994435e-08  2.11841398e-02  2.89106797e-02  2.11841398e-02  4.39990320e-05  2.11841398e-02  1.99990910e+00 
 2.11941398e-02  4.99994432e-08  2.11941398e-02  2.89129578e-02  2.11941398e-02  4.39990320e-05  2.11941398e-02  1.99990910e+00 
 2.12041398e-02  4.99994442e-08  2.12041398e-02  2.89152282e-02  2.12041398e-02  4.39990320e-05  2.12041398e-02  1.99990910e+00 
 2.12141398e-02  4.99994440e-08  2.12141398e-02  2.89174909e-02  2.12141398e-02  4.39990320e-05  2.12141398e-02  1.99990910e+00 
 2.12241398e-02  4.99994435e-08  2.12241398e-02  2.89197460e-02  2.12241398e-02  4.39990320e-05  2.12241398e-02  1.99990910e+00 
 2.12341398e-02  4.99994424e-08  2.12341398e-02  2.89219934e-02  2.12341398e-02  4.39990320e-05  2.12341398e-02  1.99990910e+00 
 2.12441398e-02  4.99994438e-08  2.12441398e-02  2.89242333e-02  2.12441398e-02  4.39990320e-05  2.12441398e-02  1.99990910e+00 
 2.12541398e-02  4.99994430e-08  2.12541398e-02  2.89264656e-02  2.12541398e-02  4.39990320e-05  2.12541398e-02  1.99990910e+00 
 2.12641398e-02  4.99994433e-08  2.12641398e-02  2.89286904e-02  2.12641398e-02  4.39990320e-05  2.12641398e-02  1.99990910e+00 
 2.12741398e-02  4.99994438e-08  2.12741398e-02  2.89309077e-02  2.12741398e-02  4.39990320e-05  2.12741398e-02  1.99990910e+00 
 2.12841398e-02  4.99994428e-08  2.12841398e-02  2.89331175e-02  2.12841398e-02  4.39990320e-05  2.12841398e-02  1.99990910e+00 
 2.12941398e-02  4.99994441e-08  2.12941398e-02  2.89353199e-02  2.12941398e-02  4.39990320e-05  2.12941398e-02  1.99990910e+00 
 2.13041398e-02  4.99994429e-08  2.13041398e-02  2.89375148e-02  2.13041398e-02  4.39990320e-05  2.13041398e-02  1.99990910e+00 
 2.13141398e-02  4.99994430e-08  2.13141398e-02  2.89397023e-02  2.13141398e-02  4.39990320e-05  2.13141398e-02  1.99990910e+00 
 2.13241398e-02  4.99994440e-08  2.13241398e-02  2.89418824e-02  2.13241398e-02  4.39990320e-05  2.13241398e-02  1.99990910e+00 
 2.13341398e-02  4.99994434e-08  2.13341398e-02  2.89440552e-02  2.13341398e-02  4.39990320e-05  2.13341398e-02  1.99990910e+00 
 2.13441398e-02  4.99994441e-08  2.13441398e-02  2.89462206e-02  2.13441398e-02  4.39990320e-05  2.13441398e-02  1.99990910e+00 
 2.13541398e-02  4.99994442e-08  2.13541398e-02  2.89483788e-02  2.13541398e-02  4.39990320e-05  2.13541398e-02  1.99990910e+00 
 2.13641398e-02  4.99994440e-08  2.13641398e-02  2.89505296e-02  2.13641398e-02  4.39990320e-05  2.13641398e-02  1.99990910e+00 
 2.13741398e-02  4.99994445e-08  2.13741398e-02  2.89526732e-02  2.13741398e-02  4.39990320e-05  2.13741398e-02  1.99990910e+00 
 2.13841398e-02  4.99994434e-08  2.13841398e-02  2.89548096e-02  2.13841398e-02  4.39990320e-05  2.13841398e-02  1.99990910e+00 
 2.13941398e-02  4.99994440e-08  2.13941398e-02  2.89569387e-02  2.13941398e-02  4.39990320e-05  2.13941398e-02  1.99990910e+00 
 2.14041398e-02  4.99994444e-08  2.14041398e-02  2.89590607e-02  2.14041398e-02  4.39990320e-05  2.14041398e-02  1.99990910e+00 
 2.14141398e-02  4.99994444e-08  2.14141398e-02  2.89611755e-02  2.14141398e-02  4.39990320e-05  2.14141398e-02  1.99990910e+00 
 2.14241398e-02  4.99994445e-08  2.14241398e-02  2.89632832e-02  2.14241398e-02  4.39990320e-05  2.14241398e-02  1.99990910e+00 
 2.14341398e-02  4.99994428e-08  2.14341398e-02  2.89653837e-02  2.14341398e-02  4.39990320e-05  2.14341398e-02  1.99990910e+00 
 2.14441398e-02  4.99994437e-08  2.14441398e-02  2.89674772e-02  2.14441398e-02  4.39990320e-05  2.14441398e-02  1.99990910e+00 
 2.14541398e-02  4.99994430e-08  2.14541398e-02  2.89695636e-02  2.14541398e-02  4.39990320e-05  2.14541398e-02  1.99990910e+00 
 2.14641398e-02  4.99994438e-08  2.14641398e-02  2.89716430e-02  2.14641398e-02  4.39990320e-05  2.14641398e-02  1.99990910e+00 
 2.14741398e-02  4.99994443e-08  2.14741398e-02  2.89737153e-02  2.14741398e-02  4.39990320e-05  2.14741398e-02  1.99990910e+00 
 2.14841398e-02  4.99994444e-08  2.14841398e-02  2.89757807e-02  2.14841398e-02  4.39990320e-05  2.14841398e-02  1.99990910e+00 
 2.14941398e-02  4.99994445e-08  2.14941398e-02  2.89778391e-02  2.14941398e-02  4.39990320e-05  2.14941398e-02  1.99990910e+00 
 2.15041398e-02  4.99994428e-08  2.15041398e-02  2.89798905e-02  2.15041398e-02  4.39990320e-05  2.15041398e-02  1.99990910e+00 
 2.15141398e-02  4.99994437e-08  2.15141398e-02  2.89819350e-02  2.15141398e-02  4.39990320e-05  2.15141398e-02  1.99990910e+00 
 2.15241398e-02  4.99994431e-08  2.15241398e-02  2.89839726e-02  2.15241398e-02  4.39990320e-05  2.15241398e-02  1.99990910e+00 
 2.15341398e-02  4.99994438e-08  2.15341398e-02  2.89860034e-02  2.15341398e-02  4.39990320e-05  2.15341398e-02  1.99990910e+00 
 2.15441398e-02  4.99994441e-08  2.15441398e-02  2.89880273e-02  2.15441398e-02  4.39990320e-05  2.15441398e-02  1.99990910e+00 
 2.15541398e-02  4.99994442e-08  2.15541398e-02  2.89900443e-02  2.15541398e-02  4.39990320e-05  2.15541398e-02  1.99990910e+00 
 2.15641398e-02  4.99994426e-08  2.15641398e-02  2.89920546e-02  2.15641398e-02  4.39990320e-05  2.15641398e-02  1.99990910e+00 
 2.15741398e-02  4.99994438e-08  2.15741398e-02  2.89940581e-02  2.15741398e-02  4.39990320e-05  2.15741398e-02  1.99990910e+00 
 2.15841398e-02  4.99994433e-08  2.15841398e-02  2.89960548e-02  2.15841398e-02  4.39990320e-05  2.15841398e-02  1.99990910e+00 
 2.15941398e-02  4.99994438e-08  2.15941398e-02  2.89980448e-02  2.15941398e-02  4.39990320e-05  2.15941398e-02  1.99990910e+00 
 2.16041398e-02  4.99994438e-08  2.16041398e-02  2.90000280e-02  2.16041398e-02  4.39990320e-05  2.16041398e-02  1.99990910e+00 
 2.16141398e-02  4.99994441e-08  2.16141398e-02  2.90020046e-02  2.16141398e-02  4.39990320e-05  2.16141398e-02  1.99990910e+00 
 2.16241398e-02  4.99994431e-08  2.16241398e-02  2.90039745e-02  2.16241398e-02  4.39990320e-05  2.16241398e-02  1.99990910e+00 
 2.16341398e-02  4.99994443e-08  2.16341398e-02  2.90059378e-02  2.16341398e-02  4.39990320e-05  2.16341398e-02  1.99990910e+00 
 2.16441398e-02  4.99994428e-08  2.16441398e-02  2.90078944e-02  2.16441398e-02  4.39990320e-05  2.16441398e-02  1.99990910e+00 
 2.16541398e-02  4.99994428e-08  2.16541398e-02  2.90098444e-02  2.16541398e-02  4.39990320e-05  2.16541398e-02  1.99990910e+00 
 2.16641398e-02  4.99994440e-08  2.16641398e-02  2.90117879e-02  2.16641398e-02  4.39990320e-05  2.16641398e-02  1.99990910e+00 
 2.16741398e-02  4.99994438e-08  2.16741398e-02  2.90137247e-02  2.16741398e-02  4.39990320e-05  2.16741398e-02  1.99990910e+00 
 2.16841398e-02  4.99994444e-08  2.16841398e-02  2.90156551e-02  2.16841398e-02  4.39990320e-05  2.16841398e-02  1.99990910e+00 
 2.16941398e-02  4.99994437e-08  2.16941398e-02  2.90175789e-02  2.16941398e-02  4.39990320e-05  2.16941398e-02  1.99990910e+00 
 2.17041398e-02  4.99994444e-08  2.17041398e-02  2.90194963e-02  2.17041398e-02  4.39990320e-05  2.17041398e-02  1.99990910e+00 
 2.17141398e-02  4.99994441e-08  2.17141398e-02  2.90214072e-02  2.17141398e-02  4.39990320e-05  2.17141398e-02  1.99990910e+00 
 2.17241398e-02  4.99994436e-08  2.17241398e-02  2.90233116e-02  2.17241398e-02  4.39990320e-05  2.17241398e-02  1.99990910e+00 
 2.17341398e-02  4.99994424e-08  2.17341398e-02  2.90252096e-02  2.17341398e-02  4.39990320e-05  2.17341398e-02  1.99990910e+00 
 2.17441398e-02  4.99994437e-08  2.17441398e-02  2.90271012e-02  2.17441398e-02  4.39990320e-05  2.17441398e-02  1.99990910e+00 
 2.17541398e-02  4.99994429e-08  2.17541398e-02  2.90289864e-02  2.17541398e-02  4.39990320e-05  2.17541398e-02  1.99990910e+00 
 2.17641398e-02  4.99994434e-08  2.17641398e-02  2.90308653e-02  2.17641398e-02  4.39990320e-05  2.17641398e-02  1.99990910e+00 
 2.17741398e-02  4.99994440e-08  2.17741398e-02  2.90327378e-02  2.17741398e-02  4.39990320e-05  2.17741398e-02  1.99990910e+00 
 2.17841398e-02  4.99994428e-08  2.17841398e-02  2.90346040e-02  2.17841398e-02  4.39990320e-05  2.17841398e-02  1.99990910e+00 
 2.17941398e-02  4.99994438e-08  2.17941398e-02  2.90364639e-02  2.17941398e-02  4.39990320e-05  2.17941398e-02  1.99990910e+00 
 2.18041398e-02  4.99994428e-08  2.18041398e-02  2.90383175e-02  2.18041398e-02  4.39990320e-05  2.18041398e-02  1.99990910e+00 
 2.18141398e-02  4.99994435e-08  2.18141398e-02  2.90401649e-02  2.18141398e-02  4.39990320e-05  2.18141398e-02  1.99990910e+00 
 2.18241398e-02  4.99994443e-08  2.18241398e-02  2.90420060e-02  2.18241398e-02  4.39990320e-05  2.18241398e-02  1.99990910e+00 
 2.18341398e-02  4.99994428e-08  2.18341398e-02  2.90438409e-02  2.18341398e-02  4.39990320e-05  2.18341398e-02  1.99990910e+00 
 2.18441398e-02  4.99994433e-08  2.18441398e-02  2.90456697e-02  2.18441398e-02  4.39990320e-05  2.18441398e-02  1.99990910e+00 
 2.18541398e-02  4.99994426e-08  2.18541398e-02  2.90474922e-02  2.18541398e-02  4.39990320e-05  2.18541398e-02  1.99990910e+00 
 2.18641398e-02  4.99994441e-08  2.18641398e-02  2.90493086e-02  2.18641398e-02  4.39990320e-05  2.18641398e-02  1.99990910e+00 
 2.18741398e-02  4.99994430e-08  2.18741398e-02  2.90511189e-02  2.18741398e-02  4.39990320e-05  2.18741398e-02  1.99990910e+00 
 2.18841398e-02  4.99994429e-08  2.18841398e-02  2.90529231e-02  2.18841398e-02  4.39990320e-05  2.18841398e-02  1.99990910e+00 
 2.18941398e-02  4.99994438e-08  2.18941398e-02  2.90547212e-02  2.18941398e-02  4.39990320e-05  2.18941398e-02  1.99990910e+00 
 2.19041398e-02  4.99994434e-08  2.19041398e-02  2.90565132e-02  2.19041398e-02  4.39990320e-05  2.19041398e-02  1.99990910e+00 
 2.19141398e-02  4.99994435e-08  2.19141398e-02  2.90582992e-02  2.19141398e-02  4.39990320e-05  2.19141398e-02  1.99990910e+00 
 2.19241398e-02  4.99994431e-08  2.19241398e-02  2.90600791e-02  2.19241398e-02  4.39990320e-05  2.19241398e-02  1.99990910e+00 
 2.19341398e-02  4.99994441e-08  2.19341398e-02  2.90618531e-02  2.19341398e-02  4.39990320e-05  2.19341398e-02  1.99990910e+00 
 2.19441398e-02  4.99994441e-08  2.19441398e-02  2.90636210e-02  2.19441398e-02  4.39990320e-05  2.19441398e-02  1.99990910e+00 
 2.19541398e-02  4.99994437e-08  2.19541398e-02  2.90653830e-02  2.19541398e-02  4.39990320e-05  2.19541398e-02  1.99990910e+00 
 2.19641398e-02  4.99994444e-08  2.19641398e-02  2.90671390e-02  2.19641398e-02  4.39990320e-05  2.19641398e-02  1.99990910e+00 
 2.19741398e-02  4.99994438e-08  2.19741398e-02  2.90688892e-02  2.19741398e-02  4.39990320e-05  2.19741398e-02  1.99990910e+00 
 2.19841398e-02  4.99994444e-08  2.19841398e-02  2.90706334e-02  2.19841398e-02  4.39990320e-05  2.19841398e-02  1.99990910e+00 
 2.19941398e-02  4.99994439e-08  2.19941398e-02  2.90723717e-02  2.19941398e-02  4.39990320e-05  2.19941398e-02  1.99990910e+00 
 2.20041398e-02  4.99994435e-08  2.20041398e-02  2.90741042e-02  2.20041398e-02  4.39990320e-05  2.20041398e-02  1.99990910e+00 
 2.20141398e-02  4.99994427e-08  2.20141398e-02  2.90758308e-02  2.20141398e-02  4.39990320e-05  2.20141398e-02  1.99990910e+00 
 2.20241398e-02  4.99994440e-08  2.20241398e-02  2.90775516e-02  2.20241398e-02  4.39990320e-05  2.20241398e-02  1.99990910e+00 
 2.20341398e-02  4.99994425e-08  2.20341398e-02  2.90792665e-02  2.20341398e-02  4.39990320e-05  2.20341398e-02  1.99990910e+00 
 2.20441398e-02  4.99994428e-08  2.20441398e-02  2.90809757e-02  2.20441398e-02  4.39990320e-05  2.20441398e-02  1.99990910e+00 
 2.20541398e-02  4.99994444e-08  2.20541398e-02  2.90826792e-02  2.20541398e-02  4.39990320e-05  2.20541398e-02  1.99990910e+00 
 2.20641398e-02  4.99994438e-08  2.20641398e-02  2.90843768e-02  2.20641398e-02  4.39990320e-05  2.20641398e-02  1.99990910e+00 
 2.20741398e-02  4.99994438e-08  2.20741398e-02  2.90860688e-02  2.20741398e-02  4.39990320e-05  2.20741398e-02  1.99990910e+00 
 2.20841398e-02  4.99994433e-08  2.20841398e-02  2.90877550e-02  2.20841398e-02  4.39990320e-05  2.20841398e-02  1.99990910e+00 
 2.20941398e-02  4.99994441e-08  2.20941398e-02  2.90894356e-02  2.20941398e-02  4.39990320e-05  2.20941398e-02  1.99990910e+00 
 2.21041398e-02  4.99994438e-08  2.21041398e-02  2.90911105e-02  2.21041398e-02  4.39990320e-05  2.21041398e-02  1.99990910e+00 
 2.21141398e-02  4.99994437e-08  2.21141398e-02  2.90927797e-02  2.21141398e-02  4.39990320e-05  2.21141398e-02  1.99990910e+00 
 2.21241398e-02  4.99994428e-08  2.21241398e-02  2.90944433e-02  2.21241398e-02  4.39990320e-05  2.21241398e-02  1.99990910e+00 
 2.21341398e-02  4.99994437e-08  2.21341398e-02  2.90961013e-02  2.21341398e-02  4.39990320e-05  2.21341398e-02  1.99990910e+00 
 2.21441398e-02  4.99994444e-08  2.21441398e-02  2.90977537e-02  2.21441398e-02  4.39990320e-05  2.21441398e-02  1.99990910e+00 
 2.21541398e-02  4.99994445e-08  2.21541398e-02  2.90994005e-02  2.21541398e-02  4.39990320e-05  2.21541398e-02  1.99990910e+00 
 2.21641398e-02  4.99994443e-08  2.21641398e-02  2.91010417e-02  2.21641398e-02  4.39990320e-05  2.21641398e-02  1.99990910e+00 
 2.21741398e-02  4.99994425e-08  2.21741398e-02  2.91026775e-02  2.21741398e-02  4.39990320e-05  2.21741398e-02  1.99990910e+00 
 2.21841398e-02  4.99994438e-08  2.21841398e-02  2.91043077e-02  2.21841398e-02  4.39990320e-05  2.21841398e-02  1.99990910e+00 
 2.21941398e-02  4.99994436e-08  2.21941398e-02  2.91059324e-02  2.21941398e-02  4.39990320e-05  2.21941398e-02  1.99990910e+00 
 2.22041398e-02  4.99994440e-08  2.22041398e-02  2.91075516e-02  2.22041398e-02  4.39990320e-05  2.22041398e-02  1.99990910e+00 
 2.22141398e-02  4.99994435e-08  2.22141398e-02  2.91091653e-02  2.22141398e-02  4.39990320e-05  2.22141398e-02  1.99990910e+00 
 2.22241398e-02  4.99994437e-08  2.22241398e-02  2.91107736e-02  2.22241398e-02  4.39990320e-05  2.22241398e-02  1.99990910e+00 
 2.22341398e-02  4.99994433e-08  2.22341398e-02  2.91123765e-02  2.22341398e-02  4.39990320e-05  2.22341398e-02  1.99990910e+00 
 2.22441398e-02  4.99994440e-08  2.22441398e-02  2.91139740e-02  2.22441398e-02  4.39990320e-05  2.22441398e-02  1.99990910e+00 
 2.22541398e-02  4.99994437e-08  2.22541398e-02  2.91155661e-02  2.22541398e-02  4.39990320e-05  2.22541398e-02  1.99990910e+00 
 2.22641398e-02  4.99994436e-08  2.22641398e-02  2.91171528e-02  2.22641398e-02  4.39990320e-05  2.22641398e-02  1.99990910e+00 
 2.22741398e-02  4.99994429e-08  2.22741398e-02  2.91187341e-02  2.22741398e-02  4.39990320e-05  2.22741398e-02  1.99990910e+00 
 2.22841398e-02  4.99994439e-08  2.22841398e-02  2.91203102e-02  2.22841398e-02  4.39990320e-05  2.22841398e-02  1.99990910e+00 
 2.22941398e-02  4.99994443e-08  2.22941398e-02  2.91218809e-02  2.22941398e-02  4.39990320e-05  2.22941398e-02  1.99990910e+00 
 2.23041398e-02  4.99994442e-08  2.23041398e-02  2.91234463e-02  2.23041398e-02  4.39990320e-05  2.23041398e-02  1.99990910e+00 
 2.23141398e-02  4.99994444e-08  2.23141398e-02  2.91250064e-02  2.23141398e-02  4.39990320e-05  2.23141398e-02  1.99990910e+00 
 2.23241398e-02  4.99994430e-08  2.23241398e-02  2.91265612e-02  2.23241398e-02  4.39990320e-05  2.23241398e-02  1.99990910e+00 
 2.23341398e-02  4.99994440e-08  2.23341398e-02  2.91281108e-02  2.23341398e-02  4.39990320e-05  2.23341398e-02  1.99990910e+00 
 2.23441398e-02  4.99994429e-08  2.23441398e-02  2.91296552e-02  2.23441398e-02  4.39990320e-05  2.23441398e-02  1.99990910e+00 
 2.23541398e-02  4.99994434e-08  2.23541398e-02  2.91311944e-02  2.23541398e-02  4.39990320e-05  2.23541398e-02  1.99990910e+00 
 2.23641398e-02  4.99994442e-08  2.23641398e-02  2.91327284e-02  2.23641398e-02  4.39990320e-05  2.23641398e-02  1.99990910e+00 
 2.23741398e-02  4.99994430e-08  2.23741398e-02  2.91342572e-02  2.23741398e-02  4.39990320e-05  2.23741398e-02  1.99990910e+00 
 2.23841398e-02  4.99994436e-08  2.23841398e-02  2.91357808e-02  2.23841398e-02  4.39990320e-05  2.23841398e-02  1.99990910e+00 
 2.23941398e-02  4.99994445e-08  2.23941398e-02  2.91372993e-02  2.23941398e-02  4.39990320e-05  2.23941398e-02  1.99990910e+00 
 2.24041398e-02  4.99994429e-08  2.24041398e-02  2.91388127e-02  2.24041398e-02  4.39990320e-05  2.24041398e-02  1.99990910e+00 
 2.24141398e-02  4.99994431e-08  2.24141398e-02  2.91403209e-02  2.24141398e-02  4.39990320e-05  2.24141398e-02  1.99990910e+00 
 2.24241398e-02  4.99994444e-08  2.24241398e-02  2.91418241e-02  2.24241398e-02  4.39990320e-05  2.24241398e-02  1.99990910e+00 
 2.24341398e-02  4.99994435e-08  2.24341398e-02  2.91433222e-02  2.24341398e-02  4.39990320e-05  2.24341398e-02  1.99990910e+00 
 2.24441398e-02  4.99994437e-08  2.24441398e-02  2.91448153e-02  2.24441398e-02  4.39990320e-05  2.24441398e-02  1.99990910e+00 
 2.24541398e-02  4.99994437e-08  2.24541398e-02  2.91463033e-02  2.24541398e-02  4.39990320e-05  2.24541398e-02  1.99990910e+00 
 2.24641398e-02  4.99994444e-08  2.24641398e-02  2.91477863e-02  2.24641398e-02  4.39990320e-05  2.24641398e-02  1.99990910e+00 
 2.24741398e-02  4.99994434e-08  2.24741398e-02  2.91492643e-02  2.24741398e-02  4.39990320e-05  2.24741398e-02  1.99990910e+00 
 2.24841398e-02  4.99994439e-08  2.24841398e-02  2.91507373e-02  2.24841398e-02  4.39990320e-05  2.24841398e-02  1.99990910e+00 
 2.24941398e-02  4.99994443e-08  2.24941398e-02  2.91522053e-02  2.24941398e-02  4.39990320e-05  2.24941398e-02  1.99990910e+00 
 2.25041398e-02  4.99994444e-08  2.25041398e-02  2.91536684e-02  2.25041398e-02  4.39990320e-05  2.25041398e-02  1.99990910e+00 
 2.25141398e-02  4.99994426e-08  2.25141398e-02  2.91551265e-02  2.25141398e-02  4.39990320e-05  2.25141398e-02  1.99990910e+00 
 2.25241398e-02  4.99994435e-08  2.25241398e-02  2.91565798e-02  2.25241398e-02  4.39990320e-05  2.25241398e-02  1.99990910e+00 
 2.25341398e-02  4.99994432e-08  2.25341398e-02  2.91580281e-02  2.25341398e-02  4.39990320e-05  2.25341398e-02  1.99990910e+00 
 2.25441398e-02  4.99994442e-08  2.25441398e-02  2.91594715e-02  2.25441398e-02  4.39990320e-05  2.25441398e-02  1.99990910e+00 
 2.25541398e-02  4.99994441e-08  2.25541398e-02  2.91609101e-02  2.25541398e-02  4.39990320e-05  2.25541398e-02  1.99990910e+00 
 2.25641398e-02  4.99994437e-08  2.25641398e-02  2.91623438e-02  2.25641398e-02  4.39990320e-05  2.25641398e-02  1.99990910e+00 
 2.25741398e-02  4.99994444e-08  2.25741398e-02  2.91637726e-02  2.25741398e-02  4.39990320e-05  2.25741398e-02  1.99990910e+00 
 2.25841398e-02  4.99994439e-08  2.25841398e-02  2.91651967e-02  2.25841398e-02  4.39990320e-05  2.25841398e-02  1.99990910e+00 
 2.25941398e-02  4.99994444e-08  2.25941398e-02  2.91666159e-02  2.25941398e-02  4.39990320e-05  2.25941398e-02  1.99990910e+00 
 2.26041398e-02  4.99994438e-08  2.26041398e-02  2.91680304e-02  2.26041398e-02  4.39990320e-05  2.26041398e-02  1.99990910e+00 
 2.26141398e-02  4.99994435e-08  2.26141398e-02  2.91694400e-02  2.26141398e-02  4.39990320e-05  2.26141398e-02  1.99990910e+00 
 2.26241398e-02  4.99994428e-08  2.26241398e-02  2.91708450e-02  2.26241398e-02  4.39990320e-05  2.26241398e-02  1.99990910e+00 
 2.26341398e-02  4.99994441e-08  2.26341398e-02  2.91722451e-02  2.26341398e-02  4.39990320e-05  2.26341398e-02  1.99990910e+00 
 2.26441398e-02  4.99994445e-08  2.26441398e-02  2.91736406e-02  2.26441398e-02  4.39990320e-05  2.26441398e-02  1.99990910e+00 
 2.26541398e-02  4.99994440e-08  2.26541398e-02  2.91750314e-02  2.26541398e-02  4.39990320e-05  2.26541398e-02  1.99990910e+00 
 2.26641398e-02  4.99994439e-08  2.26641398e-02  2.91764174e-02  2.26641398e-02  4.39990320e-05  2.26641398e-02  1.99990910e+00 
 2.26741398e-02  4.99994430e-08  2.26741398e-02  2.91777988e-02  2.26741398e-02  4.39990320e-05  2.26741398e-02  1.99990910e+00 
 2.26841398e-02  4.99994436e-08  2.26841398e-02  2.91791755e-02  2.26841398e-02  4.39990320e-05  2.26841398e-02  1.99990910e+00 
 2.26941398e-02  4.99994440e-08  2.26941398e-02  2.91805476e-02  2.26941398e-02  4.39990320e-05  2.26941398e-02  1.99990910e+00 
 2.27041398e-02  4.99994444e-08  2.27041398e-02  2.91819150e-02  2.27041398e-02  4.39990320e-05  2.27041398e-02  1.99990910e+00 
 2.27141398e-02  4.99994428e-08  2.27141398e-02  2.91832778e-02  2.27141398e-02  4.39990320e-05  2.27141398e-02  1.99990910e+00 
 2.27241398e-02  4.99994436e-08  2.27241398e-02  2.91846361e-02  2.27241398e-02  4.39990320e-05  2.27241398e-02  1.99990910e+00 
 2.27341398e-02  4.99994428e-08  2.27341398e-02  2.91859897e-02  2.27341398e-02  4.39990320e-05  2.27341398e-02  1.99990910e+00 
 2.27441398e-02  4.99994439e-08  2.27441398e-02  2.91873388e-02  2.27441398e-02  4.39990320e-05  2.27441398e-02  1.99990910e+00 
 2.27541398e-02  4.99994446e-08  2.27541398e-02  2.91886833e-02  2.27541398e-02  4.39990320e-05  2.27541398e-02  1.99990910e+00 
 2.27641398e-02  4.99994444e-08  2.27641398e-02  2.91900233e-02  2.27641398e-02  4.39990320e-05  2.27641398e-02  1.99990910e+00 
 2.27741398e-02  4.99994441e-08  2.27741398e-02  2.91913588e-02  2.27741398e-02  4.39990320e-05  2.27741398e-02  1.99990910e+00 
 2.27841398e-02  4.99994426e-08  2.27841398e-02  2.91926897e-02  2.27841398e-02  4.39990320e-05  2.27841398e-02  1.99990910e+00 
 2.27941398e-02  4.99994442e-08  2.27941398e-02  2.91940162e-02  2.27941398e-02  4.39990320e-05  2.27941398e-02  1.99990910e+00 
 2.28041398e-02  4.99994426e-08  2.28041398e-02  2.91953382e-02  2.28041398e-02  4.39990320e-05  2.28041398e-02  1.99990910e+00 
 2.28141398e-02  4.99994422e-08  2.28141398e-02  2.91966557e-02  2.28141398e-02  4.39990320e-05  2.28141398e-02  1.99990910e+00 
 2.28241398e-02  4.99994437e-08  2.28241398e-02  2.91979688e-02  2.28241398e-02  4.39990320e-05  2.28241398e-02  1.99990910e+00 
 2.28341398e-02  4.99994444e-08  2.28341398e-02  2.91992775e-02  2.28341398e-02  4.39990320e-05  2.28341398e-02  1.99990910e+00 
 2.28441398e-02  4.99994440e-08  2.28441398e-02  2.92005817e-02  2.28441398e-02  4.39990320e-05  2.28441398e-02  1.99990910e+00 
 2.28541398e-02  4.99994439e-08  2.28541398e-02  2.92018816e-02  2.28541398e-02  4.39990320e-05  2.28541398e-02  1.99990910e+00 
 2.28641398e-02  4.99994430e-08  2.28641398e-02  2.92031770e-02  2.28641398e-02  4.39990320e-05  2.28641398e-02  1.99990910e+00 
 2.28741398e-02  4.99994437e-08  2.28741398e-02  2.92044681e-02  2.28741398e-02  4.39990320e-05  2.28741398e-02  1.99990910e+00 
 2.28841398e-02  4.99994442e-08  2.28841398e-02  2.92057548e-02  2.28841398e-02  4.39990320e-05  2.28841398e-02  1.99990910e+00 
 2.28941398e-02  4.99994445e-08  2.28941398e-02  2.92070372e-02  2.28941398e-02  4.39990320e-05  2.28941398e-02  1.99990910e+00 
 2.29041398e-02  4.99994426e-08  2.29041398e-02  2.92083153e-02  2.29041398e-02  4.39990320e-05  2.29041398e-02  1.99990910e+00 
 2.29141398e-02  4.99994434e-08  2.29141398e-02  2.92095890e-02  2.29141398e-02  4.39990320e-05  2.29141398e-02  1.99990910e+00 
 2.29241398e-02  4.99994431e-08  2.29241398e-02  2.92108585e-02  2.29241398e-02  4.39990320e-05  2.29241398e-02  1.99990910e+00 
 2.29341398e-02  4.99994443e-08  2.29341398e-02  2.92121236e-02  2.29341398e-02  4.39990320e-05  2.29341398e-02  1.99990910e+00 
 2.29441398e-02  4.99994443e-08  2.29441398e-02  2.92133845e-02  2.29441398e-02  4.39990320e-05  2.29441398e-02  1.99990910e+00 
 2.29541398e-02  4.99994436e-08  2.29541398e-02  2.92146412e-02  2.29541398e-02  4.39990320e-05  2.29541398e-02  1.99990910e+00 
 2.29641398e-02  4.99994441e-08  2.29641398e-02  2.92158936e-02  2.29641398e-02  4.39990320e-05  2.29641398e-02  1.99990910e+00 
 2.29741398e-02  4.99994437e-08  2.29741398e-02  2.92171417e-02  2.29741398e-02  4.39990320e-05  2.29741398e-02  1.99990910e+00 
 2.29841398e-02  4.99994438e-08  2.29841398e-02  2.92183857e-02  2.29841398e-02  4.39990320e-05  2.29841398e-02  1.99990910e+00 
 2.29941398e-02  4.99994431e-08  2.29941398e-02  2.92196255e-02  2.29941398e-02  4.39990320e-05  2.29941398e-02  1.99990910e+00 
 2.30041398e-02  4.99994437e-08  2.30041398e-02  2.92208610e-02  2.30041398e-02  4.39990320e-05  2.30041398e-02  1.99990910e+00 
 2.30141398e-02  4.99994440e-08  2.30141398e-02  2.92220925e-02  2.30141398e-02  4.39990320e-05  2.30141398e-02  1.99990910e+00 
 2.30241398e-02  4.99994443e-08  2.30241398e-02  2.92233197e-02  2.30241398e-02  4.39990320e-05  2.30241398e-02  1.99990910e+00 
 2.30341398e-02  4.99994428e-08  2.30341398e-02  2.92245428e-02  2.30341398e-02  4.39990320e-05  2.30341398e-02  1.99990910e+00 
 2.30441398e-02  4.99994438e-08  2.30441398e-02  2.92257618e-02  2.30441398e-02  4.39990320e-05  2.30441398e-02  1.99990910e+00 
 2.30541398e-02  4.99994430e-08  2.30541398e-02  2.92269767e-02  2.30541398e-02  4.39990320e-05  2.30541398e-02  1.99990910e+00 
 2.30641398e-02  4.99994435e-08  2.30641398e-02  2.92281875e-02  2.30641398e-02  4.39990320e-05  2.30641398e-02  1.99990910e+00 
 2.30741398e-02  4.99994442e-08  2.30741398e-02  2.92293942e-02  2.30741398e-02  4.39990320e-05  2.30741398e-02  1.99990910e+00 
 2.30841398e-02  4.99994426e-08  2.30841398e-02  2.92305968e-02  2.30841398e-02  4.39990320e-05  2.30841398e-02  1.99990910e+00 
 2.30941398e-02  4.99994435e-08  2.30941398e-02  2.92317953e-02  2.30941398e-02  4.39990320e-05  2.30941398e-02  1.99990910e+00 
 2.31041398e-02  4.99994429e-08  2.31041398e-02  2.92329899e-02  2.31041398e-02  4.39990320e-05  2.31041398e-02  1.99990910e+00 
 2.31141398e-02  4.99994440e-08  2.31141398e-02  2.92341803e-02  2.31141398e-02  4.39990320e-05  2.31141398e-02  1.99990910e+00 
 2.31241398e-02  4.99994445e-08  2.31241398e-02  2.92353668e-02  2.31241398e-02  4.39990320e-05  2.31241398e-02  1.99990910e+00 
 2.31341398e-02  4.99994442e-08  2.31341398e-02  2.92365493e-02  2.31341398e-02  4.39990320e-05  2.31341398e-02  1.99990910e+00 
 2.31441398e-02  4.99994441e-08  2.31441398e-02  2.92377277e-02  2.31441398e-02  4.39990320e-05  2.31441398e-02  1.99990910e+00 
 2.31541398e-02  4.99994429e-08  2.31541398e-02  2.92389022e-02  2.31541398e-02  4.39990320e-05  2.31541398e-02  1.99990910e+00 
 2.31641398e-02  4.99994443e-08  2.31641398e-02  2.92400728e-02  2.31641398e-02  4.39990320e-05  2.31641398e-02  1.99990910e+00 
 2.31741398e-02  4.99994432e-08  2.31741398e-02  2.92412394e-02  2.31741398e-02  4.39990320e-05  2.31741398e-02  1.99990910e+00 
 2.31841398e-02  4.99994429e-08  2.31841398e-02  2.92424020e-02  2.31841398e-02  4.39990320e-05  2.31841398e-02  1.99990910e+00 
 2.31941398e-02  4.99994435e-08  2.31941398e-02  2.92435607e-02  2.31941398e-02  4.39990320e-05  2.31941398e-02  1.99990910e+00 
 2.32041398e-02  4.99994433e-08  2.32041398e-02  2.92447156e-02  2.32041398e-02  4.39990320e-05  2.32041398e-02  1.99990910e+00 
 2.32141398e-02  4.99994439e-08  2.32141398e-02  2.92458665e-02  2.32141398e-02  4.39990320e-05  2.32141398e-02  1.99990910e+00 
 2.32241398e-02  4.99994436e-08  2.32241398e-02  2.92470135e-02  2.32241398e-02  4.39990320e-05  2.32241398e-02  1.99990910e+00 
 2.32341398e-02  4.99994437e-08  2.32341398e-02  2.92481567e-02  2.32341398e-02  4.39990320e-05  2.32341398e-02  1.99990910e+00 
 2.32441398e-02  4.99994431e-08  2.32441398e-02  2.92492960e-02  2.32441398e-02  4.39990320e-05  2.32441398e-02  1.99990910e+00 
 2.32541398e-02  4.99994438e-08  2.32541398e-02  2.92504314e-02  2.32541398e-02  4.39990320e-05  2.32541398e-02  1.99990910e+00 
 2.32641398e-02  4.99994439e-08  2.32641398e-02  2.92515631e-02  2.32641398e-02  4.39990320e-05  2.32641398e-02  1.99990910e+00 
 2.32741398e-02  4.99994440e-08  2.32741398e-02  2.92526909e-02  2.32741398e-02  4.39990320e-05  2.32741398e-02  1.99990910e+00 
 2.32841398e-02  4.99994428e-08  2.32841398e-02  2.92538149e-02  2.32841398e-02  4.39990320e-05  2.32841398e-02  1.99990910e+00 
 2.32941398e-02  4.99994442e-08  2.32941398e-02  2.92549351e-02  2.32941398e-02  4.39990320e-05  2.32941398e-02  1.99990910e+00 
 2.33041398e-02  4.99994431e-08  2.33041398e-02  2.92560516e-02  2.33041398e-02  4.39990320e-05  2.33041398e-02  1.99990910e+00 
 2.33141398e-02  4.99994430e-08  2.33141398e-02  2.92571642e-02  2.33141398e-02  4.39990320e-05  2.33141398e-02  1.99990910e+00 
 2.33241398e-02  4.99994436e-08  2.33241398e-02  2.92582731e-02  2.33241398e-02  4.39990320e-05  2.33241398e-02  1.99990910e+00 
 2.33341398e-02  4.99994431e-08  2.33341398e-02  2.92593783e-02  2.33341398e-02  4.39990320e-05  2.33341398e-02  1.99990910e+00 
 2.33441398e-02  4.99994435e-08  2.33441398e-02  2.92604798e-02  2.33441398e-02  4.39990320e-05  2.33441398e-02  1.99990910e+00 
 2.33541398e-02  4.99994436e-08  2.33541398e-02  2.92615775e-02  2.33541398e-02  4.39990320e-05  2.33541398e-02  1.99990910e+00 
 2.33641398e-02  4.99994443e-08  2.33641398e-02  2.92626715e-02  2.33641398e-02  4.39990320e-05  2.33641398e-02  1.99990910e+00 
 2.33741398e-02  4.99994434e-08  2.33741398e-02  2.92637618e-02  2.33741398e-02  4.39990320e-05  2.33741398e-02  1.99990910e+00 
 2.33841398e-02  4.99994441e-08  2.33841398e-02  2.92648485e-02  2.33841398e-02  4.39990320e-05  2.33841398e-02  1.99990910e+00 
 2.33941398e-02  4.99994443e-08  2.33941398e-02  2.92659315e-02  2.33941398e-02  4.39990320e-05  2.33941398e-02  1.99990910e+00 
 2.34041398e-02  4.99994441e-08  2.34041398e-02  2.92670108e-02  2.34041398e-02  4.39990320e-05  2.34041398e-02  1.99990910e+00 
 2.34141398e-02  4.99994445e-08  2.34141398e-02  2.92680865e-02  2.34141398e-02  4.39990320e-05  2.34141398e-02  1.99990910e+00 
 2.34241398e-02  4.99994433e-08  2.34241398e-02  2.92691585e-02  2.34241398e-02  4.39990320e-05  2.34241398e-02  1.99990910e+00 
 2.34341398e-02  4.99994440e-08  2.34341398e-02  2.92702270e-02  2.34341398e-02  4.39990320e-05  2.34341398e-02  1.99990910e+00 
 2.34441398e-02  4.99994445e-08  2.34441398e-02  2.92712918e-02  2.34441398e-02  4.39990320e-05  2.34441398e-02  1.99990910e+00 
 2.34541398e-02  4.99994445e-08  2.34541398e-02  2.92723531e-02  2.34541398e-02  4.39990320e-05  2.34541398e-02  1.99990910e+00 
 2.34641398e-02  4.99994443e-08  2.34641398e-02  2.92734107e-02  2.34641398e-02  4.39990320e-05  2.34641398e-02  1.99990910e+00 
 2.34741398e-02  4.99994425e-08  2.34741398e-02  2.92744648e-02  2.34741398e-02  4.39990320e-05  2.34741398e-02  1.99990910e+00 
 2.34841398e-02  4.99994438e-08  2.34841398e-02  2.92755154e-02  2.34841398e-02  4.39990320e-05  2.34841398e-02  1.99990910e+00 
 2.34941398e-02  4.99994436e-08  2.34941398e-02  2.92765623e-02  2.34941398e-02  4.39990320e-05  2.34941398e-02  1.99990910e+00 
 2.35041398e-02  4.99994439e-08  2.35041398e-02  2.92776058e-02  2.35041398e-02  4.39990320e-05  2.35041398e-02  1.99990910e+00 
 2.35141398e-02  4.99994434e-08  2.35141398e-02  2.92786457e-02  2.35141398e-02  4.39990320e-05  2.35141398e-02  1.99990910e+00 
 2.35241398e-02  4.99994438e-08  2.35241398e-02  2.92796822e-02  2.35241398e-02  4.39990320e-05  2.35241398e-02  1.99990910e+00 
 2.35341398e-02  4.99994435e-08  2.35341398e-02  2.92807151e-02  2.35341398e-02  4.39990320e-05  2.35341398e-02  1.99990910e+00 
 2.35441398e-02  4.99994439e-08  2.35441398e-02  2.92817445e-02  2.35441398e-02  4.39990320e-05  2.35441398e-02  1.99990910e+00 
 2.35541398e-02  4.99994434e-08  2.35541398e-02  2.92827705e-02  2.35541398e-02  4.39990320e-05  2.35541398e-02  1.99990910e+00 
 2.35641398e-02  4.99994437e-08  2.35641398e-02  2.92837930e-02  2.35641398e-02  4.39990320e-05  2.35641398e-02  1.99990910e+00 
 2.35741398e-02  4.99994434e-08  2.35741398e-02  2.92848121e-02  2.35741398e-02  4.39990320e-05  2.35741398e-02  1.99990910e+00 
 2.35841398e-02  4.99994440e-08  2.35841398e-02  2.92858277e-02  2.35841398e-02  4.39990320e-05  2.35841398e-02  1.99990910e+00 
 2.35941398e-02  4.99994437e-08  2.35941398e-02  2.92868399e-02  2.35941398e-02  4.39990320e-05  2.35941398e-02  1.99990910e+00 
 2.36041398e-02  4.99994436e-08  2.36041398e-02  2.92878487e-02  2.36041398e-02  4.39990320e-05  2.36041398e-02  1.99990910e+00 
 2.36141398e-02  4.99994430e-08  2.36141398e-02  2.92888541e-02  2.36141398e-02  4.39990320e-05  2.36141398e-02  1.99990910e+00 
 2.36241398e-02  4.99994439e-08  2.36241398e-02  2.92898560e-02  2.36241398e-02  4.39990320e-05  2.36241398e-02  1.99990910e+00 
 2.36341398e-02  4.99994442e-08  2.36341398e-02  2.92908546e-02  2.36341398e-02  4.39990320e-05  2.36341398e-02  1.99990910e+00 
 2.36441398e-02  4.99994441e-08  2.36441398e-02  2.92918499e-02  2.36441398e-02  4.39990320e-05  2.36441398e-02  1.99990910e+00 
 2.36541398e-02  4.99994445e-08  2.36541398e-02  2.92928417e-02  2.36541398e-02  4.39990320e-05  2.36541398e-02  1.99990910e+00 
 2.36641398e-02  4.99994432e-08  2.36641398e-02  2.92938303e-02  2.36641398e-02  4.39990320e-05  2.36641398e-02  1.99990910e+00 
 2.36741398e-02  4.99994439e-08  2.36741398e-02  2.92948155e-02  2.36741398e-02  4.39990320e-05  2.36741398e-02  1.99990910e+00 
 2.36841398e-02  4.99994425e-08  2.36841398e-02  2.92957973e-02  2.36841398e-02  4.39990320e-05  2.36841398e-02  1.99990910e+00 
 2.36941398e-02  4.99994432e-08  2.36941398e-02  2.92967759e-02  2.36941398e-02  4.39990320e-05  2.36941398e-02  1.99990910e+00 
 2.37041398e-02  4.99994426e-08  2.37041398e-02  2.92977511e-02  2.37041398e-02  4.39990320e-05  2.37041398e-02  1.99990910e+00 
 2.37141398e-02  4.99994441e-08  2.37141398e-02  2.92987231e-02  2.37141398e-02  4.39990320e-05  2.37141398e-02  1.99990910e+00 
 2.37241398e-02  4.99994429e-08  2.37241398e-02  2.92996918e-02  2.37241398e-02  4.39990320e-05  2.37241398e-02  1.99990910e+00 
 2.37341398e-02  4.99994428e-08  2.37341398e-02  2.93006572e-02  2.37341398e-02  4.39990320e-05  2.37341398e-02  1.99990910e+00 
 2.37441398e-02  4.99994439e-08  2.37441398e-02  2.93016193e-02  2.37441398e-02  4.39990320e-05  2.37441398e-02  1.99990910e+00 
 2.37541398e-02  4.99994435e-08  2.37541398e-02  2.93025783e-02  2.37541398e-02  4.39990320e-05  2.37541398e-02  1.99990910e+00 
 2.37641398e-02  4.99994434e-08  2.37641398e-02  2.93035339e-02  2.37641398e-02  4.39990320e-05  2.37641398e-02  1.99990910e+00 
 2.37741398e-02  4.99994429e-08  2.37741398e-02  2.93044864e-02  2.37741398e-02  4.39990320e-05  2.37741398e-02  1.99990910e+00 
 2.37841398e-02  4.99994441e-08  2.37841398e-02  2.93054356e-02  2.37841398e-02  4.39990320e-05  2.37841398e-02  1.99990910e+00 
 2.37941398e-02  4.99994445e-08  2.37941398e-02  2.93063816e-02  2.37941398e-02  4.39990320e-05  2.37941398e-02  1.99990910e+00 
 2.38041398e-02  4.99994439e-08  2.38041398e-02  2.93073245e-02  2.38041398e-02  4.39990320e-05  2.38041398e-02  1.99990910e+00 
 2.38141398e-02  4.99994439e-08  2.38141398e-02  2.93082641e-02  2.38141398e-02  4.39990320e-05  2.38141398e-02  1.99990910e+00 
 2.38241398e-02  4.99994432e-08  2.38241398e-02  2.93092006e-02  2.38241398e-02  4.39990320e-05  2.38241398e-02  1.99990910e+00 
 2.38341398e-02  4.99994438e-08  2.38341398e-02  2.93101340e-02  2.38341398e-02  4.39990320e-05  2.38341398e-02  1.99990910e+00 
 2.38441398e-02  4.99994438e-08  2.38441398e-02  2.93110641e-02  2.38441398e-02  4.39990320e-05  2.38441398e-02  1.99990910e+00 
 2.38541398e-02  4.99994441e-08  2.38541398e-02  2.93119912e-02  2.38541398e-02  4.39990320e-05  2.38541398e-02  1.99990910e+00 
 2.38641398e-02  4.99994431e-08  2.38641398e-02  2.93129151e-02  2.38641398e-02  4.39990320e-05  2.38641398e-02  1.99990910e+00 
 2.38741398e-02  4.99994442e-08  2.38741398e-02  2.93138359e-02  2.38741398e-02  4.39990320e-05  2.38741398e-02  1.99990910e+00 
 2.38841398e-02  4.99994428e-08  2.38841398e-02  2.93147536e-02  2.38841398e-02  4.39990320e-05  2.38841398e-02  1.99990910e+00 
 2.38941398e-02  4.99994429e-08  2.38941398e-02  2.93156682e-02  2.38941398e-02  4.39990320e-05  2.38941398e-02  1.99990910e+00 
 2.39041398e-02  4.99994441e-08  2.39041398e-02  2.93165797e-02  2.39041398e-02  4.39990320e-05  2.39041398e-02  1.99990910e+00 
 2.39141398e-02  4.99994437e-08  2.39141398e-02  2.93174881e-02  2.39141398e-02  4.39990320e-05  2.39141398e-02  1.99990910e+00 
 2.39241398e-02  4.99994442e-08  2.39241398e-02  2.93183934e-02  2.39241398e-02  4.39990320e-05  2.39241398e-02  1.99990910e+00 
 2.39341398e-02  4.99994438e-08  2.39341398e-02  2.93192958e-02  2.39341398e-02  4.39990320e-05  2.39341398e-02  1.99990910e+00 
 2.39441398e-02  4.99994437e-08  2.39441398e-02  2.93201950e-02  2.39441398e-02  4.39990320e-05  2.39441398e-02  1.99990910e+00 
 2.39541398e-02  4.99994429e-08  2.39541398e-02  2.93210912e-02  2.39541398e-02  4.39990320e-05  2.39541398e-02  1.99990910e+00 
 2.39641398e-02  4.99994438e-08  2.39641398e-02  2.93219844e-02  2.39641398e-02  4.39990320e-05  2.39641398e-02  1.99990910e+00 
 2.39741398e-02  4.99994442e-08  2.39741398e-02  2.93228746e-02  2.39741398e-02  4.39990320e-05  2.39741398e-02  1.99990910e+00 
 2.39841398e-02  4.99994442e-08  2.39841398e-02  2.93237618e-02  2.39841398e-02  4.39990320e-05  2.39841398e-02  1.99990910e+00 
 2.39941398e-02  4.99994445e-08  2.39941398e-02  2.93246460e-02  2.39941398e-02  4.39990320e-05  2.39941398e-02  1.99990910e+00 
 2.40041398e-02  4.99994430e-08  2.40041398e-02  2.93255272e-02  2.40041398e-02  4.39990320e-05  2.40041398e-02  1.99990910e+00 
 2.40141398e-02  4.99994438e-08  2.40141398e-02  2.93264055e-02  2.40141398e-02  4.39990320e-05  2.40141398e-02  1.99990910e+00 
 2.40241398e-02  4.99994427e-08  2.40241398e-02  2.93272807e-02  2.40241398e-02  4.39990320e-05  2.40241398e-02  1.99990910e+00 
 2.40341398e-02  4.99994436e-08  2.40341398e-02  2.93281531e-02  2.40341398e-02  4.39990320e-05  2.40341398e-02  1.99990910e+00 
 2.40441398e-02  4.99994446e-08  2.40441398e-02  2.93290224e-02  2.40441398e-02  4.39990320e-05  2.40441398e-02  1.99990910e+00 
 2.40541398e-02  4.99994428e-08  2.40541398e-02  2.93298889e-02  2.40541398e-02  4.39990320e-05  2.40541398e-02  1.99990910e+00 
 2.40641398e-02  4.99994430e-08  2.40641398e-02  2.93307524e-02  2.40641398e-02  4.39990320e-05  2.40641398e-02  1.99990910e+00 
 2.40741398e-02  4.99994445e-08  2.40741398e-02  2.93316130e-02  2.40741398e-02  4.39990320e-05  2.40741398e-02  1.99990910e+00 
 2.40841398e-02  4.99994439e-08  2.40841398e-02  2.93324707e-02  2.40841398e-02  4.39990320e-05  2.40841398e-02  1.99990910e+00 
 2.40941398e-02  4.99994437e-08  2.40941398e-02  2.93333255e-02  2.40941398e-02  4.39990320e-05  2.40941398e-02  1.99990910e+00 
 2.41041398e-02  4.99994432e-08  2.41041398e-02  2.93341774e-02  2.41041398e-02  4.39990320e-05  2.41041398e-02  1.99990910e+00 
 2.41141398e-02  4.99994442e-08  2.41141398e-02  2.93350265e-02  2.41141398e-02  4.39990320e-05  2.41141398e-02  1.99990910e+00 
 2.41241398e-02  4.99994441e-08  2.41241398e-02  2.93358727e-02  2.41241398e-02  4.39990320e-05  2.41241398e-02  1.99990910e+00 
 2.41341398e-02  4.99994436e-08  2.41341398e-02  2.93367160e-02  2.41341398e-02  4.39990320e-05  2.41341398e-02  1.99990910e+00 
 2.41441398e-02  4.99994444e-08  2.41441398e-02  2.93375565e-02  2.41441398e-02  4.39990320e-05  2.41441398e-02  1.99990910e+00 
 2.41541398e-02  4.99994439e-08  2.41541398e-02  2.93383941e-02  2.41541398e-02  4.39990320e-05  2.41541398e-02  1.99990910e+00 
 2.41641398e-02  4.99994444e-08  2.41641398e-02  2.93392289e-02  2.41641398e-02  4.39990320e-05  2.41641398e-02  1.99990910e+00 
 2.41741398e-02  4.99994438e-08  2.41741398e-02  2.93400609e-02  2.41741398e-02  4.39990320e-05  2.41741398e-02  1.99990910e+00 
 2.41841398e-02  4.99994435e-08  2.41841398e-02  2.93408901e-02  2.41841398e-02  4.39990320e-05  2.41841398e-02  1.99990910e+00 
 2.41941398e-02  4.99994428e-08  2.41941398e-02  2.93417165e-02  2.41941398e-02  4.39990320e-05  2.41941398e-02  1.99990910e+00 
 2.42041398e-02  4.99994441e-08  2.42041398e-02  2.93425401e-02  2.42041398e-02  4.39990320e-05  2.42041398e-02  1.99990910e+00 
 2.42141398e-02  4.99994446e-08  2.42141398e-02  2.93433610e-02  2.42141398e-02  4.39990320e-05  2.42141398e-02  1.99990910e+00 
 2.42241398e-02  4.99994440e-08  2.42241398e-02  2.93441790e-02  2.42241398e-02  4.39990320e-05  2.42241398e-02  1.99990910e+00 
 2.42341398e-02  4.99994438e-08  2.42341398e-02  2.93449943e-02  2.42341398e-02  4.39990320e-05  2.42341398e-02  1.99990910e+00 
 2.42441398e-02  4.99994429e-08  2.42441398e-02  2.93458069e-02  2.42441398e-02  4.39990320e-05  2.42441398e-02  1.99990910e+00 
 2.42541398e-02  4.99994438e-08  2.42541398e-02  2.93466167e-02  2.42541398e-02  4.39990320e-05  2.42541398e-02  1.99990910e+00 
 2.42641398e-02  4.99994443e-08  2.42641398e-02  2.93474237e-02  2.42641398e-02  4.39990320e-05  2.42641398e-02  1.99990910e+00 
 2.42741398e-02  4.99994444e-08  2.42741398e-02  2.93482281e-02  2.42741398e-02  4.39990320e-05  2.42741398e-02  1.99990910e+00 
 2.42841398e-02  4.99994445e-08  2.42841398e-02  2.93490297e-02  2.42841398e-02  4.39990320e-05  2.42841398e-02  1.99990910e+00 
 2.42941398e-02  4.99994427e-08  2.42941398e-02  2.93498287e-02  2.42941398e-02  4.39990320e-05  2.42941398e-02  1.99990910e+00 
 2.43041398e-02  4.99994437e-08  2.43041398e-02  2.93506249e-02  2.43041398e-02  4.39990320e-05  2.43041398e-02  1.99990910e+00 
 2.43141398e-02  4.99994431e-08  2.43141398e-02  2.93514185e-02  2.43141398e-02  4.39990320e-05  2.43141398e-02  1.99990910e+00 
 2.43241398e-02  4.99994439e-08  2.43241398e-02  2.93522093e-02  2.43241398e-02  4.39990320e-05  2.43241398e-02  1.99990910e+00 
 2.43341398e-02  4.99994442e-08  2.43341398e-02  2.93529975e-02  2.43341398e-02  4.39990320e-05  2.43341398e-02  1.99990910e+00 
 2.43441398e-02  4.99994442e-08  2.43441398e-02  2.93537831e-02  2.43441398e-02  4.39990320e-05  2.43441398e-02  1.99990910e+00 
 2.43541398e-02  4.99994424e-08  2.43541398e-02  2.93545660e-02  2.43541398e-02  4.39990320e-05  2.43541398e-02  1.99990910e+00 
 2.43641398e-02  4.99994438e-08  2.43641398e-02  2.93553462e-02  2.43641398e-02  4.39990320e-05  2.43641398e-02  1.99990910e+00 
 2.43741398e-02  4.99994436e-08  2.43741398e-02  2.93561238e-02  2.43741398e-02  4.39990320e-05  2.43741398e-02  1.99990910e+00 
 2.43841398e-02  4.99994439e-08  2.43841398e-02  2.93568988e-02  2.43841398e-02  4.39990320e-05  2.43841398e-02  1.99990910e+00 
 2.43941398e-02  4.99994434e-08  2.43941398e-02  2.93576712e-02  2.43941398e-02  4.39990320e-05  2.43941398e-02  1.99990910e+00 
 2.44041398e-02  4.99994437e-08  2.44041398e-02  2.93584410e-02  2.44041398e-02  4.39990320e-05  2.44041398e-02  1.99990910e+00 
 2.44141398e-02  4.99994435e-08  2.44141398e-02  2.93592081e-02  2.44141398e-02  4.39990320e-05  2.44141398e-02  1.99990910e+00 
 2.44241398e-02  4.99994440e-08  2.44241398e-02  2.93599727e-02  2.44241398e-02  4.39990320e-05  2.44241398e-02  1.99990910e+00 
 2.44341398e-02  4.99994434e-08  2.44341398e-02  2.93607347e-02  2.44341398e-02  4.39990320e-05  2.44341398e-02  1.99990910e+00 
 2.44441398e-02  4.99994435e-08  2.44441398e-02  2.93614942e-02  2.44441398e-02  4.39990320e-05  2.44441398e-02  1.99990910e+00 
 2.44541398e-02  4.99994433e-08  2.44541398e-02  2.93622510e-02  2.44541398e-02  4.39990320e-05  2.44541398e-02  1.99990910e+00 
 2.44641398e-02  4.99994443e-08  2.44641398e-02  2.93630054e-02  2.44641398e-02  4.39990320e-05  2.44641398e-02  1.99990910e+00 
 2.44741398e-02  4.99994438e-08  2.44741398e-02  2.93637571e-02  2.44741398e-02  4.39990320e-05  2.44741398e-02  1.99990910e+00 
 2.44841398e-02  4.99994443e-08  2.44841398e-02  2.93645064e-02  2.44841398e-02  4.39990320e-05  2.44841398e-02  1.99990910e+00 
 2.44941398e-02  4.99994438e-08  2.44941398e-02  2.93652531e-02  2.44941398e-02  4.39990320e-05  2.44941398e-02  1.99990910e+00 
 2.45041398e-02  4.99994435e-08  2.45041398e-02  2.93659973e-02  2.45041398e-02  4.39990320e-05  2.45041398e-02  1.99990910e+00 
 2.45141398e-02  4.99994429e-08  2.45141398e-02  2.93667389e-02  2.45141398e-02  4.39990320e-05  2.45141398e-02  1.99990910e+00 
 2.45241398e-02  4.99994441e-08  2.45241398e-02  2.93674781e-02  2.45241398e-02  4.39990320e-05  2.45241398e-02  1.99990910e+00 
 2.45341398e-02  4.99994444e-08  2.45341398e-02  2.93682148e-02  2.45341398e-02  4.39990320e-05  2.45341398e-02  1.99990910e+00 
 2.45441398e-02  4.99994439e-08  2.45441398e-02  2.93689490e-02  2.45441398e-02  4.39990320e-05  2.45441398e-02  1.99990910e+00 
 2.45541398e-02  4.99994440e-08  2.45541398e-02  2.93696807e-02  2.45541398e-02  4.39990320e-05  2.45541398e-02  1.99990910e+00 
 2.45641398e-02  4.99994432e-08  2.45641398e-02  2.93704100e-02  2.45641398e-02  4.39990320e-05  2.45641398e-02  1.99990910e+00 
 2.45741398e-02  4.99994435e-08  2.45741398e-02  2.93711368e-02  2.45741398e-02  4.39990320e-05  2.45741398e-02  1.99990910e+00 
 2.45841398e-02  4.99994437e-08  2.45841398e-02  2.93718611e-02  2.45841398e-02  4.39990320e-05  2.45841398e-02  1.99990910e+00 
 2.45941398e-02  4.99994444e-08  2.45941398e-02  2.93725830e-02  2.45941398e-02  4.39990320e-05  2.45941398e-02  1.99990910e+00 
 2.46041398e-02  4.99994433e-08  2.46041398e-02  2.93733024e-02  2.46041398e-02  4.39990320e-05  2.46041398e-02  1.99990910e+00 
 2.46141398e-02  4.99994438e-08  2.46141398e-02  2.93740195e-02  2.46141398e-02  4.39990320e-05  2.46141398e-02  1.99990910e+00 
 2.46241398e-02  4.99994443e-08  2.46241398e-02  2.93747341e-02  2.46241398e-02  4.39990320e-05  2.46241398e-02  1.99990910e+00 
 2.46341398e-02  4.99994425e-08  2.46341398e-02  2.93754463e-02  2.46341398e-02  4.39990320e-05  2.46341398e-02  1.99990910e+00 
 2.46441398e-02  4.99994433e-08  2.46441398e-02  2.93761561e-02  2.46441398e-02  4.39990320e-05  2.46441398e-02  1.99990910e+00 
 2.46541398e-02  4.99994430e-08  2.46541398e-02  2.93768635e-02  2.46541398e-02  4.39990320e-05  2.46541398e-02  1.99990910e+00 
 2.46641398e-02  4.99994434e-08  2.46641398e-02  2.93775685e-02  2.46641398e-02  4.39990320e-05  2.46641398e-02  1.99990910e+00 
 2.46741398e-02  4.99994433e-08  2.46741398e-02  2.93782711e-02  2.46741398e-02  4.39990320e-05  2.46741398e-02  1.99990910e+00 
 2.46841398e-02  4.99994442e-08  2.46841398e-02  2.93789714e-02  2.46841398e-02  4.39990320e-05  2.46841398e-02  1.99990910e+00 
 2.46941398e-02  4.99994438e-08  2.46941398e-02  2.93796693e-02  2.46941398e-02  4.39990320e-05  2.46941398e-02  1.99990910e+00 
 2.47041398e-02  4.99994444e-08  2.47041398e-02  2.93803648e-02  2.47041398e-02  4.39990320e-05  2.47041398e-02  1.99990910e+00 
 2.47141398e-02  4.99994439e-08  2.47141398e-02  2.93810580e-02  2.47141398e-02  4.39990320e-05  2.47141398e-02  1.99990910e+00 
 2.47241398e-02  4.99994435e-08  2.47241398e-02  2.93817489e-02  2.47241398e-02  4.39990320e-05  2.47241398e-02  1.99990910e+00 
 2.47341398e-02  4.99994426e-08  2.47341398e-02  2.93824374e-02  2.47341398e-02  4.39990320e-05  2.47341398e-02  1.99990910e+00 
 2.47441398e-02  4.99994440e-08  2.47441398e-02  2.93831236e-02  2.47441398e-02  4.39990320e-05  2.47441398e-02  1.99990910e+00 
 2.47541398e-02  4.99994427e-08  2.47541398e-02  2.93838075e-02  2.47541398e-02  4.39990320e-05  2.47541398e-02  1.99990910e+00 
 2.47641398e-02  4.99994428e-08  2.47641398e-02  2.93844891e-02  2.47641398e-02  4.39990320e-05  2.47641398e-02  1.99990910e+00 
 2.47741398e-02  4.99994441e-08  2.47741398e-02  2.93851683e-02  2.47741398e-02  4.39990320e-05  2.47741398e-02  1.99990910e+00 
 2.47841398e-02  4.99994437e-08  2.47841398e-02  2.93858453e-02  2.47841398e-02  4.39990320e-05  2.47841398e-02  1.99990910e+00 
 2.47941398e-02  4.99994441e-08  2.47941398e-02  2.93865200e-02  2.47941398e-02  4.39990320e-05  2.47941398e-02  1.99990910e+00 
 2.48041398e-02  4.99994436e-08  2.48041398e-02  2.93871925e-02  2.48041398e-02  4.39990320e-05  2.48041398e-02  1.99990910e+00 
 2.48141398e-02  4.99994438e-08  2.48141398e-02  2.93878626e-02  2.48141398e-02  4.39990320e-05  2.48141398e-02  1.99990910e+00 
 2.48241398e-02  4.99994432e-08  2.48241398e-02  2.93885305e-02  2.48241398e-02  4.39990320e-05  2.48241398e-02  1.99990910e+00 
 2.48341398e-02  4.99994438e-08  2.48341398e-02  2.93891962e-02  2.48341398e-02  4.39990320e-05  2.48341398e-02  1.99990910e+00 
 2.48441398e-02  4.99994438e-08  2.48441398e-02  2.93898596e-02  2.48441398e-02  4.39990320e-05  2.48441398e-02  1.99990910e+00 
 2.48541398e-02  4.99994441e-08  2.48541398e-02  2.93905207e-02  2.48541398e-02  4.39990320e-05  2.48541398e-02  1.99990910e+00 
 2.48641398e-02  4.99994429e-08  2.48641398e-02  2.93911796e-02  2.48641398e-02  4.39990320e-05  2.48641398e-02  1.99990910e+00 
 2.48741398e-02  4.99994442e-08  2.48741398e-02  2.93918364e-02  2.48741398e-02  4.39990320e-05  2.48741398e-02  1.99990910e+00 
 2.48841398e-02  4.99994430e-08  2.48841398e-02  2.93924908e-02  2.48841398e-02  4.39990320e-05  2.48841398e-02  1.99990910e+00 
 2.48941398e-02  4.99994430e-08  2.48941398e-02  2.93931431e-02  2.48941398e-02  4.39990320e-05  2.48941398e-02  1.99990910e+00 
 2.49041398e-02  4.99994438e-08  2.49041398e-02  2.93937932e-02  2.49041398e-02  4.39990320e-05  2.49041398e-02  1.99990910e+00 
 2.49141398e-02  4.99994434e-08  2.49141398e-02  2.93944411e-02  2.49141398e-02  4.39990320e-05  2.49141398e-02  1.99990910e+00 
 2.49241398e-02  4.99994434e-08  2.49241398e-02  2.93950868e-02  2.49241398e-02  4.39990320e-05  2.49241398e-02  1.99990910e+00 
 2.49341398e-02  4.99994431e-08  2.49341398e-02  2.93957303e-02  2.49341398e-02  4.39990320e-05  2.49341398e-02  1.99990910e+00 
 2.49441398e-02  4.99994443e-08  2.49441398e-02  2.93963717e-02  2.49441398e-02  4.39990320e-05  2.49441398e-02  1.99990910e+00 
 2.49541398e-02  4.99994441e-08  2.49541398e-02  2.93970108e-02  2.49541398e-02  4.39990320e-05  2.49541398e-02  1.99990910e+00 
 2.49641398e-02  4.99994434e-08  2.49641398e-02  2.93976479e-02  2.49641398e-02  4.39990320e-05  2.49641398e-02  1.99990910e+00 
 2.49741398e-02  4.99994443e-08  2.49741398e-02  2.93982827e-02  2.49741398e-02  4.39990320e-05  2.49741398e-02  1.99990910e+00 
 2.49841398e-02  4.99994441e-08  2.49841398e-02  2.93989155e-02  2.49841398e-02  4.39990320e-05  2.49841398e-02  1.99990910e+00 
 2.49941398e-02  4.99994437e-08  2.49941398e-02  2.93995461e-02  2.49941398e-02  4.39990320e-05  2.49941398e-02  1.99990910e+00 
 2.50041398e-02  4.99994445e-08  2.50041398e-02  2.94001746e-02  2.50041398e-02  4.39990320e-05  2.50041398e-02  1.99990910e+00 
 2.50141398e-02  4.99994439e-08  2.50141398e-02  2.94008009e-02  2.50141398e-02  4.39990320e-05  2.50141398e-02  1.99990910e+00 
 2.50241398e-02  4.99994443e-08  2.50241398e-02  2.94014252e-02  2.50241398e-02  4.39990320e-05  2.50241398e-02  1.99990910e+00 
 2.50341398e-02  4.99994437e-08  2.50341398e-02  2.94020473e-02  2.50341398e-02  4.39990320e-05  2.50341398e-02  1.99990910e+00 
 2.50441398e-02  4.99994436e-08  2.50441398e-02  2.94026673e-02  2.50441398e-02  4.39990320e-05  2.50441398e-02  1.99990910e+00 
 2.50541398e-02  4.99994430e-08  2.50541398e-02  2.94032853e-02  2.50541398e-02  4.39990320e-05  2.50541398e-02  1.99990910e+00 
 2.50641398e-02  4.99994440e-08  2.50641398e-02  2.94039011e-02  2.50641398e-02  4.39990320e-05  2.50641398e-02  1.99990910e+00 
 2.50741398e-02  4.99994442e-08  2.50741398e-02  2.94045149e-02  2.50741398e-02  4.39990320e-05  2.50741398e-02  1.99990910e+00 
 2.50841398e-02  4.99994439e-08  2.50841398e-02  2.94051266e-02  2.50841398e-02  4.39990320e-05  2.50841398e-02  1.99990910e+00 
 2.50941398e-02  4.99994444e-08  2.50941398e-02  2.94057362e-02  2.50941398e-02  4.39990320e-05  2.50941398e-02  1.99990910e+00 
 2.51041398e-02  4.99994434e-08  2.51041398e-02  2.94063438e-02  2.51041398e-02  4.39990320e-05  2.51041398e-02  1.99990910e+00 
 2.51141398e-02  4.99994441e-08  2.51141398e-02  2.94069494e-02  2.51141398e-02  4.39990320e-05  2.51141398e-02  1.99990910e+00 
 2.51241398e-02  4.99994444e-08  2.51241398e-02  2.94075529e-02  2.51241398e-02  4.39990320e-05  2.51241398e-02  1.99990910e+00 
 2.51341398e-02  4.99994442e-08  2.51341398e-02  2.94081543e-02  2.51341398e-02  4.39990320e-05  2.51341398e-02  1.99990910e+00 
 2.51441398e-02  4.99994443e-08  2.51441398e-02  2.94087537e-02  2.51441398e-02  4.39990320e-05  2.51441398e-02  1.99990910e+00 
 2.51541398e-02  4.99994430e-08  2.51541398e-02  2.94093511e-02  2.51541398e-02  4.39990320e-05  2.51541398e-02  1.99990910e+00 
 2.51641398e-02  4.99994440e-08  2.51641398e-02  2.94099465e-02  2.51641398e-02  4.39990320e-05  2.51641398e-02  1.99990910e+00 
 2.51741398e-02  4.99994429e-08  2.51741398e-02  2.94105399e-02  2.51741398e-02  4.39990320e-05  2.51741398e-02  1.99990910e+00 
 2.51841398e-02  4.99994432e-08  2.51841398e-02  2.94111313e-02  2.51841398e-02  4.39990320e-05  2.51841398e-02  1.99990910e+00 
 2.51941398e-02  4.99994441e-08  2.51941398e-02  2.94117207e-02  2.51941398e-02  4.39990320e-05  2.51941398e-02  1.99990910e+00 
 2.52041398e-02  4.99994431e-08  2.52041398e-02  2.94123081e-02  2.52041398e-02  4.39990320e-05  2.52041398e-02  1.99990910e+00 
 2.52141398e-02  4.99994438e-08  2.52141398e-02  2.94128935e-02  2.52141398e-02  4.39990320e-05  2.52141398e-02  1.99990910e+00 
 2.52241398e-02  4.99994445e-08  2.52241398e-02  2.94134769e-02  2.52241398e-02  4.39990320e-05  2.52241398e-02  1.99990910e+00 
 2.52341398e-02  4.99994425e-08  2.52341398e-02  2.94140584e-02  2.52341398e-02  4.39990320e-05  2.52341398e-02  1.99990910e+00 
 2.52441398e-02  4.99994430e-08  2.52441398e-02  2.94146379e-02  2.52441398e-02  4.39990320e-05  2.52441398e-02  1.99990910e+00 
 2.52541398e-02  4.99994429e-08  2.52541398e-02  2.94152154e-02  2.52541398e-02  4.39990320e-05  2.52541398e-02  1.99990910e+00 
 2.52641398e-02  4.99994437e-08  2.52641398e-02  2.94157910e-02  2.52641398e-02  4.39990320e-05  2.52641398e-02  1.99990910e+00 
 2.52741398e-02  4.99994437e-08  2.52741398e-02  2.94163647e-02  2.52741398e-02  4.39990320e-05  2.52741398e-02  1.99990910e+00 
 2.52841398e-02  4.99994438e-08  2.52841398e-02  2.94169364e-02  2.52841398e-02  4.39990320e-05  2.52841398e-02  1.99990910e+00 
 2.52941398e-02  4.99994430e-08  2.52941398e-02  2.94175062e-02  2.52941398e-02  4.39990320e-05  2.52941398e-02  1.99990910e+00 
 2.53041398e-02  4.99994435e-08  2.53041398e-02  2.94180741e-02  2.53041398e-02  4.39990320e-05  2.53041398e-02  1.99990910e+00 
 2.53141398e-02  4.99994440e-08  2.53141398e-02  2.94186400e-02  2.53141398e-02  4.39990320e-05  2.53141398e-02  1.99990910e+00 
 2.53241398e-02  4.99994424e-08  2.53241398e-02  2.94192041e-02  2.53241398e-02  4.39990320e-05  2.53241398e-02  1.99990910e+00 
 2.53341398e-02  4.99994437e-08  2.53341398e-02  2.94197662e-02  2.53341398e-02  4.39990320e-05  2.53341398e-02  1.99990910e+00 
 2.53441398e-02  4.99994433e-08  2.53441398e-02  2.94203265e-02  2.53441398e-02  4.39990320e-05  2.53441398e-02  1.99990910e+00 
 2.53541398e-02  4.99994439e-08  2.53541398e-02  2.94208848e-02  2.53541398e-02  4.39990320e-05  2.53541398e-02  1.99990910e+00 
 2.53641398e-02  4.99994438e-08  2.53641398e-02  2.94214413e-02  2.53641398e-02  4.39990320e-05  2.53641398e-02  1.99990910e+00 
 2.53741398e-02  4.99994440e-08  2.53741398e-02  2.94219959e-02  2.53741398e-02  4.39990320e-05  2.53741398e-02  1.99990910e+00 
 2.53841398e-02  4.99994429e-08  2.53841398e-02  2.94225486e-02  2.53841398e-02  4.39990320e-05  2.53841398e-02  1.99990910e+00 
 2.53941398e-02  4.99994444e-08  2.53941398e-02  2.94230995e-02  2.53941398e-02  4.39990320e-05  2.53941398e-02  1.99990910e+00 
 2.54041398e-02  4.99994431e-08  2.54041398e-02  2.94236485e-02  2.54041398e-02  4.39990320e-05  2.54041398e-02  1.99990910e+00 
 2.54141398e-02  4.99994428e-08  2.54141398e-02  2.94241956e-02  2.54141398e-02  4.39990320e-05  2.54141398e-02  1.99990910e+00 
 2.54241398e-02  4.99994436e-08  2.54241398e-02  2.94247409e-02  2.54241398e-02  4.39990320e-05  2.54241398e-02  1.99990910e+00 
 2.54341398e-02  4.99994435e-08  2.54341398e-02  2.94252844e-02  2.54341398e-02  4.39990320e-05  2.54341398e-02  1.99990910e+00 
 2.54441398e-02  4.99994439e-08  2.54441398e-02  2.94258260e-02  2.54441398e-02  4.39990320e-05  2.54441398e-02  1.99990910e+00 
 2.54541398e-02  4.99994431e-08  2.54541398e-02  2.94263658e-02  2.54541398e-02  4.39990320e-05  2.54541398e-02  1.99990910e+00 
 2.54641398e-02  4.99994435e-08  2.54641398e-02  2.94269038e-02  2.54641398e-02  4.39990320e-05  2.54641398e-02  1.99990910e+00 
 2.54741398e-02  4.99994438e-08  2.54741398e-02  2.94274399e-02  2.54741398e-02  4.39990320e-05  2.54741398e-02  1.99990910e+00 
 2.54841398e-02  4.99994445e-08  2.54841398e-02  2.94279743e-02  2.54841398e-02  4.39990320e-05  2.54841398e-02  1.99990910e+00 
 2.54941398e-02  4.99994432e-08  2.54941398e-02  2.94285068e-02  2.54941398e-02  4.39990320e-05  2.54941398e-02  1.99990910e+00 
 2.55041398e-02  4.99994438e-08  2.55041398e-02  2.94290376e-02  2.55041398e-02  4.39990320e-05  2.55041398e-02  1.99990910e+00 
 2.55141398e-02  4.99994444e-08  2.55141398e-02  2.94295665e-02  2.55141398e-02  4.39990320e-05  2.55141398e-02  1.99990910e+00 
 2.55241398e-02  4.99994427e-08  2.55241398e-02  2.94300937e-02  2.55241398e-02  4.39990320e-05  2.55241398e-02  1.99990910e+00 
 2.55341398e-02  4.99994432e-08  2.55341398e-02  2.94306191e-02  2.55341398e-02  4.39990320e-05  2.55341398e-02  1.99990910e+00 
 2.55441398e-02  4.99994427e-08  2.55441398e-02  2.94311427e-02  2.55441398e-02  4.39990320e-05  2.55441398e-02  1.99990910e+00 
 2.55541398e-02  4.99994434e-08  2.55541398e-02  2.94316646e-02  2.55541398e-02  4.39990320e-05  2.55541398e-02  1.99990910e+00 
 2.55641398e-02  4.99994437e-08  2.55641398e-02  2.94321847e-02  2.55641398e-02  4.39990320e-05  2.55641398e-02  1.99990910e+00 
 2.55741398e-02  4.99994444e-08  2.55741398e-02  2.94327030e-02  2.55741398e-02  4.39990320e-05  2.55741398e-02  1.99990910e+00 
 2.55841398e-02  4.99994432e-08  2.55841398e-02  2.94332196e-02  2.55841398e-02  4.39990320e-05  2.55841398e-02  1.99990910e+00 
 2.55941398e-02  4.99994437e-08  2.55941398e-02  2.94337345e-02  2.55941398e-02  4.39990320e-05  2.55941398e-02  1.99990910e+00 
 2.56041398e-02  4.99994445e-08  2.56041398e-02  2.94342476e-02  2.56041398e-02  4.39990320e-05  2.56041398e-02  1.99990910e+00 
 2.56141398e-02  4.99994427e-08  2.56141398e-02  2.94347589e-02  2.56141398e-02  4.39990320e-05  2.56141398e-02  1.99990910e+00 
 2.56241398e-02  4.99994432e-08  2.56241398e-02  2.94352686e-02  2.56241398e-02  4.39990320e-05  2.56241398e-02  1.99990910e+00 
 2.56341398e-02  4.99994427e-08  2.56341398e-02  2.94357765e-02  2.56341398e-02  4.39990320e-05  2.56341398e-02  1.99990910e+00 
 2.56441398e-02  4.99994434e-08  2.56441398e-02  2.94362828e-02  2.56441398e-02  4.39990320e-05  2.56441398e-02  1.99990910e+00 
 2.56541398e-02  4.99994439e-08  2.56541398e-02  2.94367873e-02  2.56541398e-02  4.39990320e-05  2.56541398e-02  1.99990910e+00 
 2.56641398e-02  4.99994424e-08  2.56641398e-02  2.94372901e-02  2.56641398e-02  4.39990320e-05  2.56641398e-02  1.99990910e+00 
 2.56741398e-02  4.99994437e-08  2.56741398e-02  2.94377912e-02  2.56741398e-02  4.39990320e-05  2.56741398e-02  1.99990910e+00 
 2.56841398e-02  4.99994433e-08  2.56841398e-02  2.94382906e-02  2.56841398e-02  4.39990320e-05  2.56841398e-02  1.99990910e+00 
 2.56941398e-02  4.99994438e-08  2.56941398e-02  2.94387884e-02  2.56941398e-02  4.39990320e-05  2.56941398e-02  1.99990910e+00 
 2.57041398e-02  4.99994438e-08  2.57041398e-02  2.94392844e-02  2.57041398e-02  4.39990320e-05  2.57041398e-02  1.99990910e+00 
 2.57141398e-02  4.99994441e-08  2.57141398e-02  2.94397788e-02  2.57141398e-02  4.39990320e-05  2.57141398e-02  1.99990910e+00 
 2.57241398e-02  4.99994431e-08  2.57241398e-02  2.94402715e-02  2.57241398e-02  4.39990320e-05  2.57241398e-02  1.99990910e+00 
 2.57341398e-02  4.99994443e-08  2.57341398e-02  2.94407626e-02  2.57341398e-02  4.39990320e-05  2.57341398e-02  1.99990910e+00 
 2.57441398e-02  4.99994428e-08  2.57441398e-02  2.94412520e-02  2.57441398e-02  4.39990320e-05  2.57441398e-02  1.99990910e+00 
 2.57541398e-02  4.99994428e-08  2.57541398e-02  2.94417397e-02  2.57541398e-02  4.39990320e-05  2.57541398e-02  1.99990910e+00 
 2.57641398e-02  4.99994441e-08  2.57641398e-02  2.94422258e-02  2.57641398e-02  4.39990320e-05  2.57641398e-02  1.99990910e+00 
 2.57741398e-02  4.99994437e-08  2.57741398e-02  2.94427103e-02  2.57741398e-02  4.39990320e-05  2.57741398e-02  1.99990910e+00 
 2.57841398e-02  4.99994442e-08  2.57841398e-02  2.94431931e-02  2.57841398e-02  4.39990320e-05  2.57841398e-02  1.99990910e+00 
 2.57941398e-02  4.99994437e-08  2.57941398e-02  2.94436743e-02  2.57941398e-02  4.39990320e-05  2.57941398e-02  1.99990910e+00 
 2.58041398e-02  4.99994436e-08  2.58041398e-02  2.94441539e-02  2.58041398e-02  4.39990320e-05  2.58041398e-02  1.99990910e+00 
 2.58141398e-02  4.99994430e-08  2.58141398e-02  2.94446318e-02  2.58141398e-02  4.39990320e-05  2.58141398e-02  1.99990910e+00 
 2.58241398e-02  4.99994440e-08  2.58241398e-02  2.94451082e-02  2.58241398e-02  4.39990320e-05  2.58241398e-02  1.99990910e+00 
 2.58341398e-02  4.99994442e-08  2.58341398e-02  2.94455829e-02  2.58341398e-02  4.39990320e-05  2.58341398e-02  1.99990910e+00 
 2.58441398e-02  4.99994439e-08  2.58441398e-02  2.94460560e-02  2.58441398e-02  4.39990320e-05  2.58441398e-02  1.99990910e+00 
 2.58541398e-02  4.99994444e-08  2.58541398e-02  2.94465276e-02  2.58541398e-02  4.39990320e-05  2.58541398e-02  1.99990910e+00 
 2.58641398e-02  4.99994435e-08  2.58641398e-02  2.94469975e-02  2.58641398e-02  4.39990320e-05  2.58641398e-02  1.99990910e+00 
 2.58741398e-02  4.99994442e-08  2.58741398e-02  2.94474659e-02  2.58741398e-02  4.39990320e-05  2.58741398e-02  1.99990910e+00 
 2.58841398e-02  4.99994444e-08  2.58841398e-02  2.94479326e-02  2.58841398e-02  4.39990320e-05  2.58841398e-02  1.99990910e+00 
 2.58941398e-02  4.99994441e-08  2.58941398e-02  2.94483978e-02  2.58941398e-02  4.39990320e-05  2.58941398e-02  1.99990910e+00 
 2.59041398e-02  4.99994444e-08  2.59041398e-02  2.94488615e-02  2.59041398e-02  4.39990320e-05  2.59041398e-02  1.99990910e+00 
 2.59141398e-02  4.99994432e-08  2.59141398e-02  2.94493235e-02  2.59141398e-02  4.39990320e-05  2.59141398e-02  1.99990910e+00 
 2.59241398e-02  4.99994441e-08  2.59241398e-02  2.94497840e-02  2.59241398e-02  4.39990320e-05  2.59241398e-02  1.99990910e+00 
 2.59341398e-02  4.99994426e-08  2.59341398e-02  2.94502430e-02  2.59341398e-02  4.39990320e-05  2.59341398e-02  1.99990910e+00 
 2.59441398e-02  4.99994429e-08  2.59441398e-02  2.94507004e-02  2.59441398e-02  4.39990320e-05  2.59441398e-02  1.99990910e+00 
 2.59541398e-02  4.99994445e-08  2.59541398e-02  2.94511563e-02  2.59541398e-02  4.39990320e-05  2.59541398e-02  1.99990910e+00 
 2.59641398e-02  4.99994438e-08  2.59641398e-02  2.94516106e-02  2.59641398e-02  4.39990320e-05  2.59641398e-02  1.99990910e+00 
 2.59741398e-02  4.99994436e-08  2.59741398e-02  2.94520634e-02  2.59741398e-02  4.39990320e-05  2.59741398e-02  1.99990910e+00 
 2.59841398e-02  4.99994432e-08  2.59841398e-02  2.94525147e-02  2.59841398e-02  4.39990320e-05  2.59841398e-02  1.99990910e+00 
 2.59941398e-02  4.99994444e-08  2.59941398e-02  2.94529644e-02  2.59941398e-02  4.39990320e-05  2.59941398e-02  1.99990910e+00 
 2.60041398e-02  4.99994442e-08  2.60041398e-02  2.94534126e-02  2.60041398e-02  4.39990320e-05  2.60041398e-02  1.99990910e+00 
 2.60141398e-02  4.99994445e-08  2.60141398e-02  2.94538593e-02  2.60141398e-02  4.39990320e-05  2.60141398e-02  1.99990910e+00 
 2.60241398e-02  4.99994433e-08  2.60241398e-02  2.94543045e-02  2.60241398e-02  4.39990320e-05  2.60241398e-02  1.99990910e+00 
 2.60341398e-02  4.99994441e-08  2.60341398e-02  2.94547482e-02  2.60341398e-02  4.39990320e-05  2.60341398e-02  1.99990910e+00 
 2.60441398e-02  4.99994425e-08  2.60441398e-02  2.94551904e-02  2.60441398e-02  4.39990320e-05  2.60441398e-02  1.99990910e+00 
 2.60541398e-02  4.99994430e-08  2.60541398e-02  2.94556312e-02  2.60541398e-02  4.39990320e-05  2.60541398e-02  1.99990910e+00 
 2.60641398e-02  4.99994425e-08  2.60641398e-02  2.94560704e-02  2.60641398e-02  4.39990320e-05  2.60641398e-02  1.99990910e+00 
 2.60741398e-02  4.99994433e-08  2.60741398e-02  2.94565081e-02  2.60741398e-02  4.39990320e-05  2.60741398e-02  1.99990910e+00 
 2.60841398e-02  4.99994441e-08  2.60841398e-02  2.94569444e-02  2.60841398e-02  4.39990320e-05  2.60841398e-02  1.99990910e+00 
 2.60941398e-02  4.99994425e-08  2.60941398e-02  2.94573792e-02  2.60941398e-02  4.39990320e-05  2.60941398e-02  1.99990910e+00 
 2.61041398e-02  4.99994434e-08  2.61041398e-02  2.94578125e-02  2.61041398e-02  4.39990320e-05  2.61041398e-02  1.99990910e+00 
 2.61141398e-02  4.99994430e-08  2.61141398e-02  2.94582444e-02  2.61141398e-02  4.39990320e-05  2.61141398e-02  1.99990910e+00 
 2.61241398e-02  4.99994441e-08  2.61241398e-02  2.94586748e-02  2.61241398e-02  4.39990320e-05  2.61241398e-02  1.99990910e+00 
 2.61341398e-02  4.99994445e-08  2.61341398e-02  2.94591037e-02  2.61341398e-02  4.39990320e-05  2.61341398e-02  1.99990910e+00 
 2.61441398e-02  4.99994439e-08  2.61441398e-02  2.94595312e-02  2.61441398e-02  4.39990320e-05  2.61441398e-02  1.99990910e+00 
 2.61541398e-02  4.99994440e-08  2.61541398e-02  2.94599573e-02  2.61541398e-02  4.39990320e-05  2.61541398e-02  1.99990910e+00 
 2.61641398e-02  4.99994432e-08  2.61641398e-02  2.94603819e-02  2.61641398e-02  4.39990320e-05  2.61641398e-02  1.99990910e+00 
 2.61741398e-02  4.99994436e-08  2.61741398e-02  2.94608051e-02  2.61741398e-02  4.39990320e-05  2.61741398e-02  1.99990910e+00 
 2.61841398e-02  4.99994438e-08  2.61841398e-02  2.94612269e-02  2.61841398e-02  4.39990320e-05  2.61841398e-02  1.99990910e+00 
 2.61941398e-02  4.99994444e-08  2.61941398e-02  2.94616472e-02  2.61941398e-02  4.39990320e-05  2.61941398e-02  1.99990910e+00 
 2.62041398e-02  4.99994432e-08  2.62041398e-02  2.94620662e-02  2.62041398e-02  4.39990320e-05  2.62041398e-02  1.99990910e+00 
 2.62141398e-02  4.99994439e-08  2.62141398e-02  2.94624837e-02  2.62141398e-02  4.39990320e-05  2.62141398e-02  1.99990910e+00 
 2.62241398e-02  4.99994445e-08  2.62241398e-02  2.94628998e-02  2.62241398e-02  4.39990320e-05  2.62241398e-02  1.99990910e+00 
 2.62341398e-02  4.99994425e-08  2.62341398e-02  2.94633145e-02  2.62341398e-02  4.39990320e-05  2.62341398e-02  1.99990910e+00 
 2.62441398e-02  4.99994430e-08  2.62441398e-02  2.94637278e-02  2.62441398e-02  4.39990320e-05  2.62441398e-02  1.99990910e+00 
 2.62541398e-02  4.99994429e-08  2.62541398e-02  2.94641397e-02  2.62541398e-02  4.39990320e-05  2.62541398e-02  1.99990910e+00 
 2.62641398e-02  4.99994438e-08  2.62641398e-02  2.94645502e-02  2.62641398e-02  4.39990320e-05  2.62641398e-02  1.99990910e+00 
 2.62741398e-02  4.99994437e-08  2.62741398e-02  2.94649593e-02  2.62741398e-02  4.39990320e-05  2.62741398e-02  1.99990910e+00 
 2.62841398e-02  4.99994438e-08  2.62841398e-02  2.94653671e-02  2.62841398e-02  4.39990320e-05  2.62841398e-02  1.99990910e+00 
 2.62941398e-02  4.99994429e-08  2.62941398e-02  2.94657735e-02  2.62941398e-02  4.39990320e-05  2.62941398e-02  1.99990910e+00 
 2.63041398e-02  4.99994435e-08  2.63041398e-02  2.94661785e-02  2.63041398e-02  4.39990320e-05  2.63041398e-02  1.99990910e+00 
 2.63141398e-02  4.99994441e-08  2.63141398e-02  2.94665821e-02  2.63141398e-02  4.39990320e-05  2.63141398e-02  1.99990910e+00 
 2.63241398e-02  4.99994425e-08  2.63241398e-02  2.94669844e-02  2.63241398e-02  4.39990320e-05  2.63241398e-02  1.99990910e+00 
 2.63341398e-02  4.99994435e-08  2.63341398e-02  2.94673853e-02  2.63341398e-02  4.39990320e-05  2.63341398e-02  1.99990910e+00 
 2.63441398e-02  4.99994431e-08  2.63441398e-02  2.94677848e-02  2.63441398e-02  4.39990320e-05  2.63441398e-02  1.99990910e+00 
 2.63541398e-02  4.99994441e-08  2.63541398e-02  2.94681831e-02  2.63541398e-02  4.39990320e-05  2.63541398e-02  1.99990910e+00 
 2.63641398e-02  4.99994442e-08  2.63641398e-02  2.94685799e-02  2.63641398e-02  4.39990320e-05  2.63641398e-02  1.99990910e+00 
 2.63741398e-02  4.99994439e-08  2.63741398e-02  2.94689755e-02  2.63741398e-02  4.39990320e-05  2.63741398e-02  1.99990910e+00 
 2.63841398e-02  4.99994444e-08  2.63841398e-02  2.94693697e-02  2.63841398e-02  4.39990320e-05  2.63841398e-02  1.99990910e+00 
 2.63941398e-02  4.99994435e-08  2.63941398e-02  2.94697625e-02  2.63941398e-02  4.39990320e-05  2.63941398e-02  1.99990910e+00 
 2.64041398e-02  4.99994442e-08  2.64041398e-02  2.94701541e-02  2.64041398e-02  4.39990320e-05  2.64041398e-02  1.99990910e+00 
 2.64141398e-02  4.99994443e-08  2.64141398e-02  2.94705443e-02  2.64141398e-02  4.39990320e-05  2.64141398e-02  1.99990910e+00 
 2.64241398e-02  4.99994440e-08  2.64241398e-02  2.94709332e-02  2.64241398e-02  4.39990320e-05  2.64241398e-02  1.99990910e+00 
 2.64341398e-02  4.99994444e-08  2.64341398e-02  2.94713208e-02  2.64341398e-02  4.39990320e-05  2.64341398e-02  1.99990910e+00 
 2.64441398e-02  4.99994434e-08  2.64441398e-02  2.94717071e-02  2.64441398e-02  4.39990320e-05  2.64441398e-02  1.99990910e+00 
 2.64541398e-02  4.99994442e-08  2.64541398e-02  2.94720920e-02  2.64541398e-02  4.39990320e-05  2.64541398e-02  1.99990910e+00 
 2.64641398e-02  4.99994444e-08  2.64641398e-02  2.94724757e-02  2.64641398e-02  4.39990320e-05  2.64641398e-02  1.99990910e+00 
 2.64741398e-02  4.99994442e-08  2.64741398e-02  2.94728581e-02  2.64741398e-02  4.39990320e-05  2.64741398e-02  1.99990910e+00 
 2.64841398e-02  4.99994443e-08  2.64841398e-02  2.94732392e-02  2.64841398e-02  4.39990320e-05  2.64841398e-02  1.99990910e+00 
 2.64941398e-02  4.99994430e-08  2.64941398e-02  2.94736190e-02  2.64941398e-02  4.39990320e-05  2.64941398e-02  1.99990910e+00 
 2.65041398e-02  4.99994441e-08  2.65041398e-02  2.94739976e-02  2.65041398e-02  4.39990320e-05  2.65041398e-02  1.99990910e+00 
 2.65141398e-02  4.99994429e-08  2.65141398e-02  2.94743748e-02  2.65141398e-02  4.39990320e-05  2.65141398e-02  1.99990910e+00 
 2.65241398e-02  4.99994431e-08  2.65241398e-02  2.94747508e-02  2.65241398e-02  4.39990320e-05  2.65241398e-02  1.99990910e+00 
 2.65341398e-02  4.99994441e-08  2.65341398e-02  2.94751255e-02  2.65341398e-02  4.39990320e-05  2.65341398e-02  1.99990910e+00 
 2.65441398e-02  4.99994433e-08  2.65441398e-02  2.94754989e-02  2.65441398e-02  4.39990320e-05  2.65441398e-02  1.99990910e+00 
 2.65541398e-02  4.99994440e-08  2.65541398e-02  2.94758711e-02  2.65541398e-02  4.39990320e-05  2.65541398e-02  1.99990910e+00 
 2.65641398e-02  4.99994442e-08  2.65641398e-02  2.94762421e-02  2.65641398e-02  4.39990320e-05  2.65641398e-02  1.99990910e+00 
 2.65741398e-02  4.99994442e-08  2.65741398e-02  2.94766117e-02  2.65741398e-02  4.39990320e-05  2.65741398e-02  1.99990910e+00 
 2.65841398e-02  4.99994426e-08  2.65841398e-02  2.94769802e-02  2.65841398e-02  4.39990320e-05  2.65841398e-02  1.99990910e+00 
 2.65941398e-02  4.99994439e-08  2.65941398e-02  2.94773473e-02  2.65941398e-02  4.39990320e-05  2.65941398e-02  1.99990910e+00 
 2.66041398e-02  4.99994434e-08  2.66041398e-02  2.94777133e-02  2.66041398e-02  4.39990320e-05  2.66041398e-02  1.99990910e+00 
 2.66141398e-02  4.99994438e-08  2.66141398e-02  2.94780780e-02  2.66141398e-02  4.39990320e-05  2.66141398e-02  1.99990910e+00 
 2.66241398e-02  4.99994436e-08  2.66241398e-02  2.94784415e-02  2.66241398e-02  4.39990320e-05  2.66241398e-02  1.99990910e+00 
 2.66341398e-02  4.99994441e-08  2.66341398e-02  2.94788037e-02  2.66341398e-02  4.39990320e-05  2.66341398e-02  1.99990910e+00 
 2.66441398e-02  4.99994433e-08  2.66441398e-02  2.94791648e-02  2.66441398e-02  4.39990320e-05  2.66441398e-02  1.99990910e+00 
 2.66541398e-02  4.99994444e-08  2.66541398e-02  2.94795246e-02  2.66541398e-02  4.39990320e-05  2.66541398e-02  1.99990910e+00 
 2.66641398e-02  4.99994446e-08  2.66641398e-02  2.94798832e-02  2.66641398e-02  4.39990320e-05  2.66641398e-02  1.99990910e+00 
 2.66741398e-02  4.99994438e-08  2.66741398e-02  2.94802406e-02  2.66741398e-02  4.39990320e-05  2.66741398e-02  1.99990910e+00 
 2.66841398e-02  4.99994439e-08  2.66841398e-02  2.94805968e-02  2.66841398e-02  4.39990320e-05  2.66841398e-02  1.99990910e+00 
 2.66941398e-02  4.99994433e-08  2.66941398e-02  2.94809518e-02  2.66941398e-02  4.39990320e-05  2.66941398e-02  1.99990910e+00 
 2.67041398e-02  4.99994439e-08  2.67041398e-02  2.94813055e-02  2.67041398e-02  4.39990320e-05  2.67041398e-02  1.99990910e+00 
 2.67141398e-02  4.99994437e-08  2.67141398e-02  2.94816581e-02  2.67141398e-02  4.39990320e-05  2.67141398e-02  1.99990910e+00 
 2.67241398e-02  4.99994439e-08  2.67241398e-02  2.94820095e-02  2.67241398e-02  4.39990320e-05  2.67241398e-02  1.99990910e+00 
 2.67341398e-02  4.99994431e-08  2.67341398e-02  2.94823598e-02  2.67341398e-02  4.39990320e-05  2.67341398e-02  1.99990910e+00 
 2.67441398e-02  4.99994435e-08  2.67441398e-02  2.94827088e-02  2.67441398e-02  4.39990320e-05  2.67441398e-02  1.99990910e+00 
 2.67541398e-02  4.99994438e-08  2.67541398e-02  2.94830566e-02  2.67541398e-02  4.39990320e-05  2.67541398e-02  1.99990910e+00 
 2.67641398e-02  4.99994424e-08  2.67641398e-02  2.94834033e-02  2.67641398e-02  4.39990320e-05  2.67641398e-02  1.99990910e+00 
 2.67741398e-02  4.99994439e-08  2.67741398e-02  2.94837488e-02  2.67741398e-02  4.39990320e-05  2.67741398e-02  1.99990910e+00 
 2.67841398e-02  4.99994435e-08  2.67841398e-02  2.94840932e-02  2.67841398e-02  4.39990320e-05  2.67841398e-02  1.99990910e+00 
 2.67941398e-02  4.99994436e-08  2.67941398e-02  2.94844364e-02  2.67941398e-02  4.39990320e-05  2.67941398e-02  1.99990910e+00 
 2.68041398e-02  4.99994434e-08  2.68041398e-02  2.94847784e-02  2.68041398e-02  4.39990320e-05  2.68041398e-02  1.99990910e+00 
 2.68141398e-02  4.99994442e-08  2.68141398e-02  2.94851193e-02  2.68141398e-02  4.39990320e-05  2.68141398e-02  1.99990910e+00 
 2.68241398e-02  4.99994437e-08  2.68241398e-02  2.94854590e-02  2.68241398e-02  4.39990320e-05  2.68241398e-02  1.99990910e+00 
 2.68341398e-02  4.99994434e-08  2.68341398e-02  2.94857976e-02  2.68341398e-02  4.39990320e-05  2.68341398e-02  1.99990910e+00 
 2.68441398e-02  4.99994428e-08  2.68441398e-02  2.94861350e-02  2.68441398e-02  4.39990320e-05  2.68441398e-02  1.99990910e+00 
 2.68541398e-02  4.99994441e-08  2.68541398e-02  2.94864713e-02  2.68541398e-02  4.39990320e-05  2.68541398e-02  1.99990910e+00 
 2.68641398e-02  4.99994425e-08  2.68641398e-02  2.94868065e-02  2.68641398e-02  4.39990320e-05  2.68641398e-02  1.99990910e+00 
 2.68741398e-02  4.99994425e-08  2.68741398e-02  2.94871405e-02  2.68741398e-02  4.39990320e-05  2.68741398e-02  1.99990910e+00 
 2.68841398e-02  4.99994442e-08  2.68841398e-02  2.94874734e-02  2.68841398e-02  4.39990320e-05  2.68841398e-02  1.99990910e+00 
 2.68941398e-02  4.99994442e-08  2.68941398e-02  2.94878052e-02  2.68941398e-02  4.39990320e-05  2.68941398e-02  1.99990910e+00 
 2.69041398e-02  4.99994443e-08  2.69041398e-02  2.94881358e-02  2.69041398e-02  4.39990320e-05  2.69041398e-02  1.99990910e+00 
 2.69141398e-02  4.99994429e-08  2.69141398e-02  2.94884654e-02  2.69141398e-02  4.39990320e-05  2.69141398e-02  1.99990910e+00 
 2.69241398e-02  4.99994442e-08  2.69241398e-02  2.94887938e-02  2.69241398e-02  4.39990320e-05  2.69241398e-02  1.99990910e+00 
 2.69341398e-02  4.99994431e-08  2.69341398e-02  2.94891211e-02  2.69341398e-02  4.39990320e-05  2.69341398e-02  1.99990910e+00 
 2.69441398e-02  4.99994431e-08  2.69441398e-02  2.94894474e-02  2.69441398e-02  4.39990320e-05  2.69441398e-02  1.99990910e+00 
 2.69541398e-02  4.99994438e-08  2.69541398e-02  2.94897725e-02  2.69541398e-02  4.39990320e-05  2.69541398e-02  1.99990910e+00 
 2.69641398e-02  4.99994431e-08  2.69641398e-02  2.94900965e-02  2.69641398e-02  4.39990320e-05  2.69641398e-02  1.99990910e+00 
 2.69741398e-02  4.99994443e-08  2.69741398e-02  2.94904194e-02  2.69741398e-02  4.39990320e-05  2.69741398e-02  1.99990910e+00 
 2.69841398e-02  4.99994426e-08  2.69841398e-02  2.94907413e-02  2.69841398e-02  4.39990320e-05  2.69841398e-02  1.99990910e+00 
 2.69941398e-02  4.99994426e-08  2.69941398e-02  2.94910620e-02  2.69941398e-02  4.39990320e-05  2.69941398e-02  1.99990910e+00 
 2.70041398e-02  4.99994443e-08  2.70041398e-02  2.94913817e-02  2.70041398e-02  4.39990320e-05  2.70041398e-02  1.99990910e+00 
 2.70141398e-02  4.99994442e-08  2.70141398e-02  2.94917003e-02  2.70141398e-02  4.39990320e-05  2.70141398e-02  1.99990910e+00 
 2.70241398e-02  4.99994441e-08  2.70241398e-02  2.94920178e-02  2.70241398e-02  4.39990320e-05  2.70241398e-02  1.99990910e+00 
 2.70341398e-02  4.99994429e-08  2.70341398e-02  2.94923343e-02  2.70341398e-02  4.39990320e-05  2.70341398e-02  1.99990910e+00 
 2.70441398e-02  4.99994434e-08  2.70441398e-02  2.94926496e-02  2.70441398e-02  4.39990320e-05  2.70441398e-02  1.99990910e+00 
 2.70541398e-02  4.99994441e-08  2.70541398e-02  2.94929639e-02  2.70541398e-02  4.39990320e-05  2.70541398e-02  1.99990910e+00 
 2.70641398e-02  4.99994427e-08  2.70641398e-02  2.94932772e-02  2.70641398e-02  4.39990320e-05  2.70641398e-02  1.99990910e+00 
 2.70741398e-02  4.99994436e-08  2.70741398e-02  2.94935894e-02  2.70741398e-02  4.39990320e-05  2.70741398e-02  1.99990910e+00 
 2.70841398e-02  4.99994428e-08  2.70841398e-02  2.94939005e-02  2.70841398e-02  4.39990320e-05  2.70841398e-02  1.99990910e+00 
 2.70941398e-02  4.99994438e-08  2.70941398e-02  2.94942106e-02  2.70941398e-02  4.39990320e-05  2.70941398e-02  1.99990910e+00 
 2.71041398e-02  4.99994446e-08  2.71041398e-02  2.94945197e-02  2.71041398e-02  4.39990320e-05  2.71041398e-02  1.99990910e+00 
 2.71141398e-02  4.99994445e-08  2.71141398e-02  2.94948277e-02  2.71141398e-02  4.39990320e-05  2.71141398e-02  1.99990910e+00 
 2.71241398e-02  4.99994442e-08  2.71241398e-02  2.94951346e-02  2.71241398e-02  4.39990320e-05  2.71241398e-02  1.99990910e+00 
 2.71341398e-02  4.99994445e-08  2.71341398e-02  2.94954406e-02  2.71341398e-02  4.39990320e-05  2.71341398e-02  1.99990910e+00 
 2.71441398e-02  4.99994433e-08  2.71441398e-02  2.94957455e-02  2.71441398e-02  4.39990320e-05  2.71441398e-02  1.99990910e+00 
 2.71541398e-02  4.99994441e-08  2.71541398e-02  2.94960493e-02  2.71541398e-02  4.39990320e-05  2.71541398e-02  1.99990910e+00 
 2.71641398e-02  4.99994446e-08  2.71641398e-02  2.94963522e-02  2.71641398e-02  4.39990320e-05  2.71641398e-02  1.99990910e+00 
 2.71741398e-02  4.99994444e-08  2.71741398e-02  2.94966540e-02  2.71741398e-02  4.39990320e-05  2.71741398e-02  1.99990910e+00 
 2.71841398e-02  4.99994442e-08  2.71841398e-02  2.94969548e-02  2.71841398e-02  4.39990320e-05  2.71841398e-02  1.99990910e+00 
 2.71941398e-02  4.99994426e-08  2.71941398e-02  2.94972546e-02  2.71941398e-02  4.39990320e-05  2.71941398e-02  1.99990910e+00 
 2.72041398e-02  4.99994441e-08  2.72041398e-02  2.94975534e-02  2.72041398e-02  4.39990320e-05  2.72041398e-02  1.99990910e+00 
 2.72141398e-02  4.99994435e-08  2.72141398e-02  2.94978511e-02  2.72141398e-02  4.39990320e-05  2.72141398e-02  1.99990910e+00 
 2.72241398e-02  4.99994434e-08  2.72241398e-02  2.94981479e-02  2.72241398e-02  4.39990320e-05  2.72241398e-02  1.99990910e+00 
 2.72341398e-02  4.99994433e-08  2.72341398e-02  2.94984437e-02  2.72341398e-02  4.39990320e-05  2.72341398e-02  1.99990910e+00 
 2.72441398e-02  4.99994444e-08  2.72441398e-02  2.94987384e-02  2.72441398e-02  4.39990320e-05  2.72441398e-02  1.99990910e+00 
 2.72541398e-02  4.99994441e-08  2.72541398e-02  2.94990322e-02  2.72541398e-02  4.39990320e-05  2.72541398e-02  1.99990910e+00 
 2.72641398e-02  4.99994443e-08  2.72641398e-02  2.94993250e-02  2.72641398e-02  4.39990320e-05  2.72641398e-02  1.99990910e+00 
 2.72741398e-02  4.99994433e-08  2.72741398e-02  2.94996167e-02  2.72741398e-02  4.39990320e-05  2.72741398e-02  1.99990910e+00 
 2.72841398e-02  4.99994434e-08  2.72841398e-02  2.94999076e-02  2.72841398e-02  4.39990320e-05  2.72841398e-02  1.99990910e+00 
 2.72941398e-02  4.99994435e-08  2.72941398e-02  2.95001974e-02  2.72941398e-02  4.39990320e-05  2.72941398e-02  1.99990910e+00 
 2.73041398e-02  4.99994425e-08  2.73041398e-02  2.95004862e-02  2.73041398e-02  4.39990320e-05  2.73041398e-02  1.99990910e+00 
 2.73141398e-02  4.99994434e-08  2.73141398e-02  2.95007741e-02  2.73141398e-02  4.39990320e-05  2.73141398e-02  1.99990910e+00 
 2.73241398e-02  4.99994445e-08  2.73241398e-02  2.95010610e-02  2.73241398e-02  4.39990320e-05  2.73241398e-02  1.99990910e+00 
 2.73341398e-02  4.99994429e-08  2.73341398e-02  2.95013469e-02  2.73341398e-02  4.39990320e-05  2.73341398e-02  1.99990910e+00 
 2.73441398e-02  4.99994430e-08  2.73441398e-02  2.95016319e-02  2.73441398e-02  4.39990320e-05  2.73441398e-02  1.99990910e+00 
 2.73541398e-02  4.99994444e-08  2.73541398e-02  2.95019159e-02  2.73541398e-02  4.39990320e-05  2.73541398e-02  1.99990910e+00 
 2.73641398e-02  4.99994438e-08  2.73641398e-02  2.95021989e-02  2.73641398e-02  4.39990320e-05  2.73641398e-02  1.99990910e+00 
 2.73741398e-02  4.99994438e-08  2.73741398e-02  2.95024810e-02  2.73741398e-02  4.39990320e-05  2.73741398e-02  1.99990910e+00 
 2.73841398e-02  4.99994434e-08  2.73841398e-02  2.95027622e-02  2.73841398e-02  4.39990320e-05  2.73841398e-02  1.99990910e+00 
 2.73941398e-02  4.99994441e-08  2.73941398e-02  2.95030424e-02  2.73941398e-02  4.39990320e-05  2.73941398e-02  1.99990910e+00 
 2.74041398e-02  4.99994437e-08  2.74041398e-02  2.95033216e-02  2.74041398e-02  4.39990320e-05  2.74041398e-02  1.99990910e+00 
 2.74141398e-02  4.99994436e-08  2.74141398e-02  2.95035999e-02  2.74141398e-02  4.39990320e-05  2.74141398e-02  1.99990910e+00 
 2.74241398e-02  4.99994429e-08  2.74241398e-02  2.95038773e-02  2.74241398e-02  4.39990320e-05  2.74241398e-02  1.99990910e+00 
 2.74341398e-02  4.99994438e-08  2.74341398e-02  2.95041537e-02  2.74341398e-02  4.39990320e-05  2.74341398e-02  1.99990910e+00 
 2.74441398e-02  4.99994443e-08  2.74441398e-02  2.95044292e-02  2.74441398e-02  4.39990320e-05  2.74441398e-02  1.99990910e+00 
 2.74541398e-02  4.99994443e-08  2.74541398e-02  2.95047038e-02  2.74541398e-02  4.39990320e-05  2.74541398e-02  1.99990910e+00 
 2.74641398e-02  4.99994444e-08  2.74641398e-02  2.95049774e-02  2.74641398e-02  4.39990320e-05  2.74641398e-02  1.99990910e+00 
 2.74741398e-02  4.99994429e-08  2.74741398e-02  2.95052501e-02  2.74741398e-02  4.39990320e-05  2.74741398e-02  1.99990910e+00 
 2.74841398e-02  4.99994438e-08  2.74841398e-02  2.95055219e-02  2.74841398e-02  4.39990320e-05  2.74841398e-02  1.99990910e+00 
 2.74941398e-02  4.99994430e-08  2.74941398e-02  2.95057928e-02  2.74941398e-02  4.39990320e-05  2.74941398e-02  1.99990910e+00 
 2.75041398e-02  4.99994436e-08  2.75041398e-02  2.95060628e-02  2.75041398e-02  4.39990320e-05  2.75041398e-02  1.99990910e+00 
 2.75141398e-02  4.99994442e-08  2.75141398e-02  2.95063318e-02  2.75141398e-02  4.39990320e-05  2.75141398e-02  1.99990910e+00 
 2.75241398e-02  4.99994426e-08  2.75241398e-02  2.95066000e-02  2.75241398e-02  4.39990320e-05  2.75241398e-02  1.99990910e+00 
 2.75341398e-02  4.99994434e-08  2.75341398e-02  2.95068672e-02  2.75341398e-02  4.39990320e-05  2.75341398e-02  1.99990910e+00 
 2.75441398e-02  4.99994430e-08  2.75441398e-02  2.95071335e-02  2.75441398e-02  4.39990320e-05  2.75441398e-02  1.99990910e+00 
 2.75541398e-02  4.99994441e-08  2.75541398e-02  2.95073990e-02  2.75541398e-02  4.39990320e-05  2.75541398e-02  1.99990910e+00 
 2.75641398e-02  4.99994444e-08  2.75641398e-02  2.95076635e-02  2.75641398e-02  4.39990320e-05  2.75641398e-02  1.99990910e+00 
 2.75741398e-02  4.99994439e-08  2.75741398e-02  2.95079272e-02  2.75741398e-02  4.39990320e-05  2.75741398e-02  1.99990910e+00 
 2.75841398e-02  4.99994441e-08  2.75841398e-02  2.95081899e-02  2.75841398e-02  4.39990320e-05  2.75841398e-02  1.99990910e+00 
 2.75941398e-02  4.99994433e-08  2.75941398e-02  2.95084518e-02  2.75941398e-02  4.39990320e-05  2.75941398e-02  1.99990910e+00 
 2.76041398e-02  4.99994435e-08  2.76041398e-02  2.95087128e-02  2.76041398e-02  4.39990320e-05  2.76041398e-02  1.99990910e+00 
 2.76141398e-02  4.99994436e-08  2.76141398e-02  2.95089729e-02  2.76141398e-02  4.39990320e-05  2.76141398e-02  1.99990910e+00 
 2.76241398e-02  4.99994444e-08  2.76241398e-02  2.95092322e-02  2.76241398e-02  4.39990320e-05  2.76241398e-02  1.99990910e+00 
 2.76341398e-02  4.99994435e-08  2.76341398e-02  2.95094905e-02  2.76341398e-02  4.39990320e-05  2.76341398e-02  1.99990910e+00 
 2.76441398e-02  4.99994439e-08  2.76441398e-02  2.95097480e-02  2.76441398e-02  4.39990320e-05  2.76441398e-02  1.99990910e+00 
 2.76541398e-02  4.99994441e-08  2.76541398e-02  2.95100046e-02  2.76541398e-02  4.39990320e-05  2.76541398e-02  1.99990910e+00 
 2.76641398e-02  4.99994443e-08  2.76641398e-02  2.95102604e-02  2.76641398e-02  4.39990320e-05  2.76641398e-02  1.99990910e+00 
 2.76741398e-02  4.99994428e-08  2.76741398e-02  2.95105153e-02  2.76741398e-02  4.39990320e-05  2.76741398e-02  1.99990910e+00 
 2.76841398e-02  4.99994438e-08  2.76841398e-02  2.95107693e-02  2.76841398e-02  4.39990320e-05  2.76841398e-02  1.99990910e+00 
 2.76941398e-02  4.99994430e-08  2.76941398e-02  2.95110225e-02  2.76941398e-02  4.39990320e-05  2.76941398e-02  1.99990910e+00 
 2.77041398e-02  4.99994437e-08  2.77041398e-02  2.95112748e-02  2.77041398e-02  4.39990320e-05  2.77041398e-02  1.99990910e+00 
 2.77141398e-02  4.99994441e-08  2.77141398e-02  2.95115262e-02  2.77141398e-02  4.39990320e-05  2.77141398e-02  1.99990910e+00 
 2.77241398e-02  4.99994445e-08  2.77241398e-02  2.95117769e-02  2.77241398e-02  4.39990320e-05  2.77241398e-02  1.99990910e+00 
 2.77341398e-02  4.99994427e-08  2.77341398e-02  2.95120266e-02  2.77341398e-02  4.39990320e-05  2.77341398e-02  1.99990910e+00 
 2.77441398e-02  4.99994434e-08  2.77441398e-02  2.95122756e-02  2.77441398e-02  4.39990320e-05  2.77441398e-02  1.99990910e+00 
 2.77541398e-02  4.99994429e-08  2.77541398e-02  2.95125237e-02  2.77541398e-02  4.39990320e-05  2.77541398e-02  1.99990910e+00 
 2.77641398e-02  4.99994442e-08  2.77641398e-02  2.95127709e-02  2.77641398e-02  4.39990320e-05  2.77641398e-02  1.99990910e+00 
 2.77741398e-02  4.99994446e-08  2.77741398e-02  2.95130173e-02  2.77741398e-02  4.39990320e-05  2.77741398e-02  1.99990910e+00 
 2.77841398e-02  4.99994440e-08  2.77841398e-02  2.95132629e-02  2.77841398e-02  4.39990320e-05  2.77841398e-02  1.99990910e+00 
 2.77941398e-02  4.99994438e-08  2.77941398e-02  2.95135077e-02  2.77941398e-02  4.39990320e-05  2.77941398e-02  1.99990910e+00 
 2.78041398e-02  4.99994431e-08  2.78041398e-02  2.95137516e-02  2.78041398e-02  4.39990320e-05  2.78041398e-02  1.99990910e+00 
 2.78141398e-02  4.99994439e-08  2.78141398e-02  2.95139947e-02  2.78141398e-02  4.39990320e-05  2.78141398e-02  1.99990910e+00 
 2.78241398e-02  4.99994441e-08  2.78241398e-02  2.95142370e-02  2.78241398e-02  4.39990320e-05  2.78241398e-02  1.99990910e+00 
 2.78341398e-02  4.99994441e-08  2.78341398e-02  2.95144785e-02  2.78341398e-02  4.39990320e-05  2.78341398e-02  1.99990910e+00 
 2.78441398e-02  4.99994425e-08  2.78441398e-02  2.95147191e-02  2.78441398e-02  4.39990320e-05  2.78441398e-02  1.99990910e+00 
 2.78541398e-02  4.99994439e-08  2.78541398e-02  2.95149590e-02  2.78541398e-02  4.39990320e-05  2.78541398e-02  1.99990910e+00 
 2.78641398e-02  4.99994436e-08  2.78641398e-02  2.95151980e-02  2.78641398e-02  4.39990320e-05  2.78641398e-02  1.99990910e+00 
 2.78741398e-02  4.99994437e-08  2.78741398e-02  2.95154362e-02  2.78741398e-02  4.39990320e-05  2.78741398e-02  1.99990910e+00 
 2.78841398e-02  4.99994433e-08  2.78841398e-02  2.95156737e-02  2.78841398e-02  4.39990320e-05  2.78841398e-02  1.99990910e+00 
 2.78941398e-02  4.99994440e-08  2.78941398e-02  2.95159103e-02  2.78941398e-02  4.39990320e-05  2.78941398e-02  1.99990910e+00 
 2.79041398e-02  4.99994437e-08  2.79041398e-02  2.95161461e-02  2.79041398e-02  4.39990320e-05  2.79041398e-02  1.99990910e+00 
 2.79141398e-02  4.99994437e-08  2.79141398e-02  2.95163811e-02  2.79141398e-02  4.39990320e-05  2.79141398e-02  1.99990910e+00 
 2.79241398e-02  4.99994429e-08  2.79241398e-02  2.95166154e-02  2.79241398e-02  4.39990320e-05  2.79241398e-02  1.99990910e+00 
 2.79341398e-02  4.99994438e-08  2.79341398e-02  2.95168488e-02  2.79341398e-02  4.39990320e-05  2.79341398e-02  1.99990910e+00 
 2.79441398e-02  4.99994442e-08  2.79441398e-02  2.95170815e-02  2.79441398e-02  4.39990320e-05  2.79441398e-02  1.99990910e+00 
 2.79541398e-02  4.99994443e-08  2.79541398e-02  2.95173134e-02  2.79541398e-02  4.39990320e-05  2.79541398e-02  1.99990910e+00 
 2.79641398e-02  4.99994424e-08  2.79641398e-02  2.95175444e-02  2.79641398e-02  4.39990320e-05  2.79641398e-02  1.99990910e+00 
 2.79741398e-02  4.99994435e-08  2.79741398e-02  2.95177748e-02  2.79741398e-02  4.39990320e-05  2.79741398e-02  1.99990910e+00 
 2.79841398e-02  4.99994435e-08  2.79841398e-02  2.95180043e-02  2.79841398e-02  4.39990320e-05  2.79841398e-02  1.99990910e+00 
 2.79941398e-02  4.99994443e-08  2.79941398e-02  2.95182330e-02  2.79941398e-02  4.39990320e-05  2.79941398e-02  1.99990910e+00 
 2.80041398e-02  4.99994438e-08  2.80041398e-02  2.95184610e-02  2.80041398e-02  4.39990320e-05  2.80041398e-02  1.99990910e+00 
 2.80141398e-02  4.99994444e-08  2.80141398e-02  2.95186883e-02  2.80141398e-02  4.39990320e-05  2.80141398e-02  1.99990910e+00 
 2.80241398e-02  4.99994439e-08  2.80241398e-02  2.95189147e-02  2.80241398e-02  4.39990320e-05  2.80241398e-02  1.99990910e+00 
 2.80341398e-02  4.99994434e-08  2.80341398e-02  2.95191404e-02  2.80341398e-02  4.39990320e-05  2.80341398e-02  1.99990910e+00 
 2.80441398e-02  4.99994426e-08  2.80441398e-02  2.95193653e-02  2.80441398e-02  4.39990320e-05  2.80441398e-02  1.99990910e+00 
 2.80541398e-02  4.99994440e-08  2.80541398e-02  2.95195895e-02  2.80541398e-02  4.39990320e-05  2.80541398e-02  1.99990910e+00 
 2.80641398e-02  4.99994427e-08  2.80641398e-02  2.95198129e-02  2.80641398e-02  4.39990320e-05  2.80641398e-02  1.99990910e+00 
 2.80741398e-02  4.99994428e-08  2.80741398e-02  2.95200356e-02  2.80741398e-02  4.39990320e-05  2.80741398e-02  1.99990910e+00 
 2.80841398e-02  4.99994440e-08  2.80841398e-02  2.95202575e-02  2.80841398e-02  4.39990320e-05  2.80841398e-02  1.99990910e+00 
 2.80941398e-02  4.99994437e-08  2.80941398e-02  2.95204786e-02  2.80941398e-02  4.39990320e-05  2.80941398e-02  1.99990910e+00 
 2.81041398e-02  4.99994443e-08  2.81041398e-02  2.95206990e-02  2.81041398e-02  4.39990320e-05  2.81041398e-02  1.99990910e+00 
 2.81141398e-02  4.99994438e-08  2.81141398e-02  2.95209187e-02  2.81141398e-02  4.39990320e-05  2.81141398e-02  1.99990910e+00 
 2.81241398e-02  4.99994435e-08  2.81241398e-02  2.95211376e-02  2.81241398e-02  4.39990320e-05  2.81241398e-02  1.99990910e+00 
 2.81341398e-02  4.99994428e-08  2.81341398e-02  2.95213558e-02  2.81341398e-02  4.39990320e-05  2.81341398e-02  1.99990910e+00 
 2.81441398e-02  4.99994440e-08  2.81441398e-02  2.95215733e-02  2.81441398e-02  4.39990320e-05  2.81441398e-02  1.99990910e+00 
 2.81541398e-02  4.99994445e-08  2.81541398e-02  2.95217900e-02  2.81541398e-02  4.39990320e-05  2.81541398e-02  1.99990910e+00 
 2.81641398e-02  4.99994441e-08  2.81641398e-02  2.95220060e-02  2.81641398e-02  4.39990320e-05  2.81641398e-02  1.99990910e+00 
 2.81741398e-02  4.99994440e-08  2.81741398e-02  2.95222212e-02  2.81741398e-02  4.39990320e-05  2.81741398e-02  1.99990910e+00 
 2.81841398e-02  4.99994430e-08  2.81841398e-02  2.95224357e-02  2.81841398e-02  4.39990320e-05  2.81841398e-02  1.99990910e+00 
 2.81941398e-02  4.99994435e-08  2.81941398e-02  2.95226495e-02  2.81941398e-02  4.39990320e-05  2.81941398e-02  1.99990910e+00 
 2.82041398e-02  4.99994440e-08  2.82041398e-02  2.95228626e-02  2.82041398e-02  4.39990320e-05  2.82041398e-02  1.99990910e+00 
 2.82141398e-02  4.99994425e-08  2.82141398e-02  2.95230750e-02  2.82141398e-02  4.39990320e-05  2.82141398e-02  1.99990910e+00 
 2.82241398e-02  4.99994437e-08  2.82241398e-02  2.95232866e-02  2.82241398e-02  4.39990320e-05  2.82241398e-02  1.99990910e+00 
 2.82341398e-02  4.99994431e-08  2.82341398e-02  2.95234976e-02  2.82341398e-02  4.39990320e-05  2.82341398e-02  1.99990910e+00 
 2.82441398e-02  4.99994438e-08  2.82441398e-02  2.95237078e-02  2.82441398e-02  4.39990320e-05  2.82441398e-02  1.99990910e+00 
 2.82541398e-02  4.99994441e-08  2.82541398e-02  2.95239173e-02  2.82541398e-02  4.39990320e-05  2.82541398e-02  1.99990910e+00 
 2.82641398e-02  4.99994442e-08  2.82641398e-02  2.95241261e-02  2.82641398e-02  4.39990320e-05  2.82641398e-02  1.99990910e+00 
 2.82741398e-02  4.99994427e-08  2.82741398e-02  2.95243342e-02  2.82741398e-02  4.39990320e-05  2.82741398e-02  1.99990910e+00 
 2.82841398e-02  4.99994439e-08  2.82841398e-02  2.95245416e-02  2.82841398e-02  4.39990320e-05  2.82841398e-02  1.99990910e+00 
 2.82941398e-02  4.99994432e-08  2.82941398e-02  2.95247483e-02  2.82941398e-02  4.39990320e-05  2.82941398e-02  1.99990910e+00 
 2.83041398e-02  4.99994436e-08  2.83041398e-02  2.95249543e-02  2.83041398e-02  4.39990320e-05  2.83041398e-02  1.99990910e+00 
 2.83141398e-02  4.99994438e-08  2.83141398e-02  2.95251596e-02  2.83141398e-02  4.39990320e-05  2.83141398e-02  1.99990910e+00 
 2.83241398e-02  4.99994424e-08  2.83241398e-02  2.95253643e-02  2.83241398e-02  4.39990320e-05  2.83241398e-02  1.99990910e+00 
 2.83341398e-02  4.99994440e-08  2.83341398e-02  2.95255682e-02  2.83341398e-02  4.39990320e-05  2.83341398e-02  1.99990910e+00 
 2.83441398e-02  4.99994435e-08  2.83441398e-02  2.95257714e-02  2.83441398e-02  4.39990320e-05  2.83441398e-02  1.99990910e+00 
 2.83541398e-02  4.99994435e-08  2.83541398e-02  2.95259740e-02  2.83541398e-02  4.39990320e-05  2.83541398e-02  1.99990910e+00 
 2.83641398e-02  4.99994433e-08  2.83641398e-02  2.95261758e-02  2.83641398e-02  4.39990320e-05  2.83641398e-02  1.99990910e+00 
 2.83741398e-02  4.99994443e-08  2.83741398e-02  2.95263770e-02  2.83741398e-02  4.39990320e-05  2.83741398e-02  1.99990910e+00 
 2.83841398e-02  4.99994440e-08  2.83841398e-02  2.95265775e-02  2.83841398e-02  4.39990320e-05  2.83841398e-02  1.99990910e+00 
 2.83941398e-02  4.99994434e-08  2.83941398e-02  2.95267774e-02  2.83941398e-02  4.39990320e-05  2.83941398e-02  1.99990910e+00 
 2.84041398e-02  4.99994424e-08  2.84041398e-02  2.95269765e-02  2.84041398e-02  4.39990320e-05  2.84041398e-02  1.99990910e+00 
 2.84141398e-02  4.99994439e-08  2.84141398e-02  2.95271750e-02  2.84141398e-02  4.39990320e-05  2.84141398e-02  1.99990910e+00 
 2.84241398e-02  4.99994430e-08  2.84241398e-02  2.95273728e-02  2.84241398e-02  4.39990320e-05  2.84241398e-02  1.99990910e+00 
 2.84341398e-02  4.99994431e-08  2.84341398e-02  2.95275700e-02  2.84341398e-02  4.39990320e-05  2.84341398e-02  1.99990910e+00 
 2.84441398e-02  4.99994438e-08  2.84441398e-02  2.95277664e-02  2.84441398e-02  4.39990320e-05  2.84441398e-02  1.99990910e+00 
 2.84541398e-02  4.99994430e-08  2.84541398e-02  2.95279623e-02  2.84541398e-02  4.39990320e-05  2.84541398e-02  1.99990910e+00 
 2.84641398e-02  4.99994443e-08  2.84641398e-02  2.95281574e-02  2.84641398e-02  4.39990320e-05  2.84641398e-02  1.99990910e+00 
 2.84741398e-02  4.99994427e-08  2.84741398e-02  2.95283519e-02  2.84741398e-02  4.39990320e-05  2.84741398e-02  1.99990910e+00 
 2.84841398e-02  4.99994426e-08  2.84841398e-02  2.95285458e-02  2.84841398e-02  4.39990320e-05  2.84841398e-02  1.99990910e+00 
 2.84941398e-02  4.99994441e-08  2.84941398e-02  2.95287389e-02  2.84941398e-02  4.39990320e-05  2.84941398e-02  1.99990910e+00 
 2.85041398e-02  4.99994440e-08  2.85041398e-02  2.95289315e-02  2.85041398e-02  4.39990320e-05  2.85041398e-02  1.99990910e+00 
 2.85141398e-02  4.99994444e-08  2.85141398e-02  2.95291234e-02  2.85141398e-02  4.39990320e-05  2.85141398e-02  1.99990910e+00 
 2.85241398e-02  4.99994433e-08  2.85241398e-02  2.95293146e-02  2.85241398e-02  4.39990320e-05  2.85241398e-02  1.99990910e+00 
 2.85341398e-02  4.99994441e-08  2.85341398e-02  2.95295052e-02  2.85341398e-02  4.39990320e-05  2.85341398e-02  1.99990910e+00 
 2.85441398e-02  4.99994446e-08  2.85441398e-02  2.95296952e-02  2.85441398e-02  4.39990320e-05  2.85441398e-02  1.99990910e+00 
 2.85541398e-02  4.99994443e-08  2.85541398e-02  2.95298845e-02  2.85541398e-02  4.39990320e-05  2.85541398e-02  1.99990910e+00 
 2.85641398e-02  4.99994441e-08  2.85641398e-02  2.95300731e-02  2.85641398e-02  4.39990320e-05  2.85641398e-02  1.99990910e+00 
 2.85741398e-02  4.99994427e-08  2.85741398e-02  2.95302612e-02  2.85741398e-02  4.39990320e-05  2.85741398e-02  1.99990910e+00 
 2.85841398e-02  4.99994443e-08  2.85841398e-02  2.95304486e-02  2.85841398e-02  4.39990320e-05  2.85841398e-02  1.99990910e+00 
 2.85941398e-02  4.99994435e-08  2.85941398e-02  2.95306353e-02  2.85941398e-02  4.39990320e-05  2.85941398e-02  1.99990910e+00 
 2.86041398e-02  4.99994431e-08  2.86041398e-02  2.95308215e-02  2.86041398e-02  4.39990320e-05  2.86041398e-02  1.99990910e+00 
 2.86141398e-02  4.99994431e-08  2.86141398e-02  2.95310070e-02  2.86141398e-02  4.39990320e-05  2.86141398e-02  1.99990910e+00 
 2.86241398e-02  4.99994427e-08  2.86241398e-02  2.95311919e-02  2.86241398e-02  4.39990320e-05  2.86241398e-02  1.99990910e+00 
 2.86341398e-02  4.99994441e-08  2.86341398e-02  2.95313761e-02  2.86341398e-02  4.39990320e-05  2.86341398e-02  1.99990910e+00 
 2.86441398e-02  4.99994445e-08  2.86441398e-02  2.95315598e-02  2.86441398e-02  4.39990320e-05  2.86441398e-02  1.99990910e+00 
 2.86541398e-02  4.99994438e-08  2.86541398e-02  2.95317428e-02  2.86541398e-02  4.39990320e-05  2.86541398e-02  1.99990910e+00 
 2.86641398e-02  4.99994438e-08  2.86641398e-02  2.95319252e-02  2.86641398e-02  4.39990320e-05  2.86641398e-02  1.99990910e+00 
 2.86741398e-02  4.99994433e-08  2.86741398e-02  2.95321070e-02  2.86741398e-02  4.39990320e-05  2.86741398e-02  1.99990910e+00 
 2.86841398e-02  4.99994439e-08  2.86841398e-02  2.95322882e-02  2.86841398e-02  4.39990320e-05  2.86841398e-02  1.99990910e+00 
 2.86941398e-02  4.99994438e-08  2.86941398e-02  2.95324687e-02  2.86941398e-02  4.39990320e-05  2.86941398e-02  1.99990910e+00 
 2.87041398e-02  4.99994439e-08  2.87041398e-02  2.95326487e-02  2.87041398e-02  4.39990320e-05  2.87041398e-02  1.99990910e+00 
 2.87141398e-02  4.99994428e-08  2.87141398e-02  2.95328280e-02  2.87141398e-02  4.39990320e-05  2.87141398e-02  1.99990910e+00 
 2.87241398e-02  4.99994434e-08  2.87241398e-02  2.95330068e-02  2.87241398e-02  4.39990320e-05  2.87241398e-02  1.99990910e+00 
 2.87341398e-02  4.99994442e-08  2.87341398e-02  2.95331849e-02  2.87341398e-02  4.39990320e-05  2.87341398e-02  1.99990910e+00 
 2.87441398e-02  4.99994427e-08  2.87441398e-02  2.95333624e-02  2.87441398e-02  4.39990320e-05  2.87441398e-02  1.99990910e+00 
 2.87541398e-02  4.99994435e-08  2.87541398e-02  2.95335394e-02  2.87541398e-02  4.39990320e-05  2.87541398e-02  1.99990910e+00 
 2.87641398e-02  4.99994428e-08  2.87641398e-02  2.95337157e-02  2.87641398e-02  4.39990320e-05  2.87641398e-02  1.99990910e+00 
 2.87741398e-02  4.99994440e-08  2.87741398e-02  2.95338914e-02  2.87741398e-02  4.39990320e-05  2.87741398e-02  1.99990910e+00 
 2.87841398e-02  4.99994446e-08  2.87841398e-02  2.95340666e-02  2.87841398e-02  4.39990320e-05  2.87841398e-02  1.99990910e+00 
 2.87941398e-02  4.99994443e-08  2.87941398e-02  2.95342412e-02  2.87941398e-02  4.39990320e-05  2.87941398e-02  1.99990910e+00 
 2.88041398e-02  4.99994440e-08  2.88041398e-02  2.95344151e-02  2.88041398e-02  4.39990320e-05  2.88041398e-02  1.99990910e+00 
 2.88141398e-02  4.99994426e-08  2.88141398e-02  2.95345885e-02  2.88141398e-02  4.39990320e-05  2.88141398e-02  1.99990910e+00 
 2.88241398e-02  4.99994433e-08  2.88241398e-02  2.95347613e-02  2.88241398e-02  4.39990320e-05  2.88241398e-02  1.99990910e+00 
 2.88341398e-02  4.99994445e-08  2.88341398e-02  2.95349335e-02  2.88341398e-02  4.39990320e-05  2.88341398e-02  1.99990910e+00 
 2.88441398e-02  4.99994431e-08  2.88441398e-02  2.95351052e-02  2.88441398e-02  4.39990320e-05  2.88441398e-02  1.99990910e+00 
 2.88541398e-02  4.99994431e-08  2.88541398e-02  2.95352762e-02  2.88541398e-02  4.39990320e-05  2.88541398e-02  1.99990910e+00 
 2.88641398e-02  4.99994441e-08  2.88641398e-02  2.95354467e-02  2.88641398e-02  4.39990320e-05  2.88641398e-02  1.99990910e+00 
 2.88741398e-02  4.99994434e-08  2.88741398e-02  2.95356166e-02  2.88741398e-02  4.39990320e-05  2.88741398e-02  1.99990910e+00 
 2.88841398e-02  4.99994440e-08  2.88841398e-02  2.95357859e-02  2.88841398e-02  4.39990320e-05  2.88841398e-02  1.99990910e+00 
 2.88941398e-02  4.99994441e-08  2.88941398e-02  2.95359547e-02  2.88941398e-02  4.39990320e-05  2.88941398e-02  1.99990910e+00 
 2.89041398e-02  4.99994441e-08  2.89041398e-02  2.95361229e-02  2.89041398e-02  4.39990320e-05  2.89041398e-02  1.99990910e+00 
 2.89141398e-02  4.99994427e-08  2.89141398e-02  2.95362905e-02  2.89141398e-02  4.39990320e-05  2.89141398e-02  1.99990910e+00 
 2.89241398e-02  4.99994441e-08  2.89241398e-02  2.95364576e-02  2.89241398e-02  4.39990320e-05  2.89241398e-02  1.99990910e+00 
 2.89341398e-02  4.99994433e-08  2.89341398e-02  2.95366240e-02  2.89341398e-02  4.39990320e-05  2.89341398e-02  1.99990910e+00 
 2.89441398e-02  4.99994434e-08  2.89441398e-02  2.95367900e-02  2.89441398e-02  4.39990320e-05  2.89441398e-02  1.99990910e+00 
 2.89541398e-02  4.99994436e-08  2.89541398e-02  2.95369553e-02  2.89541398e-02  4.39990320e-05  2.89541398e-02  1.99990910e+00 
 2.89641398e-02  4.99994426e-08  2.89641398e-02  2.95371202e-02  2.89641398e-02  4.39990320e-05  2.89641398e-02  1.99990910e+00 
 2.89741398e-02  4.99994434e-08  2.89741398e-02  2.95372844e-02  2.89741398e-02  4.39990320e-05  2.89741398e-02  1.99990910e+00 
 2.89841398e-02  4.99994444e-08  2.89841398e-02  2.95374481e-02  2.89841398e-02  4.39990320e-05  2.89841398e-02  1.99990910e+00 
 2.89941398e-02  4.99994429e-08  2.89941398e-02  2.95376113e-02  2.89941398e-02  4.39990320e-05  2.89941398e-02  1.99990910e+00 
 2.90041398e-02  4.99994432e-08  2.90041398e-02  2.95377739e-02  2.90041398e-02  4.39990320e-05  2.90041398e-02  1.99990910e+00 
 2.90141398e-02  4.99994445e-08  2.90141398e-02  2.95379359e-02  2.90141398e-02  4.39990320e-05  2.90141398e-02  1.99990910e+00 
 2.90241398e-02  4.99994435e-08  2.90241398e-02  2.95380974e-02  2.90241398e-02  4.39990320e-05  2.90241398e-02  1.99990910e+00 
 2.90341398e-02  4.99994435e-08  2.90341398e-02  2.95382584e-02  2.90341398e-02  4.39990320e-05  2.90341398e-02  1.99990910e+00 
 2.90441398e-02  4.99994436e-08  2.90441398e-02  2.95384188e-02  2.90441398e-02  4.39990320e-05  2.90441398e-02  1.99990910e+00 
 2.90541398e-02  4.99994426e-08  2.90541398e-02  2.95385787e-02  2.90541398e-02  4.39990320e-05  2.90541398e-02  1.99990910e+00 
 2.90641398e-02  4.99994444e-08  2.90641398e-02  2.95387380e-02  2.90641398e-02  4.39990320e-05  2.90641398e-02  1.99990910e+00 
 2.90741398e-02  4.99994435e-08  2.90741398e-02  2.95388968e-02  2.90741398e-02  4.39990320e-05  2.90741398e-02  1.99990910e+00 
 2.90841398e-02  4.99994430e-08  2.90841398e-02  2.95390551e-02  2.90841398e-02  4.39990320e-05  2.90841398e-02  1.99990910e+00 
 2.90941398e-02  4.99994430e-08  2.90941398e-02  2.95392128e-02  2.90941398e-02  4.39990320e-05  2.90941398e-02  1.99990910e+00 
 2.91041398e-02  4.99994429e-08  2.91041398e-02  2.95393700e-02  2.91041398e-02  4.39990320e-05  2.91041398e-02  1.99990910e+00 
 2.91141398e-02  4.99994445e-08  2.91141398e-02  2.95395266e-02  2.91141398e-02  4.39990320e-05  2.91141398e-02  1.99990910e+00 
 2.91241398e-02  4.99994444e-08  2.91241398e-02  2.95396828e-02  2.91241398e-02  4.39990320e-05  2.91241398e-02  1.99990910e+00 
 2.91341398e-02  4.99994443e-08  2.91341398e-02  2.95398384e-02  2.91341398e-02  4.39990320e-05  2.91341398e-02  1.99990910e+00 
 2.91441398e-02  4.99994429e-08  2.91441398e-02  2.95399935e-02  2.91441398e-02  4.39990320e-05  2.91441398e-02  1.99990910e+00 
 2.91541398e-02  4.99994442e-08  2.91541398e-02  2.95401480e-02  2.91541398e-02  4.39990320e-05  2.91541398e-02  1.99990910e+00 
 2.91641398e-02  4.99994432e-08  2.91641398e-02  2.95403021e-02  2.91641398e-02  4.39990320e-05  2.91641398e-02  1.99990910e+00 
 2.91741398e-02  4.99994432e-08  2.91741398e-02  2.95404556e-02  2.91741398e-02  4.39990320e-05  2.91741398e-02  1.99990910e+00 
 2.91841398e-02  4.99994437e-08  2.91841398e-02  2.95406086e-02  2.91841398e-02  4.39990320e-05  2.91841398e-02  1.99990910e+00 
 2.91941398e-02  4.99994429e-08  2.91941398e-02  2.95407611e-02  2.91941398e-02  4.39990320e-05  2.91941398e-02  1.99990910e+00 
 2.92041398e-02  4.99994434e-08  2.92041398e-02  2.95409131e-02  2.92041398e-02  4.39990320e-05  2.92041398e-02  1.99990910e+00 
 2.92141398e-02  4.99994439e-08  2.92141398e-02  2.95410645e-02  2.92141398e-02  4.39990320e-05  2.92141398e-02  1.99990910e+00 
 2.92241398e-02  4.99994426e-08  2.92241398e-02  2.95412155e-02  2.92241398e-02  4.39990320e-05  2.92241398e-02  1.99990910e+00 
 2.92341398e-02  4.99994438e-08  2.92341398e-02  2.95413659e-02  2.92341398e-02  4.39990320e-05  2.92341398e-02  1.99990910e+00 
 2.92441398e-02  4.99994431e-08  2.92441398e-02  2.95415158e-02  2.92441398e-02  4.39990320e-05  2.92441398e-02  1.99990910e+00 
 2.92541398e-02  4.99994436e-08  2.92541398e-02  2.95416653e-02  2.92541398e-02  4.39990320e-05  2.92541398e-02  1.99990910e+00 
 2.92641398e-02  4.99994439e-08  2.92641398e-02  2.95418142e-02  2.92641398e-02  4.39990320e-05  2.92641398e-02  1.99990910e+00 
 2.92741398e-02  4.99994445e-08  2.92741398e-02  2.95419626e-02  2.92741398e-02  4.39990320e-05  2.92741398e-02  1.99990910e+00 
 2.92841398e-02  4.99994431e-08  2.92841398e-02  2.95421105e-02  2.92841398e-02  4.39990320e-05  2.92841398e-02  1.99990910e+00 
 2.92941398e-02  4.99994436e-08  2.92941398e-02  2.95422579e-02  2.92941398e-02  4.39990320e-05  2.92941398e-02  1.99990910e+00 
 2.93041398e-02  4.99994446e-08  2.93041398e-02  2.95424048e-02  2.93041398e-02  4.39990320e-05  2.93041398e-02  1.99990910e+00 
 2.93141398e-02  4.99994429e-08  2.93141398e-02  2.95425513e-02  2.93141398e-02  4.39990320e-05  2.93141398e-02  1.99990910e+00 
 2.93241398e-02  4.99994431e-08  2.93241398e-02  2.95426972e-02  2.93241398e-02  4.39990320e-05  2.93241398e-02  1.99990910e+00 
 2.93341398e-02  4.99994444e-08  2.93341398e-02  2.95428426e-02  2.93341398e-02  4.39990320e-05  2.93341398e-02  1.99990910e+00 
 2.93441398e-02  4.99994436e-08  2.93441398e-02  2.95429876e-02  2.93441398e-02  4.39990320e-05  2.93441398e-02  1.99990910e+00 
 2.93541398e-02  4.99994437e-08  2.93541398e-02  2.95431320e-02  2.93541398e-02  4.39990320e-05  2.93541398e-02  1.99990910e+00 
 2.93641398e-02  4.99994436e-08  2.93641398e-02  2.95432760e-02  2.93641398e-02  4.39990320e-05  2.93641398e-02  1.99990910e+00 
 2.93741398e-02  4.99994443e-08  2.93741398e-02  2.95434195e-02  2.93741398e-02  4.39990320e-05  2.93741398e-02  1.99990910e+00 
 2.93841398e-02  4.99994436e-08  2.93841398e-02  2.95435625e-02  2.93841398e-02  4.39990320e-05  2.93841398e-02  1.99990910e+00 
 2.93941398e-02  4.99994442e-08  2.93941398e-02  2.95437050e-02  2.93941398e-02  4.39990320e-05  2.93941398e-02  1.99990910e+00 
 2.94041398e-02  4.99994441e-08  2.94041398e-02  2.95438471e-02  2.94041398e-02  4.39990320e-05  2.94041398e-02  1.99990910e+00 
 2.94141398e-02  4.99994439e-08  2.94141398e-02  2.95439886e-02  2.94141398e-02  4.39990320e-05  2.94141398e-02  1.99990910e+00 
 2.94241398e-02  4.99994425e-08  2.94241398e-02  2.95441297e-02  2.94241398e-02  4.39990320e-05  2.94241398e-02  1.99990910e+00 
 2.94341398e-02  4.99994443e-08  2.94341398e-02  2.95442703e-02  2.94341398e-02  4.39990320e-05  2.94341398e-02  1.99990910e+00 
 2.94441398e-02  4.99994427e-08  2.94441398e-02  2.95444104e-02  2.94441398e-02  4.39990320e-05  2.94441398e-02  1.99990910e+00 
 2.94541398e-02  4.99994431e-08  2.94541398e-02  2.95445501e-02  2.94541398e-02  4.39990320e-05  2.94541398e-02  1.99990910e+00 
 2.94641398e-02  4.99994427e-08  2.94641398e-02  2.95446893e-02  2.94641398e-02  4.39990320e-05  2.94641398e-02  1.99990910e+00 
 2.94741398e-02  4.99994435e-08  2.94741398e-02  2.95448280e-02  2.94741398e-02  4.39990320e-05  2.94741398e-02  1.99990910e+00 
 2.94841398e-02  4.99994439e-08  2.94841398e-02  2.95449662e-02  2.94841398e-02  4.39990320e-05  2.94841398e-02  1.99990910e+00 
 2.94941398e-02  4.99994444e-08  2.94941398e-02  2.95451040e-02  2.94941398e-02  4.39990320e-05  2.94941398e-02  1.99990910e+00 
 2.95041398e-02  4.99994428e-08  2.95041398e-02  2.95452413e-02  2.95041398e-02  4.39990320e-05  2.95041398e-02  1.99990910e+00 
 2.95141398e-02  4.99994437e-08  2.95141398e-02  2.95453782e-02  2.95141398e-02  4.39990320e-05  2.95141398e-02  1.99990910e+00 
 2.95241398e-02  4.99994429e-08  2.95241398e-02  2.95455146e-02  2.95241398e-02  4.39990320e-05  2.95241398e-02  1.99990910e+00 
 2.95341398e-02  4.99994438e-08  2.95341398e-02  2.95456505e-02  2.95341398e-02  4.39990320e-05  2.95341398e-02  1.99990910e+00 
 2.95441398e-02  4.99994445e-08  2.95441398e-02  2.95457860e-02  2.95441398e-02  4.39990320e-05  2.95441398e-02  1.99990910e+00 
 2.95541398e-02  4.99994445e-08  2.95541398e-02  2.95459210e-02  2.95541398e-02  4.39990320e-05  2.95541398e-02  1.99990910e+00 
 2.95641398e-02  4.99994443e-08  2.95641398e-02  2.95460556e-02  2.95641398e-02  4.39990320e-05  2.95641398e-02  1.99990910e+00 
 2.95741398e-02  4.99994425e-08  2.95741398e-02  2.95461897e-02  2.95741398e-02  4.39990320e-05  2.95741398e-02  1.99990910e+00 
 2.95841398e-02  4.99994438e-08  2.95841398e-02  2.95463233e-02  2.95841398e-02  4.39990320e-05  2.95841398e-02  1.99990910e+00 
 2.95941398e-02  4.99994436e-08  2.95941398e-02  2.95464565e-02  2.95941398e-02  4.39990320e-05  2.95941398e-02  1.99990910e+00 
 2.96041398e-02  4.99994440e-08  2.96041398e-02  2.95465893e-02  2.96041398e-02  4.39990320e-05  2.96041398e-02  1.99990910e+00 
 2.96141398e-02  4.99994435e-08  2.96141398e-02  2.95467216e-02  2.96141398e-02  4.39990320e-05  2.96141398e-02  1.99990910e+00 
 2.96241398e-02  4.99994436e-08  2.96241398e-02  2.95468534e-02  2.96241398e-02  4.39990320e-05  2.96241398e-02  1.99990910e+00 
 2.96341398e-02  4.99994433e-08  2.96341398e-02  2.95469848e-02  2.96341398e-02  4.39990320e-05  2.96341398e-02  1.99990910e+00 
 2.96441398e-02  4.99994441e-08  2.96441398e-02  2.95471158e-02  2.96441398e-02  4.39990320e-05  2.96441398e-02  1.99990910e+00 
 2.96541398e-02  4.99994437e-08  2.96541398e-02  2.95472463e-02  2.96541398e-02  4.39990320e-05  2.96541398e-02  1.99990910e+00 
 2.96641398e-02  4.99994435e-08  2.96641398e-02  2.95473764e-02  2.96641398e-02  4.39990320e-05  2.96641398e-02  1.99990910e+00 
 2.96741398e-02  4.99994428e-08  2.96741398e-02  2.95475061e-02  2.96741398e-02  4.39990320e-05  2.96741398e-02  1.99990910e+00 
 2.96841398e-02  4.99994440e-08  2.96841398e-02  2.95476353e-02  2.96841398e-02  4.39990320e-05  2.96841398e-02  1.99990910e+00 
 2.96941398e-02  4.99994445e-08  2.96941398e-02  2.95477641e-02  2.96941398e-02  4.39990320e-05  2.96941398e-02  1.99990910e+00 
 2.97041398e-02  4.99994441e-08  2.97041398e-02  2.95478924e-02  2.97041398e-02  4.39990320e-05  2.97041398e-02  1.99990910e+00 
 2.97141398e-02  4.99994440e-08  2.97141398e-02  2.95480203e-02  2.97141398e-02  4.39990320e-05  2.97141398e-02  1.99990910e+00 
 2.97241398e-02  4.99994429e-08  2.97241398e-02  2.95481478e-02  2.97241398e-02  4.39990320e-05  2.97241398e-02  1.99990910e+00 
 2.97341398e-02  4.99994435e-08  2.97341398e-02  2.95482748e-02  2.97341398e-02  4.39990320e-05  2.97341398e-02  1.99990910e+00 
 2.97441398e-02  4.99994442e-08  2.97441398e-02  2.95484015e-02  2.97441398e-02  4.39990320e-05  2.97441398e-02  1.99990910e+00 
 2.97541398e-02  4.99994427e-08  2.97541398e-02  2.95485276e-02  2.97541398e-02  4.39990320e-05  2.97541398e-02  1.99990910e+00 
 2.97641398e-02  4.99994434e-08  2.97641398e-02  2.95486534e-02  2.97641398e-02  4.39990320e-05  2.97641398e-02  1.99990910e+00 
 2.97741398e-02  4.99994428e-08  2.97741398e-02  2.95487787e-02  2.97741398e-02  4.39990320e-05  2.97741398e-02  1.99990910e+00 
 2.97841398e-02  4.99994441e-08  2.97841398e-02  2.95489037e-02  2.97841398e-02  4.39990320e-05  2.97841398e-02  1.99990910e+00 
 2.97941398e-02  4.99994426e-08  2.97941398e-02  2.95490282e-02  2.97941398e-02  4.39990320e-05  2.97941398e-02  1.99990910e+00 
 2.98041398e-02  4.99994427e-08  2.98041398e-02  2.95491522e-02  2.98041398e-02  4.39990320e-05  2.98041398e-02  1.99990910e+00 
 2.98141398e-02  4.99994443e-08  2.98141398e-02  2.95492759e-02  2.98141398e-02  4.39990320e-05  2.98141398e-02  1.99990910e+00 
 2.98241398e-02  4.99994440e-08  2.98241398e-02  2.95493991e-02  2.98241398e-02  4.39990320e-05  2.98241398e-02  1.99990910e+00 
 2.98341398e-02  4.99994441e-08  2.98341398e-02  2.95495220e-02  2.98341398e-02  4.39990320e-05  2.98341398e-02  1.99990910e+00 
 2.98441398e-02  4.99994432e-08  2.98441398e-02  2.95496444e-02  2.98441398e-02  4.39990320e-05  2.98441398e-02  1.99990910e+00 
 2.98541398e-02  4.99994436e-08  2.98541398e-02  2.95497664e-02  2.98541398e-02  4.39990320e-05  2.98541398e-02  1.99990910e+00 
 2.98641398e-02  4.99994438e-08  2.98641398e-02  2.95498879e-02  2.98641398e-02  4.39990320e-05  2.98641398e-02  1.99990910e+00 
 2.98741398e-02  4.99994444e-08  2.98741398e-02  2.95500091e-02  2.98741398e-02  4.39990320e-05  2.98741398e-02  1.99990910e+00 
 2.98841398e-02  4.99994432e-08  2.98841398e-02  2.95501299e-02  2.98841398e-02  4.39990320e-05  2.98841398e-02  1.99990910e+00 
 2.98941398e-02  4.99994438e-08  2.98941398e-02  2.95502502e-02  2.98941398e-02  4.39990320e-05  2.98941398e-02  1.99990910e+00 
 2.99041398e-02  4.99994445e-08  2.99041398e-02  2.95503702e-02  2.99041398e-02  4.39990320e-05  2.99041398e-02  1.99990910e+00 
 2.99141398e-02  4.99994427e-08  2.99141398e-02  2.95504897e-02  2.99141398e-02  4.39990320e-05  2.99141398e-02  1.99990910e+00 
 2.99241398e-02  4.99994431e-08  2.99241398e-02  2.95506089e-02  2.99241398e-02  4.39990320e-05  2.99241398e-02  1.99990910e+00 
 2.99341398e-02  4.99994427e-08  2.99341398e-02  2.95507276e-02  2.99341398e-02  4.39990320e-05  2.99341398e-02  1.99990910e+00 
 2.99441398e-02  4.99994434e-08  2.99441398e-02  2.95508460e-02  2.99441398e-02  4.39990320e-05  2.99441398e-02  1.99990910e+00 
 2.99541398e-02  4.99994439e-08  2.99541398e-02  2.95509639e-02  2.99541398e-02  4.39990320e-05  2.99541398e-02  1.99990910e+00 
 2.99641398e-02  4.99994444e-08  2.99641398e-02  2.95510814e-02  2.99641398e-02  4.39990320e-05  2.99641398e-02  1.99990910e+00 
 2.99741398e-02  4.99994429e-08  2.99741398e-02  2.95511986e-02  2.99741398e-02  4.39990320e-05  2.99741398e-02  1.99990910e+00 
 2.99841398e-02  4.99994436e-08  2.99841398e-02  2.95513153e-02  2.99841398e-02  4.39990320e-05  2.99841398e-02  1.99990910e+00 
 2.99941398e-02  4.99994427e-08  2.99941398e-02  2.95514317e-02  2.99941398e-02  4.39990320e-05  2.99941398e-02  1.99990910e+00 
 3.00041398e-02  4.99994438e-08  3.00041398e-02  2.95515477e-02  3.00041398e-02  4.39990320e-05  3.00041398e-02  1.99990910e+00 
 3.00141398e-02  4.99994426e-08  3.00141398e-02  2.95516632e-02  3.00141398e-02  4.39990320e-05  3.00141398e-02  1.99990910e+00 
 3.00241398e-02  4.99994432e-08  3.00241398e-02  2.95517784e-02  3.00241398e-02  4.39990320e-05  3.00241398e-02  1.99990910e+00 
 3.00341398e-02  4.99994445e-08  3.00341398e-02  2.95518932e-02  3.00341398e-02  4.39990320e-05  3.00341398e-02  1.99990910e+00 
 3.00441398e-02  4.99994433e-08  3.00441398e-02  2.95520076e-02  3.00441398e-02  4.39990320e-05  3.00441398e-02  1.99990910e+00 
 3.00541398e-02  4.99994433e-08  3.00541398e-02  2.95521216e-02  3.00541398e-02  4.39990320e-05  3.00541398e-02  1.99990910e+00 
 3.00641398e-02  4.99994439e-08  3.00641398e-02  2.95522353e-02  3.00641398e-02  4.39990320e-05  3.00641398e-02  1.99990910e+00 
 3.00741398e-02  4.99994430e-08  3.00741398e-02  2.95523485e-02  3.00741398e-02  4.39990320e-05  3.00741398e-02  1.99990910e+00 
 3.00841398e-02  4.99994442e-08  3.00841398e-02  2.95524614e-02  3.00841398e-02  4.39990320e-05  3.00841398e-02  1.99990910e+00 
 3.00941398e-02  4.99994428e-08  3.00941398e-02  2.95525739e-02  3.00941398e-02  4.39990320e-05  3.00941398e-02  1.99990910e+00 
 3.01041398e-02  4.99994429e-08  3.01041398e-02  2.95526860e-02  3.01041398e-02  4.39990320e-05  3.01041398e-02  1.99990910e+00 
 3.01141398e-02  4.99994441e-08  3.01141398e-02  2.95527977e-02  3.01141398e-02  4.39990320e-05  3.01141398e-02  1.99990910e+00 
 3.01241398e-02  4.99994436e-08  3.01241398e-02  2.95529091e-02  3.01241398e-02  4.39990320e-05  3.01241398e-02  1.99990910e+00 
 3.01341398e-02  4.99994441e-08  3.01341398e-02  2.95530201e-02  3.01341398e-02  4.39990320e-05  3.01341398e-02  1.99990910e+00 
 3.01441398e-02  4.99994438e-08  3.01441398e-02  2.95531307e-02  3.01441398e-02  4.39990320e-05  3.01441398e-02  1.99990910e+00 
 3.01541398e-02  4.99994438e-08  3.01541398e-02  2.95532409e-02  3.01541398e-02  4.39990320e-05  3.01541398e-02  1.99990910e+00 
 3.01641398e-02  4.99994429e-08  3.01641398e-02  2.95533508e-02  3.01641398e-02  4.39990320e-05  3.01641398e-02  1.99990910e+00 
 3.01741398e-02  4.99994437e-08  3.01741398e-02  2.95534603e-02  3.01741398e-02  4.39990320e-05  3.01741398e-02  1.99990910e+00 
 3.01841398e-02  4.99994441e-08  3.01841398e-02  2.95535694e-02  3.01841398e-02  4.39990320e-05  3.01841398e-02  1.99990910e+00 
 3.01941398e-02  4.99994444e-08  3.01941398e-02  2.95536781e-02  3.01941398e-02  4.39990320e-05  3.01941398e-02  1.99990910e+00 
 3.02041398e-02  4.99994426e-08  3.02041398e-02  2.95537865e-02  3.02041398e-02  4.39990320e-05  3.02041398e-02  1.99990910e+00 
 3.02141398e-02  4.99994435e-08  3.02141398e-02  2.95538945e-02  3.02141398e-02  4.39990320e-05  3.02141398e-02  1.99990910e+00 
 3.02241398e-02  4.99994431e-08  3.02241398e-02  2.95540022e-02  3.02241398e-02  4.39990320e-05  3.02241398e-02  1.99990910e+00 
 3.02341398e-02  4.99994441e-08  3.02341398e-02  2.95541095e-02  3.02341398e-02  4.39990320e-05  3.02341398e-02  1.99990910e+00 
 3.02441398e-02  4.99994443e-08  3.02441398e-02  2.95542164e-02  3.02441398e-02  4.39990320e-05  3.02441398e-02  1.99990910e+00 
 3.02541398e-02  4.99994439e-08  3.02541398e-02  2.95543230e-02  3.02541398e-02  4.39990320e-05  3.02541398e-02  1.99990910e+00 
 3.02641398e-02  4.99994443e-08  3.02641398e-02  2.95544292e-02  3.02641398e-02  4.39990320e-05  3.02641398e-02  1.99990910e+00 
 3.02741398e-02  4.99994435e-08  3.02741398e-02  2.95545350e-02  3.02741398e-02  4.39990320e-05  3.02741398e-02  1.99990910e+00 
 3.02841398e-02  4.99994444e-08  3.02841398e-02  2.95546405e-02  3.02841398e-02  4.39990320e-05  3.02841398e-02  1.99990910e+00 
 3.02941398e-02  4.99994445e-08  3.02941398e-02  2.95547457e-02  3.02941398e-02  4.39990320e-05  3.02941398e-02  1.99990910e+00 
 3.03041398e-02  4.99994438e-08  3.03041398e-02  2.95548505e-02  3.03041398e-02  4.39990320e-05  3.03041398e-02  1.99990910e+00 
 3.03141398e-02  4.99994440e-08  3.03141398e-02  2.95549549e-02  3.03141398e-02  4.39990320e-05  3.03141398e-02  1.99990910e+00 
 3.03241398e-02  4.99994435e-08  3.03241398e-02  2.95550590e-02  3.03241398e-02  4.39990320e-05  3.03241398e-02  1.99990910e+00 
 3.03341398e-02  4.99994437e-08  3.03341398e-02  2.95551627e-02  3.03341398e-02  4.39990320e-05  3.03341398e-02  1.99990910e+00 
 3.03441398e-02  4.99994433e-08  3.03441398e-02  2.95552661e-02  3.03441398e-02  4.39990320e-05  3.03441398e-02  1.99990910e+00 
 3.03541398e-02  4.99994440e-08  3.03541398e-02  2.95553691e-02  3.03541398e-02  4.39990320e-05  3.03541398e-02  1.99990910e+00 
 3.03641398e-02  4.99994437e-08  3.03641398e-02  2.95554718e-02  3.03641398e-02  4.39990320e-05  3.03641398e-02  1.99990910e+00 
 3.03741398e-02  4.99994437e-08  3.03741398e-02  2.95555741e-02  3.03741398e-02  4.39990320e-05  3.03741398e-02  1.99990910e+00 
 3.03841398e-02  4.99994430e-08  3.03841398e-02  2.95556761e-02  3.03841398e-02  4.39990320e-05  3.03841398e-02  1.99990910e+00 
 3.03941398e-02  4.99994438e-08  3.03941398e-02  2.95557777e-02  3.03941398e-02  4.39990320e-05  3.03941398e-02  1.99990910e+00 
 3.04041398e-02  4.99994441e-08  3.04041398e-02  2.95558790e-02  3.04041398e-02  4.39990320e-05  3.04041398e-02  1.99990910e+00 
 3.04141398e-02  4.99994442e-08  3.04141398e-02  2.95559800e-02  3.04141398e-02  4.39990320e-05  3.04141398e-02  1.99990910e+00 
 3.04241398e-02  4.99994427e-08  3.04241398e-02  2.95560806e-02  3.04241398e-02  4.39990320e-05  3.04241398e-02  1.99990910e+00 
 3.04341398e-02  4.99994438e-08  3.04341398e-02  2.95561809e-02  3.04341398e-02  4.39990320e-05  3.04341398e-02  1.99990910e+00 
 3.04441398e-02  4.99994432e-08  3.04441398e-02  2.95562808e-02  3.04441398e-02  4.39990320e-05  3.04441398e-02  1.99990910e+00 
 3.04541398e-02  4.99994437e-08  3.04541398e-02  2.95563804e-02  3.04541398e-02  4.39990320e-05  3.04541398e-02  1.99990910e+00 
 3.04641398e-02  4.99994439e-08  3.04641398e-02  2.95564797e-02  3.04641398e-02  4.39990320e-05  3.04641398e-02  1.99990910e+00 
 3.04741398e-02  4.99994443e-08  3.04741398e-02  2.95565786e-02  3.04741398e-02  4.39990320e-05  3.04741398e-02  1.99990910e+00 
 3.04841398e-02  4.99994430e-08  3.04841398e-02  2.95566772e-02  3.04841398e-02  4.39990320e-05  3.04841398e-02  1.99990910e+00 
 3.04941398e-02  4.99994439e-08  3.04941398e-02  2.95567755e-02  3.04941398e-02  4.39990320e-05  3.04941398e-02  1.99990910e+00 
 3.05041398e-02  4.99994427e-08  3.05041398e-02  2.95568734e-02  3.05041398e-02  4.39990320e-05  3.05041398e-02  1.99990910e+00 
 3.05141398e-02  4.99994434e-08  3.05141398e-02  2.95569710e-02  3.05141398e-02  4.39990320e-05  3.05141398e-02  1.99990910e+00 
 3.05241398e-02  4.99994446e-08  3.05241398e-02  2.95570683e-02  3.05241398e-02  4.39990320e-05  3.05241398e-02  1.99990910e+00 
 3.05341398e-02  4.99994431e-08  3.05341398e-02  2.95571652e-02  3.05341398e-02  4.39990320e-05  3.05341398e-02  1.99990910e+00 
 3.05441398e-02  4.99994431e-08  3.05441398e-02  2.95572619e-02  3.05441398e-02  4.39990320e-05  3.05441398e-02  1.99990910e+00 
 3.05541398e-02  4.99994440e-08  3.05541398e-02  2.95573582e-02  3.05541398e-02  4.39990320e-05  3.05541398e-02  1.99990910e+00 
 3.05641398e-02  4.99994434e-08  3.05641398e-02  2.95574541e-02  3.05641398e-02  4.39990320e-05  3.05641398e-02  1.99990910e+00 
 3.05741398e-02  4.99994441e-08  3.05741398e-02  2.95575498e-02  3.05741398e-02  4.39990320e-05  3.05741398e-02  1.99990910e+00 
 3.05841398e-02  4.99994442e-08  3.05841398e-02  2.95576451e-02  3.05841398e-02  4.39990320e-05  3.05841398e-02  1.99990910e+00 
 3.05941398e-02  4.99994440e-08  3.05941398e-02  2.95577401e-02  3.05941398e-02  4.39990320e-05  3.05941398e-02  1.99990910e+00 
 3.06041398e-02  4.99994424e-08  3.06041398e-02  2.95578348e-02  3.06041398e-02  4.39990320e-05  3.06041398e-02  1.99990910e+00 
 3.06141398e-02  4.99994441e-08  3.06141398e-02  2.95579291e-02  3.06141398e-02  4.39990320e-05  3.06141398e-02  1.99990910e+00 
 3.06241398e-02  4.99994428e-08  3.06241398e-02  2.95580232e-02  3.06241398e-02  4.39990320e-05  3.06241398e-02  1.99990910e+00 
 3.06341398e-02  4.99994423e-08  3.06341398e-02  2.95581169e-02  3.06341398e-02  4.39990320e-05  3.06341398e-02  1.99990910e+00 
 3.06441398e-02  4.99994435e-08  3.06441398e-02  2.95582103e-02  3.06441398e-02  4.39990320e-05  3.06441398e-02  1.99990910e+00 
 3.06541398e-02  4.99994441e-08  3.06541398e-02  2.95583034e-02  3.06541398e-02  4.39990320e-05  3.06541398e-02  1.99990910e+00 
 3.06641398e-02  4.99994441e-08  3.06641398e-02  2.95583962e-02  3.06641398e-02  4.39990320e-05  3.06641398e-02  1.99990910e+00 
 3.06741398e-02  4.99994445e-08  3.06741398e-02  2.95584886e-02  3.06741398e-02  4.39990320e-05  3.06741398e-02  1.99990910e+00 
 3.06841398e-02  4.99994430e-08  3.06841398e-02  2.95585808e-02  3.06841398e-02  4.39990320e-05  3.06841398e-02  1.99990910e+00 
 3.06941398e-02  4.99994438e-08  3.06941398e-02  2.95586726e-02  3.06941398e-02  4.39990320e-05  3.06941398e-02  1.99990910e+00 
 3.07041398e-02  4.99994427e-08  3.07041398e-02  2.95587642e-02  3.07041398e-02  4.39990320e-05  3.07041398e-02  1.99990910e+00 
 3.07141398e-02  4.99994435e-08  3.07141398e-02  2.95588554e-02  3.07141398e-02  4.39990320e-05  3.07141398e-02  1.99990910e+00 
 3.07241398e-02  4.99994425e-08  3.07241398e-02  2.95589463e-02  3.07241398e-02  4.39990320e-05  3.07241398e-02  1.99990910e+00 
 3.07341398e-02  4.99994437e-08  3.07341398e-02  2.95590369e-02  3.07341398e-02  4.39990320e-05  3.07341398e-02  1.99990910e+00 
 3.07441398e-02  4.99994428e-08  3.07441398e-02  2.95591272e-02  3.07441398e-02  4.39990320e-05  3.07441398e-02  1.99990910e+00 
 3.07541398e-02  4.99994435e-08  3.07541398e-02  2.95592172e-02  3.07541398e-02  4.39990320e-05  3.07541398e-02  1.99990910e+00 
 3.07641398e-02  4.99994444e-08  3.07641398e-02  2.95593069e-02  3.07641398e-02  4.39990320e-05  3.07641398e-02  1.99990910e+00 
 3.07741398e-02  4.99994428e-08  3.07741398e-02  2.95593963e-02  3.07741398e-02  4.39990320e-05  3.07741398e-02  1.99990910e+00 
 3.07841398e-02  4.99994432e-08  3.07841398e-02  2.95594854e-02  3.07841398e-02  4.39990320e-05  3.07841398e-02  1.99990910e+00 
 3.07941398e-02  4.99994425e-08  3.07941398e-02  2.95595742e-02  3.07941398e-02  4.39990320e-05  3.07941398e-02  1.99990910e+00 
 3.08041398e-02  4.99994441e-08  3.08041398e-02  2.95596627e-02  3.08041398e-02  4.39990320e-05  3.08041398e-02  1.99990910e+00 
 3.08141398e-02  4.99994432e-08  3.08141398e-02  2.95597508e-02  3.08141398e-02  4.39990320e-05  3.08141398e-02  1.99990910e+00 
 3.08241398e-02  4.99994429e-08  3.08241398e-02  2.95598387e-02  3.08241398e-02  4.39990320e-05  3.08241398e-02  1.99990910e+00 
 3.08341398e-02  4.99994435e-08  3.08341398e-02  2.95599263e-02  3.08341398e-02  4.39990320e-05  3.08341398e-02  1.99990910e+00 
 3.08441398e-02  4.99994432e-08  3.08441398e-02  2.95600136e-02  3.08441398e-02  4.39990320e-05  3.08441398e-02  1.99990910e+00 
 3.08541398e-02  4.99994438e-08  3.08541398e-02  2.95601006e-02  3.08541398e-02  4.39990320e-05  3.08541398e-02  1.99990910e+00 
 3.08641398e-02  4.99994436e-08  3.08641398e-02  2.95601874e-02  3.08641398e-02  4.39990320e-05  3.08641398e-02  1.99990910e+00 
 3.08741398e-02  4.99994439e-08  3.08741398e-02  2.95602738e-02  3.08741398e-02  4.39990320e-05  3.08741398e-02  1.99990910e+00 
 3.08841398e-02  4.99994431e-08  3.08841398e-02  2.95603599e-02  3.08841398e-02  4.39990320e-05  3.08841398e-02  1.99990910e+00 
 3.08941398e-02  4.99994436e-08  3.08941398e-02  2.95604457e-02  3.08941398e-02  4.39990320e-05  3.08941398e-02  1.99990910e+00 
 3.09041398e-02  4.99994438e-08  3.09041398e-02  2.95605313e-02  3.09041398e-02  4.39990320e-05  3.09041398e-02  1.99990910e+00 
 3.09141398e-02  4.99994444e-08  3.09141398e-02  2.95606166e-02  3.09141398e-02  4.39990320e-05  3.09141398e-02  1.99990910e+00 
 3.09241398e-02  4.99994431e-08  3.09241398e-02  2.95607015e-02  3.09241398e-02  4.39990320e-05  3.09241398e-02  1.99990910e+00 
 3.09341398e-02  4.99994438e-08  3.09341398e-02  2.95607862e-02  3.09341398e-02  4.39990320e-05  3.09341398e-02  1.99990910e+00 
 3.09441398e-02  4.99994425e-08  3.09441398e-02  2.95608706e-02  3.09441398e-02  4.39990320e-05  3.09441398e-02  1.99990910e+00 
 3.09541398e-02  4.99994433e-08  3.09541398e-02  2.95609547e-02  3.09541398e-02  4.39990320e-05  3.09541398e-02  1.99990910e+00 
 3.09641398e-02  4.99994427e-08  3.09641398e-02  2.95610386e-02  3.09641398e-02  4.39990320e-05  3.09641398e-02  1.99990910e+00 
 3.09741398e-02  4.99994440e-08  3.09741398e-02  2.95611221e-02  3.09741398e-02  4.39990320e-05  3.09741398e-02  1.99990910e+00 
 3.09841398e-02  4.99994427e-08  3.09841398e-02  2.95612054e-02  3.09841398e-02  4.39990320e-05  3.09841398e-02  1.99990910e+00 
 3.09941398e-02  4.99994429e-08  3.09941398e-02  2.95612884e-02  3.09941398e-02  4.39990320e-05  3.09941398e-02  1.99990910e+00 
 3.10041398e-02  4.99994442e-08  3.10041398e-02  2.95613711e-02  3.10041398e-02  4.39990320e-05  3.10041398e-02  1.99990910e+00 
 3.10141398e-02  4.99994436e-08  3.10141398e-02  2.95614535e-02  3.10141398e-02  4.39990320e-05  3.10141398e-02  1.99990910e+00 
 3.10241398e-02  4.99994439e-08  3.10241398e-02  2.95615356e-02  3.10241398e-02  4.39990320e-05  3.10241398e-02  1.99990910e+00 
 3.10341398e-02  4.99994437e-08  3.10341398e-02  2.95616175e-02  3.10341398e-02  4.39990320e-05  3.10341398e-02  1.99990910e+00 
 3.10441398e-02  4.99994441e-08  3.10441398e-02  2.95616991e-02  3.10441398e-02  4.39990320e-05  3.10441398e-02  1.99990910e+00 
 3.10541398e-02  4.99994433e-08  3.10541398e-02  2.95617804e-02  3.10541398e-02  4.39990320e-05  3.10541398e-02  1.99990910e+00 
 3.10641398e-02  4.99994434e-08  3.10641398e-02  2.95618615e-02  3.10641398e-02  4.39990320e-05  3.10641398e-02  1.99990910e+00 
 3.10741398e-02  4.99994435e-08  3.10741398e-02  2.95619422e-02  3.10741398e-02  4.39990320e-05  3.10741398e-02  1.99990910e+00 
 3.10841398e-02  4.99994424e-08  3.10841398e-02  2.95620227e-02  3.10841398e-02  4.39990320e-05  3.10841398e-02  1.99990910e+00 
 3.10941398e-02  4.99994434e-08  3.10941398e-02  2.95621030e-02  3.10941398e-02  4.39990320e-05  3.10941398e-02  1.99990910e+00 
 3.11041398e-02  4.99994446e-08  3.11041398e-02  2.95621829e-02  3.11041398e-02  4.39990320e-05  3.11041398e-02  1.99990910e+00 
 3.11141398e-02  4.99994429e-08  3.11141398e-02  2.95622626e-02  3.11141398e-02  4.39990320e-05  3.11141398e-02  1.99990910e+00 
 3.11241398e-02  4.99994429e-08  3.11241398e-02  2.95623420e-02  3.11241398e-02  4.39990320e-05  3.11241398e-02  1.99990910e+00 
 3.11341398e-02  4.99994442e-08  3.11341398e-02  2.95624212e-02  3.11341398e-02  4.39990320e-05  3.11341398e-02  1.99990910e+00 
 3.11441398e-02  4.99994438e-08  3.11441398e-02  2.95625001e-02  3.11441398e-02  4.39990320e-05  3.11441398e-02  1.99990910e+00 
 3.11541398e-02  4.99994440e-08  3.11541398e-02  2.95625787e-02  3.11541398e-02  4.39990320e-05  3.11541398e-02  1.99990910e+00 
 3.11641398e-02  4.99994435e-08  3.11641398e-02  2.95626570e-02  3.11641398e-02  4.39990320e-05  3.11641398e-02  1.99990910e+00 
 3.11741398e-02  4.99994438e-08  3.11741398e-02  2.95627351e-02  3.11741398e-02  4.39990320e-05  3.11741398e-02  1.99990910e+00 
 3.11841398e-02  4.99994434e-08  3.11841398e-02  2.95628129e-02  3.11841398e-02  4.39990320e-05  3.11841398e-02  1.99990910e+00 
 3.11941398e-02  4.99994439e-08  3.11941398e-02  2.95628905e-02  3.11941398e-02  4.39990320e-05  3.11941398e-02  1.99990910e+00 
 3.12041398e-02  4.99994435e-08  3.12041398e-02  2.95629678e-02  3.12041398e-02  4.39990320e-05  3.12041398e-02  1.99990910e+00 
 3.12141398e-02  4.99994437e-08  3.12141398e-02  2.95630448e-02  3.12141398e-02  4.39990320e-05  3.12141398e-02  1.99990910e+00 
 3.12241398e-02  4.99994432e-08  3.12241398e-02  2.95631216e-02  3.12241398e-02  4.39990320e-05  3.12241398e-02  1.99990910e+00 
 3.12341398e-02  4.99994439e-08  3.12341398e-02  2.95631981e-02  3.12341398e-02  4.39990320e-05  3.12341398e-02  1.99990910e+00 
 3.12441398e-02  4.99994439e-08  3.12441398e-02  2.95632744e-02  3.12441398e-02  4.39990320e-05  3.12441398e-02  1.99990910e+00 
 3.12541398e-02  4.99994439e-08  3.12541398e-02  2.95633504e-02  3.12541398e-02  4.39990320e-05  3.12541398e-02  1.99990910e+00 
 3.12641398e-02  4.99994428e-08  3.12641398e-02  2.95634262e-02  3.12641398e-02  4.39990320e-05  3.12641398e-02  1.99990910e+00 
 3.12741398e-02  4.99994433e-08  3.12741398e-02  2.95635016e-02  3.12741398e-02  4.39990320e-05  3.12741398e-02  1.99990910e+00 
 3.12841398e-02  4.99994442e-08  3.12841398e-02  2.95635769e-02  3.12841398e-02  4.39990320e-05  3.12841398e-02  1.99990910e+00 
 3.12941398e-02  4.99994429e-08  3.12941398e-02  2.95636519e-02  3.12941398e-02  4.39990320e-05  3.12941398e-02  1.99990910e+00 
 3.13041398e-02  4.99994435e-08  3.13041398e-02  2.95637266e-02  3.13041398e-02  4.39990320e-05  3.13041398e-02  1.99990910e+00 
 3.13141398e-02  4.99994425e-08  3.13141398e-02  2.95638011e-02  3.13141398e-02  4.39990320e-05  3.13141398e-02  1.99990910e+00 
 3.13241398e-02  4.99994438e-08  3.13241398e-02  2.95638753e-02  3.13241398e-02  4.39990320e-05  3.13241398e-02  1.99990910e+00 
 3.13341398e-02  4.99994428e-08  3.13341398e-02  2.95639493e-02  3.13341398e-02  4.39990320e-05  3.13341398e-02  1.99990910e+00 
 3.13441398e-02  4.99994434e-08  3.13441398e-02  2.95640230e-02  3.13441398e-02  4.39990320e-05  3.13441398e-02  1.99990910e+00 
 3.13541398e-02  4.99994442e-08  3.13541398e-02  2.95640965e-02  3.13541398e-02  4.39990320e-05  3.13541398e-02  1.99990910e+00 
 3.13641398e-02  4.99994429e-08  3.13641398e-02  2.95641697e-02  3.13641398e-02  4.39990320e-05  3.13641398e-02  1.99990910e+00 
 3.13741398e-02  4.99994435e-08  3.13741398e-02  2.95642427e-02  3.13741398e-02  4.39990320e-05  3.13741398e-02  1.99990910e+00 
 3.13841398e-02  4.99994426e-08  3.13841398e-02  2.95643154e-02  3.13841398e-02  4.39990320e-05  3.13841398e-02  1.99990910e+00 
 3.13941398e-02  4.99994437e-08  3.13941398e-02  2.95643879e-02  3.13941398e-02  4.39990320e-05  3.13941398e-02  1.99990910e+00 
 3.14041398e-02  4.99994428e-08  3.14041398e-02  2.95644602e-02  3.14041398e-02  4.39990320e-05  3.14041398e-02  1.99990910e+00 
 3.14141398e-02  4.99994434e-08  3.14141398e-02  2.95645322e-02  3.14141398e-02  4.39990320e-05  3.14141398e-02  1.99990910e+00 
 3.14241398e-02  4.99994443e-08  3.14241398e-02  2.95646039e-02  3.14241398e-02  4.39990320e-05  3.14241398e-02  1.99990910e+00 
 3.14341398e-02  4.99994429e-08  3.14341398e-02  2.95646754e-02  3.14341398e-02  4.39990320e-05  3.14341398e-02  1.99990910e+00 
 3.14441398e-02  4.99994435e-08  3.14441398e-02  2.95647467e-02  3.14441398e-02  4.39990320e-05  3.14441398e-02  1.99990910e+00 
 3.14541398e-02  4.99994425e-08  3.14541398e-02  2.95648178e-02  3.14541398e-02  4.39990320e-05  3.14541398e-02  1.99990910e+00 
 3.14641398e-02  4.99994438e-08  3.14641398e-02  2.95648886e-02  3.14641398e-02  4.39990320e-05  3.14641398e-02  1.99990910e+00 
 3.14741398e-02  4.99994430e-08  3.14741398e-02  2.95649591e-02  3.14741398e-02  4.39990320e-05  3.14741398e-02  1.99990910e+00 
 3.14841398e-02  4.99994433e-08  3.14841398e-02  2.95650294e-02  3.14841398e-02  4.39990320e-05  3.14841398e-02  1.99990910e+00 
 3.14941398e-02  4.99994440e-08  3.14941398e-02  2.95650995e-02  3.14941398e-02  4.39990320e-05  3.14941398e-02  1.99990910e+00 
 3.15041398e-02  4.99994429e-08  3.15041398e-02  2.95651694e-02  3.15041398e-02  4.39990320e-05  3.15041398e-02  1.99990910e+00 
 3.15141398e-02  4.99994438e-08  3.15141398e-02  2.95652390e-02  3.15141398e-02  4.39990320e-05  3.15141398e-02  1.99990910e+00 
 3.15241398e-02  4.99994427e-08  3.15241398e-02  2.95653083e-02  3.15241398e-02  4.39990320e-05  3.15241398e-02  1.99990910e+00 
 3.15341398e-02  4.99994434e-08  3.15341398e-02  2.95653775e-02  3.15341398e-02  4.39990320e-05  3.15341398e-02  1.99990910e+00 
 3.15441398e-02  4.99994444e-08  3.15441398e-02  2.95654464e-02  3.15441398e-02  4.39990320e-05  3.15441398e-02  1.99990910e+00 
 3.15541398e-02  4.99994430e-08  3.15541398e-02  2.95655151e-02  3.15541398e-02  4.39990320e-05  3.15541398e-02  1.99990910e+00 
 3.15641398e-02  4.99994433e-08  3.15641398e-02  2.95655835e-02  3.15641398e-02  4.39990320e-05  3.15641398e-02  1.99990910e+00 
 3.15741398e-02  4.99994443e-08  3.15741398e-02  2.95656517e-02  3.15741398e-02  4.39990320e-05  3.15741398e-02  1.99990910e+00 
 3.15841398e-02  4.99994432e-08  3.15841398e-02  2.95657197e-02  3.15841398e-02  4.39990320e-05  3.15841398e-02  1.99990910e+00 
 3.15941398e-02  4.99994437e-08  3.15941398e-02  2.95657875e-02  3.15941398e-02  4.39990320e-05  3.15941398e-02  1.99990910e+00 
 3.16041398e-02  4.99994442e-08  3.16041398e-02  2.95658550e-02  3.16041398e-02  4.39990320e-05  3.16041398e-02  1.99990910e+00 
 3.16141398e-02  4.99994426e-08  3.16141398e-02  2.95659223e-02  3.16141398e-02  4.39990320e-05  3.16141398e-02  1.99990910e+00 
 3.16241398e-02  4.99994435e-08  3.16241398e-02  2.95659893e-02  3.16241398e-02  4.39990320e-05  3.16241398e-02  1.99990910e+00 
 3.16341398e-02  4.99994430e-08  3.16341398e-02  2.95660562e-02  3.16341398e-02  4.39990320e-05  3.16341398e-02  1.99990910e+00 
 3.16441398e-02  4.99994440e-08  3.16441398e-02  2.95661228e-02  3.16441398e-02  4.39990320e-05  3.16441398e-02  1.99990910e+00 
 3.16541398e-02  4.99994444e-08  3.16541398e-02  2.95661892e-02  3.16541398e-02  4.39990320e-05  3.16541398e-02  1.99990910e+00 
 3.16641398e-02  4.99994441e-08  3.16641398e-02  2.95662554e-02  3.16641398e-02  4.39990320e-05  3.16641398e-02  1.99990910e+00 
 3.16741398e-02  4.99994442e-08  3.16741398e-02  2.95663213e-02  3.16741398e-02  4.39990320e-05  3.16741398e-02  1.99990910e+00 
 3.16841398e-02  4.99994430e-08  3.16841398e-02  2.95663870e-02  3.16841398e-02  4.39990320e-05  3.16841398e-02  1.99990910e+00 
 3.16941398e-02  4.99994442e-08  3.16941398e-02  2.95664525e-02  3.16941398e-02  4.39990320e-05  3.16941398e-02  1.99990910e+00 
 3.17041398e-02  4.99994429e-08  3.17041398e-02  2.95665178e-02  3.17041398e-02  4.39990320e-05  3.17041398e-02  1.99990910e+00 
 3.17141398e-02  4.99994430e-08  3.17141398e-02  2.95665829e-02  3.17141398e-02  4.39990320e-05  3.17141398e-02  1.99990910e+00 
 3.17241398e-02  4.99994440e-08  3.17241398e-02  2.95666477e-02  3.17241398e-02  4.39990320e-05  3.17241398e-02  1.99990910e+00 
 3.17341398e-02  4.99994433e-08  3.17341398e-02  2.95667123e-02  3.17341398e-02  4.39990320e-05  3.17341398e-02  1.99990910e+00 
 3.17441398e-02  4.99994442e-08  3.17441398e-02  2.95667767e-02  3.17441398e-02  4.39990320e-05  3.17441398e-02  1.99990910e+00 
 3.17541398e-02  4.99994443e-08  3.17541398e-02  2.95668409e-02  3.17541398e-02  4.39990320e-05  3.17541398e-02  1.99990910e+00 
 3.17641398e-02  4.99994440e-08  3.17641398e-02  2.95669049e-02  3.17641398e-02  4.39990320e-05  3.17641398e-02  1.99990910e+00 
 3.17741398e-02  4.99994444e-08  3.17741398e-02  2.95669687e-02  3.17741398e-02  4.39990320e-05  3.17741398e-02  1.99990910e+00 
 3.17841398e-02  4.99994434e-08  3.17841398e-02  2.95670322e-02  3.17841398e-02  4.39990320e-05  3.17841398e-02  1.99990910e+00 
 3.17941398e-02  4.99994442e-08  3.17941398e-02  2.95670955e-02  3.17941398e-02  4.39990320e-05  3.17941398e-02  1.99990910e+00 
 3.18041398e-02  4.99994444e-08  3.18041398e-02  2.95671586e-02  3.18041398e-02  4.39990320e-05  3.18041398e-02  1.99990910e+00 
 3.18141398e-02  4.99994442e-08  3.18141398e-02  2.95672215e-02  3.18141398e-02  4.39990320e-05  3.18141398e-02  1.99990910e+00 
 3.18241398e-02  4.99994443e-08  3.18241398e-02  2.95672842e-02  3.18241398e-02  4.39990320e-05  3.18241398e-02  1.99990910e+00 
 3.18341398e-02  4.99994431e-08  3.18341398e-02  2.95673467e-02  3.18341398e-02  4.39990320e-05  3.18341398e-02  1.99990910e+00 
 3.18441398e-02  4.99994441e-08  3.18441398e-02  2.95674089e-02  3.18441398e-02  4.39990320e-05  3.18441398e-02  1.99990910e+00 
 3.18541398e-02  4.99994428e-08  3.18541398e-02  2.95674710e-02  3.18541398e-02  4.39990320e-05  3.18541398e-02  1.99990910e+00 
 3.18641398e-02  4.99994431e-08  3.18641398e-02  2.95675328e-02  3.18641398e-02  4.39990320e-05  3.18641398e-02  1.99990910e+00 
 3.18741398e-02  4.99994442e-08  3.18741398e-02  2.95675945e-02  3.18741398e-02  4.39990320e-05  3.18741398e-02  1.99990910e+00 
 3.18841398e-02  4.99994434e-08  3.18841398e-02  2.95676559e-02  3.18841398e-02  4.39990320e-05  3.18841398e-02  1.99990910e+00 
 3.18941398e-02  4.99994438e-08  3.18941398e-02  2.95677171e-02  3.18941398e-02  4.39990320e-05  3.18941398e-02  1.99990910e+00 
 3.19041398e-02  4.99994440e-08  3.19041398e-02  2.95677781e-02  3.19041398e-02  4.39990320e-05  3.19041398e-02  1.99990910e+00 
 3.19141398e-02  4.99994444e-08  3.19141398e-02  2.95678389e-02  3.19141398e-02  4.39990320e-05  3.19141398e-02  1.99990910e+00 
 3.19241398e-02  4.99994429e-08  3.19241398e-02  2.95678995e-02  3.19241398e-02  4.39990320e-05  3.19241398e-02  1.99990910e+00 
 3.19341398e-02  4.99994437e-08  3.19341398e-02  2.95679599e-02  3.19341398e-02  4.39990320e-05  3.19341398e-02  1.99990910e+00 
 3.19441398e-02  4.99994427e-08  3.19441398e-02  2.95680201e-02  3.19441398e-02  4.39990320e-05  3.19441398e-02  1.99990910e+00 
 3.19541398e-02  4.99994437e-08  3.19541398e-02  2.95680801e-02  3.19541398e-02  4.39990320e-05  3.19541398e-02  1.99990910e+00 
 3.19641398e-02  4.99994425e-08  3.19641398e-02  2.95681399e-02  3.19641398e-02  4.39990320e-05  3.19641398e-02  1.99990910e+00 
 3.19741398e-02  4.99994434e-08  3.19741398e-02  2.95681995e-02  3.19741398e-02  4.39990320e-05  3.19741398e-02  1.99990910e+00 
 3.19841398e-02  4.99994426e-08  3.19841398e-02  2.95682589e-02  3.19841398e-02  4.39990320e-05  3.19841398e-02  1.99990910e+00 
 3.19941398e-02  4.99994438e-08  3.19941398e-02  2.95683181e-02  3.19941398e-02  4.39990320e-05  3.19941398e-02  1.99990910e+00 
 3.20041398e-02  4.99994428e-08  3.20041398e-02  2.95683771e-02  3.20041398e-02  4.39990320e-05  3.20041398e-02  1.99990910e+00 
 3.20141398e-02  4.99994432e-08  3.20141398e-02  2.95684358e-02  3.20141398e-02  4.39990320e-05  3.20141398e-02  1.99990910e+00 
 3.20241398e-02  4.99994442e-08  3.20241398e-02  2.95684944e-02  3.20241398e-02  4.39990320e-05  3.20241398e-02  1.99990910e+00 
 3.20341398e-02  4.99994432e-08  3.20341398e-02  2.95685528e-02  3.20341398e-02  4.39990320e-05  3.20341398e-02  1.99990910e+00 
 3.20441398e-02  4.99994437e-08  3.20441398e-02  2.95686110e-02  3.20441398e-02  4.39990320e-05  3.20441398e-02  1.99990910e+00 
 3.20541398e-02  4.99994443e-08  3.20541398e-02  2.95686690e-02  3.20541398e-02  4.39990320e-05  3.20541398e-02  1.99990910e+00 
 3.20641398e-02  4.99994427e-08  3.20641398e-02  2.95687268e-02  3.20641398e-02  4.39990320e-05  3.20641398e-02  1.99990910e+00 
 3.20741398e-02  4.99994434e-08  3.20741398e-02  2.95687844e-02  3.20741398e-02  4.39990320e-05  3.20741398e-02  1.99990910e+00 
 3.20841398e-02  4.99994429e-08  3.20841398e-02  2.95688418e-02  3.20841398e-02  4.39990320e-05  3.20841398e-02  1.99990910e+00 
 3.20941398e-02  4.99994441e-08  3.20941398e-02  2.95688990e-02  3.20941398e-02  4.39990320e-05  3.20941398e-02  1.99990910e+00 
 3.21041398e-02  4.99994446e-08  3.21041398e-02  2.95689561e-02  3.21041398e-02  4.39990320e-05  3.21041398e-02  1.99990910e+00 
 3.21141398e-02  4.99994441e-08  3.21141398e-02  2.95690129e-02  3.21141398e-02  4.39990320e-05  3.21141398e-02  1.99990910e+00 
 3.21241398e-02  4.99994439e-08  3.21241398e-02  2.95690695e-02  3.21241398e-02  4.39990320e-05  3.21241398e-02  1.99990910e+00 
 3.21341398e-02  4.99994429e-08  3.21341398e-02  2.95691260e-02  3.21341398e-02  4.39990320e-05  3.21341398e-02  1.99990910e+00 
 3.21441398e-02  4.99994436e-08  3.21441398e-02  2.95691823e-02  3.21441398e-02  4.39990320e-05  3.21441398e-02  1.99990910e+00 
 3.21541398e-02  4.99994442e-08  3.21541398e-02  2.95692383e-02  3.21541398e-02  4.39990320e-05  3.21541398e-02  1.99990910e+00 
 3.21641398e-02  4.99994425e-08  3.21641398e-02  2.95692942e-02  3.21641398e-02  4.39990320e-05  3.21641398e-02  1.99990910e+00 
 3.21741398e-02  4.99994433e-08  3.21741398e-02  2.95693499e-02  3.21741398e-02  4.39990320e-05  3.21741398e-02  1.99990910e+00 
 3.21841398e-02  4.99994430e-08  3.21841398e-02  2.95694054e-02  3.21841398e-02  4.39990320e-05  3.21841398e-02  1.99990910e+00 
 3.21941398e-02  4.99994444e-08  3.21941398e-02  2.95694607e-02  3.21941398e-02  4.39990320e-05  3.21941398e-02  1.99990910e+00 
 3.22041398e-02  4.99994445e-08  3.22041398e-02  2.95695158e-02  3.22041398e-02  4.39990320e-05  3.22041398e-02  1.99990910e+00 
 3.22141398e-02  4.99994436e-08  3.22141398e-02  2.95695708e-02  3.22141398e-02  4.39990320e-05  3.22141398e-02  1.99990910e+00 
 3.22241398e-02  4.99994438e-08  3.22241398e-02  2.95696255e-02  3.22241398e-02  4.39990320e-05  3.22241398e-02  1.99990910e+00 
 3.22341398e-02  4.99994436e-08  3.22341398e-02  2.95696801e-02  3.22341398e-02  4.39990320e-05  3.22341398e-02  1.99990910e+00 
 3.22441398e-02  4.99994441e-08  3.22441398e-02  2.95697345e-02  3.22441398e-02  4.39990320e-05  3.22441398e-02  1.99990910e+00 
 3.22541398e-02  4.99994434e-08  3.22541398e-02  2.95697887e-02  3.22541398e-02  4.39990320e-05  3.22541398e-02  1.99990910e+00 
 3.22641398e-02  4.99994444e-08  3.22641398e-02  2.95698427e-02  3.22641398e-02  4.39990320e-05  3.22641398e-02  1.99990910e+00 
 3.22741398e-02  4.99994444e-08  3.22741398e-02  2.95698966e-02  3.22741398e-02  4.39990320e-05  3.22741398e-02  1.99990910e+00 
 3.22841398e-02  4.99994438e-08  3.22841398e-02  2.95699502e-02  3.22841398e-02  4.39990320e-05  3.22841398e-02  1.99990910e+00 
 3.22941398e-02  4.99994441e-08  3.22941398e-02  2.95700037e-02  3.22941398e-02  4.39990320e-05  3.22941398e-02  1.99990910e+00 
 3.23041398e-02  4.99994436e-08  3.23041398e-02  2.95700570e-02  3.23041398e-02  4.39990320e-05  3.23041398e-02  1.99990910e+00 
 3.23141398e-02  4.99994437e-08  3.23141398e-02  2.95701101e-02  3.23141398e-02  4.39990320e-05  3.23141398e-02  1.99990910e+00 
 3.23241398e-02  4.99994432e-08  3.23241398e-02  2.95701631e-02  3.23241398e-02  4.39990320e-05  3.23241398e-02  1.99990910e+00 
 3.23341398e-02  4.99994439e-08  3.23341398e-02  2.95702158e-02  3.23341398e-02  4.39990320e-05  3.23341398e-02  1.99990910e+00 
 3.23441398e-02  4.99994438e-08  3.23441398e-02  2.95702684e-02  3.23441398e-02  4.39990320e-05  3.23441398e-02  1.99990910e+00 
 3.23541398e-02  4.99994438e-08  3.23541398e-02  2.95703208e-02  3.23541398e-02  4.39990320e-05  3.23541398e-02  1.99990910e+00 
 3.23641398e-02  4.99994429e-08  3.23641398e-02  2.95703730e-02  3.23641398e-02  4.39990320e-05  3.23641398e-02  1.99990910e+00 
 3.23741398e-02  4.99994435e-08  3.23741398e-02  2.95704251e-02  3.23741398e-02  4.39990320e-05  3.23741398e-02  1.99990910e+00 
 3.23841398e-02  4.99994442e-08  3.23841398e-02  2.95704770e-02  3.23841398e-02  4.39990320e-05  3.23841398e-02  1.99990910e+00 
 3.23941398e-02  4.99994426e-08  3.23941398e-02  2.95705287e-02  3.23941398e-02  4.39990320e-05  3.23941398e-02  1.99990910e+00 
 3.24041398e-02  4.99994434e-08  3.24041398e-02  2.95705802e-02  3.24041398e-02  4.39990320e-05  3.24041398e-02  1.99990910e+00 
 3.24141398e-02  4.99994429e-08  3.24141398e-02  2.95706315e-02  3.24141398e-02  4.39990320e-05  3.24141398e-02  1.99990910e+00 
 3.24241398e-02  4.99994441e-08  3.24241398e-02  2.95706827e-02  3.24241398e-02  4.39990320e-05  3.24241398e-02  1.99990910e+00 
 3.24341398e-02  4.99994445e-08  3.24341398e-02  2.95707337e-02  3.24341398e-02  4.39990320e-05  3.24341398e-02  1.99990910e+00 
 3.24441398e-02  4.99994440e-08  3.24441398e-02  2.95707846e-02  3.24441398e-02  4.39990320e-05  3.24441398e-02  1.99990910e+00 
 3.24541398e-02  4.99994440e-08  3.24541398e-02  2.95708352e-02  3.24541398e-02  4.39990320e-05  3.24541398e-02  1.99990910e+00 
 3.24641398e-02  4.99994431e-08  3.24641398e-02  2.95708857e-02  3.24641398e-02  4.39990320e-05  3.24641398e-02  1.99990910e+00 
 3.24741398e-02  4.99994435e-08  3.24741398e-02  2.95709360e-02  3.24741398e-02  4.39990320e-05  3.24741398e-02  1.99990910e+00 
 3.24841398e-02  4.99994439e-08  3.24841398e-02  2.95709862e-02  3.24841398e-02  4.39990320e-05  3.24841398e-02  1.99990910e+00 
 3.24941398e-02  4.99994445e-08  3.24941398e-02  2.95710362e-02  3.24941398e-02  4.39990320e-05  3.24941398e-02  1.99990910e+00 
 3.25041398e-02  4.99994431e-08  3.25041398e-02  2.95710860e-02  3.25041398e-02  4.39990320e-05  3.25041398e-02  1.99990910e+00 
 3.25141398e-02  4.99994436e-08  3.25141398e-02  2.95711356e-02  3.25141398e-02  4.39990320e-05  3.25141398e-02  1.99990910e+00 
 3.25241398e-02  4.99994445e-08  3.25241398e-02  2.95711851e-02  3.25241398e-02  4.39990320e-05  3.25241398e-02  1.99990910e+00 
 3.25341398e-02  4.99994429e-08  3.25341398e-02  2.95712344e-02  3.25341398e-02  4.39990320e-05  3.25341398e-02  1.99990910e+00 
 3.25441398e-02  4.99994431e-08  3.25441398e-02  2.95712836e-02  3.25441398e-02  4.39990320e-05  3.25441398e-02  1.99990910e+00 
 3.25541398e-02  4.99994444e-08  3.25541398e-02  2.95713325e-02  3.25541398e-02  4.39990320e-05  3.25541398e-02  1.99990910e+00 
 3.25641398e-02  4.99994436e-08  3.25641398e-02  2.95713814e-02  3.25641398e-02  4.39990320e-05  3.25641398e-02  1.99990910e+00 
 3.25741398e-02  4.99994437e-08  3.25741398e-02  2.95714300e-02  3.25741398e-02  4.39990320e-05  3.25741398e-02  1.99990910e+00 
 3.25841398e-02  4.99994437e-08  3.25841398e-02  2.95714785e-02  3.25841398e-02  4.39990320e-05  3.25841398e-02  1.99990910e+00 
 3.25941398e-02  4.99994445e-08  3.25941398e-02  2.95715268e-02  3.25941398e-02  4.39990320e-05  3.25941398e-02  1.99990910e+00 
 3.26041398e-02  4.99994435e-08  3.26041398e-02  2.95715750e-02  3.26041398e-02  4.39990320e-05  3.26041398e-02  1.99990910e+00 
 3.26141398e-02  4.99994439e-08  3.26141398e-02  2.95716230e-02  3.26141398e-02  4.39990320e-05  3.26141398e-02  1.99990910e+00 
 3.26241398e-02  4.99994441e-08  3.26241398e-02  2.95716708e-02  3.26241398e-02  4.39990320e-05  3.26241398e-02  1.99990910e+00 
 3.26341398e-02  4.99994443e-08  3.26341398e-02  2.95717185e-02  3.26341398e-02  4.39990320e-05  3.26341398e-02  1.99990910e+00 
 3.26441398e-02  4.99994428e-08  3.26441398e-02  2.95717660e-02  3.26441398e-02  4.39990320e-05  3.26441398e-02  1.99990910e+00 
 3.26541398e-02  4.99994438e-08  3.26541398e-02  2.95718133e-02  3.26541398e-02  4.39990320e-05  3.26541398e-02  1.99990910e+00 
 3.26641398e-02  4.99994430e-08  3.26641398e-02  2.95718605e-02  3.26641398e-02  4.39990320e-05  3.26641398e-02  1.99990910e+00 
 3.26741398e-02  4.99994436e-08  3.26741398e-02  2.95719075e-02  3.26741398e-02  4.39990320e-05  3.26741398e-02  1.99990910e+00 
 3.26841398e-02  4.99994442e-08  3.26841398e-02  2.95719544e-02  3.26841398e-02  4.39990320e-05  3.26841398e-02  1.99990910e+00 
 3.26941398e-02  4.99994426e-08  3.26941398e-02  2.95720011e-02  3.26941398e-02  4.39990320e-05  3.26941398e-02  1.99990910e+00 
 3.27041398e-02  4.99994434e-08  3.27041398e-02  2.95720477e-02  3.27041398e-02  4.39990320e-05  3.27041398e-02  1.99990910e+00 
 3.27141398e-02  4.99994430e-08  3.27141398e-02  2.95720941e-02  3.27141398e-02  4.39990320e-05  3.27141398e-02  1.99990910e+00 
 3.27241398e-02  4.99994441e-08  3.27241398e-02  2.95721403e-02  3.27241398e-02  4.39990320e-05  3.27241398e-02  1.99990910e+00 
 3.27341398e-02  4.99994444e-08  3.27341398e-02  2.95721864e-02  3.27341398e-02  4.39990320e-05  3.27341398e-02  1.99990910e+00 
 3.27441398e-02  4.99994440e-08  3.27441398e-02  2.95722324e-02  3.27441398e-02  4.39990320e-05  3.27441398e-02  1.99990910e+00 
 3.27541398e-02  4.99994441e-08  3.27541398e-02  2.95722781e-02  3.27541398e-02  4.39990320e-05  3.27541398e-02  1.99990910e+00 
 3.27641398e-02  4.99994432e-08  3.27641398e-02  2.95723238e-02  3.27641398e-02  4.39990320e-05  3.27641398e-02  1.99990910e+00 
 3.27741398e-02  4.99994435e-08  3.27741398e-02  2.95723692e-02  3.27741398e-02  4.39990320e-05  3.27741398e-02  1.99990910e+00 
 3.27841398e-02  4.99994437e-08  3.27841398e-02  2.95724145e-02  3.27841398e-02  4.39990320e-05  3.27841398e-02  1.99990910e+00 
 3.27941398e-02  4.99994424e-08  3.27941398e-02  2.95724597e-02  3.27941398e-02  4.39990320e-05  3.27941398e-02  1.99990910e+00 
 3.28041398e-02  4.99994441e-08  3.28041398e-02  2.95725047e-02  3.28041398e-02  4.39990320e-05  3.28041398e-02  1.99990910e+00 
 3.28141398e-02  4.99994435e-08  3.28141398e-02  2.95725496e-02  3.28141398e-02  4.39990320e-05  3.28141398e-02  1.99990910e+00 
 3.28241398e-02  4.99994434e-08  3.28241398e-02  2.95725943e-02  3.28241398e-02  4.39990320e-05  3.28241398e-02  1.99990910e+00 
 3.28341398e-02  4.99994432e-08  3.28341398e-02  2.95726388e-02  3.28341398e-02  4.39990320e-05  3.28341398e-02  1.99990910e+00 
 3.28441398e-02  4.99994424e-08  3.28441398e-02  2.95726832e-02  3.28441398e-02  4.39990320e-05  3.28441398e-02  1.99990910e+00 
 3.28541398e-02  4.99994438e-08  3.28541398e-02  2.95727275e-02  3.28541398e-02  4.39990320e-05  3.28541398e-02  1.99990910e+00 
 3.28641398e-02  4.99994428e-08  3.28641398e-02  2.95727716e-02  3.28641398e-02  4.39990320e-05  3.28641398e-02  1.99990910e+00 
 3.28741398e-02  4.99994432e-08  3.28741398e-02  2.95728156e-02  3.28741398e-02  4.39990320e-05  3.28741398e-02  1.99990910e+00 
 3.28841398e-02  4.99994442e-08  3.28841398e-02  2.95728594e-02  3.28841398e-02  4.39990320e-05  3.28841398e-02  1.99990910e+00 
 3.28941398e-02  4.99994432e-08  3.28941398e-02  2.95729030e-02  3.28941398e-02  4.39990320e-05  3.28941398e-02  1.99990910e+00 
 3.29041398e-02  4.99994438e-08  3.29041398e-02  2.95729465e-02  3.29041398e-02  4.39990320e-05  3.29041398e-02  1.99990910e+00 
 3.29141398e-02  4.99994443e-08  3.29141398e-02  2.95729899e-02  3.29141398e-02  4.39990320e-05  3.29141398e-02  1.99990910e+00 
 3.29241398e-02  4.99994425e-08  3.29241398e-02  2.95730331e-02  3.29241398e-02  4.39990320e-05  3.29241398e-02  1.99990910e+00 
 3.29341398e-02  4.99994432e-08  3.29341398e-02  2.95730762e-02  3.29341398e-02  4.39990320e-05  3.29341398e-02  1.99990910e+00 
 3.29441398e-02  4.99994430e-08  3.29441398e-02  2.95731191e-02  3.29441398e-02  4.39990320e-05  3.29441398e-02  1.99990910e+00 
 3.29541398e-02  4.99994434e-08  3.29541398e-02  2.95731619e-02  3.29541398e-02  4.39990320e-05  3.29541398e-02  1.99990910e+00 
 3.29641398e-02  4.99994433e-08  3.29641398e-02  2.95732046e-02  3.29641398e-02  4.39990320e-05  3.29641398e-02  1.99990910e+00 
 3.29741398e-02  4.99994442e-08  3.29741398e-02  2.95732471e-02  3.29741398e-02  4.39990320e-05  3.29741398e-02  1.99990910e+00 
 3.29841398e-02  4.99994437e-08  3.29841398e-02  2.95732894e-02  3.29841398e-02  4.39990320e-05  3.29841398e-02  1.99990910e+00 
 3.29941398e-02  4.99994434e-08  3.29941398e-02  2.95733316e-02  3.29941398e-02  4.39990320e-05  3.29941398e-02  1.99990910e+00 
 3.30041398e-02  4.99994427e-08  3.30041398e-02  2.95733737e-02  3.30041398e-02  4.39990320e-05  3.30041398e-02  1.99990910e+00 
 3.30141398e-02  4.99994441e-08  3.30141398e-02  2.95734156e-02  3.30141398e-02  4.39990320e-05  3.30141398e-02  1.99990910e+00 
 3.30241398e-02  4.99994425e-08  3.30241398e-02  2.95734574e-02  3.30241398e-02  4.39990320e-05  3.30241398e-02  1.99990910e+00 
 3.30341398e-02  4.99994426e-08  3.30341398e-02  2.95734990e-02  3.30341398e-02  4.39990320e-05  3.30341398e-02  1.99990910e+00 
 3.30441398e-02  4.99994442e-08  3.30441398e-02  2.95735405e-02  3.30441398e-02  4.39990320e-05  3.30441398e-02  1.99990910e+00 
 3.30541398e-02  4.99994441e-08  3.30541398e-02  2.95735819e-02  3.30541398e-02  4.39990320e-05  3.30541398e-02  1.99990910e+00 
 3.30641398e-02  4.99994442e-08  3.30641398e-02  2.95736231e-02  3.30641398e-02  4.39990320e-05  3.30641398e-02  1.99990910e+00 
 3.30741398e-02  4.99994430e-08  3.30741398e-02  2.95736642e-02  3.30741398e-02  4.39990320e-05  3.30741398e-02  1.99990910e+00 
 3.30841398e-02  4.99994433e-08  3.30841398e-02  2.95737052e-02  3.30841398e-02  4.39990320e-05  3.30841398e-02  1.99990910e+00 
 3.30941398e-02  4.99994439e-08  3.30941398e-02  2.95737460e-02  3.30941398e-02  4.39990320e-05  3.30941398e-02  1.99990910e+00 
 3.31041398e-02  4.99994427e-08  3.31041398e-02  2.95737866e-02  3.31041398e-02  4.39990320e-05  3.31041398e-02  1.99990910e+00 
 3.31141398e-02  4.99994439e-08  3.31141398e-02  2.95738272e-02  3.31141398e-02  4.39990320e-05  3.31141398e-02  1.99990910e+00 
 3.31241398e-02  4.99994430e-08  3.31241398e-02  2.95738676e-02  3.31241398e-02  4.39990320e-05  3.31241398e-02  1.99990910e+00 
 3.31341398e-02  4.99994433e-08  3.31341398e-02  2.95739078e-02  3.31341398e-02  4.39990320e-05  3.31341398e-02  1.99990910e+00 
 3.31441398e-02  4.99994440e-08  3.31441398e-02  2.95739480e-02  3.31441398e-02  4.39990320e-05  3.31441398e-02  1.99990910e+00 
 3.31541398e-02  4.99994429e-08  3.31541398e-02  2.95739879e-02  3.31541398e-02  4.39990320e-05  3.31541398e-02  1.99990910e+00 
 3.31641398e-02  4.99994439e-08  3.31641398e-02  2.95740278e-02  3.31641398e-02  4.39990320e-05  3.31641398e-02  1.99990910e+00 
 3.31741398e-02  4.99994427e-08  3.31741398e-02  2.95740675e-02  3.31741398e-02  4.39990320e-05  3.31741398e-02  1.99990910e+00 
 3.31841398e-02  4.99994433e-08  3.31841398e-02  2.95741071e-02  3.31841398e-02  4.39990320e-05  3.31841398e-02  1.99990910e+00 
 3.31941398e-02  4.99994445e-08  3.31941398e-02  2.95741465e-02  3.31941398e-02  4.39990320e-05  3.31941398e-02  1.99990910e+00 
 3.32041398e-02  4.99994432e-08  3.32041398e-02  2.95741859e-02  3.32041398e-02  4.39990320e-05  3.32041398e-02  1.99990910e+00 
 3.32141398e-02  4.99994432e-08  3.32141398e-02  2.95742250e-02  3.32141398e-02  4.39990320e-05  3.32141398e-02  1.99990910e+00 
 3.32241398e-02  4.99994440e-08  3.32241398e-02  2.95742641e-02  3.32241398e-02  4.39990320e-05  3.32241398e-02  1.99990910e+00 
 3.32341398e-02  4.99994432e-08  3.32341398e-02  2.95743030e-02  3.32341398e-02  4.39990320e-05  3.32341398e-02  1.99990910e+00 
 3.32441398e-02  4.99994441e-08  3.32441398e-02  2.95743418e-02  3.32441398e-02  4.39990320e-05  3.32441398e-02  1.99990910e+00 
 3.32541398e-02  4.99994445e-08  3.32541398e-02  2.95743805e-02  3.32541398e-02  4.39990320e-05  3.32541398e-02  1.99990910e+00 
 3.32641398e-02  4.99994441e-08  3.32641398e-02  2.95744190e-02  3.32641398e-02  4.39990320e-05  3.32641398e-02  1.99990910e+00 
 3.32741398e-02  4.99994442e-08  3.32741398e-02  2.95744574e-02  3.32741398e-02  4.39990320e-05  3.32741398e-02  1.99990910e+00 
 3.32841398e-02  4.99994430e-08  3.32841398e-02  2.95744957e-02  3.32841398e-02  4.39990320e-05  3.32841398e-02  1.99990910e+00 
 3.32941398e-02  4.99994443e-08  3.32941398e-02  2.95745338e-02  3.32941398e-02  4.39990320e-05  3.32941398e-02  1.99990910e+00 
 3.33041398e-02  4.99994430e-08  3.33041398e-02  2.95745718e-02  3.33041398e-02  4.39990320e-05  3.33041398e-02  1.99990910e+00 
 3.33141398e-02  4.99994428e-08  3.33141398e-02  2.95746097e-02  3.33141398e-02  4.39990320e-05  3.33141398e-02  1.99990910e+00 
 3.33241398e-02  4.99994438e-08  3.33241398e-02  2.95746475e-02  3.33241398e-02  4.39990320e-05  3.33241398e-02  1.99990910e+00 
 3.33341398e-02  4.99994436e-08  3.33341398e-02  2.95746851e-02  3.33341398e-02  4.39990320e-05  3.33341398e-02  1.99990910e+00 
 3.33441398e-02  4.99994435e-08  3.33441398e-02  2.95747226e-02  3.33441398e-02  4.39990320e-05  3.33441398e-02  1.99990910e+00 
 3.33541398e-02  4.99994428e-08  3.33541398e-02  2.95747600e-02  3.33541398e-02  4.39990320e-05  3.33541398e-02  1.99990910e+00 
 3.33641398e-02  4.99994440e-08  3.33641398e-02  2.95747972e-02  3.33641398e-02  4.39990320e-05  3.33641398e-02  1.99990910e+00 
 3.33741398e-02  4.99994444e-08  3.33741398e-02  2.95748343e-02  3.33741398e-02  4.39990320e-05  3.33741398e-02  1.99990910e+00 
 3.33841398e-02  4.99994441e-08  3.33841398e-02  2.95748713e-02  3.33841398e-02  4.39990320e-05  3.33841398e-02  1.99990910e+00 
 3.33941398e-02  4.99994441e-08  3.33941398e-02  2.95749082e-02  3.33941398e-02  4.39990320e-05  3.33941398e-02  1.99990910e+00 
 3.34041398e-02  4.99994430e-08  3.34041398e-02  2.95749450e-02  3.34041398e-02  4.39990320e-05  3.34041398e-02  1.99990910e+00 
 3.34141398e-02  4.99994444e-08  3.34141398e-02  2.95749816e-02  3.34141398e-02  4.39990320e-05  3.34141398e-02  1.99990910e+00 
 3.34241398e-02  4.99994430e-08  3.34241398e-02  2.95750181e-02  3.34241398e-02  4.39990320e-05  3.34241398e-02  1.99990910e+00 
 3.34341398e-02  4.99994427e-08  3.34341398e-02  2.95750545e-02  3.34341398e-02  4.39990320e-05  3.34341398e-02  1.99990910e+00 
 3.34441398e-02  4.99994438e-08  3.34441398e-02  2.95750907e-02  3.34441398e-02  4.39990320e-05  3.34441398e-02  1.99990910e+00 
 3.34541398e-02  4.99994437e-08  3.34541398e-02  2.95751268e-02  3.34541398e-02  4.39990320e-05  3.34541398e-02  1.99990910e+00 
 3.34641398e-02  4.99994436e-08  3.34641398e-02  2.95751628e-02  3.34641398e-02  4.39990320e-05  3.34641398e-02  1.99990910e+00 
 3.34741398e-02  4.99994427e-08  3.34741398e-02  2.95751987e-02  3.34741398e-02  4.39990320e-05  3.34741398e-02  1.99990910e+00 
 3.34841398e-02  4.99994437e-08  3.34841398e-02  2.95752345e-02  3.34841398e-02  4.39990320e-05  3.34841398e-02  1.99990910e+00 
 3.34941398e-02  4.99994444e-08  3.34941398e-02  2.95752702e-02  3.34941398e-02  4.39990320e-05  3.34941398e-02  1.99990910e+00 
 3.35041398e-02  4.99994425e-08  3.35041398e-02  2.95753057e-02  3.35041398e-02  4.39990320e-05  3.35041398e-02  1.99990910e+00 
 3.35141398e-02  4.99994430e-08  3.35141398e-02  2.95753411e-02  3.35141398e-02  4.39990320e-05  3.35141398e-02  1.99990910e+00 
 3.35241398e-02  4.99994429e-08  3.35241398e-02  2.95753764e-02  3.35241398e-02  4.39990320e-05  3.35241398e-02  1.99990910e+00 
 3.35341398e-02  4.99994438e-08  3.35341398e-02  2.95754115e-02  3.35341398e-02  4.39990320e-05  3.35341398e-02  1.99990910e+00 
 3.35441398e-02  4.99994437e-08  3.35441398e-02  2.95754466e-02  3.35441398e-02  4.39990320e-05  3.35441398e-02  1.99990910e+00 
 3.35541398e-02  4.99994438e-08  3.35541398e-02  2.95754815e-02  3.35541398e-02  4.39990320e-05  3.35541398e-02  1.99990910e+00 
 3.35641398e-02  4.99994429e-08  3.35641398e-02  2.95755163e-02  3.35641398e-02  4.39990320e-05  3.35641398e-02  1.99990910e+00 
 3.35741398e-02  4.99994435e-08  3.35741398e-02  2.95755510e-02  3.35741398e-02  4.39990320e-05  3.35741398e-02  1.99990910e+00 
 3.35841398e-02  4.99994441e-08  3.35841398e-02  2.95755856e-02  3.35841398e-02  4.39990320e-05  3.35841398e-02  1.99990910e+00 
 3.35941398e-02  4.99994425e-08  3.35941398e-02  2.95756201e-02  3.35941398e-02  4.39990320e-05  3.35941398e-02  1.99990910e+00 
 3.36041398e-02  4.99994435e-08  3.36041398e-02  2.95756544e-02  3.36041398e-02  4.39990320e-05  3.36041398e-02  1.99990910e+00 
 3.36141398e-02  4.99994430e-08  3.36141398e-02  2.95756886e-02  3.36141398e-02  4.39990320e-05  3.36141398e-02  1.99990910e+00 
 3.36241398e-02  4.99994441e-08  3.36241398e-02  2.95757228e-02  3.36241398e-02  4.39990320e-05  3.36241398e-02  1.99990910e+00 
 3.36341398e-02  4.99994443e-08  3.36341398e-02  2.95757568e-02  3.36341398e-02  4.39990320e-05  3.36341398e-02  1.99990910e+00 
 3.36441398e-02  4.99994440e-08  3.36441398e-02  2.95757906e-02  3.36441398e-02  4.39990320e-05  3.36441398e-02  1.99990910e+00 
 3.36541398e-02  4.99994443e-08  3.36541398e-02  2.95758244e-02  3.36541398e-02  4.39990320e-05  3.36541398e-02  1.99990910e+00 
 3.36641398e-02  4.99994433e-08  3.36641398e-02  2.95758581e-02  3.36641398e-02  4.39990320e-05  3.36641398e-02  1.99990910e+00 
 3.36741398e-02  4.99994443e-08  3.36741398e-02  2.95758916e-02  3.36741398e-02  4.39990320e-05  3.36741398e-02  1.99990910e+00 
 3.36841398e-02  4.99994426e-08  3.36841398e-02  2.95759250e-02  3.36841398e-02  4.39990320e-05  3.36841398e-02  1.99990910e+00 
 3.36941398e-02  4.99994427e-08  3.36941398e-02  2.95759584e-02  3.36941398e-02  4.39990320e-05  3.36941398e-02  1.99990910e+00 
 3.37041398e-02  4.99994443e-08  3.37041398e-02  2.95759916e-02  3.37041398e-02  4.39990320e-05  3.37041398e-02  1.99990910e+00 
 3.37141398e-02  4.99994441e-08  3.37141398e-02  2.95760247e-02  3.37141398e-02  4.39990320e-05  3.37141398e-02  1.99990910e+00 
 3.37241398e-02  4.99994440e-08  3.37241398e-02  2.95760576e-02  3.37241398e-02  4.39990320e-05  3.37241398e-02  1.99990910e+00 
 3.37341398e-02  4.99994429e-08  3.37341398e-02  2.95760905e-02  3.37341398e-02  4.39990320e-05  3.37341398e-02  1.99990910e+00 
 3.37441398e-02  4.99994436e-08  3.37441398e-02  2.95761233e-02  3.37441398e-02  4.39990320e-05  3.37441398e-02  1.99990910e+00 
 3.37541398e-02  4.99994442e-08  3.37541398e-02  2.95761559e-02  3.37541398e-02  4.39990320e-05  3.37541398e-02  1.99990910e+00 
 3.37641398e-02  4.99994425e-08  3.37641398e-02  2.95761885e-02  3.37641398e-02  4.39990320e-05  3.37641398e-02  1.99990910e+00 
 3.37741398e-02  4.99994434e-08  3.37741398e-02  2.95762209e-02  3.37741398e-02  4.39990320e-05  3.37741398e-02  1.99990910e+00 
 3.37841398e-02  4.99994430e-08  3.37841398e-02  2.95762532e-02  3.37841398e-02  4.39990320e-05  3.37841398e-02  1.99990910e+00 
 3.37941398e-02  4.99994442e-08  3.37941398e-02  2.95762854e-02  3.37941398e-02  4.39990320e-05  3.37941398e-02  1.99990910e+00 
 3.38041398e-02  4.99994445e-08  3.38041398e-02  2.95763175e-02  3.38041398e-02  4.39990320e-05  3.38041398e-02  1.99990910e+00 
 3.38141398e-02  4.99994439e-08  3.38141398e-02  2.95763495e-02  3.38141398e-02  4.39990320e-05  3.38141398e-02  1.99990910e+00 
 3.38241398e-02  4.99994440e-08  3.38241398e-02  2.95763814e-02  3.38241398e-02  4.39990320e-05  3.38241398e-02  1.99990910e+00 
 3.38341398e-02  4.99994433e-08  3.38341398e-02  2.95764132e-02  3.38341398e-02  4.39990320e-05  3.38341398e-02  1.99990910e+00 
 3.38441398e-02  4.99994436e-08  3.38441398e-02  2.95764448e-02  3.38441398e-02  4.39990320e-05  3.38441398e-02  1.99990910e+00 
 3.38541398e-02  4.99994436e-08  3.38541398e-02  2.95764764e-02  3.38541398e-02  4.39990320e-05  3.38541398e-02  1.99990910e+00 
 3.38641398e-02  4.99994442e-08  3.38641398e-02  2.95765079e-02  3.38641398e-02  4.39990320e-05  3.38641398e-02  1.99990910e+00 
 3.38741398e-02  4.99994433e-08  3.38741398e-02  2.95765392e-02  3.38741398e-02  4.39990320e-05  3.38741398e-02  1.99990910e+00 
 3.38841398e-02  4.99994442e-08  3.38841398e-02  2.95765704e-02  3.38841398e-02  4.39990320e-05  3.38841398e-02  1.99990910e+00 
 3.38941398e-02  4.99994445e-08  3.38941398e-02  2.95766016e-02  3.38941398e-02  4.39990320e-05  3.38941398e-02  1.99990910e+00 
 3.39041398e-02  4.99994441e-08  3.39041398e-02  2.95766326e-02  3.39041398e-02  4.39990320e-05  3.39041398e-02  1.99990910e+00 
 3.39141398e-02  4.99994442e-08  3.39141398e-02  2.95766636e-02  3.39141398e-02  4.39990320e-05  3.39141398e-02  1.99990910e+00 
 3.39241398e-02  4.99994431e-08  3.39241398e-02  2.95766944e-02  3.39241398e-02  4.39990320e-05  3.39241398e-02  1.99990910e+00 
 3.39341398e-02  4.99994444e-08  3.39341398e-02  2.95767251e-02  3.39341398e-02  4.39990320e-05  3.39341398e-02  1.99990910e+00 
 3.39441398e-02  4.99994429e-08  3.39441398e-02  2.95767557e-02  3.39441398e-02  4.39990320e-05  3.39441398e-02  1.99990910e+00 
 3.39541398e-02  4.99994427e-08  3.39541398e-02  2.95767862e-02  3.39541398e-02  4.39990320e-05  3.39541398e-02  1.99990910e+00 
 3.39641398e-02  4.99994439e-08  3.39641398e-02  2.95768166e-02  3.39641398e-02  4.39990320e-05  3.39641398e-02  1.99990910e+00 
 3.39741398e-02  4.99994438e-08  3.39741398e-02  2.95768469e-02  3.39741398e-02  4.39990320e-05  3.39741398e-02  1.99990910e+00 
 3.39841398e-02  4.99994434e-08  3.39841398e-02  2.95768772e-02  3.39841398e-02  4.39990320e-05  3.39841398e-02  1.99990910e+00 
 3.39941398e-02  4.99994424e-08  3.39941398e-02  2.95769073e-02  3.39941398e-02  4.39990320e-05  3.39941398e-02  1.99990910e+00 
 3.40041398e-02  4.99994439e-08  3.40041398e-02  2.95769373e-02  3.40041398e-02  4.39990320e-05  3.40041398e-02  1.99990910e+00 
 3.40141398e-02  4.99994429e-08  3.40141398e-02  2.95769672e-02  3.40141398e-02  4.39990320e-05  3.40141398e-02  1.99990910e+00 
 3.40241398e-02  4.99994432e-08  3.40241398e-02  2.95769970e-02  3.40241398e-02  4.39990320e-05  3.40241398e-02  1.99990910e+00 
 3.40341398e-02  4.99994439e-08  3.40341398e-02  2.95770267e-02  3.40341398e-02  4.39990320e-05  3.40341398e-02  1.99990910e+00 
 3.40441398e-02  4.99994431e-08  3.40441398e-02  2.95770563e-02  3.40441398e-02  4.39990320e-05  3.40441398e-02  1.99990910e+00 
 3.40541398e-02  4.99994441e-08  3.40541398e-02  2.95770858e-02  3.40541398e-02  4.39990320e-05  3.40541398e-02  1.99990910e+00 
 3.40641398e-02  4.99994446e-08  3.40641398e-02  2.95771152e-02  3.40641398e-02  4.39990320e-05  3.40641398e-02  1.99990910e+00 
 3.40741398e-02  4.99994443e-08  3.40741398e-02  2.95771445e-02  3.40741398e-02  4.39990320e-05  3.40741398e-02  1.99990910e+00 
 3.40841398e-02  4.99994440e-08  3.40841398e-02  2.95771737e-02  3.40841398e-02  4.39990320e-05  3.40841398e-02  1.99990910e+00 
 3.40941398e-02  4.99994427e-08  3.40941398e-02  2.95772028e-02  3.40941398e-02  4.39990320e-05  3.40941398e-02  1.99990910e+00 
 3.41041398e-02  4.99994443e-08  3.41041398e-02  2.95772318e-02  3.41041398e-02  4.39990320e-05  3.41041398e-02  1.99990910e+00 
 3.41141398e-02  4.99994436e-08  3.41141398e-02  2.95772607e-02  3.41141398e-02  4.39990320e-05  3.41141398e-02  1.99990910e+00 
 3.41241398e-02  4.99994431e-08  3.41241398e-02  2.95772895e-02  3.41241398e-02  4.39990320e-05  3.41241398e-02  1.99990910e+00 
 3.41341398e-02  4.99994430e-08  3.41341398e-02  2.95773182e-02  3.41341398e-02  4.39990320e-05  3.41341398e-02  1.99990910e+00 
 3.41441398e-02  4.99994427e-08  3.41441398e-02  2.95773468e-02  3.41441398e-02  4.39990320e-05  3.41441398e-02  1.99990910e+00 
 3.41541398e-02  4.99994443e-08  3.41541398e-02  2.95773753e-02  3.41541398e-02  4.39990320e-05  3.41541398e-02  1.99990910e+00 
 3.41641398e-02  4.99994426e-08  3.41641398e-02  2.95774038e-02  3.41641398e-02  4.39990320e-05  3.41641398e-02  1.99990910e+00 
 3.41741398e-02  4.99994423e-08  3.41741398e-02  2.95774321e-02  3.41741398e-02  4.39990320e-05  3.41741398e-02  1.99990910e+00 
 3.41841398e-02  4.99994440e-08  3.41841398e-02  2.95774603e-02  3.41841398e-02  4.39990320e-05  3.41841398e-02  1.99990910e+00 
 3.41941398e-02  4.99994445e-08  3.41941398e-02  2.95774885e-02  3.41941398e-02  4.39990320e-05  3.41941398e-02  1.99990910e+00 
 3.42041398e-02  4.99994437e-08  3.42041398e-02  2.95775165e-02  3.42041398e-02  4.39990320e-05  3.42041398e-02  1.99990910e+00 
 3.42141398e-02  4.99994437e-08  3.42141398e-02  2.95775444e-02  3.42141398e-02  4.39990320e-05  3.42141398e-02  1.99990910e+00 
 3.42241398e-02  4.99994433e-08  3.42241398e-02  2.95775723e-02  3.42241398e-02  4.39990320e-05  3.42241398e-02  1.99990910e+00 
 3.42341398e-02  4.99994442e-08  3.42341398e-02  2.95776001e-02  3.42341398e-02  4.39990320e-05  3.42341398e-02  1.99990910e+00 
 3.42441398e-02  4.99994439e-08  3.42441398e-02  2.95776277e-02  3.42441398e-02  4.39990320e-05  3.42441398e-02  1.99990910e+00 
 3.42541398e-02  4.99994435e-08  3.42541398e-02  2.95776553e-02  3.42541398e-02  4.39990320e-05  3.42541398e-02  1.99990910e+00 
 3.42641398e-02  4.99994426e-08  3.42641398e-02  2.95776828e-02  3.42641398e-02  4.39990320e-05  3.42641398e-02  1.99990910e+00 
 3.42741398e-02  4.99994439e-08  3.42741398e-02  2.95777102e-02  3.42741398e-02  4.39990320e-05  3.42741398e-02  1.99990910e+00 
 3.42841398e-02  4.99994427e-08  3.42841398e-02  2.95777375e-02  3.42841398e-02  4.39990320e-05  3.42841398e-02  1.99990910e+00 
 3.42941398e-02  4.99994430e-08  3.42941398e-02  2.95777647e-02  3.42941398e-02  4.39990320e-05  3.42941398e-02  1.99990910e+00 
 3.43041398e-02  4.99994441e-08  3.43041398e-02  2.95777918e-02  3.43041398e-02  4.39990320e-05  3.43041398e-02  1.99990910e+00 
 3.43141398e-02  4.99994434e-08  3.43141398e-02  2.95778188e-02  3.43141398e-02  4.39990320e-05  3.43141398e-02  1.99990910e+00 
 3.43241398e-02  4.99994439e-08  3.43241398e-02  2.95778457e-02  3.43241398e-02  4.39990320e-05  3.43241398e-02  1.99990910e+00 
 3.43341398e-02  4.99994440e-08  3.43341398e-02  2.95778725e-02  3.43341398e-02  4.39990320e-05  3.43341398e-02  1.99990910e+00 
 3.43441398e-02  4.99994442e-08  3.43441398e-02  2.95778993e-02  3.43441398e-02  4.39990320e-05  3.43441398e-02  1.99990910e+00 
 3.43541398e-02  4.99994429e-08  3.43541398e-02  2.95779259e-02  3.43541398e-02  4.39990320e-05  3.43541398e-02  1.99990910e+00 
 3.43641398e-02  4.99994440e-08  3.43641398e-02  2.95779525e-02  3.43641398e-02  4.39990320e-05  3.43641398e-02  1.99990910e+00 
 3.43741398e-02  4.99994430e-08  3.43741398e-02  2.95779790e-02  3.43741398e-02  4.39990320e-05  3.43741398e-02  1.99990910e+00 
 3.43841398e-02  4.99994433e-08  3.43841398e-02  2.95780054e-02  3.43841398e-02  4.39990320e-05  3.43841398e-02  1.99990910e+00 
 3.43941398e-02  4.99994440e-08  3.43941398e-02  2.95780317e-02  3.43941398e-02  4.39990320e-05  3.43941398e-02  1.99990910e+00 
 3.44041398e-02  4.99994429e-08  3.44041398e-02  2.95780579e-02  3.44041398e-02  4.39990320e-05  3.44041398e-02  1.99990910e+00 
 3.44141398e-02  4.99994440e-08  3.44141398e-02  2.95780840e-02  3.44141398e-02  4.39990320e-05  3.44141398e-02  1.99990910e+00 
 3.44241398e-02  4.99994428e-08  3.44241398e-02  2.95781100e-02  3.44241398e-02  4.39990320e-05  3.44241398e-02  1.99990910e+00 
 3.44341398e-02  4.99994432e-08  3.44341398e-02  2.95781360e-02  3.44341398e-02  4.39990320e-05  3.44341398e-02  1.99990910e+00 
 3.44441398e-02  4.99994443e-08  3.44441398e-02  2.95781618e-02  3.44441398e-02  4.39990320e-05  3.44441398e-02  1.99990910e+00 
 3.44541398e-02  4.99994433e-08  3.44541398e-02  2.95781876e-02  3.44541398e-02  4.39990320e-05  3.44541398e-02  1.99990910e+00 
 3.44641398e-02  4.99994436e-08  3.44641398e-02  2.95782133e-02  3.44641398e-02  4.39990320e-05  3.44641398e-02  1.99990910e+00 
 3.44741398e-02  4.99994441e-08  3.44741398e-02  2.95782389e-02  3.44741398e-02  4.39990320e-05  3.44741398e-02  1.99990910e+00 
 3.44841398e-02  4.99994427e-08  3.44841398e-02  2.95782644e-02  3.44841398e-02  4.39990320e-05  3.44841398e-02  1.99990910e+00 
 3.44941398e-02  4.99994437e-08  3.44941398e-02  2.95782898e-02  3.44941398e-02  4.39990320e-05  3.44941398e-02  1.99990910e+00 
 3.45041398e-02  4.99994430e-08  3.45041398e-02  2.95783151e-02  3.45041398e-02  4.39990320e-05  3.45041398e-02  1.99990910e+00 
 3.45141398e-02  4.99994437e-08  3.45141398e-02  2.95783404e-02  3.45141398e-02  4.39990320e-05  3.45141398e-02  1.99990910e+00 
 3.45241398e-02  4.99994442e-08  3.45241398e-02  2.95783656e-02  3.45241398e-02  4.39990320e-05  3.45241398e-02  1.99990910e+00 
 3.45341398e-02  4.99994445e-08  3.45341398e-02  2.95783906e-02  3.45341398e-02  4.39990320e-05  3.45341398e-02  1.99990910e+00 
 3.45441398e-02  4.99994426e-08  3.45441398e-02  2.95784156e-02  3.45441398e-02  4.39990320e-05  3.45441398e-02  1.99990910e+00 
 3.45541398e-02  4.99994434e-08  3.45541398e-02  2.95784406e-02  3.45541398e-02  4.39990320e-05  3.45541398e-02  1.99990910e+00 
 3.45641398e-02  4.99994432e-08  3.45641398e-02  2.95784654e-02  3.45641398e-02  4.39990320e-05  3.45641398e-02  1.99990910e+00 
 3.45741398e-02  4.99994443e-08  3.45741398e-02  2.95784901e-02  3.45741398e-02  4.39990320e-05  3.45741398e-02  1.99990910e+00 
 3.45841398e-02  4.99994443e-08  3.45841398e-02  2.95785148e-02  3.45841398e-02  4.39990320e-05  3.45841398e-02  1.99990910e+00 
 3.45941398e-02  4.99994435e-08  3.45941398e-02  2.95785394e-02  3.45941398e-02  4.39990320e-05  3.45941398e-02  1.99990910e+00 
 3.46041398e-02  4.99994441e-08  3.46041398e-02  2.95785639e-02  3.46041398e-02  4.39990320e-05  3.46041398e-02  1.99990910e+00 
 3.46141398e-02  4.99994439e-08  3.46141398e-02  2.95785883e-02  3.46141398e-02  4.39990320e-05  3.46141398e-02  1.99990910e+00 
 3.46241398e-02  4.99994438e-08  3.46241398e-02  2.95786126e-02  3.46241398e-02  4.39990320e-05  3.46241398e-02  1.99990910e+00 
 3.46341398e-02  4.99994428e-08  3.46341398e-02  2.95786369e-02  3.46341398e-02  4.39990320e-05  3.46341398e-02  1.99990910e+00 
 3.46441398e-02  4.99994435e-08  3.46441398e-02  2.95786610e-02  3.46441398e-02  4.39990320e-05  3.46441398e-02  1.99990910e+00 
 3.46541398e-02  4.99994443e-08  3.46541398e-02  2.95786851e-02  3.46541398e-02  4.39990320e-05  3.46541398e-02  1.99990910e+00 
 3.46641398e-02  4.99994426e-08  3.46641398e-02  2.95787091e-02  3.46641398e-02  4.39990320e-05  3.46641398e-02  1.99990910e+00 
 3.46741398e-02  4.99994432e-08  3.46741398e-02  2.95787330e-02  3.46741398e-02  4.39990320e-05  3.46741398e-02  1.99990910e+00 
 3.46841398e-02  4.99994428e-08  3.46841398e-02  2.95787569e-02  3.46841398e-02  4.39990320e-05  3.46841398e-02  1.99990910e+00 
 3.46941398e-02  4.99994443e-08  3.46941398e-02  2.95787806e-02  3.46941398e-02  4.39990320e-05  3.46941398e-02  1.99990910e+00 
 3.47041398e-02  4.99994427e-08  3.47041398e-02  2.95788043e-02  3.47041398e-02  4.39990320e-05  3.47041398e-02  1.99990910e+00 
 3.47141398e-02  4.99994424e-08  3.47141398e-02  2.95788279e-02  3.47141398e-02  4.39990320e-05  3.47141398e-02  1.99990910e+00 
 3.47241398e-02  4.99994439e-08  3.47241398e-02  2.95788514e-02  3.47241398e-02  4.39990320e-05  3.47241398e-02  1.99990910e+00 
 3.47341398e-02  4.99994442e-08  3.47341398e-02  2.95788749e-02  3.47341398e-02  4.39990320e-05  3.47341398e-02  1.99990910e+00 
 3.47441398e-02  4.99994437e-08  3.47441398e-02  2.95788982e-02  3.47441398e-02  4.39990320e-05  3.47441398e-02  1.99990910e+00 
 3.47541398e-02  4.99994440e-08  3.47541398e-02  2.95789215e-02  3.47541398e-02  4.39990320e-05  3.47541398e-02  1.99990910e+00 
 3.47641398e-02  4.99994435e-08  3.47641398e-02  2.95789447e-02  3.47641398e-02  4.39990320e-05  3.47641398e-02  1.99990910e+00 
 3.47741398e-02  4.99994437e-08  3.47741398e-02  2.95789679e-02  3.47741398e-02  4.39990320e-05  3.47741398e-02  1.99990910e+00 
 3.47841398e-02  4.99994433e-08  3.47841398e-02  2.95789909e-02  3.47841398e-02  4.39990320e-05  3.47841398e-02  1.99990910e+00 
 3.47941398e-02  4.99994440e-08  3.47941398e-02  2.95790139e-02  3.47941398e-02  4.39990320e-05  3.47941398e-02  1.99990910e+00 
 3.48041398e-02  4.99994437e-08  3.48041398e-02  2.95790368e-02  3.48041398e-02  4.39990320e-05  3.48041398e-02  1.99990910e+00 
 3.48141398e-02  4.99994437e-08  3.48141398e-02  2.95790596e-02  3.48141398e-02  4.39990320e-05  3.48141398e-02  1.99990910e+00 
 3.48241398e-02  4.99994430e-08  3.48241398e-02  2.95790823e-02  3.48241398e-02  4.39990320e-05  3.48241398e-02  1.99990910e+00 
 3.48341398e-02  4.99994438e-08  3.48341398e-02  2.95791050e-02  3.48341398e-02  4.39990320e-05  3.48341398e-02  1.99990910e+00 
 3.48441398e-02  4.99994441e-08  3.48441398e-02  2.95791276e-02  3.48441398e-02  4.39990320e-05  3.48441398e-02  1.99990910e+00 
 3.48541398e-02  4.99994442e-08  3.48541398e-02  2.95791501e-02  3.48541398e-02  4.39990320e-05  3.48541398e-02  1.99990910e+00 
 3.48641398e-02  4.99994426e-08  3.48641398e-02  2.95791725e-02  3.48641398e-02  4.39990320e-05  3.48641398e-02  1.99990910e+00 
 3.48741398e-02  4.99994438e-08  3.48741398e-02  2.95791949e-02  3.48741398e-02  4.39990320e-05  3.48741398e-02  1.99990910e+00 
 3.48841398e-02  4.99994433e-08  3.48841398e-02  2.95792172e-02  3.48841398e-02  4.39990320e-05  3.48841398e-02  1.99990910e+00 
 3.48941398e-02  4.99994438e-08  3.48941398e-02  2.95792394e-02  3.48941398e-02  4.39990320e-05  3.48941398e-02  1.99990910e+00 
 3.49041398e-02  4.99994438e-08  3.49041398e-02  2.95792615e-02  3.49041398e-02  4.39990320e-05  3.49041398e-02  1.99990910e+00 
 3.49141398e-02  4.99994442e-08  3.49141398e-02  2.95792836e-02  3.49141398e-02  4.39990320e-05  3.49141398e-02  1.99990910e+00 
 3.49241398e-02  4.99994431e-08  3.49241398e-02  2.95793056e-02  3.49241398e-02  4.39990320e-05  3.49241398e-02  1.99990910e+00 
 3.49341398e-02  4.99994441e-08  3.49341398e-02  2.95793275e-02  3.49341398e-02  4.39990320e-05  3.49341398e-02  1.99990910e+00 
 3.49441398e-02  4.99994427e-08  3.49441398e-02  2.95793493e-02  3.49441398e-02  4.39990320e-05  3.49441398e-02  1.99990910e+00 
 3.49541398e-02  4.99994431e-08  3.49541398e-02  2.95793711e-02  3.49541398e-02  4.39990320e-05  3.49541398e-02  1.99990910e+00 
 3.49641398e-02  4.99994444e-08  3.49641398e-02  2.95793928e-02  3.49641398e-02  4.39990320e-05  3.49641398e-02  1.99990910e+00 
 3.49741398e-02  4.99994435e-08  3.49741398e-02  2.95794144e-02  3.49741398e-02  4.39990320e-05  3.49741398e-02  1.99990910e+00 
 3.49841398e-02  4.99994436e-08  3.49841398e-02  2.95794359e-02  3.49841398e-02  4.39990320e-05  3.49841398e-02  1.99990910e+00 
 3.49941398e-02  4.99994437e-08  3.49941398e-02  2.95794574e-02  3.49941398e-02  4.39990320e-05  3.49941398e-02  1.99990910e+00 
 3.50041398e-02  4.99994424e-08  3.50041398e-02  2.95794788e-02  3.50041398e-02  4.39990320e-05  3.50041398e-02  1.99990910e+00 
 3.50141398e-02  4.99994441e-08  3.50141398e-02  2.95795001e-02  3.50141398e-02  4.39990320e-05  3.50141398e-02  1.99990910e+00 
 3.50241398e-02  4.99994436e-08  3.50241398e-02  2.95795214e-02  3.50241398e-02  4.39990320e-05  3.50241398e-02  1.99990910e+00 
 3.50341398e-02  4.99994434e-08  3.50341398e-02  2.95795425e-02  3.50341398e-02  4.39990320e-05  3.50341398e-02  1.99990910e+00 
 3.50441398e-02  4.99994431e-08  3.50441398e-02  2.95795637e-02  3.50441398e-02  4.39990320e-05  3.50441398e-02  1.99990910e+00 
 3.50541398e-02  4.99994444e-08  3.50541398e-02  2.95795847e-02  3.50541398e-02  4.39990320e-05  3.50541398e-02  1.99990910e+00 
 3.50641398e-02  4.99994444e-08  3.50641398e-02  2.95796057e-02  3.50641398e-02  4.39990320e-05  3.50641398e-02  1.99990910e+00 
 3.50741398e-02  4.99994444e-08  3.50741398e-02  2.95796266e-02  3.50741398e-02  4.39990320e-05  3.50741398e-02  1.99990910e+00 
 3.50841398e-02  4.99994430e-08  3.50841398e-02  2.95796474e-02  3.50841398e-02  4.39990320e-05  3.50841398e-02  1.99990910e+00 
 3.50941398e-02  4.99994440e-08  3.50941398e-02  2.95796681e-02  3.50941398e-02  4.39990320e-05  3.50941398e-02  1.99990910e+00 
 3.51041398e-02  4.99994430e-08  3.51041398e-02  2.95796888e-02  3.51041398e-02  4.39990320e-05  3.51041398e-02  1.99990910e+00 
 3.51141398e-02  4.99994433e-08  3.51141398e-02  2.95797094e-02  3.51141398e-02  4.39990320e-05  3.51141398e-02  1.99990910e+00 
 3.51241398e-02  4.99994440e-08  3.51241398e-02  2.95797300e-02  3.51241398e-02  4.39990320e-05  3.51241398e-02  1.99990910e+00 
 3.51341398e-02  4.99994429e-08  3.51341398e-02  2.95797505e-02  3.51341398e-02  4.39990320e-05  3.51341398e-02  1.99990910e+00 
 3.51441398e-02  4.99994439e-08  3.51441398e-02  2.95797709e-02  3.51441398e-02  4.39990320e-05  3.51441398e-02  1.99990910e+00 
 3.51541398e-02  4.99994427e-08  3.51541398e-02  2.95797912e-02  3.51541398e-02  4.39990320e-05  3.51541398e-02  1.99990910e+00 
 3.51641398e-02  4.99994432e-08  3.51641398e-02  2.95798115e-02  3.51641398e-02  4.39990320e-05  3.51641398e-02  1.99990910e+00 
 3.51741398e-02  4.99994444e-08  3.51741398e-02  2.95798317e-02  3.51741398e-02  4.39990320e-05  3.51741398e-02  1.99990910e+00 
 3.51841398e-02  4.99994433e-08  3.51841398e-02  2.95798518e-02  3.51841398e-02  4.39990320e-05  3.51841398e-02  1.99990910e+00 
 3.51941398e-02  4.99994434e-08  3.51941398e-02  2.95798719e-02  3.51941398e-02  4.39990320e-05  3.51941398e-02  1.99990910e+00 
 3.52041398e-02  4.99994439e-08  3.52041398e-02  2.95798919e-02  3.52041398e-02  4.39990320e-05  3.52041398e-02  1.99990910e+00 
 3.52141398e-02  4.99994429e-08  3.52141398e-02  2.95799118e-02  3.52141398e-02  4.39990320e-05  3.52141398e-02  1.99990910e+00 
 3.52241398e-02  4.99994441e-08  3.52241398e-02  2.95799317e-02  3.52241398e-02  4.39990320e-05  3.52241398e-02  1.99990910e+00 
 3.52341398e-02  4.99994429e-08  3.52341398e-02  2.95799515e-02  3.52341398e-02  4.39990320e-05  3.52341398e-02  1.99990910e+00 
 3.52441398e-02  4.99994431e-08  3.52441398e-02  2.95799712e-02  3.52441398e-02  4.39990320e-05  3.52441398e-02  1.99990910e+00 
 3.52541398e-02  4.99994440e-08  3.52541398e-02  2.95799909e-02  3.52541398e-02  4.39990320e-05  3.52541398e-02  1.99990910e+00 
 3.52641398e-02  4.99994433e-08  3.52641398e-02  2.95800105e-02  3.52641398e-02  4.39990320e-05  3.52641398e-02  1.99990910e+00 
 3.52741398e-02  4.99994440e-08  3.52741398e-02  2.95800300e-02  3.52741398e-02  4.39990320e-05  3.52741398e-02  1.99990910e+00 
 3.52841398e-02  4.99994443e-08  3.52841398e-02  2.95800495e-02  3.52841398e-02  4.39990320e-05  3.52841398e-02  1.99990910e+00 
 3.52941398e-02  4.99994442e-08  3.52941398e-02  2.95800689e-02  3.52941398e-02  4.39990320e-05  3.52941398e-02  1.99990910e+00 
 3.53041398e-02  4.99994445e-08  3.53041398e-02  2.95800882e-02  3.53041398e-02  4.39990320e-05  3.53041398e-02  1.99990910e+00 
 3.53141398e-02  4.99994431e-08  3.53141398e-02  2.95801075e-02  3.53141398e-02  4.39990320e-05  3.53141398e-02  1.99990910e+00 
 3.53241398e-02  4.99994439e-08  3.53241398e-02  2.95801267e-02  3.53241398e-02  4.39990320e-05  3.53241398e-02  1.99990910e+00 
 3.53341398e-02  4.99994426e-08  3.53341398e-02  2.95801458e-02  3.53341398e-02  4.39990320e-05  3.53341398e-02  1.99990910e+00 
 3.53441398e-02  4.99994433e-08  3.53441398e-02  2.95801649e-02  3.53441398e-02  4.39990320e-05  3.53441398e-02  1.99990910e+00 
 3.53541398e-02  4.99994426e-08  3.53541398e-02  2.95801839e-02  3.53541398e-02  4.39990320e-05  3.53541398e-02  1.99990910e+00 
 3.53641398e-02  4.99994439e-08  3.53641398e-02  2.95802028e-02  3.53641398e-02  4.39990320e-05  3.53641398e-02  1.99990910e+00 
 3.53741398e-02  4.99994428e-08  3.53741398e-02  2.95802217e-02  3.53741398e-02  4.39990320e-05  3.53741398e-02  1.99990910e+00 
 3.53841398e-02  4.99994431e-08  3.53841398e-02  2.95802405e-02  3.53841398e-02  4.39990320e-05  3.53841398e-02  1.99990910e+00 
 3.53941398e-02  4.99994441e-08  3.53941398e-02  2.95802593e-02  3.53941398e-02  4.39990320e-05  3.53941398e-02  1.99990910e+00 
 3.54041398e-02  4.99994432e-08  3.54041398e-02  2.95802780e-02  3.54041398e-02  4.39990320e-05  3.54041398e-02  1.99990910e+00 
 3.54141398e-02  4.99994439e-08  3.54141398e-02  2.95802966e-02  3.54141398e-02  4.39990320e-05  3.54141398e-02  1.99990910e+00 
 3.54241398e-02  4.99994443e-08  3.54241398e-02  2.95803152e-02  3.54241398e-02  4.39990320e-05  3.54241398e-02  1.99990910e+00 
 3.54341398e-02  4.99994444e-08  3.54341398e-02  2.95803337e-02  3.54341398e-02  4.39990320e-05  3.54341398e-02  1.99990910e+00 
 3.54441398e-02  4.99994425e-08  3.54441398e-02  2.95803521e-02  3.54441398e-02  4.39990320e-05  3.54441398e-02  1.99990910e+00 
 3.54541398e-02  4.99994434e-08  3.54541398e-02  2.95803705e-02  3.54541398e-02  4.39990320e-05  3.54541398e-02  1.99990910e+00 
 3.54641398e-02  4.99994433e-08  3.54641398e-02  2.95803888e-02  3.54641398e-02  4.39990320e-05  3.54641398e-02  1.99990910e+00 
 3.54741398e-02  4.99994444e-08  3.54741398e-02  2.95804071e-02  3.54741398e-02  4.39990320e-05  3.54741398e-02  1.99990910e+00 
 3.54841398e-02  4.99994441e-08  3.54841398e-02  2.95804253e-02  3.54841398e-02  4.39990320e-05  3.54841398e-02  1.99990910e+00 
 3.54941398e-02  4.99994444e-08  3.54941398e-02  2.95804434e-02  3.54941398e-02  4.39990320e-05  3.54941398e-02  1.99990910e+00 
 3.55041398e-02  4.99994435e-08  3.55041398e-02  2.95804615e-02  3.55041398e-02  4.39990320e-05  3.55041398e-02  1.99990910e+00 
 3.55141398e-02  4.99994443e-08  3.55141398e-02  2.95804795e-02  3.55141398e-02  4.39990320e-05  3.55141398e-02  1.99990910e+00 
 3.55241398e-02  4.99994445e-08  3.55241398e-02  2.95804974e-02  3.55241398e-02  4.39990320e-05  3.55241398e-02  1.99990910e+00 
 3.55341398e-02  4.99994440e-08  3.55341398e-02  2.95805153e-02  3.55341398e-02  4.39990320e-05  3.55341398e-02  1.99990910e+00 
 3.55441398e-02  4.99994442e-08  3.55441398e-02  2.95805332e-02  3.55441398e-02  4.39990320e-05  3.55441398e-02  1.99990910e+00 
 3.55541398e-02  4.99994433e-08  3.55541398e-02  2.95805509e-02  3.55541398e-02  4.39990320e-05  3.55541398e-02  1.99990910e+00 
 3.55641398e-02  4.99994434e-08  3.55641398e-02  2.95805686e-02  3.55641398e-02  4.39990320e-05  3.55641398e-02  1.99990910e+00 
 3.55741398e-02  4.99994435e-08  3.55741398e-02  2.95805863e-02  3.55741398e-02  4.39990320e-05  3.55741398e-02  1.99990910e+00 
 3.55841398e-02  4.99994424e-08  3.55841398e-02  2.95806039e-02  3.55841398e-02  4.39990320e-05  3.55841398e-02  1.99990910e+00 
 3.55941398e-02  4.99994443e-08  3.55941398e-02  2.95806214e-02  3.55941398e-02  4.39990320e-05  3.55941398e-02  1.99990910e+00 
 3.56041398e-02  4.99994436e-08  3.56041398e-02  2.95806389e-02  3.56041398e-02  4.39990320e-05  3.56041398e-02  1.99990910e+00 
 3.56141398e-02  4.99994430e-08  3.56141398e-02  2.95806563e-02  3.56141398e-02  4.39990320e-05  3.56141398e-02  1.99990910e+00 
 3.56241398e-02  4.99994428e-08  3.56241398e-02  2.95806736e-02  3.56241398e-02  4.39990320e-05  3.56241398e-02  1.99990910e+00 
 3.56341398e-02  4.99994427e-08  3.56341398e-02  2.95806909e-02  3.56341398e-02  4.39990320e-05  3.56341398e-02  1.99990910e+00 
 3.56441398e-02  4.99994425e-08  3.56441398e-02  2.95807082e-02  3.56441398e-02  4.39990320e-05  3.56441398e-02  1.99990910e+00 
 3.56541398e-02  4.99994444e-08  3.56541398e-02  2.95807253e-02  3.56541398e-02  4.39990320e-05  3.56541398e-02  1.99990910e+00 
 3.56641398e-02  4.99994429e-08  3.56641398e-02  2.95807425e-02  3.56641398e-02  4.39990320e-05  3.56641398e-02  1.99990910e+00 
 3.56741398e-02  4.99994432e-08  3.56741398e-02  2.95807595e-02  3.56741398e-02  4.39990320e-05  3.56741398e-02  1.99990910e+00 
 3.56841398e-02  4.99994425e-08  3.56841398e-02  2.95807765e-02  3.56841398e-02  4.39990320e-05  3.56841398e-02  1.99990910e+00 
 3.56941398e-02  4.99994443e-08  3.56941398e-02  2.95807935e-02  3.56941398e-02  4.39990320e-05  3.56941398e-02  1.99990910e+00 
 3.57041398e-02  4.99994432e-08  3.57041398e-02  2.95808104e-02  3.57041398e-02  4.39990320e-05  3.57041398e-02  1.99990910e+00 
 3.57141398e-02  4.99994427e-08  3.57141398e-02  2.95808272e-02  3.57141398e-02  4.39990320e-05  3.57141398e-02  1.99990910e+00 
 3.57241398e-02  4.99994433e-08  3.57241398e-02  2.95808440e-02  3.57241398e-02  4.39990320e-05  3.57241398e-02  1.99990910e+00 
 3.57341398e-02  4.99994435e-08  3.57341398e-02  2.95808607e-02  3.57341398e-02  4.39990320e-05  3.57341398e-02  1.99990910e+00 
 3.57441398e-02  4.99994443e-08  3.57441398e-02  2.95808773e-02  3.57441398e-02  4.39990320e-05  3.57441398e-02  1.99990910e+00 
 3.57541398e-02  4.99994433e-08  3.57541398e-02  2.95808939e-02  3.57541398e-02  4.39990320e-05  3.57541398e-02  1.99990910e+00 
 3.57641398e-02  4.99994440e-08  3.57641398e-02  2.95809105e-02  3.57641398e-02  4.39990320e-05  3.57641398e-02  1.99990910e+00 
 3.57741398e-02  4.99994443e-08  3.57741398e-02  2.95809270e-02  3.57741398e-02  4.39990320e-05  3.57741398e-02  1.99990910e+00 
 3.57841398e-02  4.99994443e-08  3.57841398e-02  2.95809434e-02  3.57841398e-02  4.39990320e-05  3.57841398e-02  1.99990910e+00 
 3.57941398e-02  4.99994445e-08  3.57941398e-02  2.95809598e-02  3.57941398e-02  4.39990320e-05  3.57941398e-02  1.99990910e+00 
 3.58041398e-02  4.99994429e-08  3.58041398e-02  2.95809761e-02  3.58041398e-02  4.39990320e-05  3.58041398e-02  1.99990910e+00 
 3.58141398e-02  4.99994438e-08  3.58141398e-02  2.95809924e-02  3.58141398e-02  4.39990320e-05  3.58141398e-02  1.99990910e+00 
 3.58241398e-02  4.99994429e-08  3.58241398e-02  2.95810086e-02  3.58241398e-02  4.39990320e-05  3.58241398e-02  1.99990910e+00 
 3.58341398e-02  4.99994436e-08  3.58341398e-02  2.95810248e-02  3.58341398e-02  4.39990320e-05  3.58341398e-02  1.99990910e+00 
 3.58441398e-02  4.99994444e-08  3.58441398e-02  2.95810409e-02  3.58441398e-02  4.39990320e-05  3.58441398e-02  1.99990910e+00 
 3.58541398e-02  4.99994426e-08  3.58541398e-02  2.95810570e-02  3.58541398e-02  4.39990320e-05  3.58541398e-02  1.99990910e+00 
 3.58641398e-02  4.99994431e-08  3.58641398e-02  2.95810730e-02  3.58641398e-02  4.39990320e-05  3.58641398e-02  1.99990910e+00 
 3.58741398e-02  4.99994427e-08  3.58741398e-02  2.95810889e-02  3.58741398e-02  4.39990320e-05  3.58741398e-02  1.99990910e+00 
 3.58841398e-02  4.99994435e-08  3.58841398e-02  2.95811048e-02  3.58841398e-02  4.39990320e-05  3.58841398e-02  1.99990910e+00 
 3.58941398e-02  4.99994438e-08  3.58941398e-02  2.95811206e-02  3.58941398e-02  4.39990320e-05  3.58941398e-02  1.99990910e+00 
 3.59041398e-02  4.99994443e-08  3.59041398e-02  2.95811364e-02  3.59041398e-02  4.39990320e-05  3.59041398e-02  1.99990910e+00 
 3.59141398e-02  4.99994430e-08  3.59141398e-02  2.95811522e-02  3.59141398e-02  4.39990320e-05  3.59141398e-02  1.99990910e+00 
 3.59241398e-02  4.99994438e-08  3.59241398e-02  2.95811678e-02  3.59241398e-02  4.39990320e-05  3.59241398e-02  1.99990910e+00 
 3.59341398e-02  4.99994427e-08  3.59341398e-02  2.95811835e-02  3.59341398e-02  4.39990320e-05  3.59341398e-02  1.99990910e+00 
 3.59441398e-02  4.99994434e-08  3.59441398e-02  2.95811990e-02  3.59441398e-02  4.39990320e-05  3.59441398e-02  1.99990910e+00 
 3.59541398e-02  4.99994425e-08  3.59541398e-02  2.95812146e-02  3.59541398e-02  4.39990320e-05  3.59541398e-02  1.99990910e+00 
 3.59641398e-02  4.99994437e-08  3.59641398e-02  2.95812300e-02  3.59641398e-02  4.39990320e-05  3.59641398e-02  1.99990910e+00 
 3.59741398e-02  4.99994428e-08  3.59741398e-02  2.95812454e-02  3.59741398e-02  4.39990320e-05  3.59741398e-02  1.99990910e+00 
 3.59841398e-02  4.99994434e-08  3.59841398e-02  2.95812608e-02  3.59841398e-02  4.39990320e-05  3.59841398e-02  1.99990910e+00 
 3.59941398e-02  4.99994442e-08  3.59941398e-02  2.95812761e-02  3.59941398e-02  4.39990320e-05  3.59941398e-02  1.99990910e+00 
 3.60041398e-02  4.99994428e-08  3.60041398e-02  2.95812914e-02  3.60041398e-02  4.39990320e-05  3.60041398e-02  1.99990910e+00 
 3.60141398e-02  4.99994434e-08  3.60141398e-02  2.95813066e-02  3.60141398e-02  4.39990320e-05  3.60141398e-02  1.99990910e+00 
 3.60241398e-02  4.99994427e-08  3.60241398e-02  2.95813217e-02  3.60241398e-02  4.39990320e-05  3.60241398e-02  1.99990910e+00 
 3.60341398e-02  4.99994439e-08  3.60341398e-02  2.95813369e-02  3.60341398e-02  4.39990320e-05  3.60341398e-02  1.99990910e+00 
 3.60441398e-02  4.99994428e-08  3.60441398e-02  2.95813519e-02  3.60441398e-02  4.39990320e-05  3.60441398e-02  1.99990910e+00 
 3.60541398e-02  4.99994431e-08  3.60541398e-02  2.95813669e-02  3.60541398e-02  4.39990320e-05  3.60541398e-02  1.99990910e+00 
 3.60641398e-02  4.99994442e-08  3.60641398e-02  2.95813819e-02  3.60641398e-02  4.39990320e-05  3.60641398e-02  1.99990910e+00 
 3.60741398e-02  4.99994434e-08  3.60741398e-02  2.95813968e-02  3.60741398e-02  4.39990320e-05  3.60741398e-02  1.99990910e+00 
 3.60841398e-02  4.99994438e-08  3.60841398e-02  2.95814116e-02  3.60841398e-02  4.39990320e-05  3.60841398e-02  1.99990910e+00 
 3.60941398e-02  4.99994441e-08  3.60941398e-02  2.95814264e-02  3.60941398e-02  4.39990320e-05  3.60941398e-02  1.99990910e+00 
 3.61041398e-02  4.99994444e-08  3.61041398e-02  2.95814412e-02  3.61041398e-02  4.39990320e-05  3.61041398e-02  1.99990910e+00 
 3.61141398e-02  4.99994428e-08  3.61141398e-02  2.95814559e-02  3.61141398e-02  4.39990320e-05  3.61141398e-02  1.99990910e+00 
 3.61241398e-02  4.99994437e-08  3.61241398e-02  2.95814705e-02  3.61241398e-02  4.39990320e-05  3.61241398e-02  1.99990910e+00 
 3.61341398e-02  4.99994429e-08  3.61341398e-02  2.95814851e-02  3.61341398e-02  4.39990320e-05  3.61341398e-02  1.99990910e+00 
 3.61441398e-02  4.99994437e-08  3.61441398e-02  2.95814997e-02  3.61441398e-02  4.39990320e-05  3.61441398e-02  1.99990910e+00 
 3.61541398e-02  4.99994444e-08  3.61541398e-02  2.95815142e-02  3.61541398e-02  4.39990320e-05  3.61541398e-02  1.99990910e+00 
 3.61641398e-02  4.99994425e-08  3.61641398e-02  2.95815287e-02  3.61641398e-02  4.39990320e-05  3.61641398e-02  1.99990910e+00 
 3.61741398e-02  4.99994431e-08  3.61741398e-02  2.95815431e-02  3.61741398e-02  4.39990320e-05  3.61741398e-02  1.99990910e+00 
 3.61841398e-02  4.99994429e-08  3.61841398e-02  2.95815574e-02  3.61841398e-02  4.39990320e-05  3.61841398e-02  1.99990910e+00 
 3.61941398e-02  4.99994435e-08  3.61941398e-02  2.95815717e-02  3.61941398e-02  4.39990320e-05  3.61941398e-02  1.99990910e+00 
 3.62041398e-02  4.99994436e-08  3.62041398e-02  2.95815860e-02  3.62041398e-02  4.39990320e-05  3.62041398e-02  1.99990910e+00 
 3.62141398e-02  4.99994442e-08  3.62141398e-02  2.95816002e-02  3.62141398e-02  4.39990320e-05  3.62141398e-02  1.99990910e+00 
 3.62241398e-02  4.99994433e-08  3.62241398e-02  2.95816144e-02  3.62241398e-02  4.39990320e-05  3.62241398e-02  1.99990910e+00 
 3.62341398e-02  4.99994442e-08  3.62341398e-02  2.95816285e-02  3.62341398e-02  4.39990320e-05  3.62341398e-02  1.99990910e+00 
 3.62441398e-02  4.99994445e-08  3.62441398e-02  2.95816426e-02  3.62441398e-02  4.39990320e-05  3.62441398e-02  1.99990910e+00 
 3.62541398e-02  4.99994440e-08  3.62541398e-02  2.95816566e-02  3.62541398e-02  4.39990320e-05  3.62541398e-02  1.99990910e+00 
 3.62641398e-02  4.99994441e-08  3.62641398e-02  2.95816706e-02  3.62641398e-02  4.39990320e-05  3.62641398e-02  1.99990910e+00 
 3.62741398e-02  4.99994432e-08  3.62741398e-02  2.95816845e-02  3.62741398e-02  4.39990320e-05  3.62741398e-02  1.99990910e+00 
 3.62841398e-02  4.99994434e-08  3.62841398e-02  2.95816984e-02  3.62841398e-02  4.39990320e-05  3.62841398e-02  1.99990910e+00 
 3.62941398e-02  4.99994437e-08  3.62941398e-02  2.95817122e-02  3.62941398e-02  4.39990320e-05  3.62941398e-02  1.99990910e+00 
 3.63041398e-02  4.99994425e-08  3.63041398e-02  2.95817260e-02  3.63041398e-02  4.39990320e-05  3.63041398e-02  1.99990910e+00 
 3.63141398e-02  4.99994441e-08  3.63141398e-02  2.95817398e-02  3.63141398e-02  4.39990320e-05  3.63141398e-02  1.99990910e+00 
 3.63241398e-02  4.99994434e-08  3.63241398e-02  2.95817535e-02  3.63241398e-02  4.39990320e-05  3.63241398e-02  1.99990910e+00 
 3.63341398e-02  4.99994433e-08  3.63341398e-02  2.95817671e-02  3.63341398e-02  4.39990320e-05  3.63341398e-02  1.99990910e+00 
 3.63441398e-02  4.99994433e-08  3.63441398e-02  2.95817807e-02  3.63441398e-02  4.39990320e-05  3.63441398e-02  1.99990910e+00 
 3.63541398e-02  4.99994426e-08  3.63541398e-02  2.95817943e-02  3.63541398e-02  4.39990320e-05  3.63541398e-02  1.99990910e+00 
 3.63641398e-02  4.99994438e-08  3.63641398e-02  2.95818078e-02  3.63641398e-02  4.39990320e-05  3.63641398e-02  1.99990910e+00 
 3.63741398e-02  4.99994445e-08  3.63741398e-02  2.95818212e-02  3.63741398e-02  4.39990320e-05  3.63741398e-02  1.99990910e+00 
 3.63841398e-02  4.99994444e-08  3.63841398e-02  2.95818347e-02  3.63841398e-02  4.39990320e-05  3.63841398e-02  1.99990910e+00 
 3.63941398e-02  4.99994441e-08  3.63941398e-02  2.95818480e-02  3.63941398e-02  4.39990320e-05  3.63941398e-02  1.99990910e+00 
 3.64041398e-02  4.99994425e-08  3.64041398e-02  2.95818614e-02  3.64041398e-02  4.39990320e-05  3.64041398e-02  1.99990910e+00 
 3.64141398e-02  4.99994441e-08  3.64141398e-02  2.95818747e-02  3.64141398e-02  4.39990320e-05  3.64141398e-02  1.99990910e+00 
 3.64241398e-02  4.99994426e-08  3.64241398e-02  2.95818879e-02  3.64241398e-02  4.39990320e-05  3.64241398e-02  1.99990910e+00 
 3.64341398e-02  4.99994423e-08  3.64341398e-02  2.95819011e-02  3.64341398e-02  4.39990320e-05  3.64341398e-02  1.99990910e+00 
 3.64441398e-02  4.99994438e-08  3.64441398e-02  2.95819142e-02  3.64441398e-02  4.39990320e-05  3.64441398e-02  1.99990910e+00 
 3.64541398e-02  4.99994442e-08  3.64541398e-02  2.95819274e-02  3.64541398e-02  4.39990320e-05  3.64541398e-02  1.99990910e+00 
 3.64641398e-02  4.99994438e-08  3.64641398e-02  2.95819404e-02  3.64641398e-02  4.39990320e-05  3.64641398e-02  1.99990910e+00 
 3.64741398e-02  4.99994441e-08  3.64741398e-02  2.95819534e-02  3.64741398e-02  4.39990320e-05  3.64741398e-02  1.99990910e+00 
 3.64841398e-02  4.99994434e-08  3.64841398e-02  2.95819664e-02  3.64841398e-02  4.39990320e-05  3.64841398e-02  1.99990910e+00 
 3.64941398e-02  4.99994436e-08  3.64941398e-02  2.95819793e-02  3.64941398e-02  4.39990320e-05  3.64941398e-02  1.99990910e+00 
 3.65041398e-02  4.99994435e-08  3.65041398e-02  2.95819922e-02  3.65041398e-02  4.39990320e-05  3.65041398e-02  1.99990910e+00 
 3.65141398e-02  4.99994442e-08  3.65141398e-02  2.95820051e-02  3.65141398e-02  4.39990320e-05  3.65141398e-02  1.99990910e+00 
 3.65241398e-02  4.99994436e-08  3.65241398e-02  2.95820179e-02  3.65241398e-02  4.39990320e-05  3.65241398e-02  1.99990910e+00 
 3.65341398e-02  4.99994443e-08  3.65341398e-02  2.95820306e-02  3.65341398e-02  4.39990320e-05  3.65341398e-02  1.99990910e+00 
 3.65441398e-02  4.99994441e-08  3.65441398e-02  2.95820433e-02  3.65441398e-02  4.39990320e-05  3.65441398e-02  1.99990910e+00 
 3.65541398e-02  4.99994437e-08  3.65541398e-02  2.95820560e-02  3.65541398e-02  4.39990320e-05  3.65541398e-02  1.99990910e+00 
 3.65641398e-02  4.99994425e-08  3.65641398e-02  2.95820687e-02  3.65641398e-02  4.39990320e-05  3.65641398e-02  1.99990910e+00 
 3.65741398e-02  4.99994436e-08  3.65741398e-02  2.95820812e-02  3.65741398e-02  4.39990320e-05  3.65741398e-02  1.99990910e+00 
 3.65841398e-02  4.99994428e-08  3.65841398e-02  2.95820938e-02  3.65841398e-02  4.39990320e-05  3.65841398e-02  1.99990910e+00 
 3.65941398e-02  4.99994435e-08  3.65941398e-02  2.95821063e-02  3.65941398e-02  4.39990320e-05  3.65941398e-02  1.99990910e+00 
 3.66041398e-02  4.99994444e-08  3.66041398e-02  2.95821187e-02  3.66041398e-02  4.39990320e-05  3.66041398e-02  1.99990910e+00 
 3.66141398e-02  4.99994427e-08  3.66141398e-02  2.95821312e-02  3.66141398e-02  4.39990320e-05  3.66141398e-02  1.99990910e+00 
 3.66241398e-02  4.99994431e-08  3.66241398e-02  2.95821435e-02  3.66241398e-02  4.39990320e-05  3.66241398e-02  1.99990910e+00 
 3.66341398e-02  4.99994426e-08  3.66341398e-02  2.95821559e-02  3.66341398e-02  4.39990320e-05  3.66341398e-02  1.99990910e+00 
 3.66441398e-02  4.99994434e-08  3.66441398e-02  2.95821682e-02  3.66441398e-02  4.39990320e-05  3.66441398e-02  1.99990910e+00 
 3.66541398e-02  4.99994439e-08  3.66541398e-02  2.95821804e-02  3.66541398e-02  4.39990320e-05  3.66541398e-02  1.99990910e+00 
 3.66641398e-02  4.99994424e-08  3.66641398e-02  2.95821926e-02  3.66641398e-02  4.39990320e-05  3.66641398e-02  1.99990910e+00 
 3.66741398e-02  4.99994437e-08  3.66741398e-02  2.95822048e-02  3.66741398e-02  4.39990320e-05  3.66741398e-02  1.99990910e+00 
 3.66841398e-02  4.99994433e-08  3.66841398e-02  2.95822169e-02  3.66841398e-02  4.39990320e-05  3.66841398e-02  1.99990910e+00 
 3.66941398e-02  4.99994438e-08  3.66941398e-02  2.95822290e-02  3.66941398e-02  4.39990320e-05  3.66941398e-02  1.99990910e+00 
 3.67041398e-02  4.99994438e-08  3.67041398e-02  2.95822410e-02  3.67041398e-02  4.39990320e-05  3.67041398e-02  1.99990910e+00 
 3.67141398e-02  4.99994441e-08  3.67141398e-02  2.95822531e-02  3.67141398e-02  4.39990320e-05  3.67141398e-02  1.99990910e+00 
 3.67241398e-02  4.99994430e-08  3.67241398e-02  2.95822650e-02  3.67241398e-02  4.39990320e-05  3.67241398e-02  1.99990910e+00 
 3.67341398e-02  4.99994442e-08  3.67341398e-02  2.95822769e-02  3.67341398e-02  4.39990320e-05  3.67341398e-02  1.99990910e+00 
 3.67441398e-02  4.99994429e-08  3.67441398e-02  2.95822888e-02  3.67441398e-02  4.39990320e-05  3.67441398e-02  1.99990910e+00 
 3.67541398e-02  4.99994429e-08  3.67541398e-02  2.95823007e-02  3.67541398e-02  4.39990320e-05  3.67541398e-02  1.99990910e+00 
 3.67641398e-02  4.99994440e-08  3.67641398e-02  2.95823125e-02  3.67641398e-02  4.39990320e-05  3.67641398e-02  1.99990910e+00 
 3.67741398e-02  4.99994436e-08  3.67741398e-02  2.95823242e-02  3.67741398e-02  4.39990320e-05  3.67741398e-02  1.99990910e+00 
 3.67841398e-02  4.99994443e-08  3.67841398e-02  2.95823360e-02  3.67841398e-02  4.39990320e-05  3.67841398e-02  1.99990910e+00 
 3.67941398e-02  4.99994440e-08  3.67941398e-02  2.95823476e-02  3.67941398e-02  4.39990320e-05  3.67941398e-02  1.99990910e+00 
 3.68041398e-02  4.99994436e-08  3.68041398e-02  2.95823593e-02  3.68041398e-02  4.39990320e-05  3.68041398e-02  1.99990910e+00 
 3.68141398e-02  4.99994425e-08  3.68141398e-02  2.95823709e-02  3.68141398e-02  4.39990320e-05  3.68141398e-02  1.99990910e+00 
 3.68241398e-02  4.99994437e-08  3.68241398e-02  2.95823825e-02  3.68241398e-02  4.39990320e-05  3.68241398e-02  1.99990910e+00 
 3.68341398e-02  4.99994427e-08  3.68341398e-02  2.95823940e-02  3.68341398e-02  4.39990320e-05  3.68341398e-02  1.99990910e+00 
 3.68441398e-02  4.99994433e-08  3.68441398e-02  2.95824055e-02  3.68441398e-02  4.39990320e-05  3.68441398e-02  1.99990910e+00 
 3.68541398e-02  4.99994443e-08  3.68541398e-02  2.95824169e-02  3.68541398e-02  4.39990320e-05  3.68541398e-02  1.99990910e+00 
 3.68641398e-02  4.99994431e-08  3.68641398e-02  2.95824283e-02  3.68641398e-02  4.39990320e-05  3.68641398e-02  1.99990910e+00 
 3.68741398e-02  4.99994435e-08  3.68741398e-02  2.95824397e-02  3.68741398e-02  4.39990320e-05  3.68741398e-02  1.99990910e+00 
 3.68841398e-02  4.99994442e-08  3.68841398e-02  2.95824510e-02  3.68841398e-02  4.39990320e-05  3.68841398e-02  1.99990910e+00 
 3.68941398e-02  4.99994429e-08  3.68941398e-02  2.95824623e-02  3.68941398e-02  4.39990320e-05  3.68941398e-02  1.99990910e+00 
 3.69041398e-02  4.99994436e-08  3.69041398e-02  2.95824736e-02  3.69041398e-02  4.39990320e-05  3.69041398e-02  1.99990910e+00 
 3.69141398e-02  4.99994425e-08  3.69141398e-02  2.95824848e-02  3.69141398e-02  4.39990320e-05  3.69141398e-02  1.99990910e+00 
 3.69241398e-02  4.99994436e-08  3.69241398e-02  2.95824960e-02  3.69241398e-02  4.39990320e-05  3.69241398e-02  1.99990910e+00 
 3.69341398e-02  4.99994428e-08  3.69341398e-02  2.95825071e-02  3.69341398e-02  4.39990320e-05  3.69341398e-02  1.99990910e+00 
 3.69441398e-02  4.99994436e-08  3.69441398e-02  2.95825183e-02  3.69441398e-02  4.39990320e-05  3.69441398e-02  1.99990910e+00 
 3.69541398e-02  4.99994445e-08  3.69541398e-02  2.95825293e-02  3.69541398e-02  4.39990320e-05  3.69541398e-02  1.99990910e+00 
 3.69641398e-02  4.99994426e-08  3.69641398e-02  2.95825404e-02  3.69641398e-02  4.39990320e-05  3.69641398e-02  1.99990910e+00 
 3.69741398e-02  4.99994430e-08  3.69741398e-02  2.95825513e-02  3.69741398e-02  4.39990320e-05  3.69741398e-02  1.99990910e+00 
 3.69841398e-02  4.99994427e-08  3.69841398e-02  2.95825623e-02  3.69841398e-02  4.39990320e-05  3.69841398e-02  1.99990910e+00 
 3.69941398e-02  4.99994436e-08  3.69941398e-02  2.95825732e-02  3.69941398e-02  4.39990320e-05  3.69941398e-02  1.99990910e+00 
 3.70041398e-02  4.99994439e-08  3.70041398e-02  2.95825841e-02  3.70041398e-02  4.39990320e-05  3.70041398e-02  1.99990910e+00 
 3.70141398e-02  4.99994442e-08  3.70141398e-02  2.95825950e-02  3.70141398e-02  4.39990320e-05  3.70141398e-02  1.99990910e+00 
 3.70241398e-02  4.99994428e-08  3.70241398e-02  2.95826058e-02  3.70241398e-02  4.39990320e-05  3.70241398e-02  1.99990910e+00 
 3.70341398e-02  4.99994438e-08  3.70341398e-02  2.95826165e-02  3.70341398e-02  4.39990320e-05  3.70341398e-02  1.99990910e+00 
 3.70441398e-02  4.99994430e-08  3.70441398e-02  2.95826273e-02  3.70441398e-02  4.39990320e-05  3.70441398e-02  1.99990910e+00 
 3.70541398e-02  4.99994436e-08  3.70541398e-02  2.95826380e-02  3.70541398e-02  4.39990320e-05  3.70541398e-02  1.99990910e+00 
 3.70641398e-02  4.99994441e-08  3.70641398e-02  2.95826486e-02  3.70641398e-02  4.39990320e-05  3.70641398e-02  1.99990910e+00 
 3.70741398e-02  4.99994425e-08  3.70741398e-02  2.95826593e-02  3.70741398e-02  4.39990320e-05  3.70741398e-02  1.99990910e+00 
 3.70841398e-02  4.99994435e-08  3.70841398e-02  2.95826699e-02  3.70841398e-02  4.39990320e-05  3.70841398e-02  1.99990910e+00 
 3.70941398e-02  4.99994432e-08  3.70941398e-02  2.95826804e-02  3.70941398e-02  4.39990320e-05  3.70941398e-02  1.99990910e+00 
 3.71041398e-02  4.99994441e-08  3.71041398e-02  2.95826909e-02  3.71041398e-02  4.39990320e-05  3.71041398e-02  1.99990910e+00 
 3.71141398e-02  4.99994441e-08  3.71141398e-02  2.95827014e-02  3.71141398e-02  4.39990320e-05  3.71141398e-02  1.99990910e+00 
 3.71241398e-02  4.99994439e-08  3.71241398e-02  2.95827119e-02  3.71241398e-02  4.39990320e-05  3.71241398e-02  1.99990910e+00 
 3.71341398e-02  4.99994424e-08  3.71341398e-02  2.95827223e-02  3.71341398e-02  4.39990320e-05  3.71341398e-02  1.99990910e+00 
 3.71441398e-02  4.99994442e-08  3.71441398e-02  2.95827327e-02  3.71441398e-02  4.39990320e-05  3.71441398e-02  1.99990910e+00 
 3.71541398e-02  4.99994428e-08  3.71541398e-02  2.95827430e-02  3.71541398e-02  4.39990320e-05  3.71541398e-02  1.99990910e+00 
 3.71641398e-02  4.99994432e-08  3.71641398e-02  2.95827533e-02  3.71641398e-02  4.39990320e-05  3.71641398e-02  1.99990910e+00 
 3.71741398e-02  4.99994425e-08  3.71741398e-02  2.95827636e-02  3.71741398e-02  4.39990320e-05  3.71741398e-02  1.99990910e+00 
 3.71841398e-02  4.99994443e-08  3.71841398e-02  2.95827739e-02  3.71841398e-02  4.39990320e-05  3.71841398e-02  1.99990910e+00 
 3.71941398e-02  4.99994432e-08  3.71941398e-02  2.95827841e-02  3.71941398e-02  4.39990320e-05  3.71941398e-02  1.99990910e+00 
 3.72041398e-02  4.99994428e-08  3.72041398e-02  2.95827942e-02  3.72041398e-02  4.39990320e-05  3.72041398e-02  1.99990910e+00 
 3.72141398e-02  4.99994433e-08  3.72141398e-02  2.95828044e-02  3.72141398e-02  4.39990320e-05  3.72141398e-02  1.99990910e+00 
 3.72241398e-02  4.99994433e-08  3.72241398e-02  2.95828145e-02  3.72241398e-02  4.39990320e-05  3.72241398e-02  1.99990910e+00 
 3.72341398e-02  4.99994441e-08  3.72341398e-02  2.95828245e-02  3.72341398e-02  4.39990320e-05  3.72341398e-02  1.99990910e+00 
 3.72441398e-02  4.99994436e-08  3.72441398e-02  2.95828346e-02  3.72441398e-02  4.39990320e-05  3.72441398e-02  1.99990910e+00 
 3.72541398e-02  4.99994444e-08  3.72541398e-02  2.95828446e-02  3.72541398e-02  4.39990320e-05  3.72541398e-02  1.99990910e+00 
 3.72641398e-02  4.99994442e-08  3.72641398e-02  2.95828546e-02  3.72641398e-02  4.39990320e-05  3.72641398e-02  1.99990910e+00 
 3.72741398e-02  4.99994436e-08  3.72741398e-02  2.95828645e-02  3.72741398e-02  4.39990320e-05  3.72741398e-02  1.99990910e+00 
 3.72841398e-02  4.99994444e-08  3.72841398e-02  2.95828744e-02  3.72841398e-02  4.39990320e-05  3.72841398e-02  1.99990910e+00 
 3.72941398e-02  4.99994440e-08  3.72941398e-02  2.95828843e-02  3.72941398e-02  4.39990320e-05  3.72941398e-02  1.99990910e+00 
 3.73041398e-02  4.99994435e-08  3.73041398e-02  2.95828941e-02  3.73041398e-02  4.39990320e-05  3.73041398e-02  1.99990910e+00 
 3.73141398e-02  4.99994424e-08  3.73141398e-02  2.95829039e-02  3.73141398e-02  4.39990320e-05  3.73141398e-02  1.99990910e+00 
 3.73241398e-02  4.99994439e-08  3.73241398e-02  2.95829137e-02  3.73241398e-02  4.39990320e-05  3.73241398e-02  1.99990910e+00 
 3.73341398e-02  4.99994429e-08  3.73341398e-02  2.95829234e-02  3.73341398e-02  4.39990320e-05  3.73341398e-02  1.99990910e+00 
 3.73441398e-02  4.99994431e-08  3.73441398e-02  2.95829331e-02  3.73441398e-02  4.39990320e-05  3.73441398e-02  1.99990910e+00 
 3.73541398e-02  4.99994439e-08  3.73541398e-02  2.95829428e-02  3.73541398e-02  4.39990320e-05  3.73541398e-02  1.99990910e+00 
 3.73641398e-02  4.99994431e-08  3.73641398e-02  2.95829524e-02  3.73641398e-02  4.39990320e-05  3.73641398e-02  1.99990910e+00 
 3.73741398e-02  4.99994442e-08  3.73741398e-02  2.95829620e-02  3.73741398e-02  4.39990320e-05  3.73741398e-02  1.99990910e+00 
 3.73841398e-02  4.99994446e-08  3.73841398e-02  2.95829716e-02  3.73841398e-02  4.39990320e-05  3.73841398e-02  1.99990910e+00 
 3.73941398e-02  4.99994441e-08  3.73941398e-02  2.95829811e-02  3.73941398e-02  4.39990320e-05  3.73941398e-02  1.99990910e+00 
 3.74041398e-02  4.99994439e-08  3.74041398e-02  2.95829906e-02  3.74041398e-02  4.39990320e-05  3.74041398e-02  1.99990910e+00 
 3.74141398e-02  4.99994429e-08  3.74141398e-02  2.95830001e-02  3.74141398e-02  4.39990320e-05  3.74141398e-02  1.99990910e+00 
 3.74241398e-02  4.99994435e-08  3.74241398e-02  2.95830095e-02  3.74241398e-02  4.39990320e-05  3.74241398e-02  1.99990910e+00 
 3.74341398e-02  4.99994442e-08  3.74341398e-02  2.95830190e-02  3.74341398e-02  4.39990320e-05  3.74341398e-02  1.99990910e+00 
 3.74441398e-02  4.99994426e-08  3.74441398e-02  2.95830283e-02  3.74441398e-02  4.39990320e-05  3.74441398e-02  1.99990910e+00 
 3.74541398e-02  4.99994433e-08  3.74541398e-02  2.95830377e-02  3.74541398e-02  4.39990320e-05  3.74541398e-02  1.99990910e+00 
 3.74641398e-02  4.99994429e-08  3.74641398e-02  2.95830470e-02  3.74641398e-02  4.39990320e-05  3.74641398e-02  1.99990910e+00 
 3.74741398e-02  4.99994442e-08  3.74741398e-02  2.95830563e-02  3.74741398e-02  4.39990320e-05  3.74741398e-02  1.99990910e+00 
 3.74841398e-02  4.99994426e-08  3.74841398e-02  2.95830655e-02  3.74841398e-02  4.39990320e-05  3.74841398e-02  1.99990910e+00 
 3.74941398e-02  4.99994425e-08  3.74941398e-02  2.95830748e-02  3.74941398e-02  4.39990320e-05  3.74941398e-02  1.99990910e+00 
 3.75041398e-02  4.99994442e-08  3.75041398e-02  2.95830840e-02  3.75041398e-02  4.39990320e-05  3.75041398e-02  1.99990910e+00 
 3.75141398e-02  4.99994443e-08  3.75141398e-02  2.95830931e-02  3.75141398e-02  4.39990320e-05  3.75141398e-02  1.99990910e+00 
 3.75241398e-02  4.99994444e-08  3.75241398e-02  2.95831022e-02  3.75241398e-02  4.39990320e-05  3.75241398e-02  1.99990910e+00 
 3.75341398e-02  4.99994429e-08  3.75341398e-02  2.95831113e-02  3.75341398e-02  4.39990320e-05  3.75341398e-02  1.99990910e+00 
 3.75441398e-02  4.99994440e-08  3.75441398e-02  2.95831204e-02  3.75441398e-02  4.39990320e-05  3.75441398e-02  1.99990910e+00 
 3.75541398e-02  4.99994431e-08  3.75541398e-02  2.95831295e-02  3.75541398e-02  4.39990320e-05  3.75541398e-02  1.99990910e+00 
 3.75641398e-02  4.99994434e-08  3.75641398e-02  2.95831385e-02  3.75641398e-02  4.39990320e-05  3.75641398e-02  1.99990910e+00 
 3.75741398e-02  4.99994440e-08  3.75741398e-02  2.95831474e-02  3.75741398e-02  4.39990320e-05  3.75741398e-02  1.99990910e+00 
 3.75841398e-02  4.99994428e-08  3.75841398e-02  2.95831564e-02  3.75841398e-02  4.39990320e-05  3.75841398e-02  1.99990910e+00 
 3.75941398e-02  4.99994439e-08  3.75941398e-02  2.95831653e-02  3.75941398e-02  4.39990320e-05  3.75941398e-02  1.99990910e+00 
 3.76041398e-02  4.99994429e-08  3.76041398e-02  2.95831742e-02  3.76041398e-02  4.39990320e-05  3.76041398e-02  1.99990910e+00 
 3.76141398e-02  4.99994433e-08  3.76141398e-02  2.95831830e-02  3.76141398e-02  4.39990320e-05  3.76141398e-02  1.99990910e+00 
 3.76241398e-02  4.99994442e-08  3.76241398e-02  2.95831919e-02  3.76241398e-02  4.39990320e-05  3.76241398e-02  1.99990910e+00 
 3.76341398e-02  4.99994430e-08  3.76341398e-02  2.95832007e-02  3.76341398e-02  4.39990320e-05  3.76341398e-02  1.99990910e+00 
 3.76441398e-02  4.99994436e-08  3.76441398e-02  2.95832094e-02  3.76441398e-02  4.39990320e-05  3.76441398e-02  1.99990910e+00 
 3.76541398e-02  4.99994445e-08  3.76541398e-02  2.95832182e-02  3.76541398e-02  4.39990320e-05  3.76541398e-02  1.99990910e+00 
 3.76641398e-02  4.99994428e-08  3.76641398e-02  2.95832269e-02  3.76641398e-02  4.39990320e-05  3.76641398e-02  1.99990910e+00 
 3.76741398e-02  4.99994432e-08  3.76741398e-02  2.95832356e-02  3.76741398e-02  4.39990320e-05  3.76741398e-02  1.99990910e+00 
 3.76841398e-02  4.99994446e-08  3.76841398e-02  2.95832442e-02  3.76841398e-02  4.39990320e-05  3.76841398e-02  1.99990910e+00 
 3.76941398e-02  4.99994436e-08  3.76941398e-02  2.95832528e-02  3.76941398e-02  4.39990320e-05  3.76941398e-02  1.99990910e+00 
 3.77041398e-02  4.99994435e-08  3.77041398e-02  2.95832614e-02  3.77041398e-02  4.39990320e-05  3.77041398e-02  1.99990910e+00 
 3.77141398e-02  4.99994435e-08  3.77141398e-02  2.95832700e-02  3.77141398e-02  4.39990320e-05  3.77141398e-02  1.99990910e+00 
 3.77241398e-02  4.99994426e-08  3.77241398e-02  2.95832785e-02  3.77241398e-02  4.39990320e-05  3.77241398e-02  1.99990910e+00 
 3.77341398e-02  4.99994435e-08  3.77341398e-02  2.95832870e-02  3.77341398e-02  4.39990320e-05  3.77341398e-02  1.99990910e+00 
 3.77441398e-02  4.99994445e-08  3.77441398e-02  2.95832955e-02  3.77441398e-02  4.39990320e-05  3.77441398e-02  1.99990910e+00 
 3.77541398e-02  4.99994427e-08  3.77541398e-02  2.95833039e-02  3.77541398e-02  4.39990320e-05  3.77541398e-02  1.99990910e+00 
 3.77641398e-02  4.99994430e-08  3.77641398e-02  2.95833123e-02  3.77641398e-02  4.39990320e-05  3.77641398e-02  1.99990910e+00 
 3.77741398e-02  4.99994426e-08  3.77741398e-02  2.95833207e-02  3.77741398e-02  4.39990320e-05  3.77741398e-02  1.99990910e+00 
 3.77841398e-02  4.99994436e-08  3.77841398e-02  2.95833291e-02  3.77841398e-02  4.39990320e-05  3.77841398e-02  1.99990910e+00 
 3.77941398e-02  4.99994441e-08  3.77941398e-02  2.95833374e-02  3.77941398e-02  4.39990320e-05  3.77941398e-02  1.99990910e+00 
 3.78041398e-02  4.99994443e-08  3.78041398e-02  2.95833457e-02  3.78041398e-02  4.39990320e-05  3.78041398e-02  1.99990910e+00 
 3.78141398e-02  4.99994426e-08  3.78141398e-02  2.95833540e-02  3.78141398e-02  4.39990320e-05  3.78141398e-02  1.99990910e+00 
 3.78241398e-02  4.99994436e-08  3.78241398e-02  2.95833623e-02  3.78241398e-02  4.39990320e-05  3.78241398e-02  1.99990910e+00 
 3.78341398e-02  4.99994432e-08  3.78341398e-02  2.95833705e-02  3.78341398e-02  4.39990320e-05  3.78341398e-02  1.99990910e+00 
 3.78441398e-02  4.99994441e-08  3.78441398e-02  2.95833787e-02  3.78441398e-02  4.39990320e-05  3.78441398e-02  1.99990910e+00 
 3.78541398e-02  4.99994440e-08  3.78541398e-02  2.95833868e-02  3.78541398e-02  4.39990320e-05  3.78541398e-02  1.99990910e+00 
 3.78641398e-02  4.99994438e-08  3.78641398e-02  2.95833950e-02  3.78641398e-02  4.39990320e-05  3.78641398e-02  1.99990910e+00 
 3.78741398e-02  4.99994425e-08  3.78741398e-02  2.95834031e-02  3.78741398e-02  4.39990320e-05  3.78741398e-02  1.99990910e+00 
 3.78841398e-02  4.99994434e-08  3.78841398e-02  2.95834112e-02  3.78841398e-02  4.39990320e-05  3.78841398e-02  1.99990910e+00 
 3.78941398e-02  4.99994425e-08  3.78941398e-02  2.95834192e-02  3.78941398e-02  4.39990320e-05  3.78941398e-02  1.99990910e+00 
 3.79041398e-02  4.99994437e-08  3.79041398e-02  2.95834273e-02  3.79041398e-02  4.39990320e-05  3.79041398e-02  1.99990910e+00 
 3.79141398e-02  4.99994428e-08  3.79141398e-02  2.95834353e-02  3.79141398e-02  4.39990320e-05  3.79141398e-02  1.99990910e+00 
 3.79241398e-02  4.99994434e-08  3.79241398e-02  2.95834432e-02  3.79241398e-02  4.39990320e-05  3.79241398e-02  1.99990910e+00 
 3.79341398e-02  4.99994442e-08  3.79341398e-02  2.95834512e-02  3.79341398e-02  4.39990320e-05  3.79341398e-02  1.99990910e+00 
 3.79441398e-02  4.99994429e-08  3.79441398e-02  2.95834591e-02  3.79441398e-02  4.39990320e-05  3.79441398e-02  1.99990910e+00 
 3.79541398e-02  4.99994435e-08  3.79541398e-02  2.95834670e-02  3.79541398e-02  4.39990320e-05  3.79541398e-02  1.99990910e+00 
 3.79641398e-02  4.99994446e-08  3.79641398e-02  2.95834749e-02  3.79641398e-02  4.39990320e-05  3.79641398e-02  1.99990910e+00 
 3.79741398e-02  4.99994430e-08  3.79741398e-02  2.95834827e-02  3.79741398e-02  4.39990320e-05  3.79741398e-02  1.99990910e+00 
 3.79841398e-02  4.99994431e-08  3.79841398e-02  2.95834905e-02  3.79841398e-02  4.39990320e-05  3.79841398e-02  1.99990910e+00 
 3.79941398e-02  4.99994442e-08  3.79941398e-02  2.95834983e-02  3.79941398e-02  4.39990320e-05  3.79941398e-02  1.99990910e+00 
 3.80041398e-02  4.99994435e-08  3.80041398e-02  2.95835061e-02  3.80041398e-02  4.39990320e-05  3.80041398e-02  1.99990910e+00 
 3.80141398e-02  4.99994439e-08  3.80141398e-02  2.95835138e-02  3.80141398e-02  4.39990320e-05  3.80141398e-02  1.99990910e+00 
 3.80241398e-02  4.99994439e-08  3.80241398e-02  2.95835215e-02  3.80241398e-02  4.39990320e-05  3.80241398e-02  1.99990910e+00 
 3.80341398e-02  4.99994442e-08  3.80341398e-02  2.95835292e-02  3.80341398e-02  4.39990320e-05  3.80341398e-02  1.99990910e+00 
 3.80441398e-02  4.99994430e-08  3.80441398e-02  2.95835369e-02  3.80441398e-02  4.39990320e-05  3.80441398e-02  1.99990910e+00 
 3.80541398e-02  4.99994441e-08  3.80541398e-02  2.95835445e-02  3.80541398e-02  4.39990320e-05  3.80541398e-02  1.99990910e+00 
 3.80641398e-02  4.99994429e-08  3.80641398e-02  2.95835521e-02  3.80641398e-02  4.39990320e-05  3.80641398e-02  1.99990910e+00 
 3.80741398e-02  4.99994431e-08  3.80741398e-02  2.95835597e-02  3.80741398e-02  4.39990320e-05  3.80741398e-02  1.99990910e+00 
 3.80841398e-02  4.99994441e-08  3.80841398e-02  2.95835672e-02  3.80841398e-02  4.39990320e-05  3.80841398e-02  1.99990910e+00 
 3.80941398e-02  4.99994433e-08  3.80941398e-02  2.95835748e-02  3.80941398e-02  4.39990320e-05  3.80941398e-02  1.99990910e+00 
 3.81041398e-02  4.99994439e-08  3.81041398e-02  2.95835823e-02  3.81041398e-02  4.39990320e-05  3.81041398e-02  1.99990910e+00 
 3.81141398e-02  4.99994442e-08  3.81141398e-02  2.95835898e-02  3.81141398e-02  4.39990320e-05  3.81141398e-02  1.99990910e+00 
 3.81241398e-02  4.99994444e-08  3.81241398e-02  2.95835972e-02  3.81241398e-02  4.39990320e-05  3.81241398e-02  1.99990910e+00 
 3.81341398e-02  4.99994427e-08  3.81341398e-02  2.95836046e-02  3.81341398e-02  4.39990320e-05  3.81341398e-02  1.99990910e+00 
 3.81441398e-02  4.99994437e-08  3.81441398e-02  2.95836120e-02  3.81441398e-02  4.39990320e-05  3.81441398e-02  1.99990910e+00 
 3.81541398e-02  4.99994432e-08  3.81541398e-02  2.95836194e-02  3.81541398e-02  4.39990320e-05  3.81541398e-02  1.99990910e+00 
 3.81641398e-02  4.99994439e-08  3.81641398e-02  2.95836268e-02  3.81641398e-02  4.39990320e-05  3.81641398e-02  1.99990910e+00 
 3.81741398e-02  4.99994441e-08  3.81741398e-02  2.95836341e-02  3.81741398e-02  4.39990320e-05  3.81741398e-02  1.99990910e+00 
 3.81841398e-02  4.99994441e-08  3.81841398e-02  2.95836414e-02  3.81841398e-02  4.39990320e-05  3.81841398e-02  1.99990910e+00 
 3.81941398e-02  4.99994426e-08  3.81941398e-02  2.95836487e-02  3.81941398e-02  4.39990320e-05  3.81941398e-02  1.99990910e+00 
 3.82041398e-02  4.99994441e-08  3.82041398e-02  2.95836559e-02  3.82041398e-02  4.39990320e-05  3.82041398e-02  1.99990910e+00 
 3.82141398e-02  4.99994435e-08  3.82141398e-02  2.95836632e-02  3.82141398e-02  4.39990320e-05  3.82141398e-02  1.99990910e+00 
 3.82241398e-02  4.99994435e-08  3.82241398e-02  2.95836704e-02  3.82241398e-02  4.39990320e-05  3.82241398e-02  1.99990910e+00 
 3.82341398e-02  4.99994433e-08  3.82341398e-02  2.95836776e-02  3.82341398e-02  4.39990320e-05  3.82341398e-02  1.99990910e+00 
 3.82441398e-02  4.99994444e-08  3.82441398e-02  2.95836847e-02  3.82441398e-02  4.39990320e-05  3.82441398e-02  1.99990910e+00 
 3.82541398e-02  4.99994439e-08  3.82541398e-02  2.95836919e-02  3.82541398e-02  4.39990320e-05  3.82541398e-02  1.99990910e+00 
 3.82641398e-02  4.99994443e-08  3.82641398e-02  2.95836990e-02  3.82641398e-02  4.39990320e-05  3.82641398e-02  1.99990910e+00 
 3.82741398e-02  4.99994436e-08  3.82741398e-02  2.95837060e-02  3.82741398e-02  4.39990320e-05  3.82741398e-02  1.99990910e+00 
 3.82841398e-02  4.99994435e-08  3.82841398e-02  2.95837131e-02  3.82841398e-02  4.39990320e-05  3.82841398e-02  1.99990910e+00 
 3.82941398e-02  4.99994432e-08  3.82941398e-02  2.95837201e-02  3.82941398e-02  4.39990320e-05  3.82941398e-02  1.99990910e+00 
 3.83041398e-02  4.99994442e-08  3.83041398e-02  2.95837272e-02  3.83041398e-02  4.39990320e-05  3.83041398e-02  1.99990910e+00 
 3.83141398e-02  4.99994440e-08  3.83141398e-02  2.95837341e-02  3.83141398e-02  4.39990320e-05  3.83141398e-02  1.99990910e+00 
 3.83241398e-02  4.99994435e-08  3.83241398e-02  2.95837411e-02  3.83241398e-02  4.39990320e-05  3.83241398e-02  1.99990910e+00 
 3.83341398e-02  4.99994444e-08  3.83341398e-02  2.95837481e-02  3.83341398e-02  4.39990320e-05  3.83341398e-02  1.99990910e+00 
 3.83441398e-02  4.99994441e-08  3.83441398e-02  2.95837550e-02  3.83441398e-02  4.39990320e-05  3.83441398e-02  1.99990910e+00 
 3.83541398e-02  4.99994444e-08  3.83541398e-02  2.95837619e-02  3.83541398e-02  4.39990320e-05  3.83541398e-02  1.99990910e+00 
 3.83641398e-02  4.99994434e-08  3.83641398e-02  2.95837687e-02  3.83641398e-02  4.39990320e-05  3.83641398e-02  1.99990910e+00 
 3.83741398e-02  4.99994442e-08  3.83741398e-02  2.95837756e-02  3.83741398e-02  4.39990320e-05  3.83741398e-02  1.99990910e+00 
 3.83841398e-02  4.99994445e-08  3.83841398e-02  2.95837824e-02  3.83841398e-02  4.39990320e-05  3.83841398e-02  1.99990910e+00 
 3.83941398e-02  4.99994441e-08  3.83941398e-02  2.95837892e-02  3.83941398e-02  4.39990320e-05  3.83941398e-02  1.99990910e+00 
 3.84041398e-02  4.99994441e-08  3.84041398e-02  2.95837960e-02  3.84041398e-02  4.39990320e-05  3.84041398e-02  1.99990910e+00 
 3.84141398e-02  4.99994430e-08  3.84141398e-02  2.95838028e-02  3.84141398e-02  4.39990320e-05  3.84141398e-02  1.99990910e+00 
 3.84241398e-02  4.99994444e-08  3.84241398e-02  2.95838095e-02  3.84241398e-02  4.39990320e-05  3.84241398e-02  1.99990910e+00 
 3.84341398e-02  4.99994431e-08  3.84341398e-02  2.95838162e-02  3.84341398e-02  4.39990320e-05  3.84341398e-02  1.99990910e+00 
 3.84441398e-02  4.99994428e-08  3.84441398e-02  2.95838229e-02  3.84441398e-02  4.39990320e-05  3.84441398e-02  1.99990910e+00 
 3.84541398e-02  4.99994436e-08  3.84541398e-02  2.95838296e-02  3.84541398e-02  4.39990320e-05  3.84541398e-02  1.99990910e+00 
 3.84641398e-02  4.99994435e-08  3.84641398e-02  2.95838362e-02  3.84641398e-02  4.39990320e-05  3.84641398e-02  1.99990910e+00 
 3.84741398e-02  4.99994437e-08  3.84741398e-02  2.95838428e-02  3.84741398e-02  4.39990320e-05  3.84741398e-02  1.99990910e+00 
 3.84841398e-02  4.99994431e-08  3.84841398e-02  2.95838494e-02  3.84841398e-02  4.39990320e-05  3.84841398e-02  1.99990910e+00 
 3.84941398e-02  4.99994437e-08  3.84941398e-02  2.95838560e-02  3.84941398e-02  4.39990320e-05  3.84941398e-02  1.99990910e+00 
 3.85041398e-02  4.99994439e-08  3.85041398e-02  2.95838626e-02  3.85041398e-02  4.39990320e-05  3.85041398e-02  1.99990910e+00 
 3.85141398e-02  4.99994442e-08  3.85141398e-02  2.95838691e-02  3.85141398e-02  4.39990320e-05  3.85141398e-02  1.99990910e+00 
 3.85241398e-02  4.99994429e-08  3.85241398e-02  2.95838756e-02  3.85241398e-02  4.39990320e-05  3.85241398e-02  1.99990910e+00 
 3.85341398e-02  4.99994440e-08  3.85341398e-02  2.95838821e-02  3.85341398e-02  4.39990320e-05  3.85341398e-02  1.99990910e+00 
 3.85441398e-02  4.99994429e-08  3.85441398e-02  2.95838886e-02  3.85441398e-02  4.39990320e-05  3.85441398e-02  1.99990910e+00 
 3.85541398e-02  4.99994433e-08  3.85541398e-02  2.95838950e-02  3.85541398e-02  4.39990320e-05  3.85541398e-02  1.99990910e+00 
 3.85641398e-02  4.99994441e-08  3.85641398e-02  2.95839014e-02  3.85641398e-02  4.39990320e-05  3.85641398e-02  1.99990910e+00 
 3.85741398e-02  4.99994429e-08  3.85741398e-02  2.95839078e-02  3.85741398e-02  4.39990320e-05  3.85741398e-02  1.99990910e+00 
 3.85841398e-02  4.99994438e-08  3.85841398e-02  2.95839142e-02  3.85841398e-02  4.39990320e-05  3.85841398e-02  1.99990910e+00 
 3.85941398e-02  4.99994426e-08  3.85941398e-02  2.95839206e-02  3.85941398e-02  4.39990320e-05  3.85941398e-02  1.99990910e+00 
 3.86041398e-02  4.99994434e-08  3.86041398e-02  2.95839269e-02  3.86041398e-02  4.39990320e-05  3.86041398e-02  1.99990910e+00 
 3.86141398e-02  4.99994426e-08  3.86141398e-02  2.95839332e-02  3.86141398e-02  4.39990320e-05  3.86141398e-02  1.99990910e+00 
 3.86241398e-02  4.99994438e-08  3.86241398e-02  2.95839395e-02  3.86241398e-02  4.39990320e-05  3.86241398e-02  1.99990910e+00 
 3.86341398e-02  4.99994427e-08  3.86341398e-02  2.95839458e-02  3.86341398e-02  4.39990320e-05  3.86341398e-02  1.99990910e+00 
 3.86441398e-02  4.99994432e-08  3.86441398e-02  2.95839521e-02  3.86441398e-02  4.39990320e-05  3.86441398e-02  1.99990910e+00 
 3.86541398e-02  4.99994443e-08  3.86541398e-02  2.95839583e-02  3.86541398e-02  4.39990320e-05  3.86541398e-02  1.99990910e+00 
 3.86641398e-02  4.99994433e-08  3.86641398e-02  2.95839645e-02  3.86641398e-02  4.39990320e-05  3.86641398e-02  1.99990910e+00 
 3.86741398e-02  4.99994436e-08  3.86741398e-02  2.95839707e-02  3.86741398e-02  4.39990320e-05  3.86741398e-02  1.99990910e+00 
 3.86841398e-02  4.99994441e-08  3.86841398e-02  2.95839769e-02  3.86841398e-02  4.39990320e-05  3.86841398e-02  1.99990910e+00 
 3.86941398e-02  4.99994426e-08  3.86941398e-02  2.95839830e-02  3.86941398e-02  4.39990320e-05  3.86941398e-02  1.99990910e+00 
 3.87041398e-02  4.99994437e-08  3.87041398e-02  2.95839891e-02  3.87041398e-02  4.39990320e-05  3.87041398e-02  1.99990910e+00 
 3.87141398e-02  4.99994430e-08  3.87141398e-02  2.95839952e-02  3.87141398e-02  4.39990320e-05  3.87141398e-02  1.99990910e+00 
 3.87241398e-02  4.99994438e-08  3.87241398e-02  2.95840013e-02  3.87241398e-02  4.39990320e-05  3.87241398e-02  1.99990910e+00 
 3.87341398e-02  4.99994442e-08  3.87341398e-02  2.95840074e-02  3.87341398e-02  4.39990320e-05  3.87341398e-02  1.99990910e+00 
 3.87441398e-02  4.99994444e-08  3.87441398e-02  2.95840134e-02  3.87441398e-02  4.39990320e-05  3.87441398e-02  1.99990910e+00 
 3.87541398e-02  4.99994426e-08  3.87541398e-02  2.95840195e-02  3.87541398e-02  4.39990320e-05  3.87541398e-02  1.99990910e+00 
 3.87641398e-02  4.99994436e-08  3.87641398e-02  2.95840255e-02  3.87641398e-02  4.39990320e-05  3.87641398e-02  1.99990910e+00 
 3.87741398e-02  4.99994433e-08  3.87741398e-02  2.95840314e-02  3.87741398e-02  4.39990320e-05  3.87741398e-02  1.99990910e+00 
 3.87841398e-02  4.99994441e-08  3.87841398e-02  2.95840374e-02  3.87841398e-02  4.39990320e-05  3.87841398e-02  1.99990910e+00 
 3.87941398e-02  4.99994440e-08  3.87941398e-02  2.95840433e-02  3.87941398e-02  4.39990320e-05  3.87941398e-02  1.99990910e+00 
 3.88041398e-02  4.99994438e-08  3.88041398e-02  2.95840493e-02  3.88041398e-02  4.39990320e-05  3.88041398e-02  1.99990910e+00 
 3.88141398e-02  4.99994425e-08  3.88141398e-02  2.95840552e-02  3.88141398e-02  4.39990320e-05  3.88141398e-02  1.99990910e+00 
 3.88241398e-02  4.99994434e-08  3.88241398e-02  2.95840611e-02  3.88241398e-02  4.39990320e-05  3.88241398e-02  1.99990910e+00 
 3.88341398e-02  4.99994426e-08  3.88341398e-02  2.95840669e-02  3.88341398e-02  4.39990320e-05  3.88341398e-02  1.99990910e+00 
 3.88441398e-02  4.99994437e-08  3.88441398e-02  2.95840728e-02  3.88441398e-02  4.39990320e-05  3.88441398e-02  1.99990910e+00 
 3.88541398e-02  4.99994425e-08  3.88541398e-02  2.95840786e-02  3.88541398e-02  4.39990320e-05  3.88541398e-02  1.99990910e+00 
 3.88641398e-02  4.99994433e-08  3.88641398e-02  2.95840844e-02  3.88641398e-02  4.39990320e-05  3.88641398e-02  1.99990910e+00 
 3.88741398e-02  4.99994425e-08  3.88741398e-02  2.95840902e-02  3.88741398e-02  4.39990320e-05  3.88741398e-02  1.99990910e+00 
 3.88841398e-02  4.99994439e-08  3.88841398e-02  2.95840959e-02  3.88841398e-02  4.39990320e-05  3.88841398e-02  1.99990910e+00 
 3.88941398e-02  4.99994429e-08  3.88941398e-02  2.95841017e-02  3.88941398e-02  4.39990320e-05  3.88941398e-02  1.99990910e+00 
 3.89041398e-02  4.99994431e-08  3.89041398e-02  2.95841074e-02  3.89041398e-02  4.39990320e-05  3.89041398e-02  1.99990910e+00 
 3.89141398e-02  4.99994441e-08  3.89141398e-02  2.95841131e-02  3.89141398e-02  4.39990320e-05  3.89141398e-02  1.99990910e+00 
 3.89241398e-02  4.99994432e-08  3.89241398e-02  2.95841188e-02  3.89241398e-02  4.39990320e-05  3.89241398e-02  1.99990910e+00 
 3.89341398e-02  4.99994439e-08  3.89341398e-02  2.95841245e-02  3.89341398e-02  4.39990320e-05  3.89341398e-02  1.99990910e+00 
 3.89441398e-02  4.99994444e-08  3.89441398e-02  2.95841301e-02  3.89441398e-02  4.39990320e-05  3.89441398e-02  1.99990910e+00 
 3.89541398e-02  4.99994444e-08  3.89541398e-02  2.95841358e-02  3.89541398e-02  4.39990320e-05  3.89541398e-02  1.99990910e+00 
 3.89641398e-02  4.99994444e-08  3.89641398e-02  2.95841414e-02  3.89641398e-02  4.39990320e-05  3.89641398e-02  1.99990910e+00 
 3.89741398e-02  4.99994427e-08  3.89741398e-02  2.95841470e-02  3.89741398e-02  4.39990320e-05  3.89741398e-02  1.99990910e+00 
 3.89841398e-02  4.99994437e-08  3.89841398e-02  2.95841525e-02  3.89841398e-02  4.39990320e-05  3.89841398e-02  1.99990910e+00 
 3.89941398e-02  4.99994431e-08  3.89941398e-02  2.95841581e-02  3.89941398e-02  4.39990320e-05  3.89941398e-02  1.99990910e+00 
 3.90041398e-02  4.99994438e-08  3.90041398e-02  2.95841636e-02  3.90041398e-02  4.39990320e-05  3.90041398e-02  1.99990910e+00 
 3.90141398e-02  4.99994441e-08  3.90141398e-02  2.95841691e-02  3.90141398e-02  4.39990320e-05  3.90141398e-02  1.99990910e+00 
 3.90241398e-02  4.99994443e-08  3.90241398e-02  2.95841746e-02  3.90241398e-02  4.39990320e-05  3.90241398e-02  1.99990910e+00 
 3.90341398e-02  4.99994427e-08  3.90341398e-02  2.95841801e-02  3.90341398e-02  4.39990320e-05  3.90341398e-02  1.99990910e+00 
 3.90441398e-02  4.99994438e-08  3.90441398e-02  2.95841856e-02  3.90441398e-02  4.39990320e-05  3.90441398e-02  1.99990910e+00 
 3.90541398e-02  4.99994432e-08  3.90541398e-02  2.95841910e-02  3.90541398e-02  4.39990320e-05  3.90541398e-02  1.99990910e+00 
 3.90641398e-02  4.99994437e-08  3.90641398e-02  2.95841965e-02  3.90641398e-02  4.39990320e-05  3.90641398e-02  1.99990910e+00 
 3.90741398e-02  4.99994440e-08  3.90741398e-02  2.95842019e-02  3.90741398e-02  4.39990320e-05  3.90741398e-02  1.99990910e+00 
 3.90841398e-02  4.99994444e-08  3.90841398e-02  2.95842072e-02  3.90841398e-02  4.39990320e-05  3.90841398e-02  1.99990910e+00 
 3.90941398e-02  4.99994429e-08  3.90941398e-02  2.95842126e-02  3.90941398e-02  4.39990320e-05  3.90941398e-02  1.99990910e+00 
 3.91041398e-02  4.99994437e-08  3.91041398e-02  2.95842180e-02  3.91041398e-02  4.39990320e-05  3.91041398e-02  1.99990910e+00 
 3.91141398e-02  4.99994427e-08  3.91141398e-02  2.95842233e-02  3.91141398e-02  4.39990320e-05  3.91141398e-02  1.99990910e+00 
 3.91241398e-02  4.99994437e-08  3.91241398e-02  2.95842286e-02  3.91241398e-02  4.39990320e-05  3.91241398e-02  1.99990910e+00 
 3.91341398e-02  4.99994425e-08  3.91341398e-02  2.95842339e-02  3.91341398e-02  4.39990320e-05  3.91341398e-02  1.99990910e+00 
 3.91441398e-02  4.99994434e-08  3.91441398e-02  2.95842392e-02  3.91441398e-02  4.39990320e-05  3.91441398e-02  1.99990910e+00 
 3.91541398e-02  4.99994426e-08  3.91541398e-02  2.95842445e-02  3.91541398e-02  4.39990320e-05  3.91541398e-02  1.99990910e+00 
 3.91641398e-02  4.99994438e-08  3.91641398e-02  2.95842497e-02  3.91641398e-02  4.39990320e-05  3.91641398e-02  1.99990910e+00 
 3.91741398e-02  4.99994427e-08  3.91741398e-02  2.95842549e-02  3.91741398e-02  4.39990320e-05  3.91741398e-02  1.99990910e+00 
 3.91841398e-02  4.99994432e-08  3.91841398e-02  2.95842601e-02  3.91841398e-02  4.39990320e-05  3.91841398e-02  1.99990910e+00 
 3.91941398e-02  4.99994443e-08  3.91941398e-02  2.95842653e-02  3.91941398e-02  4.39990320e-05  3.91941398e-02  1.99990910e+00 
 3.92041398e-02  4.99994432e-08  3.92041398e-02  2.95842705e-02  3.92041398e-02  4.39990320e-05  3.92041398e-02  1.99990910e+00 
 3.92141398e-02  4.99994436e-08  3.92141398e-02  2.95842757e-02  3.92141398e-02  4.39990320e-05  3.92141398e-02  1.99990910e+00 
 3.92241398e-02  4.99994443e-08  3.92241398e-02  2.95842808e-02  3.92241398e-02  4.39990320e-05  3.92241398e-02  1.99990910e+00 
 3.92341398e-02  4.99994428e-08  3.92341398e-02  2.95842859e-02  3.92341398e-02  4.39990320e-05  3.92341398e-02  1.99990910e+00 
 3.92441398e-02  4.99994435e-08  3.92441398e-02  2.95842910e-02  3.92441398e-02  4.39990320e-05  3.92441398e-02  1.99990910e+00 
 3.92541398e-02  4.99994427e-08  3.92541398e-02  2.95842961e-02  3.92541398e-02  4.39990320e-05  3.92541398e-02  1.99990910e+00 
 3.92641398e-02  4.99994439e-08  3.92641398e-02  2.95843012e-02  3.92641398e-02  4.39990320e-05  3.92641398e-02  1.99990910e+00 
 3.92741398e-02  4.99994426e-08  3.92741398e-02  2.95843062e-02  3.92741398e-02  4.39990320e-05  3.92741398e-02  1.99990910e+00 
 3.92841398e-02  4.99994430e-08  3.92841398e-02  2.95843113e-02  3.92841398e-02  4.39990320e-05  3.92841398e-02  1.99990910e+00 
 3.92941398e-02  4.99994444e-08  3.92941398e-02  2.95843163e-02  3.92941398e-02  4.39990320e-05  3.92941398e-02  1.99990910e+00 
 3.93041398e-02  4.99994435e-08  3.93041398e-02  2.95843213e-02  3.93041398e-02  4.39990320e-05  3.93041398e-02  1.99990910e+00 
 3.93141398e-02  4.99994437e-08  3.93141398e-02  2.95843263e-02  3.93141398e-02  4.39990320e-05  3.93141398e-02  1.99990910e+00 
 3.93241398e-02  4.99994437e-08  3.93241398e-02  2.95843312e-02  3.93241398e-02  4.39990320e-05  3.93241398e-02  1.99990910e+00 
 3.93341398e-02  4.99994445e-08  3.93341398e-02  2.95843362e-02  3.93341398e-02  4.39990320e-05  3.93341398e-02  1.99990910e+00 
 3.93441398e-02  4.99994435e-08  3.93441398e-02  2.95843411e-02  3.93441398e-02  4.39990320e-05  3.93441398e-02  1.99990910e+00 
 3.93541398e-02  4.99994439e-08  3.93541398e-02  2.95843461e-02  3.93541398e-02  4.39990320e-05  3.93541398e-02  1.99990910e+00 
 3.93641398e-02  4.99994441e-08  3.93641398e-02  2.95843510e-02  3.93641398e-02  4.39990320e-05  3.93641398e-02  1.99990910e+00 
 3.93741398e-02  4.99994444e-08  3.93741398e-02  2.95843558e-02  3.93741398e-02  4.39990320e-05  3.93741398e-02  1.99990910e+00 
 3.93841398e-02  4.99994428e-08  3.93841398e-02  2.95843607e-02  3.93841398e-02  4.39990320e-05  3.93841398e-02  1.99990910e+00 
 3.93941398e-02  4.99994437e-08  3.93941398e-02  2.95843656e-02  3.93941398e-02  4.39990320e-05  3.93941398e-02  1.99990910e+00 
 3.94041398e-02  4.99994430e-08  3.94041398e-02  2.95843704e-02  3.94041398e-02  4.39990320e-05  3.94041398e-02  1.99990910e+00 
 3.94141398e-02  4.99994438e-08  3.94141398e-02  2.95843752e-02  3.94141398e-02  4.39990320e-05  3.94141398e-02  1.99990910e+00 
 3.94241398e-02  4.99994443e-08  3.94241398e-02  2.95843800e-02  3.94241398e-02  4.39990320e-05  3.94241398e-02  1.99990910e+00 
 3.94341398e-02  4.99994444e-08  3.94341398e-02  2.95843848e-02  3.94341398e-02  4.39990320e-05  3.94341398e-02  1.99990910e+00 
 3.94441398e-02  4.99994444e-08  3.94441398e-02  2.95843896e-02  3.94441398e-02  4.39990320e-05  3.94441398e-02  1.99990910e+00 
 3.94541398e-02  4.99994428e-08  3.94541398e-02  2.95843943e-02  3.94541398e-02  4.39990320e-05  3.94541398e-02  1.99990910e+00 
 3.94641398e-02  4.99994437e-08  3.94641398e-02  2.95843991e-02  3.94641398e-02  4.39990320e-05  3.94641398e-02  1.99990910e+00 
 3.94741398e-02  4.99994431e-08  3.94741398e-02  2.95844038e-02  3.94741398e-02  4.39990320e-05  3.94741398e-02  1.99990910e+00 
 3.94841398e-02  4.99994438e-08  3.94841398e-02  2.95844085e-02  3.94841398e-02  4.39990320e-05  3.94841398e-02  1.99990910e+00 
 3.94941398e-02  4.99994441e-08  3.94941398e-02  2.95844132e-02  3.94941398e-02  4.39990320e-05  3.94941398e-02  1.99990910e+00 
 3.95041398e-02  4.99994443e-08  3.95041398e-02  2.95844179e-02  3.95041398e-02  4.39990320e-05  3.95041398e-02  1.99990910e+00 
 3.95141398e-02  4.99994426e-08  3.95141398e-02  2.95844225e-02  3.95141398e-02  4.39990320e-05  3.95141398e-02  1.99990910e+00 
 3.95241398e-02  4.99994437e-08  3.95241398e-02  2.95844272e-02  3.95241398e-02  4.39990320e-05  3.95241398e-02  1.99990910e+00 
 3.95341398e-02  4.99994432e-08  3.95341398e-02  2.95844318e-02  3.95341398e-02  4.39990320e-05  3.95341398e-02  1.99990910e+00 
 3.95441398e-02  4.99994439e-08  3.95441398e-02  2.95844364e-02  3.95441398e-02  4.39990320e-05  3.95441398e-02  1.99990910e+00 
 3.95541398e-02  4.99994440e-08  3.95541398e-02  2.95844410e-02  3.95541398e-02  4.39990320e-05  3.95541398e-02  1.99990910e+00 
 3.95641398e-02  4.99994441e-08  3.95641398e-02  2.95844456e-02  3.95641398e-02  4.39990320e-05  3.95641398e-02  1.99990910e+00 
 3.95741398e-02  4.99994428e-08  3.95741398e-02  2.95844502e-02  3.95741398e-02  4.39990320e-05  3.95741398e-02  1.99990910e+00 
 3.95841398e-02  4.99994441e-08  3.95841398e-02  2.95844547e-02  3.95841398e-02  4.39990320e-05  3.95841398e-02  1.99990910e+00 
 3.95941398e-02  4.99994432e-08  3.95941398e-02  2.95844592e-02  3.95941398e-02  4.39990320e-05  3.95941398e-02  1.99990910e+00 
 3.96041398e-02  4.99994432e-08  3.96041398e-02  2.95844638e-02  3.96041398e-02  4.39990320e-05  3.96041398e-02  1.99990910e+00 
 3.96141398e-02  4.99994436e-08  3.96141398e-02  2.95844683e-02  3.96141398e-02  4.39990320e-05  3.96141398e-02  1.99990910e+00 
 3.96241398e-02  4.99994429e-08  3.96241398e-02  2.95844728e-02  3.96241398e-02  4.39990320e-05  3.96241398e-02  1.99990910e+00 
 3.96341398e-02  4.99994434e-08  3.96341398e-02  2.95844772e-02  3.96341398e-02  4.39990320e-05  3.96341398e-02  1.99990910e+00 
 3.96441398e-02  4.99994439e-08  3.96441398e-02  2.95844817e-02  3.96441398e-02  4.39990320e-05  3.96441398e-02  1.99990910e+00 
 3.96541398e-02  4.99994425e-08  3.96541398e-02  2.95844861e-02  3.96541398e-02  4.39990320e-05  3.96541398e-02  1.99990910e+00 
 3.96641398e-02  4.99994438e-08  3.96641398e-02  2.95844906e-02  3.96641398e-02  4.39990320e-05  3.96641398e-02  1.99990910e+00 
 3.96741398e-02  4.99994432e-08  3.96741398e-02  2.95844950e-02  3.96741398e-02  4.39990320e-05  3.96741398e-02  1.99990910e+00 
 3.96841398e-02  4.99994437e-08  3.96841398e-02  2.95844994e-02  3.96841398e-02  4.39990320e-05  3.96841398e-02  1.99990910e+00 
 3.96941398e-02  4.99994439e-08  3.96941398e-02  2.95845038e-02  3.96941398e-02  4.39990320e-05  3.96941398e-02  1.99990910e+00 
 3.97041398e-02  4.99994443e-08  3.97041398e-02  2.95845081e-02  3.97041398e-02  4.39990320e-05  3.97041398e-02  1.99990910e+00 
 3.97141398e-02  4.99994430e-08  3.97141398e-02  2.95845125e-02  3.97141398e-02  4.39990320e-05  3.97141398e-02  1.99990910e+00 
 3.97241398e-02  4.99994439e-08  3.97241398e-02  2.95845168e-02  3.97241398e-02  4.39990320e-05  3.97241398e-02  1.99990910e+00 
 3.97341398e-02  4.99994427e-08  3.97341398e-02  2.95845212e-02  3.97341398e-02  4.39990320e-05  3.97341398e-02  1.99990910e+00 
 3.97441398e-02  4.99994433e-08  3.97441398e-02  2.95845255e-02  3.97441398e-02  4.39990320e-05  3.97441398e-02  1.99990910e+00 
 3.97541398e-02  4.99994444e-08  3.97541398e-02  2.95845298e-02  3.97541398e-02  4.39990320e-05  3.97541398e-02  1.99990910e+00 
 3.97641398e-02  4.99994431e-08  3.97641398e-02  2.95845340e-02  3.97641398e-02  4.39990320e-05  3.97641398e-02  1.99990910e+00 
 3.97741398e-02  4.99994434e-08  3.97741398e-02  2.95845383e-02  3.97741398e-02  4.39990320e-05  3.97741398e-02  1.99990910e+00 
 3.97841398e-02  4.99994442e-08  3.97841398e-02  2.95845426e-02  3.97841398e-02  4.39990320e-05  3.97841398e-02  1.99990910e+00 
 3.97941398e-02  4.99994431e-08  3.97941398e-02  2.95845468e-02  3.97941398e-02  4.39990320e-05  3.97941398e-02  1.99990910e+00 
 3.98041398e-02  4.99994437e-08  3.98041398e-02  2.95845510e-02  3.98041398e-02  4.39990320e-05  3.98041398e-02  1.99990910e+00 
 3.98141398e-02  4.99994445e-08  3.98141398e-02  2.95845552e-02  3.98141398e-02  4.39990320e-05  3.98141398e-02  1.99990910e+00 
 3.98241398e-02  4.99994426e-08  3.98241398e-02  2.95845594e-02  3.98241398e-02  4.39990320e-05  3.98241398e-02  1.99990910e+00 
 3.98341398e-02  4.99994430e-08  3.98341398e-02  2.95845636e-02  3.98341398e-02  4.39990320e-05  3.98341398e-02  1.99990910e+00 
 3.98441398e-02  4.99994427e-08  3.98441398e-02  2.95845678e-02  3.98441398e-02  4.39990320e-05  3.98441398e-02  1.99990910e+00 
 3.98541398e-02  4.99994436e-08  3.98541398e-02  2.95845719e-02  3.98541398e-02  4.39990320e-05  3.98541398e-02  1.99990910e+00 
 3.98641398e-02  4.99994439e-08  3.98641398e-02  2.95845761e-02  3.98641398e-02  4.39990320e-05  3.98641398e-02  1.99990910e+00 
 3.98741398e-02  4.99994443e-08  3.98741398e-02  2.95845802e-02  3.98741398e-02  4.39990320e-05  3.98741398e-02  1.99990910e+00 
 3.98841398e-02  4.99994428e-08  3.98841398e-02  2.95845843e-02  3.98841398e-02  4.39990320e-05  3.98841398e-02  1.99990910e+00 
 3.98941398e-02  4.99994438e-08  3.98941398e-02  2.95845884e-02  3.98941398e-02  4.39990320e-05  3.98941398e-02  1.99990910e+00 
 3.99041398e-02  4.99994430e-08  3.99041398e-02  2.95845925e-02  3.99041398e-02  4.39990320e-05  3.99041398e-02  1.99990910e+00 
 3.99141398e-02  4.99994435e-08  3.99141398e-02  2.95845966e-02  3.99141398e-02  4.39990320e-05  3.99141398e-02  1.99990910e+00 
 3.99241398e-02  4.99994442e-08  3.99241398e-02  2.95846006e-02  3.99241398e-02  4.39990320e-05  3.99241398e-02  1.99990910e+00 
 3.99341398e-02  4.99994426e-08  3.99341398e-02  2.95846047e-02  3.99341398e-02  4.39990320e-05  3.99341398e-02  1.99990910e+00 
 3.99441398e-02  4.99994435e-08  3.99441398e-02  2.95846087e-02  3.99441398e-02  4.39990320e-05  3.99441398e-02  1.99990910e+00 
 3.99541398e-02  4.99994429e-08  3.99541398e-02  2.95846127e-02  3.99541398e-02  4.39990320e-05  3.99541398e-02  1.99990910e+00 
 3.99641398e-02  4.99994440e-08  3.99641398e-02  2.95846167e-02  3.99641398e-02  4.39990320e-05  3.99641398e-02  1.99990910e+00 
 3.99741398e-02  4.99994445e-08  3.99741398e-02  2.95846207e-02  3.99741398e-02  4.39990320e-05  3.99741398e-02  1.99990910e+00 
 3.99841398e-02  4.99994442e-08  3.99841398e-02  2.95846247e-02  3.99841398e-02  4.39990320e-05  3.99841398e-02  1.99990910e+00 
 3.99941398e-02  4.99994440e-08  3.99941398e-02  2.95846286e-02  3.99941398e-02  4.39990320e-05  3.99941398e-02  1.99990910e+00 
 4.00041398e-02  4.99994429e-08  4.00041398e-02  2.95846326e-02  4.00041398e-02  4.39990320e-05  4.00041398e-02  1.99990910e+00 
 4.00141398e-02  4.99994434e-08  4.00141398e-02  2.95846365e-02  4.00141398e-02  4.39990320e-05  4.00141398e-02  1.99990910e+00 
 4.00241398e-02  4.99994442e-08  4.00241398e-02  2.95846404e-02  4.00241398e-02  4.39990320e-05  4.00241398e-02  1.99990910e+00 
 4.00341398e-02  4.99994428e-08  4.00341398e-02  2.95846443e-02  4.00341398e-02  4.39990320e-05  4.00341398e-02  1.99990910e+00 
 4.00441398e-02  4.99994435e-08  4.00441398e-02  2.95846482e-02  4.00441398e-02  4.39990320e-05  4.00441398e-02  1.99990910e+00 
 4.00541398e-02  4.99994427e-08  4.00541398e-02  2.95846521e-02  4.00541398e-02  4.39990320e-05  4.00541398e-02  1.99990910e+00 
 4.00641398e-02  4.99994438e-08  4.00641398e-02  2.95846560e-02  4.00641398e-02  4.39990320e-05  4.00641398e-02  1.99990910e+00 
 4.00741398e-02  4.99994427e-08  4.00741398e-02  2.95846598e-02  4.00741398e-02  4.39990320e-05  4.00741398e-02  1.99990910e+00 
 4.00841398e-02  4.99994432e-08  4.00841398e-02  2.95846637e-02  4.00841398e-02  4.39990320e-05  4.00841398e-02  1.99990910e+00 
 4.00941398e-02  4.99994444e-08  4.00941398e-02  2.95846675e-02  4.00941398e-02  4.39990320e-05  4.00941398e-02  1.99990910e+00 
 4.01041398e-02  4.99994433e-08  4.01041398e-02  2.95846713e-02  4.01041398e-02  4.39990320e-05  4.01041398e-02  1.99990910e+00 
 4.01141398e-02  4.99994435e-08  4.01141398e-02  2.95846751e-02  4.01141398e-02  4.39990320e-05  4.01141398e-02  1.99990910e+00 
 4.01241398e-02  4.99994440e-08  4.01241398e-02  2.95846789e-02  4.01241398e-02  4.39990320e-05  4.01241398e-02  1.99990910e+00 
 4.01341398e-02  4.99994428e-08  4.01341398e-02  2.95846827e-02  4.01341398e-02  4.39990320e-05  4.01341398e-02  1.99990910e+00 
 4.01441398e-02  4.99994439e-08  4.01441398e-02  2.95846865e-02  4.01441398e-02  4.39990320e-05  4.01441398e-02  1.99990910e+00 
 4.01541398e-02  4.99994429e-08  4.01541398e-02  2.95846902e-02  4.01541398e-02  4.39990320e-05  4.01541398e-02  1.99990910e+00 
 4.01641398e-02  4.99994433e-08  4.01641398e-02  2.95846940e-02  4.01641398e-02  4.39990320e-05  4.01641398e-02  1.99990910e+00 
 4.01741398e-02  4.99994442e-08  4.01741398e-02  2.95846977e-02  4.01741398e-02  4.39990320e-05  4.01741398e-02  1.99990910e+00 
 4.01841398e-02  4.99994430e-08  4.01841398e-02  2.95847014e-02  4.01841398e-02  4.39990320e-05  4.01841398e-02  1.99990910e+00 
 4.01941398e-02  4.99994437e-08  4.01941398e-02  2.95847051e-02  4.01941398e-02  4.39990320e-05  4.01941398e-02  1.99990910e+00 
 4.02041398e-02  4.99994445e-08  4.02041398e-02  2.95847088e-02  4.02041398e-02  4.39990320e-05  4.02041398e-02  1.99990910e+00 
 4.02141398e-02  4.99994428e-08  4.02141398e-02  2.95847125e-02  4.02141398e-02  4.39990320e-05  4.02141398e-02  1.99990910e+00 
 4.02241398e-02  4.99994430e-08  4.02241398e-02  2.95847162e-02  4.02241398e-02  4.39990320e-05  4.02241398e-02  1.99990910e+00 
 4.02341398e-02  4.99994425e-08  4.02341398e-02  2.95847198e-02  4.02341398e-02  4.39990320e-05  4.02341398e-02  1.99990910e+00 
 4.02441398e-02  4.99994435e-08  4.02441398e-02  2.95847234e-02  4.02441398e-02  4.39990320e-05  4.02441398e-02  1.99990910e+00 
 4.02541398e-02  4.99994442e-08  4.02541398e-02  2.95847271e-02  4.02541398e-02  4.39990320e-05  4.02541398e-02  1.99990910e+00 
 4.02641398e-02  4.99994424e-08  4.02641398e-02  2.95847307e-02  4.02641398e-02  4.39990320e-05  4.02641398e-02  1.99990910e+00 
 4.02741398e-02  4.99994433e-08  4.02741398e-02  2.95847343e-02  4.02741398e-02  4.39990320e-05  4.02741398e-02  1.99990910e+00 
 4.02841398e-02  4.99994431e-08  4.02841398e-02  2.95847379e-02  4.02841398e-02  4.39990320e-05  4.02841398e-02  1.99990910e+00 
 4.02941398e-02  4.99994444e-08  4.02941398e-02  2.95847415e-02  4.02941398e-02  4.39990320e-05  4.02941398e-02  1.99990910e+00 
 4.03041398e-02  4.99994445e-08  4.03041398e-02  2.95847450e-02  4.03041398e-02  4.39990320e-05  4.03041398e-02  1.99990910e+00 
 4.03141398e-02  4.99994435e-08  4.03141398e-02  2.95847486e-02  4.03141398e-02  4.39990320e-05  4.03141398e-02  1.99990910e+00 
 4.03241398e-02  4.99994438e-08  4.03241398e-02  2.95847521e-02  4.03241398e-02  4.39990320e-05  4.03241398e-02  1.99990910e+00 
 4.03341398e-02  4.99994438e-08  4.03341398e-02  2.95847557e-02  4.03341398e-02  4.39990320e-05  4.03341398e-02  1.99990910e+00 
 4.03441398e-02  4.99994442e-08  4.03441398e-02  2.95847592e-02  4.03441398e-02  4.39990320e-05  4.03441398e-02  1.99990910e+00 
 4.03541398e-02  4.99994431e-08  4.03541398e-02  2.95847627e-02  4.03541398e-02  4.39990320e-05  4.03541398e-02  1.99990910e+00 
 4.03641398e-02  4.99994441e-08  4.03641398e-02  2.95847662e-02  4.03641398e-02  4.39990320e-05  4.03641398e-02  1.99990910e+00 
 4.03741398e-02  4.99994426e-08  4.03741398e-02  2.95847697e-02  4.03741398e-02  4.39990320e-05  4.03741398e-02  1.99990910e+00 
 4.03841398e-02  4.99994429e-08  4.03841398e-02  2.95847731e-02  4.03841398e-02  4.39990320e-05  4.03841398e-02  1.99990910e+00 
 4.03941398e-02  4.99994444e-08  4.03941398e-02  2.95847766e-02  4.03941398e-02  4.39990320e-05  4.03941398e-02  1.99990910e+00 
 4.04041398e-02  4.99994437e-08  4.04041398e-02  2.95847801e-02  4.04041398e-02  4.39990320e-05  4.04041398e-02  1.99990910e+00 
 4.04141398e-02  4.99994437e-08  4.04141398e-02  2.95847835e-02  4.04141398e-02  4.39990320e-05  4.04141398e-02  1.99990910e+00 
 4.04241398e-02  4.99994435e-08  4.04241398e-02  2.95847869e-02  4.04241398e-02  4.39990320e-05  4.04241398e-02  1.99990910e+00 
 4.04341398e-02  4.99994442e-08  4.04341398e-02  2.95847903e-02  4.04341398e-02  4.39990320e-05  4.04341398e-02  1.99990910e+00 
 4.04441398e-02  4.99994437e-08  4.04441398e-02  2.95847937e-02  4.04441398e-02  4.39990320e-05  4.04441398e-02  1.99990910e+00 
 4.04541398e-02  4.99994444e-08  4.04541398e-02  2.95847971e-02  4.04541398e-02  4.39990320e-05  4.04541398e-02  1.99990910e+00 
 4.04641398e-02  4.99994440e-08  4.04641398e-02  2.95848005e-02  4.04641398e-02  4.39990320e-05  4.04641398e-02  1.99990910e+00 
 4.04741398e-02  4.99994435e-08  4.04741398e-02  2.95848039e-02  4.04741398e-02  4.39990320e-05  4.04741398e-02  1.99990910e+00 
 4.04841398e-02  4.99994425e-08  4.04841398e-02  2.95848072e-02  4.04841398e-02  4.39990320e-05  4.04841398e-02  1.99990910e+00 
 4.04941398e-02  4.99994438e-08  4.04941398e-02  2.95848106e-02  4.04941398e-02  4.39990320e-05  4.04941398e-02  1.99990910e+00 
 4.05041398e-02  4.99994428e-08  4.05041398e-02  2.95848139e-02  4.05041398e-02  4.39990320e-05  4.05041398e-02  1.99990910e+00 
 4.05141398e-02  4.99994431e-08  4.05141398e-02  2.95848172e-02  4.05141398e-02  4.39990320e-05  4.05141398e-02  1.99990910e+00 
 4.05241398e-02  4.99994441e-08  4.05241398e-02  2.95848205e-02  4.05241398e-02  4.39990320e-05  4.05241398e-02  1.99990910e+00 
 4.05341398e-02  4.99994432e-08  4.05341398e-02  2.95848238e-02  4.05341398e-02  4.39990320e-05  4.05341398e-02  1.99990910e+00 
 4.05441398e-02  4.99994438e-08  4.05441398e-02  2.95848271e-02  4.05441398e-02  4.39990320e-05  4.05441398e-02  1.99990910e+00 
 4.05541398e-02  4.99994443e-08  4.05541398e-02  2.95848304e-02  4.05541398e-02  4.39990320e-05  4.05541398e-02  1.99990910e+00 
 4.05641398e-02  4.99994445e-08  4.05641398e-02  2.95848337e-02  4.05641398e-02  4.39990320e-05  4.05641398e-02  1.99990910e+00 
 4.05741398e-02  4.99994425e-08  4.05741398e-02  2.95848369e-02  4.05741398e-02  4.39990320e-05  4.05741398e-02  1.99990910e+00 
 4.05841398e-02  4.99994433e-08  4.05841398e-02  2.95848402e-02  4.05841398e-02  4.39990320e-05  4.05841398e-02  1.99990910e+00 
 4.05941398e-02  4.99994433e-08  4.05941398e-02  2.95848434e-02  4.05941398e-02  4.39990320e-05  4.05941398e-02  1.99990910e+00 
 4.06041398e-02  4.99994435e-08  4.06041398e-02  2.95848466e-02  4.06041398e-02  4.39990320e-05  4.06041398e-02  1.99990910e+00 
 4.06141398e-02  4.99994430e-08  4.06141398e-02  2.95848499e-02  4.06141398e-02  4.39990320e-05  4.06141398e-02  1.99990910e+00 
 4.06241398e-02  4.99994439e-08  4.06241398e-02  2.95848531e-02  4.06241398e-02  4.39990320e-05  4.06241398e-02  1.99990910e+00 
 4.06341398e-02  4.99994440e-08  4.06341398e-02  2.95848562e-02  4.06341398e-02  4.39990320e-05  4.06341398e-02  1.99990910e+00 
 4.06441398e-02  4.99994440e-08  4.06441398e-02  2.95848594e-02  4.06441398e-02  4.39990320e-05  4.06441398e-02  1.99990910e+00 
 4.06541398e-02  4.99994425e-08  4.06541398e-02  2.95848626e-02  4.06541398e-02  4.39990320e-05  4.06541398e-02  1.99990910e+00 
 4.06641398e-02  4.99994441e-08  4.06641398e-02  2.95848658e-02  4.06641398e-02  4.39990320e-05  4.06641398e-02  1.99990910e+00 
 4.06741398e-02  4.99994436e-08  4.06741398e-02  2.95848689e-02  4.06741398e-02  4.39990320e-05  4.06741398e-02  1.99990910e+00 
 4.06841398e-02  4.99994434e-08  4.06841398e-02  2.95848720e-02  4.06841398e-02  4.39990320e-05  4.06841398e-02  1.99990910e+00 
 4.06941398e-02  4.99994432e-08  4.06941398e-02  2.95848752e-02  4.06941398e-02  4.39990320e-05  4.06941398e-02  1.99990910e+00 
 4.07041398e-02  4.99994444e-08  4.07041398e-02  2.95848783e-02  4.07041398e-02  4.39990320e-05  4.07041398e-02  1.99990910e+00 
 4.07141398e-02  4.99994442e-08  4.07141398e-02  2.95848814e-02  4.07141398e-02  4.39990320e-05  4.07141398e-02  1.99990910e+00 
 4.07241398e-02  4.99994443e-08  4.07241398e-02  2.95848845e-02  4.07241398e-02  4.39990320e-05  4.07241398e-02  1.99990910e+00 
 4.07341398e-02  4.99994431e-08  4.07341398e-02  2.95848876e-02  4.07341398e-02  4.39990320e-05  4.07341398e-02  1.99990910e+00 
 4.07441398e-02  4.99994442e-08  4.07441398e-02  2.95848906e-02  4.07441398e-02  4.39990320e-05  4.07441398e-02  1.99990910e+00 
 4.07541398e-02  4.99994428e-08  4.07541398e-02  2.95848937e-02  4.07541398e-02  4.39990320e-05  4.07541398e-02  1.99990910e+00 
 4.07641398e-02  4.99994429e-08  4.07641398e-02  2.95848968e-02  4.07641398e-02  4.39990320e-05  4.07641398e-02  1.99990910e+00 
 4.07741398e-02  4.99994441e-08  4.07741398e-02  2.95848998e-02  4.07741398e-02  4.39990320e-05  4.07741398e-02  1.99990910e+00 
 4.07841398e-02  4.99994436e-08  4.07841398e-02  2.95849028e-02  4.07841398e-02  4.39990320e-05  4.07841398e-02  1.99990910e+00 
 4.07941398e-02  4.99994441e-08  4.07941398e-02  2.95849059e-02  4.07941398e-02  4.39990320e-05  4.07941398e-02  1.99990910e+00 
 4.08041398e-02  4.99994439e-08  4.08041398e-02  2.95849089e-02  4.08041398e-02  4.39990320e-05  4.08041398e-02  1.99990910e+00 
 4.08141398e-02  4.99994438e-08  4.08141398e-02  2.95849119e-02  4.08141398e-02  4.39990320e-05  4.08141398e-02  1.99990910e+00 
 4.08241398e-02  4.99994428e-08  4.08241398e-02  2.95849149e-02  4.08241398e-02  4.39990320e-05  4.08241398e-02  1.99990910e+00 
 4.08341398e-02  4.99994435e-08  4.08341398e-02  2.95849179e-02  4.08341398e-02  4.39990320e-05  4.08341398e-02  1.99990910e+00 
 4.08441398e-02  4.99994442e-08  4.08441398e-02  2.95849208e-02  4.08441398e-02  4.39990320e-05  4.08441398e-02  1.99990910e+00 
 4.08541398e-02  4.99994426e-08  4.08541398e-02  2.95849238e-02  4.08541398e-02  4.39990320e-05  4.08541398e-02  1.99990910e+00 
 4.08641398e-02  4.99994433e-08  4.08641398e-02  2.95849267e-02  4.08641398e-02  4.39990320e-05  4.08641398e-02  1.99990910e+00 
 4.08741398e-02  4.99994428e-08  4.08741398e-02  2.95849297e-02  4.08741398e-02  4.39990320e-05  4.08741398e-02  1.99990910e+00 
 4.08841398e-02  4.99994442e-08  4.08841398e-02  2.95849326e-02  4.08841398e-02  4.39990320e-05  4.08841398e-02  1.99990910e+00 
 4.08941398e-02  4.99994426e-08  4.08941398e-02  2.95849355e-02  4.08941398e-02  4.39990320e-05  4.08941398e-02  1.99990910e+00 
 4.09041398e-02  4.99994426e-08  4.09041398e-02  2.95849384e-02  4.09041398e-02  4.39990320e-05  4.09041398e-02  1.99990910e+00 
 4.09141398e-02  4.99994442e-08  4.09141398e-02  2.95849414e-02  4.09141398e-02  4.39990320e-05  4.09141398e-02  1.99990910e+00 
 4.09241398e-02  4.99994442e-08  4.09241398e-02  2.95849442e-02  4.09241398e-02  4.39990320e-05  4.09241398e-02  1.99990910e+00 
 4.09341398e-02  4.99994442e-08  4.09341398e-02  2.95849471e-02  4.09341398e-02  4.39990320e-05  4.09341398e-02  1.99990910e+00 
 4.09441398e-02  4.99994430e-08  4.09441398e-02  2.95849500e-02  4.09441398e-02  4.39990320e-05  4.09441398e-02  1.99990910e+00 
 4.09541398e-02  4.99994443e-08  4.09541398e-02  2.95849529e-02  4.09541398e-02  4.39990320e-05  4.09541398e-02  1.99990910e+00 
 4.09641398e-02  4.99994430e-08  4.09641398e-02  2.95849557e-02  4.09641398e-02  4.39990320e-05  4.09641398e-02  1.99990910e+00 
 4.09741398e-02  4.99994429e-08  4.09741398e-02  2.95849586e-02  4.09741398e-02  4.39990320e-05  4.09741398e-02  1.99990910e+00 
 4.09841398e-02  4.99994438e-08  4.09841398e-02  2.95849614e-02  4.09841398e-02  4.39990320e-05  4.09841398e-02  1.99990910e+00 
 4.09941398e-02  4.99994434e-08  4.09941398e-02  2.95849642e-02  4.09941398e-02  4.39990320e-05  4.09941398e-02  1.99990910e+00 
 4.10041398e-02  4.99994434e-08  4.10041398e-02  2.95849670e-02  4.10041398e-02  4.39990320e-05  4.10041398e-02  1.99990910e+00 
 4.10141398e-02  4.99994432e-08  4.10141398e-02  2.95849698e-02  4.10141398e-02  4.39990320e-05  4.10141398e-02  1.99990910e+00 
 4.10241398e-02  4.99994442e-08  4.10241398e-02  2.95849726e-02  4.10241398e-02  4.39990320e-05  4.10241398e-02  1.99990910e+00 
 4.10341398e-02  4.99994440e-08  4.10341398e-02  2.95849754e-02  4.10341398e-02  4.39990320e-05  4.10341398e-02  1.99990910e+00 
 4.10441398e-02  4.99994435e-08  4.10441398e-02  2.95849782e-02  4.10441398e-02  4.39990320e-05  4.10441398e-02  1.99990910e+00 
 4.10541398e-02  4.99994444e-08  4.10541398e-02  2.95849810e-02  4.10541398e-02  4.39990320e-05  4.10541398e-02  1.99990910e+00 
 4.10641398e-02  4.99994441e-08  4.10641398e-02  2.95849837e-02  4.10641398e-02  4.39990320e-05  4.10641398e-02  1.99990910e+00 
 4.10741398e-02  4.99994444e-08  4.10741398e-02  2.95849865e-02  4.10741398e-02  4.39990320e-05  4.10741398e-02  1.99990910e+00 
 4.10841398e-02  4.99994435e-08  4.10841398e-02  2.95849892e-02  4.10841398e-02  4.39990320e-05  4.10841398e-02  1.99990910e+00 
 4.10941398e-02  4.99994443e-08  4.10941398e-02  2.95849920e-02  4.10941398e-02  4.39990320e-05  4.10941398e-02  1.99990910e+00 
 4.11041398e-02  4.99994444e-08  4.11041398e-02  2.95849947e-02  4.11041398e-02  4.39990320e-05  4.11041398e-02  1.99990910e+00 
 4.11141398e-02  4.99994439e-08  4.11141398e-02  2.95849974e-02  4.11141398e-02  4.39990320e-05  4.11141398e-02  1.99990910e+00 
 4.11241398e-02  4.99994443e-08  4.11241398e-02  2.95850001e-02  4.11241398e-02  4.39990320e-05  4.11241398e-02  1.99990910e+00 
 4.11341398e-02  4.99994434e-08  4.11341398e-02  2.95850028e-02  4.11341398e-02  4.39990320e-05  4.11341398e-02  1.99990910e+00 
 4.11441398e-02  4.99994444e-08  4.11441398e-02  2.95850055e-02  4.11441398e-02  4.39990320e-05  4.11441398e-02  1.99990910e+00 
 4.11541398e-02  4.99994445e-08  4.11541398e-02  2.95850082e-02  4.11541398e-02  4.39990320e-05  4.11541398e-02  1.99990910e+00 
 4.11641398e-02  4.99994439e-08  4.11641398e-02  2.95850108e-02  4.11641398e-02  4.39990320e-05  4.11641398e-02  1.99990910e+00 
 4.11741398e-02  4.99994440e-08  4.11741398e-02  2.95850135e-02  4.11741398e-02  4.39990320e-05  4.11741398e-02  1.99990910e+00 
 4.11841398e-02  4.99994433e-08  4.11841398e-02  2.95850161e-02  4.11841398e-02  4.39990320e-05  4.11841398e-02  1.99990910e+00 
 4.11941398e-02  4.99994437e-08  4.11941398e-02  2.95850188e-02  4.11941398e-02  4.39990320e-05  4.11941398e-02  1.99990910e+00 
 4.12041398e-02  4.99994436e-08  4.12041398e-02  2.95850214e-02  4.12041398e-02  4.39990320e-05  4.12041398e-02  1.99990910e+00 
 4.12141398e-02  4.99994441e-08  4.12141398e-02  2.95850240e-02  4.12141398e-02  4.39990320e-05  4.12141398e-02  1.99990910e+00 
 4.12241398e-02  4.99994434e-08  4.12241398e-02  2.95850266e-02  4.12241398e-02  4.39990320e-05  4.12241398e-02  1.99990910e+00 
 4.12341398e-02  4.99994443e-08  4.12341398e-02  2.95850292e-02  4.12341398e-02  4.39990320e-05  4.12341398e-02  1.99990910e+00 
 4.12441398e-02  4.99994444e-08  4.12441398e-02  2.95850318e-02  4.12441398e-02  4.39990320e-05  4.12441398e-02  1.99990910e+00 
 4.12541398e-02  4.99994439e-08  4.12541398e-02  2.95850344e-02  4.12541398e-02  4.39990320e-05  4.12541398e-02  1.99990910e+00 
 4.12641398e-02  4.99994441e-08  4.12641398e-02  2.95850370e-02  4.12641398e-02  4.39990320e-05  4.12641398e-02  1.99990910e+00 
 4.12741398e-02  4.99994434e-08  4.12741398e-02  2.95850396e-02  4.12741398e-02  4.39990320e-05  4.12741398e-02  1.99990910e+00 
 4.12841398e-02  4.99994436e-08  4.12841398e-02  2.95850421e-02  4.12841398e-02  4.39990320e-05  4.12841398e-02  1.99990910e+00 
 4.12941398e-02  4.99994434e-08  4.12941398e-02  2.95850447e-02  4.12941398e-02  4.39990320e-05  4.12941398e-02  1.99990910e+00 
 4.13041398e-02  4.99994442e-08  4.13041398e-02  2.95850472e-02  4.13041398e-02  4.39990320e-05  4.13041398e-02  1.99990910e+00 
 4.13141398e-02  4.99994437e-08  4.13141398e-02  2.95850498e-02  4.13141398e-02  4.39990320e-05  4.13141398e-02  1.99990910e+00 
 4.13241398e-02  4.99994444e-08  4.13241398e-02  2.95850523e-02  4.13241398e-02  4.39990320e-05  4.13241398e-02  1.99990910e+00 
 4.13341398e-02  4.99994440e-08  4.13341398e-02  2.95850548e-02  4.13341398e-02  4.39990320e-05  4.13341398e-02  1.99990910e+00 
 4.13441398e-02  4.99994435e-08  4.13441398e-02  2.95850573e-02  4.13441398e-02  4.39990320e-05  4.13441398e-02  1.99990910e+00 
 4.13541398e-02  4.99994425e-08  4.13541398e-02  2.95850598e-02  4.13541398e-02  4.39990320e-05  4.13541398e-02  1.99990910e+00 
 4.13641398e-02  4.99994438e-08  4.13641398e-02  2.95850623e-02  4.13641398e-02  4.39990320e-05  4.13641398e-02  1.99990910e+00 
 4.13741398e-02  4.99994428e-08  4.13741398e-02  2.95850648e-02  4.13741398e-02  4.39990320e-05  4.13741398e-02  1.99990910e+00 
 4.13841398e-02  4.99994432e-08  4.13841398e-02  2.95850673e-02  4.13841398e-02  4.39990320e-05  4.13841398e-02  1.99990910e+00 
 4.13941398e-02  4.99994441e-08  4.13941398e-02  2.95850698e-02  4.13941398e-02  4.39990320e-05  4.13941398e-02  1.99990910e+00 
 4.14041398e-02  4.99994430e-08  4.14041398e-02  2.95850722e-02  4.14041398e-02  4.39990320e-05  4.14041398e-02  1.99990910e+00 
 4.14141398e-02  4.99994438e-08  4.14141398e-02  2.95850747e-02  4.14141398e-02  4.39990320e-05  4.14141398e-02  1.99990910e+00 
 4.14241398e-02  4.99994445e-08  4.14241398e-02  2.95850771e-02  4.14241398e-02  4.39990320e-05  4.14241398e-02  1.99990910e+00 
 4.14341398e-02  4.99994426e-08  4.14341398e-02  2.95850795e-02  4.14341398e-02  4.39990320e-05  4.14341398e-02  1.99990910e+00 
 4.14441398e-02  4.99994429e-08  4.14441398e-02  2.95850820e-02  4.14441398e-02  4.39990320e-05  4.14441398e-02  1.99990910e+00 
 4.14541398e-02  4.99994428e-08  4.14541398e-02  2.95850844e-02  4.14541398e-02  4.39990320e-05  4.14541398e-02  1.99990910e+00 
 4.14641398e-02  4.99994438e-08  4.14641398e-02  2.95850868e-02  4.14641398e-02  4.39990320e-05  4.14641398e-02  1.99990910e+00 
 4.14741398e-02  4.99994439e-08  4.14741398e-02  2.95850892e-02  4.14741398e-02  4.39990320e-05  4.14741398e-02  1.99990910e+00 
 4.14841398e-02  4.99994439e-08  4.14841398e-02  2.95850916e-02  4.14841398e-02  4.39990320e-05  4.14841398e-02  1.99990910e+00 
 4.14941398e-02  4.99994426e-08  4.14941398e-02  2.95850940e-02  4.14941398e-02  4.39990320e-05  4.14941398e-02  1.99990910e+00 
 4.15041398e-02  4.99994442e-08  4.15041398e-02  2.95850964e-02  4.15041398e-02  4.39990320e-05  4.15041398e-02  1.99990910e+00 
 4.15141398e-02  4.99994435e-08  4.15141398e-02  2.95850987e-02  4.15141398e-02  4.39990320e-05  4.15141398e-02  1.99990910e+00 
 4.15241398e-02  4.99994432e-08  4.15241398e-02  2.95851011e-02  4.15241398e-02  4.39990320e-05  4.15241398e-02  1.99990910e+00 
 4.15341398e-02  4.99994432e-08  4.15341398e-02  2.95851034e-02  4.15341398e-02  4.39990320e-05  4.15341398e-02  1.99990910e+00 
 4.15441398e-02  4.99994427e-08  4.15441398e-02  2.95851058e-02  4.15441398e-02  4.39990320e-05  4.15441398e-02  1.99990910e+00 
 4.15541398e-02  4.99994440e-08  4.15541398e-02  2.95851081e-02  4.15541398e-02  4.39990320e-05  4.15541398e-02  1.99990910e+00 
 4.15641398e-02  4.99994445e-08  4.15641398e-02  2.95851105e-02  4.15641398e-02  4.39990320e-05  4.15641398e-02  1.99990910e+00 
 4.15741398e-02  4.99994441e-08  4.15741398e-02  2.95851128e-02  4.15741398e-02  4.39990320e-05  4.15741398e-02  1.99990910e+00 
 4.15841398e-02  4.99994440e-08  4.15841398e-02  2.95851151e-02  4.15841398e-02  4.39990320e-05  4.15841398e-02  1.99990910e+00 
 4.15941398e-02  4.99994430e-08  4.15941398e-02  2.95851174e-02  4.15941398e-02  4.39990320e-05  4.15941398e-02  1.99990910e+00 
 4.16041398e-02  4.99994435e-08  4.16041398e-02  2.95851197e-02  4.16041398e-02  4.39990320e-05  4.16041398e-02  1.99990910e+00 
 4.16141398e-02  4.99994440e-08  4.16141398e-02  2.95851220e-02  4.16141398e-02  4.39990320e-05  4.16141398e-02  1.99990910e+00 
 4.16241398e-02  4.99994426e-08  4.16241398e-02  2.95851243e-02  4.16241398e-02  4.39990320e-05  4.16241398e-02  1.99990910e+00 
 4.16341398e-02  4.99994437e-08  4.16341398e-02  2.95851266e-02  4.16341398e-02  4.39990320e-05  4.16341398e-02  1.99990910e+00 
 4.16441398e-02  4.99994431e-08  4.16441398e-02  2.95851288e-02  4.16441398e-02  4.39990320e-05  4.16441398e-02  1.99990910e+00 
 4.16541398e-02  4.99994438e-08  4.16541398e-02  2.95851311e-02  4.16541398e-02  4.39990320e-05  4.16541398e-02  1.99990910e+00 
 4.16641398e-02  4.99994441e-08  4.16641398e-02  2.95851333e-02  4.16641398e-02  4.39990320e-05  4.16641398e-02  1.99990910e+00 
 4.16741398e-02  4.99994443e-08  4.16741398e-02  2.95851356e-02  4.16741398e-02  4.39990320e-05  4.16741398e-02  1.99990910e+00 
 4.16841398e-02  4.99994427e-08  4.16841398e-02  2.95851378e-02  4.16841398e-02  4.39990320e-05  4.16841398e-02  1.99990910e+00 
 4.16941398e-02  4.99994437e-08  4.16941398e-02  2.95851400e-02  4.16941398e-02  4.39990320e-05  4.16941398e-02  1.99990910e+00 
 4.17041398e-02  4.99994431e-08  4.17041398e-02  2.95851423e-02  4.17041398e-02  4.39990320e-05  4.17041398e-02  1.99990910e+00 
 4.17141398e-02  4.99994438e-08  4.17141398e-02  2.95851445e-02  4.17141398e-02  4.39990320e-05  4.17141398e-02  1.99990910e+00 
 4.17241398e-02  4.99994441e-08  4.17241398e-02  2.95851467e-02  4.17241398e-02  4.39990320e-05  4.17241398e-02  1.99990910e+00 
 4.17341398e-02  4.99994443e-08  4.17341398e-02  2.95851489e-02  4.17341398e-02  4.39990320e-05  4.17341398e-02  1.99990910e+00 
 4.17441398e-02  4.99994426e-08  4.17441398e-02  2.95851511e-02  4.17441398e-02  4.39990320e-05  4.17441398e-02  1.99990910e+00 
 4.17541398e-02  4.99994437e-08  4.17541398e-02  2.95851533e-02  4.17541398e-02  4.39990320e-05  4.17541398e-02  1.99990910e+00 
 4.17641398e-02  4.99994433e-08  4.17641398e-02  2.95851554e-02  4.17641398e-02  4.39990320e-05  4.17641398e-02  1.99990910e+00 
 4.17741398e-02  4.99994439e-08  4.17741398e-02  2.95851576e-02  4.17741398e-02  4.39990320e-05  4.17741398e-02  1.99990910e+00 
 4.17841398e-02  4.99994439e-08  4.17841398e-02  2.95851598e-02  4.17841398e-02  4.39990320e-05  4.17841398e-02  1.99990910e+00 
 4.17941398e-02  4.99994441e-08  4.17941398e-02  2.95851619e-02  4.17941398e-02  4.39990320e-05  4.17941398e-02  1.99990910e+00 
 4.18041398e-02  4.99994429e-08  4.18041398e-02  2.95851641e-02  4.18041398e-02  4.39990320e-05  4.18041398e-02  1.99990910e+00 
 4.18141398e-02  4.99994442e-08  4.18141398e-02  2.95851662e-02  4.18141398e-02  4.39990320e-05  4.18141398e-02  1.99990910e+00 
 4.18241398e-02  4.99994430e-08  4.18241398e-02  2.95851684e-02  4.18241398e-02  4.39990320e-05  4.18241398e-02  1.99990910e+00 
 4.18341398e-02  4.99994430e-08  4.18341398e-02  2.95851705e-02  4.18341398e-02  4.39990320e-05  4.18341398e-02  1.99990910e+00 
 4.18441398e-02  4.99994439e-08  4.18441398e-02  2.95851726e-02  4.18441398e-02  4.39990320e-05  4.18441398e-02  1.99990910e+00 
 4.18541398e-02  4.99994433e-08  4.18541398e-02  2.95851747e-02  4.18541398e-02  4.39990320e-05  4.18541398e-02  1.99990910e+00 
 4.18641398e-02  4.99994443e-08  4.18641398e-02  2.95851768e-02  4.18641398e-02  4.39990320e-05  4.18641398e-02  1.99990910e+00 
 4.18741398e-02  4.99994445e-08  4.18741398e-02  2.95851789e-02  4.18741398e-02  4.39990320e-05  4.18741398e-02  1.99990910e+00 
 4.18841398e-02  4.99994439e-08  4.18841398e-02  2.95851810e-02  4.18841398e-02  4.39990320e-05  4.18841398e-02  1.99990910e+00 
 4.18941398e-02  4.99994440e-08  4.18941398e-02  2.95851831e-02  4.18941398e-02  4.39990320e-05  4.18941398e-02  1.99990910e+00 
 4.19041398e-02  4.99994434e-08  4.19041398e-02  2.95851852e-02  4.19041398e-02  4.39990320e-05  4.19041398e-02  1.99990910e+00 
 4.19141398e-02  4.99994437e-08  4.19141398e-02  2.95851873e-02  4.19141398e-02  4.39990320e-05  4.19141398e-02  1.99990910e+00 
 4.19241398e-02  4.99994435e-08  4.19241398e-02  2.95851893e-02  4.19241398e-02  4.39990320e-05  4.19241398e-02  1.99990910e+00 
 4.19341398e-02  4.99994441e-08  4.19341398e-02  2.95851914e-02  4.19341398e-02  4.39990320e-05  4.19341398e-02  1.99990910e+00 
 4.19441398e-02  4.99994434e-08  4.19441398e-02  2.95851934e-02  4.19441398e-02  4.39990320e-05  4.19441398e-02  1.99990910e+00 
 4.19541398e-02  4.99994444e-08  4.19541398e-02  2.95851955e-02  4.19541398e-02  4.39990320e-05  4.19541398e-02  1.99990910e+00 
 4.19641398e-02  4.99994444e-08  4.19641398e-02  2.95851975e-02  4.19641398e-02  4.39990320e-05  4.19641398e-02  1.99990910e+00 
 4.19741398e-02  4.99994438e-08  4.19741398e-02  2.95851995e-02  4.19741398e-02  4.39990320e-05  4.19741398e-02  1.99990910e+00 
 4.19841398e-02  4.99994441e-08  4.19841398e-02  2.95852015e-02  4.19841398e-02  4.39990320e-05  4.19841398e-02  1.99990910e+00 
 4.19941398e-02  4.99994436e-08  4.19941398e-02  2.95852036e-02  4.19941398e-02  4.39990320e-05  4.19941398e-02  1.99990910e+00 
 4.20041398e-02  4.99994437e-08  4.20041398e-02  2.95852056e-02  4.20041398e-02  4.39990320e-05  4.20041398e-02  1.99990910e+00 
 4.20141398e-02  4.99994432e-08  4.20141398e-02  2.95852076e-02  4.20141398e-02  4.39990320e-05  4.20141398e-02  1.99990910e+00 
 4.20241398e-02  4.99994440e-08  4.20241398e-02  2.95852096e-02  4.20241398e-02  4.39990320e-05  4.20241398e-02  1.99990910e+00 
 4.20341398e-02  4.99994439e-08  4.20341398e-02  2.95852116e-02  4.20341398e-02  4.39990320e-05  4.20341398e-02  1.99990910e+00 
 4.20441398e-02  4.99994438e-08  4.20441398e-02  2.95852135e-02  4.20441398e-02  4.39990320e-05  4.20441398e-02  1.99990910e+00 
 4.20541398e-02  4.99994427e-08  4.20541398e-02  2.95852155e-02  4.20541398e-02  4.39990320e-05  4.20541398e-02  1.99990910e+00 
 4.20641398e-02  4.99994435e-08  4.20641398e-02  2.95852175e-02  4.20641398e-02  4.39990320e-05  4.20641398e-02  1.99990910e+00 
 4.20741398e-02  4.99994444e-08  4.20741398e-02  2.95852194e-02  4.20741398e-02  4.39990320e-05  4.20741398e-02  1.99990910e+00 
 4.20841398e-02  4.99994426e-08  4.20841398e-02  2.95852214e-02  4.20841398e-02  4.39990320e-05  4.20841398e-02  1.99990910e+00 
 4.20941398e-02  4.99994431e-08  4.20941398e-02  2.95852233e-02  4.20941398e-02  4.39990320e-05  4.20941398e-02  1.99990910e+00 
 4.21041398e-02  4.99994427e-08  4.21041398e-02  2.95852253e-02  4.21041398e-02  4.39990320e-05  4.21041398e-02  1.99990910e+00 
 4.21141398e-02  4.99994434e-08  4.21141398e-02  2.95852272e-02  4.21141398e-02  4.39990320e-05  4.21141398e-02  1.99990910e+00 
 4.21241398e-02  4.99994438e-08  4.21241398e-02  2.95852291e-02  4.21241398e-02  4.39990320e-05  4.21241398e-02  1.99990910e+00 
 4.21341398e-02  4.99994445e-08  4.21341398e-02  2.95852311e-02  4.21341398e-02  4.39990320e-05  4.21341398e-02  1.99990910e+00 
 4.21441398e-02  4.99994430e-08  4.21441398e-02  2.95852330e-02  4.21441398e-02  4.39990320e-05  4.21441398e-02  1.99990910e+00 
 4.21541398e-02  4.99994436e-08  4.21541398e-02  2.95852349e-02  4.21541398e-02  4.39990320e-05  4.21541398e-02  1.99990910e+00 
 4.21641398e-02  4.99994425e-08  4.21641398e-02  2.95852368e-02  4.21641398e-02  4.39990320e-05  4.21641398e-02  1.99990910e+00 
 4.21741398e-02  4.99994436e-08  4.21741398e-02  2.95852387e-02  4.21741398e-02  4.39990320e-05  4.21741398e-02  1.99990910e+00 
 4.21841398e-02  4.99994428e-08  4.21841398e-02  2.95852406e-02  4.21841398e-02  4.39990320e-05  4.21841398e-02  1.99990910e+00 
 4.21941398e-02  4.99994436e-08  4.21941398e-02  2.95852425e-02  4.21941398e-02  4.39990320e-05  4.21941398e-02  1.99990910e+00 
 4.22041398e-02  4.99994444e-08  4.22041398e-02  2.95852443e-02  4.22041398e-02  4.39990320e-05  4.22041398e-02  1.99990910e+00 
 4.22141398e-02  4.99994426e-08  4.22141398e-02  2.95852462e-02  4.22141398e-02  4.39990320e-05  4.22141398e-02  1.99990910e+00 
 4.22241398e-02  4.99994432e-08  4.22241398e-02  2.95852481e-02  4.22241398e-02  4.39990320e-05  4.22241398e-02  1.99990910e+00 
 4.22341398e-02  4.99994428e-08  4.22341398e-02  2.95852499e-02  4.22341398e-02  4.39990320e-05  4.22341398e-02  1.99990910e+00 
 4.22441398e-02  4.99994434e-08  4.22441398e-02  2.95852518e-02  4.22441398e-02  4.39990320e-05  4.22441398e-02  1.99990910e+00 
 4.22541398e-02  4.99994437e-08  4.22541398e-02  2.95852536e-02  4.22541398e-02  4.39990320e-05  4.22541398e-02  1.99990910e+00 
 4.22641398e-02  4.99994445e-08  4.22641398e-02  2.95852555e-02  4.22641398e-02  4.39990320e-05  4.22641398e-02  1.99990910e+00 
 4.22741398e-02  4.99994432e-08  4.22741398e-02  2.95852573e-02  4.22741398e-02  4.39990320e-05  4.22741398e-02  1.99990910e+00 
 4.22841398e-02  4.99994437e-08  4.22841398e-02  2.95852591e-02  4.22841398e-02  4.39990320e-05  4.22841398e-02  1.99990910e+00 
 4.22941398e-02  4.99994444e-08  4.22941398e-02  2.95852610e-02  4.22941398e-02  4.39990320e-05  4.22941398e-02  1.99990910e+00 
 4.23041398e-02  4.99994426e-08  4.23041398e-02  2.95852628e-02  4.23041398e-02  4.39990320e-05  4.23041398e-02  1.99990910e+00 
 4.23141398e-02  4.99994433e-08  4.23141398e-02  2.95852646e-02  4.23141398e-02  4.39990320e-05  4.23141398e-02  1.99990910e+00 
 4.23241398e-02  4.99994428e-08  4.23241398e-02  2.95852664e-02  4.23241398e-02  4.39990320e-05  4.23241398e-02  1.99990910e+00 
 4.23341398e-02  4.99994443e-08  4.23341398e-02  2.95852682e-02  4.23341398e-02  4.39990320e-05  4.23341398e-02  1.99990910e+00 
 4.23441398e-02  4.99994427e-08  4.23441398e-02  2.95852700e-02  4.23441398e-02  4.39990320e-05  4.23441398e-02  1.99990910e+00 
 4.23541398e-02  4.99994424e-08  4.23541398e-02  2.95852718e-02  4.23541398e-02  4.39990320e-05  4.23541398e-02  1.99990910e+00 
 4.23641398e-02  4.99994440e-08  4.23641398e-02  2.95852735e-02  4.23641398e-02  4.39990320e-05  4.23641398e-02  1.99990910e+00 
 4.23741398e-02  4.99994443e-08  4.23741398e-02  2.95852753e-02  4.23741398e-02  4.39990320e-05  4.23741398e-02  1.99990910e+00 
 4.23841398e-02  4.99994436e-08  4.23841398e-02  2.95852771e-02  4.23841398e-02  4.39990320e-05  4.23841398e-02  1.99990910e+00 
 4.23941398e-02  4.99994438e-08  4.23941398e-02  2.95852788e-02  4.23941398e-02  4.39990320e-05  4.23941398e-02  1.99990910e+00 
 4.24041398e-02  4.99994436e-08  4.24041398e-02  2.95852806e-02  4.24041398e-02  4.39990320e-05  4.24041398e-02  1.99990910e+00 
 4.24141398e-02  4.99994441e-08  4.24141398e-02  2.95852823e-02  4.24141398e-02  4.39990320e-05  4.24141398e-02  1.99990910e+00 
 4.24241398e-02  4.99994433e-08  4.24241398e-02  2.95852841e-02  4.24241398e-02  4.39990320e-05  4.24241398e-02  1.99990910e+00 
 4.24341398e-02  4.99994434e-08  4.24341398e-02  2.95852858e-02  4.24341398e-02  4.39990320e-05  4.24341398e-02  1.99990910e+00 
 4.24441398e-02  4.99994434e-08  4.24441398e-02  2.95852875e-02  4.24441398e-02  4.39990320e-05  4.24441398e-02  1.99990910e+00 
 4.24541398e-02  4.99994444e-08  4.24541398e-02  2.95852893e-02  4.24541398e-02  4.39990320e-05  4.24541398e-02  1.99990910e+00 
 4.24641398e-02  4.99994438e-08  4.24641398e-02  2.95852910e-02  4.24641398e-02  4.39990320e-05  4.24641398e-02  1.99990910e+00 
 4.24741398e-02  4.99994441e-08  4.24741398e-02  2.95852927e-02  4.24741398e-02  4.39990320e-05  4.24741398e-02  1.99990910e+00 
 4.24841398e-02  4.99994436e-08  4.24841398e-02  2.95852944e-02  4.24841398e-02  4.39990320e-05  4.24841398e-02  1.99990910e+00 
 4.24941398e-02  4.99994438e-08  4.24941398e-02  2.95852961e-02  4.24941398e-02  4.39990320e-05  4.24941398e-02  1.99990910e+00 
 4.25041398e-02  4.99994432e-08  4.25041398e-02  2.95852978e-02  4.25041398e-02  4.39990320e-05  4.25041398e-02  1.99990910e+00 
 4.25141398e-02  4.99994438e-08  4.25141398e-02  2.95852995e-02  4.25141398e-02  4.39990320e-05  4.25141398e-02  1.99990910e+00 
 4.25241398e-02  4.99994438e-08  4.25241398e-02  2.95853012e-02  4.25241398e-02  4.39990320e-05  4.25241398e-02  1.99990910e+00 
 4.25341398e-02  4.99994440e-08  4.25341398e-02  2.95853029e-02  4.25341398e-02  4.39990320e-05  4.25341398e-02  1.99990910e+00 
 4.25441398e-02  4.99994430e-08  4.25441398e-02  2.95853045e-02  4.25441398e-02  4.39990320e-05  4.25441398e-02  1.99990910e+00 
 4.25541398e-02  4.99994444e-08  4.25541398e-02  2.95853062e-02  4.25541398e-02  4.39990320e-05  4.25541398e-02  1.99990910e+00 
 4.25641398e-02  4.99994430e-08  4.25641398e-02  2.95853079e-02  4.25641398e-02  4.39990320e-05  4.25641398e-02  1.99990910e+00 
 4.25741398e-02  4.99994428e-08  4.25741398e-02  2.95853095e-02  4.25741398e-02  4.39990320e-05  4.25741398e-02  1.99990910e+00 
 4.25841398e-02  4.99994437e-08  4.25841398e-02  2.95853112e-02  4.25841398e-02  4.39990320e-05  4.25841398e-02  1.99990910e+00 
 4.25941398e-02  4.99994436e-08  4.25941398e-02  2.95853128e-02  4.25941398e-02  4.39990320e-05  4.25941398e-02  1.99990910e+00 
 4.26041398e-02  4.99994437e-08  4.26041398e-02  2.95853145e-02  4.26041398e-02  4.39990320e-05  4.26041398e-02  1.99990910e+00 
 4.26141398e-02  4.99994430e-08  4.26141398e-02  2.95853161e-02  4.26141398e-02  4.39990320e-05  4.26141398e-02  1.99990910e+00 
 4.26241398e-02  4.99994437e-08  4.26241398e-02  2.95853177e-02  4.26241398e-02  4.39990320e-05  4.26241398e-02  1.99990910e+00 
 4.26341398e-02  4.99994441e-08  4.26341398e-02  2.95853193e-02  4.26341398e-02  4.39990320e-05  4.26341398e-02  1.99990910e+00 
 4.26441398e-02  4.99994444e-08  4.26441398e-02  2.95853210e-02  4.26441398e-02  4.39990320e-05  4.26441398e-02  1.99990910e+00 
 4.26541398e-02  4.99994427e-08  4.26541398e-02  2.95853226e-02  4.26541398e-02  4.39990320e-05  4.26541398e-02  1.99990910e+00 
 4.26641398e-02  4.99994436e-08  4.26641398e-02  2.95853242e-02  4.26641398e-02  4.39990320e-05  4.26641398e-02  1.99990910e+00 
 4.26741398e-02  4.99994431e-08  4.26741398e-02  2.95853258e-02  4.26741398e-02  4.39990320e-05  4.26741398e-02  1.99990910e+00 
 4.26841398e-02  4.99994439e-08  4.26841398e-02  2.95853274e-02  4.26841398e-02  4.39990320e-05  4.26841398e-02  1.99990910e+00 
 4.26941398e-02  4.99994442e-08  4.26941398e-02  2.95853290e-02  4.26941398e-02  4.39990320e-05  4.26941398e-02  1.99990910e+00 
 4.27041398e-02  4.99994442e-08  4.27041398e-02  2.95853305e-02  4.27041398e-02  4.39990320e-05  4.27041398e-02  1.99990910e+00 
 4.27141398e-02  4.99994445e-08  4.27141398e-02  2.95853321e-02  4.27141398e-02  4.39990320e-05  4.27141398e-02  1.99990910e+00 
 4.27241398e-02  4.99994431e-08  4.27241398e-02  2.95853337e-02  4.27241398e-02  4.39990320e-05  4.27241398e-02  1.99990910e+00 
 4.27341398e-02  4.99994438e-08  4.27341398e-02  2.95853353e-02  4.27341398e-02  4.39990320e-05  4.27341398e-02  1.99990910e+00 
 4.27441398e-02  4.99994426e-08  4.27441398e-02  2.95853368e-02  4.27441398e-02  4.39990320e-05  4.27441398e-02  1.99990910e+00 
 4.27541398e-02  4.99994434e-08  4.27541398e-02  2.95853384e-02  4.27541398e-02  4.39990320e-05  4.27541398e-02  1.99990910e+00 
 4.27641398e-02  4.99994426e-08  4.27641398e-02  2.95853399e-02  4.27641398e-02  4.39990320e-05  4.27641398e-02  1.99990910e+00 
 4.27741398e-02  4.99994439e-08  4.27741398e-02  2.95853415e-02  4.27741398e-02  4.39990320e-05  4.27741398e-02  1.99990910e+00 
 4.27841398e-02  4.99994427e-08  4.27841398e-02  2.95853430e-02  4.27841398e-02  4.39990320e-05  4.27841398e-02  1.99990910e+00 
 4.27941398e-02  4.99994431e-08  4.27941398e-02  2.95853446e-02  4.27941398e-02  4.39990320e-05  4.27941398e-02  1.99990910e+00 
 4.28041398e-02  4.99994442e-08  4.28041398e-02  2.95853461e-02  4.28041398e-02  4.39990320e-05  4.28041398e-02  1.99990910e+00 
 4.28141398e-02  4.99994433e-08  4.28141398e-02  2.95853476e-02  4.28141398e-02  4.39990320e-05  4.28141398e-02  1.99990910e+00 
 4.28241398e-02  4.99994438e-08  4.28241398e-02  2.95853492e-02  4.28241398e-02  4.39990320e-05  4.28241398e-02  1.99990910e+00 
 4.28341398e-02  4.99994441e-08  4.28341398e-02  2.95853507e-02  4.28341398e-02  4.39990320e-05  4.28341398e-02  1.99990910e+00 
 4.28441398e-02  4.99994445e-08  4.28441398e-02  2.95853522e-02  4.28441398e-02  4.39990320e-05  4.28441398e-02  1.99990910e+00 
 4.28541398e-02  4.99994429e-08  4.28541398e-02  2.95853537e-02  4.28541398e-02  4.39990320e-05  4.28541398e-02  1.99990910e+00 
 4.28641398e-02  4.99994436e-08  4.28641398e-02  2.95853552e-02  4.28641398e-02  4.39990320e-05  4.28641398e-02  1.99990910e+00 
 4.28741398e-02  4.99994428e-08  4.28741398e-02  2.95853567e-02  4.28741398e-02  4.39990320e-05  4.28741398e-02  1.99990910e+00 
 4.28841398e-02  4.99994439e-08  4.28841398e-02  2.95853582e-02  4.28841398e-02  4.39990320e-05  4.28841398e-02  1.99990910e+00 
 4.28941398e-02  4.99994426e-08  4.28941398e-02  2.95853597e-02  4.28941398e-02  4.39990320e-05  4.28941398e-02  1.99990910e+00 
 4.29041398e-02  4.99994430e-08  4.29041398e-02  2.95853611e-02  4.29041398e-02  4.39990320e-05  4.29041398e-02  1.99990910e+00 
 4.29141398e-02  4.99994445e-08  4.29141398e-02  2.95853626e-02  4.29141398e-02  4.39990320e-05  4.29141398e-02  1.99990910e+00 
 4.29241398e-02  4.99994436e-08  4.29241398e-02  2.95853641e-02  4.29241398e-02  4.39990320e-05  4.29241398e-02  1.99990910e+00 
 4.29341398e-02  4.99994435e-08  4.29341398e-02  2.95853656e-02  4.29341398e-02  4.39990320e-05  4.29341398e-02  1.99990910e+00 
 4.29441398e-02  4.99994435e-08  4.29441398e-02  2.95853670e-02  4.29441398e-02  4.39990320e-05  4.29441398e-02  1.99990910e+00 
 4.29541398e-02  4.99994425e-08  4.29541398e-02  2.95853685e-02  4.29541398e-02  4.39990320e-05  4.29541398e-02  1.99990910e+00 
 4.29641398e-02  4.99994435e-08  4.29641398e-02  2.95853699e-02  4.29641398e-02  4.39990320e-05  4.29641398e-02  1.99990910e+00 
 4.29741398e-02  4.99994445e-08  4.29741398e-02  2.95853714e-02  4.29741398e-02  4.39990320e-05  4.29741398e-02  1.99990910e+00 
 4.29841398e-02  4.99994428e-08  4.29841398e-02  2.95853728e-02  4.29841398e-02  4.39990320e-05  4.29841398e-02  1.99990910e+00 
 4.29941398e-02  4.99994430e-08  4.29941398e-02  2.95853743e-02  4.29941398e-02  4.39990320e-05  4.29941398e-02  1.99990910e+00 
 4.30041398e-02  4.99994445e-08  4.30041398e-02  2.95853757e-02  4.30041398e-02  4.39990320e-05  4.30041398e-02  1.99990910e+00 
 4.30141398e-02  4.99994439e-08  4.30141398e-02  2.95853771e-02  4.30141398e-02  4.39990320e-05  4.30141398e-02  1.99990910e+00 
 4.30241398e-02  4.99994436e-08  4.30241398e-02  2.95853785e-02  4.30241398e-02  4.39990320e-05  4.30241398e-02  1.99990910e+00 
 4.30341398e-02  4.99994432e-08  4.30341398e-02  2.95853800e-02  4.30341398e-02  4.39990320e-05  4.30341398e-02  1.99990910e+00 
 4.30441398e-02  4.99994443e-08  4.30441398e-02  2.95853814e-02  4.30441398e-02  4.39990320e-05  4.30441398e-02  1.99990910e+00 
 4.30541398e-02  4.99994442e-08  4.30541398e-02  2.95853828e-02  4.30541398e-02  4.39990320e-05  4.30541398e-02  1.99990910e+00 
 4.30641398e-02  4.99994435e-08  4.30641398e-02  2.95853842e-02  4.30641398e-02  4.39990320e-05  4.30641398e-02  1.99990910e+00 
 4.30741398e-02  4.99994443e-08  4.30741398e-02  2.95853856e-02  4.30741398e-02  4.39990320e-05  4.30741398e-02  1.99990910e+00 
 4.30841398e-02  4.99994440e-08  4.30841398e-02  2.95853870e-02  4.30841398e-02  4.39990320e-05  4.30841398e-02  1.99990910e+00 
 4.30941398e-02  4.99994436e-08  4.30941398e-02  2.95853884e-02  4.30941398e-02  4.39990320e-05  4.30941398e-02  1.99990910e+00 
 4.31041398e-02  4.99994425e-08  4.31041398e-02  2.95853898e-02  4.31041398e-02  4.39990320e-05  4.31041398e-02  1.99990910e+00 
 4.31141398e-02  4.99994437e-08  4.31141398e-02  2.95853911e-02  4.31141398e-02  4.39990320e-05  4.31141398e-02  1.99990910e+00 
 4.31241398e-02  4.99994427e-08  4.31241398e-02  2.95853925e-02  4.31241398e-02  4.39990320e-05  4.31241398e-02  1.99990910e+00 
 4.31341398e-02  4.99994433e-08  4.31341398e-02  2.95853939e-02  4.31341398e-02  4.39990320e-05  4.31341398e-02  1.99990910e+00 
 4.31441398e-02  4.99994444e-08  4.31441398e-02  2.95853952e-02  4.31441398e-02  4.39990320e-05  4.31441398e-02  1.99990910e+00 
 4.31541398e-02  4.99994430e-08  4.31541398e-02  2.95853966e-02  4.31541398e-02  4.39990320e-05  4.31541398e-02  1.99990910e+00 
 4.31641398e-02  4.99994434e-08  4.31641398e-02  2.95853980e-02  4.31641398e-02  4.39990320e-05  4.31641398e-02  1.99990910e+00 
 4.31741398e-02  4.99994444e-08  4.31741398e-02  2.95853993e-02  4.31741398e-02  4.39990320e-05  4.31741398e-02  1.99990910e+00 
 4.31841398e-02  4.99994432e-08  4.31841398e-02  2.95854007e-02  4.31841398e-02  4.39990320e-05  4.31841398e-02  1.99990910e+00 
 4.31941398e-02  4.99994435e-08  4.31941398e-02  2.95854020e-02  4.31941398e-02  4.39990320e-05  4.31941398e-02  1.99990910e+00 
 4.32041398e-02  4.99994442e-08  4.32041398e-02  2.95854033e-02  4.32041398e-02  4.39990320e-05  4.32041398e-02  1.99990910e+00 
 4.32141398e-02  4.99994429e-08  4.32141398e-02  2.95854047e-02  4.32141398e-02  4.39990320e-05  4.32141398e-02  1.99990910e+00 
 4.32241398e-02  4.99994437e-08  4.32241398e-02  2.95854060e-02  4.32241398e-02  4.39990320e-05  4.32241398e-02  1.99990910e+00 
 4.32341398e-02  4.99994426e-08  4.32341398e-02  2.95854073e-02  4.32341398e-02  4.39990320e-05  4.32341398e-02  1.99990910e+00 
 4.32441398e-02  4.99994436e-08  4.32441398e-02  2.95854087e-02  4.32441398e-02  4.39990320e-05  4.32441398e-02  1.99990910e+00 
 4.32541398e-02  4.99994426e-08  4.32541398e-02  2.95854100e-02  4.32541398e-02  4.39990320e-05  4.32541398e-02  1.99990910e+00 
 4.32641398e-02  4.99994435e-08  4.32641398e-02  2.95854113e-02  4.32641398e-02  4.39990320e-05  4.32641398e-02  1.99990910e+00 
 4.32741398e-02  4.99994425e-08  4.32741398e-02  2.95854126e-02  4.32741398e-02  4.39990320e-05  4.32741398e-02  1.99990910e+00 
 4.32841398e-02  4.99994436e-08  4.32841398e-02  2.95854139e-02  4.32841398e-02  4.39990320e-05  4.32841398e-02  1.99990910e+00 
 4.32941398e-02  4.99994427e-08  4.32941398e-02  2.95854152e-02  4.32941398e-02  4.39990320e-05  4.32941398e-02  1.99990910e+00 
 4.33041398e-02  4.99994436e-08  4.33041398e-02  2.95854165e-02  4.33041398e-02  4.39990320e-05  4.33041398e-02  1.99990910e+00 
 4.33141398e-02  4.99994445e-08  4.33141398e-02  2.95854178e-02  4.33141398e-02  4.39990320e-05  4.33141398e-02  1.99990910e+00 
 4.33241398e-02  4.99994427e-08  4.33241398e-02  2.95854191e-02  4.33241398e-02  4.39990320e-05  4.33241398e-02  1.99990910e+00 
 4.33341398e-02  4.99994430e-08  4.33341398e-02  2.95854203e-02  4.33341398e-02  4.39990320e-05  4.33341398e-02  1.99990910e+00 
 4.33441398e-02  4.99994425e-08  4.33441398e-02  2.95854216e-02  4.33441398e-02  4.39990320e-05  4.33441398e-02  1.99990910e+00 
 4.33541398e-02  4.99994435e-08  4.33541398e-02  2.95854229e-02  4.33541398e-02  4.39990320e-05  4.33541398e-02  1.99990910e+00 
 4.33641398e-02  4.99994442e-08  4.33641398e-02  2.95854242e-02  4.33641398e-02  4.39990320e-05  4.33641398e-02  1.99990910e+00 
 4.33741398e-02  4.99994445e-08  4.33741398e-02  2.95854254e-02  4.33741398e-02  4.39990320e-05  4.33741398e-02  1.99990910e+00 
 4.33841398e-02  4.99994425e-08  4.33841398e-02  2.95854267e-02  4.33841398e-02  4.39990320e-05  4.33841398e-02  1.99990910e+00 
 4.33941398e-02  4.99994433e-08  4.33941398e-02  2.95854279e-02  4.33941398e-02  4.39990320e-05  4.33941398e-02  1.99990910e+00 
 4.34041398e-02  4.99994431e-08  4.34041398e-02  2.95854292e-02  4.34041398e-02  4.39990320e-05  4.34041398e-02  1.99990910e+00 
 4.34141398e-02  4.99994435e-08  4.34141398e-02  2.95854304e-02  4.34141398e-02  4.39990320e-05  4.34141398e-02  1.99990910e+00 
 4.34241398e-02  4.99994432e-08  4.34241398e-02  2.95854317e-02  4.34241398e-02  4.39990320e-05  4.34241398e-02  1.99990910e+00 
 4.34341398e-02  4.99994440e-08  4.34341398e-02  2.95854329e-02  4.34341398e-02  4.39990320e-05  4.34341398e-02  1.99990910e+00 
 4.34441398e-02  4.99994439e-08  4.34441398e-02  2.95854342e-02  4.34441398e-02  4.39990320e-05  4.34441398e-02  1.99990910e+00 
 4.34541398e-02  4.99994437e-08  4.34541398e-02  2.95854354e-02  4.34541398e-02  4.39990320e-05  4.34541398e-02  1.99990910e+00 
 4.34641398e-02  4.99994426e-08  4.34641398e-02  2.95854366e-02  4.34641398e-02  4.39990320e-05  4.34641398e-02  1.99990910e+00 
 4.34741398e-02  4.99994436e-08  4.34741398e-02  2.95854378e-02  4.34741398e-02  4.39990320e-05  4.34741398e-02  1.99990910e+00 
 4.34841398e-02  4.99994446e-08  4.34841398e-02  2.95854390e-02  4.34841398e-02  4.39990320e-05  4.34841398e-02  1.99990910e+00 
 4.34941398e-02  4.99994426e-08  4.34941398e-02  2.95854403e-02  4.34941398e-02  4.39990320e-05  4.34941398e-02  1.99990910e+00 
 4.35041398e-02  4.99994428e-08  4.35041398e-02  2.95854415e-02  4.35041398e-02  4.39990320e-05  4.35041398e-02  1.99990910e+00 
 4.35141398e-02  4.99994426e-08  4.35141398e-02  2.95854427e-02  4.35141398e-02  4.39990320e-05  4.35141398e-02  1.99990910e+00 
 4.35241398e-02  4.99994439e-08  4.35241398e-02  2.95854439e-02  4.35241398e-02  4.39990320e-05  4.35241398e-02  1.99990910e+00 
 4.35341398e-02  4.99994442e-08  4.35341398e-02  2.95854451e-02  4.35341398e-02  4.39990320e-05  4.35341398e-02  1.99990910e+00 
 4.35441398e-02  4.99994438e-08  4.35441398e-02  2.95854463e-02  4.35441398e-02  4.39990320e-05  4.35441398e-02  1.99990910e+00 
 4.35541398e-02  4.99994442e-08  4.35541398e-02  2.95854475e-02  4.35541398e-02  4.39990320e-05  4.35541398e-02  1.99990910e+00 
 4.35641398e-02  4.99994434e-08  4.35641398e-02  2.95854486e-02  4.35641398e-02  4.39990320e-05  4.35641398e-02  1.99990910e+00 
 4.35741398e-02  4.99994434e-08  4.35741398e-02  2.95854498e-02  4.35741398e-02  4.39990320e-05  4.35741398e-02  1.99990910e+00 
 4.35841398e-02  4.99994433e-08  4.35841398e-02  2.95854510e-02  4.35841398e-02  4.39990320e-05  4.35841398e-02  1.99990910e+00 
 4.35941398e-02  4.99994445e-08  4.35941398e-02  2.95854522e-02  4.35941398e-02  4.39990320e-05  4.35941398e-02  1.99990910e+00 
 4.36041398e-02  4.99994440e-08  4.36041398e-02  2.95854533e-02  4.36041398e-02  4.39990320e-05  4.36041398e-02  1.99990910e+00 
 4.36141398e-02  4.99994441e-08  4.36141398e-02  2.95854545e-02  4.36141398e-02  4.39990320e-05  4.36141398e-02  1.99990910e+00 
 4.36241398e-02  4.99994434e-08  4.36241398e-02  2.95854557e-02  4.36241398e-02  4.39990320e-05  4.36241398e-02  1.99990910e+00 
 4.36341398e-02  4.99994437e-08  4.36341398e-02  2.95854568e-02  4.36341398e-02  4.39990320e-05  4.36341398e-02  1.99990910e+00 
 4.36441398e-02  4.99994435e-08  4.36441398e-02  2.95854580e-02  4.36441398e-02  4.39990320e-05  4.36441398e-02  1.99990910e+00 
 4.36541398e-02  4.99994441e-08  4.36541398e-02  2.95854591e-02  4.36541398e-02  4.39990320e-05  4.36541398e-02  1.99990910e+00 
 4.36641398e-02  4.99994435e-08  4.36641398e-02  2.95854603e-02  4.36641398e-02  4.39990320e-05  4.36641398e-02  1.99990910e+00 
 4.36741398e-02  4.99994444e-08  4.36741398e-02  2.95854614e-02  4.36741398e-02  4.39990320e-05  4.36741398e-02  1.99990910e+00 
 4.36841398e-02  4.99994443e-08  4.36841398e-02  2.95854626e-02  4.36841398e-02  4.39990320e-05  4.36841398e-02  1.99990910e+00 
 4.36941398e-02  4.99994436e-08  4.36941398e-02  2.95854637e-02  4.36941398e-02  4.39990320e-05  4.36941398e-02  1.99990910e+00 
 4.37041398e-02  4.99994442e-08  4.37041398e-02  2.95854648e-02  4.37041398e-02  4.39990320e-05  4.37041398e-02  1.99990910e+00 
 4.37141398e-02  4.99994438e-08  4.37141398e-02  2.95854660e-02  4.37141398e-02  4.39990320e-05  4.37141398e-02  1.99990910e+00 
 4.37241398e-02  4.99994436e-08  4.37241398e-02  2.95854671e-02  4.37241398e-02  4.39990320e-05  4.37241398e-02  1.99990910e+00 
 4.37341398e-02  4.99994427e-08  4.37341398e-02  2.95854682e-02  4.37341398e-02  4.39990320e-05  4.37341398e-02  1.99990910e+00 
 4.37441398e-02  4.99994438e-08  4.37441398e-02  2.95854693e-02  4.37441398e-02  4.39990320e-05  4.37441398e-02  1.99990910e+00 
 4.37541398e-02  4.99994446e-08  4.37541398e-02  2.95854704e-02  4.37541398e-02  4.39990320e-05  4.37541398e-02  1.99990910e+00 
 4.37641398e-02  4.99994444e-08  4.37641398e-02  2.95854715e-02  4.37641398e-02  4.39990320e-05  4.37641398e-02  1.99990910e+00 
 4.37741398e-02  4.99994441e-08  4.37741398e-02  2.95854726e-02  4.37741398e-02  4.39990320e-05  4.37741398e-02  1.99990910e+00 
 4.37841398e-02  4.99994425e-08  4.37841398e-02  2.95854737e-02  4.37841398e-02  4.39990320e-05  4.37841398e-02  1.99990910e+00 
 4.37941398e-02  4.99994442e-08  4.37941398e-02  2.95854748e-02  4.37941398e-02  4.39990320e-05  4.37941398e-02  1.99990910e+00 
 4.38041398e-02  4.99994426e-08  4.38041398e-02  2.95854759e-02  4.38041398e-02  4.39990320e-05  4.38041398e-02  1.99990910e+00 
 4.38141398e-02  4.99994432e-08  4.38141398e-02  2.95854770e-02  4.38141398e-02  4.39990320e-05  4.38141398e-02  1.99990910e+00 
 4.38241398e-02  4.99994428e-08  4.38241398e-02  2.95854781e-02  4.38241398e-02  4.39990320e-05  4.38241398e-02  1.99990910e+00 
 4.38341398e-02  4.99994434e-08  4.38341398e-02  2.95854792e-02  4.38341398e-02  4.39990320e-05  4.38341398e-02  1.99990910e+00 
 4.38441398e-02  4.99994437e-08  4.38441398e-02  2.95854803e-02  4.38441398e-02  4.39990320e-05  4.38441398e-02  1.99990910e+00 
 4.38541398e-02  4.99994444e-08  4.38541398e-02  2.95854813e-02  4.38541398e-02  4.39990320e-05  4.38541398e-02  1.99990910e+00 
 4.38641398e-02  4.99994432e-08  4.38641398e-02  2.95854824e-02  4.38641398e-02  4.39990320e-05  4.38641398e-02  1.99990910e+00 
 4.38741398e-02  4.99994438e-08  4.38741398e-02  2.95854835e-02  4.38741398e-02  4.39990320e-05  4.38741398e-02  1.99990910e+00 
 4.38841398e-02  4.99994445e-08  4.38841398e-02  2.95854845e-02  4.38841398e-02  4.39990320e-05  4.38841398e-02  1.99990910e+00 
 4.38941398e-02  4.99994427e-08  4.38941398e-02  2.95854856e-02  4.38941398e-02  4.39990320e-05  4.38941398e-02  1.99990910e+00 
 4.39041398e-02  4.99994431e-08  4.39041398e-02  2.95854866e-02  4.39041398e-02  4.39990320e-05  4.39041398e-02  1.99990910e+00 
 4.39141398e-02  4.99994427e-08  4.39141398e-02  2.95854877e-02  4.39141398e-02  4.39990320e-05  4.39141398e-02  1.99990910e+00 
 4.39241398e-02  4.99994435e-08  4.39241398e-02  2.95854888e-02  4.39241398e-02  4.39990320e-05  4.39241398e-02  1.99990910e+00 
 4.39341398e-02  4.99994439e-08  4.39341398e-02  2.95854898e-02  4.39341398e-02  4.39990320e-05  4.39341398e-02  1.99990910e+00 
 4.39441398e-02  4.99994444e-08  4.39441398e-02  2.95854908e-02  4.39441398e-02  4.39990320e-05  4.39441398e-02  1.99990910e+00 
 4.39541398e-02  4.99994429e-08  4.39541398e-02  2.95854919e-02  4.39541398e-02  4.39990320e-05  4.39541398e-02  1.99990910e+00 
 4.39641398e-02  4.99994437e-08  4.39641398e-02  2.95854929e-02  4.39641398e-02  4.39990320e-05  4.39641398e-02  1.99990910e+00 
 4.39741398e-02  4.99994428e-08  4.39741398e-02  2.95854939e-02  4.39741398e-02  4.39990320e-05  4.39741398e-02  1.99990910e+00 
 4.39841398e-02  4.99994437e-08  4.39841398e-02  2.95854950e-02  4.39841398e-02  4.39990320e-05  4.39841398e-02  1.99990910e+00 
 4.39941398e-02  4.99994446e-08  4.39941398e-02  2.95854960e-02  4.39941398e-02  4.39990320e-05  4.39941398e-02  1.99990910e+00 
 4.40041398e-02  4.99994427e-08  4.40041398e-02  2.95854970e-02  4.40041398e-02  4.39990320e-05  4.40041398e-02  1.99990910e+00 
 4.40141398e-02  4.99994428e-08  4.40141398e-02  2.95854980e-02  4.40141398e-02  4.39990320e-05  4.40141398e-02  1.99990910e+00 
 4.40241398e-02  4.99994425e-08  4.40241398e-02  2.95854991e-02  4.40241398e-02  4.39990320e-05  4.40241398e-02  1.99990910e+00 
 4.40341398e-02  4.99994438e-08  4.40341398e-02  2.95855001e-02  4.40341398e-02  4.39990320e-05  4.40341398e-02  1.99990910e+00 
 4.40441398e-02  4.99994443e-08  4.40441398e-02  2.95855011e-02  4.40441398e-02  4.39990320e-05  4.40441398e-02  1.99990910e+00 
 4.40541398e-02  4.99994441e-08  4.40541398e-02  2.95855021e-02  4.40541398e-02  4.39990320e-05  4.40541398e-02  1.99990910e+00 
 4.40641398e-02  4.99994443e-08  4.40641398e-02  2.95855031e-02  4.40641398e-02  4.39990320e-05  4.40641398e-02  1.99990910e+00 
 4.40741398e-02  4.99994431e-08  4.40741398e-02  2.95855041e-02  4.40741398e-02  4.39990320e-05  4.40741398e-02  1.99990910e+00 
 4.40841398e-02  4.99994442e-08  4.40841398e-02  2.95855051e-02  4.40841398e-02  4.39990320e-05  4.40841398e-02  1.99990910e+00 
 4.40941398e-02  4.99994428e-08  4.40941398e-02  2.95855061e-02  4.40941398e-02  4.39990320e-05  4.40941398e-02  1.99990910e+00 
 4.41041398e-02  4.99994429e-08  4.41041398e-02  2.95855070e-02  4.41041398e-02  4.39990320e-05  4.41041398e-02  1.99990910e+00 
 4.41141398e-02  4.99994441e-08  4.41141398e-02  2.95855080e-02  4.41141398e-02  4.39990320e-05  4.41141398e-02  1.99990910e+00 
 4.41241398e-02  4.99994435e-08  4.41241398e-02  2.95855090e-02  4.41241398e-02  4.39990320e-05  4.41241398e-02  1.99990910e+00 
 4.41341398e-02  4.99994441e-08  4.41341398e-02  2.95855100e-02  4.41341398e-02  4.39990320e-05  4.41341398e-02  1.99990910e+00 
 4.41441398e-02  4.99994439e-08  4.41441398e-02  2.95855110e-02  4.41441398e-02  4.39990320e-05  4.41441398e-02  1.99990910e+00 
 4.41541398e-02  4.99994439e-08  4.41541398e-02  2.95855119e-02  4.41541398e-02  4.39990320e-05  4.41541398e-02  1.99990910e+00 
 4.41641398e-02  4.99994429e-08  4.41641398e-02  2.95855129e-02  4.41641398e-02  4.39990320e-05  4.41641398e-02  1.99990910e+00 
 4.41741398e-02  4.99994434e-08  4.41741398e-02  2.95855139e-02  4.41741398e-02  4.39990320e-05  4.41741398e-02  1.99990910e+00 
 4.41841398e-02  4.99994441e-08  4.41841398e-02  2.95855148e-02  4.41841398e-02  4.39990320e-05  4.41841398e-02  1.99990910e+00 
 4.41941398e-02  4.99994427e-08  4.41941398e-02  2.95855158e-02  4.41941398e-02  4.39990320e-05  4.41941398e-02  1.99990910e+00 
 4.42041398e-02  4.99994436e-08  4.42041398e-02  2.95855167e-02  4.42041398e-02  4.39990320e-05  4.42041398e-02  1.99990910e+00 
 4.42141398e-02  4.99994428e-08  4.42141398e-02  2.95855177e-02  4.42141398e-02  4.39990320e-05  4.42141398e-02  1.99990910e+00 
 4.42241398e-02  4.99994438e-08  4.42241398e-02  2.95855186e-02  4.42241398e-02  4.39990320e-05  4.42241398e-02  1.99990910e+00 
 4.42341398e-02  4.99994446e-08  4.42341398e-02  2.95855196e-02  4.42341398e-02  4.39990320e-05  4.42341398e-02  1.99990910e+00 
 4.42441398e-02  4.99994446e-08  4.42441398e-02  2.95855205e-02  4.42441398e-02  4.39990320e-05  4.42441398e-02  1.99990910e+00 
 4.42541398e-02  4.99994442e-08  4.42541398e-02  2.95855215e-02  4.42541398e-02  4.39990320e-05  4.42541398e-02  1.99990910e+00 
 4.42641398e-02  4.99994444e-08  4.42641398e-02  2.95855224e-02  4.42641398e-02  4.39990320e-05  4.42641398e-02  1.99990910e+00 
 4.42741398e-02  4.99994432e-08  4.42741398e-02  2.95855233e-02  4.42741398e-02  4.39990320e-05  4.42741398e-02  1.99990910e+00 
 4.42841398e-02  4.99994441e-08  4.42841398e-02  2.95855243e-02  4.42841398e-02  4.39990320e-05  4.42841398e-02  1.99990910e+00 
 4.42941398e-02  4.99994425e-08  4.42941398e-02  2.95855252e-02  4.42941398e-02  4.39990320e-05  4.42941398e-02  1.99990910e+00 
 4.43041398e-02  4.99994430e-08  4.43041398e-02  2.95855261e-02  4.43041398e-02  4.39990320e-05  4.43041398e-02  1.99990910e+00 
 4.43141398e-02  4.99994425e-08  4.43141398e-02  2.95855270e-02  4.43141398e-02  4.39990320e-05  4.43141398e-02  1.99990910e+00 
 4.43241398e-02  4.99994434e-08  4.43241398e-02  2.95855280e-02  4.43241398e-02  4.39990320e-05  4.43241398e-02  1.99990910e+00 
 4.43341398e-02  4.99994441e-08  4.43341398e-02  2.95855289e-02  4.43341398e-02  4.39990320e-05  4.43341398e-02  1.99990910e+00 
 4.43441398e-02  4.99994425e-08  4.43441398e-02  2.95855298e-02  4.43441398e-02  4.39990320e-05  4.43441398e-02  1.99990910e+00 
 4.43541398e-02  4.99994434e-08  4.43541398e-02  2.95855307e-02  4.43541398e-02  4.39990320e-05  4.43541398e-02  1.99990910e+00 
 4.43641398e-02  4.99994430e-08  4.43641398e-02  2.95855316e-02  4.43641398e-02  4.39990320e-05  4.43641398e-02  1.99990910e+00 
 4.43741398e-02  4.99994441e-08  4.43741398e-02  2.95855325e-02  4.43741398e-02  4.39990320e-05  4.43741398e-02  1.99990910e+00 
 4.43841398e-02  4.99994444e-08  4.43841398e-02  2.95855334e-02  4.43841398e-02  4.39990320e-05  4.43841398e-02  1.99990910e+00 
 4.43941398e-02  4.99994439e-08  4.43941398e-02  2.95855343e-02  4.43941398e-02  4.39990320e-05  4.43941398e-02  1.99990910e+00 
 4.44041398e-02  4.99994441e-08  4.44041398e-02  2.95855352e-02  4.44041398e-02  4.39990320e-05  4.44041398e-02  1.99990910e+00 
 4.44141398e-02  4.99994433e-08  4.44141398e-02  2.95855361e-02  4.44141398e-02  4.39990320e-05  4.44141398e-02  1.99990910e+00 
 4.44241398e-02  4.99994435e-08  4.44241398e-02  2.95855370e-02  4.44241398e-02  4.39990320e-05  4.44241398e-02  1.99990910e+00 
 4.44341398e-02  4.99994435e-08  4.44341398e-02  2.95855378e-02  4.44341398e-02  4.39990320e-05  4.44341398e-02  1.99990910e+00 
 4.44441398e-02  4.99994444e-08  4.44441398e-02  2.95855387e-02  4.44441398e-02  4.39990320e-05  4.44441398e-02  1.99990910e+00 
 4.44541398e-02  4.99994436e-08  4.44541398e-02  2.95855396e-02  4.44541398e-02  4.39990320e-05  4.44541398e-02  1.99990910e+00 
 4.44641398e-02  4.99994441e-08  4.44641398e-02  2.95855405e-02  4.44641398e-02  4.39990320e-05  4.44641398e-02  1.99990910e+00 
 4.44741398e-02  4.99994440e-08  4.44741398e-02  2.95855413e-02  4.44741398e-02  4.39990320e-05  4.44741398e-02  1.99990910e+00 
 4.44841398e-02  4.99994440e-08  4.44841398e-02  2.95855422e-02  4.44841398e-02  4.39990320e-05  4.44841398e-02  1.99990910e+00 
 4.44941398e-02  4.99994428e-08  4.44941398e-02  2.95855431e-02  4.44941398e-02  4.39990320e-05  4.44941398e-02  1.99990910e+00 
 4.45041398e-02  4.99994443e-08  4.45041398e-02  2.95855439e-02  4.45041398e-02  4.39990320e-05  4.45041398e-02  1.99990910e+00 
 4.45141398e-02  4.99994433e-08  4.45141398e-02  2.95855448e-02  4.45141398e-02  4.39990320e-05  4.45141398e-02  1.99990910e+00 
 4.45241398e-02  4.99994429e-08  4.45241398e-02  2.95855457e-02  4.45241398e-02  4.39990320e-05  4.45241398e-02  1.99990910e+00 
 4.45341398e-02  4.99994434e-08  4.45341398e-02  2.95855465e-02  4.45341398e-02  4.39990320e-05  4.45341398e-02  1.99990910e+00 
 4.45441398e-02  4.99994432e-08  4.45441398e-02  2.95855474e-02  4.45441398e-02  4.39990320e-05  4.45441398e-02  1.99990910e+00 
 4.45541398e-02  4.99994440e-08  4.45541398e-02  2.95855482e-02  4.45541398e-02  4.39990320e-05  4.45541398e-02  1.99990910e+00 
 4.45641398e-02  4.99994437e-08  4.45641398e-02  2.95855490e-02  4.45641398e-02  4.39990320e-05  4.45641398e-02  1.99990910e+00 
 4.45741398e-02  4.99994436e-08  4.45741398e-02  2.95855499e-02  4.45741398e-02  4.39990320e-05  4.45741398e-02  1.99990910e+00 
 4.45841398e-02  4.99994429e-08  4.45841398e-02  2.95855507e-02  4.45841398e-02  4.39990320e-05  4.45841398e-02  1.99990910e+00 
 4.45941398e-02  4.99994439e-08  4.45941398e-02  2.95855516e-02  4.45941398e-02  4.39990320e-05  4.45941398e-02  1.99990910e+00 
 4.46041398e-02  4.99994442e-08  4.46041398e-02  2.95855524e-02  4.46041398e-02  4.39990320e-05  4.46041398e-02  1.99990910e+00 
 4.46141398e-02  4.99994442e-08  4.46141398e-02  2.95855532e-02  4.46141398e-02  4.39990320e-05  4.46141398e-02  1.99990910e+00 
 4.46241398e-02  4.99994444e-08  4.46241398e-02  2.95855541e-02  4.46241398e-02  4.39990320e-05  4.46241398e-02  1.99990910e+00 
 4.46341398e-02  4.99994430e-08  4.46341398e-02  2.95855549e-02  4.46341398e-02  4.39990320e-05  4.46341398e-02  1.99990910e+00 
 4.46441398e-02  4.99994439e-08  4.46441398e-02  2.95855557e-02  4.46441398e-02  4.39990320e-05  4.46441398e-02  1.99990910e+00 
 4.46541398e-02  4.99994427e-08  4.46541398e-02  2.95855565e-02  4.46541398e-02  4.39990320e-05  4.46541398e-02  1.99990910e+00 
 4.46641398e-02  4.99994434e-08  4.46641398e-02  2.95855573e-02  4.46641398e-02  4.39990320e-05  4.46641398e-02  1.99990910e+00 
 4.46741398e-02  4.99994445e-08  4.46741398e-02  2.95855582e-02  4.46741398e-02  4.39990320e-05  4.46741398e-02  1.99990910e+00 
 4.46841398e-02  4.99994430e-08  4.46841398e-02  2.95855590e-02  4.46841398e-02  4.39990320e-05  4.46841398e-02  1.99990910e+00 
 4.46941398e-02  4.99994432e-08  4.46941398e-02  2.95855598e-02  4.46941398e-02  4.39990320e-05  4.46941398e-02  1.99990910e+00 
 4.47041398e-02  4.99994443e-08  4.47041398e-02  2.95855606e-02  4.47041398e-02  4.39990320e-05  4.47041398e-02  1.99990910e+00 
 4.47141398e-02  4.99994434e-08  4.47141398e-02  2.95855614e-02  4.47141398e-02  4.39990320e-05  4.47141398e-02  1.99990910e+00 
 4.47241398e-02  4.99994438e-08  4.47241398e-02  2.95855622e-02  4.47241398e-02  4.39990320e-05  4.47241398e-02  1.99990910e+00 
 4.47341398e-02  4.99994439e-08  4.47341398e-02  2.95855630e-02  4.47341398e-02  4.39990320e-05  4.47341398e-02  1.99990910e+00 
 4.47441398e-02  4.99994444e-08  4.47441398e-02  2.95855638e-02  4.47441398e-02  4.39990320e-05  4.47441398e-02  1.99990910e+00 
 4.47541398e-02  4.99994431e-08  4.47541398e-02  2.95855646e-02  4.47541398e-02  4.39990320e-05  4.47541398e-02  1.99990910e+00 
 4.47641398e-02  4.99994437e-08  4.47641398e-02  2.95855654e-02  4.47641398e-02  4.39990320e-05  4.47641398e-02  1.99990910e+00 
 4.47741398e-02  4.99994426e-08  4.47741398e-02  2.95855662e-02  4.47741398e-02  4.39990320e-05  4.47741398e-02  1.99990910e+00 
 4.47841398e-02  4.99994435e-08  4.47841398e-02  2.95855669e-02  4.47841398e-02  4.39990320e-05  4.47841398e-02  1.99990910e+00 
 4.47941398e-02  4.99994427e-08  4.47941398e-02  2.95855677e-02  4.47941398e-02  4.39990320e-05  4.47941398e-02  1.99990910e+00 
 4.48041398e-02  4.99994437e-08  4.48041398e-02  2.95855685e-02  4.48041398e-02  4.39990320e-05  4.48041398e-02  1.99990910e+00 
 4.48141398e-02  4.99994425e-08  4.48141398e-02  2.95855693e-02  4.48141398e-02  4.39990320e-05  4.48141398e-02  1.99990910e+00 
 4.48241398e-02  4.99994433e-08  4.48241398e-02  2.95855701e-02  4.48241398e-02  4.39990320e-05  4.48241398e-02  1.99990910e+00 
 4.48341398e-02  4.99994425e-08  4.48341398e-02  2.95855708e-02  4.48341398e-02  4.39990320e-05  4.48341398e-02  1.99990910e+00 
 4.48441398e-02  4.99994439e-08  4.48441398e-02  2.95855716e-02  4.48441398e-02  4.39990320e-05  4.48441398e-02  1.99990910e+00 
 4.48541398e-02  4.99994429e-08  4.48541398e-02  2.95855724e-02  4.48541398e-02  4.39990320e-05  4.48541398e-02  1.99990910e+00 
 4.48641398e-02  4.99994431e-08  4.48641398e-02  2.95855731e-02  4.48641398e-02  4.39990320e-05  4.48641398e-02  1.99990910e+00 
 4.48741398e-02  4.99994440e-08  4.48741398e-02  2.95855739e-02  4.48741398e-02  4.39990320e-05  4.48741398e-02  1.99990910e+00 
 4.48841398e-02  4.99994432e-08  4.48841398e-02  2.95855746e-02  4.48841398e-02  4.39990320e-05  4.48841398e-02  1.99990910e+00 
 4.48941398e-02  4.99994440e-08  4.48941398e-02  2.95855754e-02  4.48941398e-02  4.39990320e-05  4.48941398e-02  1.99990910e+00 
 4.49041398e-02  4.99994445e-08  4.49041398e-02  2.95855762e-02  4.49041398e-02  4.39990320e-05  4.49041398e-02  1.99990910e+00 
 4.49141398e-02  4.99994443e-08  4.49141398e-02  2.95855769e-02  4.49141398e-02  4.39990320e-05  4.49141398e-02  1.99990910e+00 
 4.49241398e-02  4.99994443e-08  4.49241398e-02  2.95855777e-02  4.49241398e-02  4.39990320e-05  4.49241398e-02  1.99990910e+00 
 4.49341398e-02  4.99994428e-08  4.49341398e-02  2.95855784e-02  4.49341398e-02  4.39990320e-05  4.49341398e-02  1.99990910e+00 
 4.49441398e-02  4.99994440e-08  4.49441398e-02  2.95855791e-02  4.49441398e-02  4.39990320e-05  4.49441398e-02  1.99990910e+00 
 4.49541398e-02  4.99994432e-08  4.49541398e-02  2.95855799e-02  4.49541398e-02  4.39990320e-05  4.49541398e-02  1.99990910e+00 
 4.49641398e-02  4.99994434e-08  4.49641398e-02  2.95855806e-02  4.49641398e-02  4.39990320e-05  4.49641398e-02  1.99990910e+00 
 4.49741398e-02  4.99994438e-08  4.49741398e-02  2.95855814e-02  4.49741398e-02  4.39990320e-05  4.49741398e-02  1.99990910e+00 
 4.49841398e-02  4.99994426e-08  4.49841398e-02  2.95855821e-02  4.49841398e-02  4.39990320e-05  4.49841398e-02  1.99990910e+00 
 4.49941398e-02  4.99994441e-08  4.49941398e-02  2.95855828e-02  4.49941398e-02  4.39990320e-05  4.49941398e-02  1.99990910e+00 
 4.50041398e-02  4.99994433e-08  4.50041398e-02  2.95855836e-02  4.50041398e-02  4.39990320e-05  4.50041398e-02  1.99990910e+00 
 4.50141398e-02  4.99994432e-08  4.50141398e-02  2.95855843e-02  4.50141398e-02  4.39990320e-05  4.50141398e-02  1.99990910e+00 
 4.50241398e-02  4.99994435e-08  4.50241398e-02  2.95855850e-02  4.50241398e-02  4.39990320e-05  4.50241398e-02  1.99990910e+00 
 4.50341398e-02  4.99994428e-08  4.50341398e-02  2.95855857e-02  4.50341398e-02  4.39990320e-05  4.50341398e-02  1.99990910e+00 
 4.50441398e-02  4.99994436e-08  4.50441398e-02  2.95855864e-02  4.50441398e-02  4.39990320e-05  4.50441398e-02  1.99990910e+00 
 4.50541398e-02  4.99994442e-08  4.50541398e-02  2.95855872e-02  4.50541398e-02  4.39990320e-05  4.50541398e-02  1.99990910e+00 
 4.50641398e-02  4.99994445e-08  4.50641398e-02  2.95855879e-02  4.50641398e-02  4.39990320e-05  4.50641398e-02  1.99990910e+00 
 4.50741398e-02  4.99994426e-08  4.50741398e-02  2.95855886e-02  4.50741398e-02  4.39990320e-05  4.50741398e-02  1.99990910e+00 
 4.50841398e-02  4.99994434e-08  4.50841398e-02  2.95855893e-02  4.50841398e-02  4.39990320e-05  4.50841398e-02  1.99990910e+00 
 4.50941398e-02  4.99994432e-08  4.50941398e-02  2.95855900e-02  4.50941398e-02  4.39990320e-05  4.50941398e-02  1.99990910e+00 
 4.51041398e-02  4.99994444e-08  4.51041398e-02  2.95855907e-02  4.51041398e-02  4.39990320e-05  4.51041398e-02  1.99990910e+00 
 4.51141398e-02  4.99994444e-08  4.51141398e-02  2.95855914e-02  4.51141398e-02  4.39990320e-05  4.51141398e-02  1.99990910e+00 
 4.51241398e-02  4.99994435e-08  4.51241398e-02  2.95855921e-02  4.51241398e-02  4.39990320e-05  4.51241398e-02  1.99990910e+00 
 4.51341398e-02  4.99994440e-08  4.51341398e-02  2.95855928e-02  4.51341398e-02  4.39990320e-05  4.51341398e-02  1.99990910e+00 
 4.51441398e-02  4.99994439e-08  4.51441398e-02  2.95855935e-02  4.51441398e-02  4.39990320e-05  4.51441398e-02  1.99990910e+00 
 4.51541398e-02  4.99994441e-08  4.51541398e-02  2.95855942e-02  4.51541398e-02  4.39990320e-05  4.51541398e-02  1.99990910e+00 
 4.51641398e-02  4.99994428e-08  4.51641398e-02  2.95855949e-02  4.51641398e-02  4.39990320e-05  4.51641398e-02  1.99990910e+00 
 4.51741398e-02  4.99994442e-08  4.51741398e-02  2.95855956e-02  4.51741398e-02  4.39990320e-05  4.51741398e-02  1.99990910e+00 
 4.51841398e-02  4.99994432e-08  4.51841398e-02  2.95855963e-02  4.51841398e-02  4.39990320e-05  4.51841398e-02  1.99990910e+00 
 4.51941398e-02  4.99994431e-08  4.51941398e-02  2.95855969e-02  4.51941398e-02  4.39990320e-05  4.51941398e-02  1.99990910e+00 
 4.52041398e-02  4.99994436e-08  4.52041398e-02  2.95855976e-02  4.52041398e-02  4.39990320e-05  4.52041398e-02  1.99990910e+00 
 4.52141398e-02  4.99994431e-08  4.52141398e-02  2.95855983e-02  4.52141398e-02  4.39990320e-05  4.52141398e-02  1.99990910e+00 
 4.52241398e-02  4.99994435e-08  4.52241398e-02  2.95855990e-02  4.52241398e-02  4.39990320e-05  4.52241398e-02  1.99990910e+00 
 4.52341398e-02  4.99994436e-08  4.52341398e-02  2.95855996e-02  4.52341398e-02  4.39990320e-05  4.52341398e-02  1.99990910e+00 
 4.52441398e-02  4.99994443e-08  4.52441398e-02  2.95856003e-02  4.52441398e-02  4.39990320e-05  4.52441398e-02  1.99990910e+00 
 4.52541398e-02  4.99994434e-08  4.52541398e-02  2.95856010e-02  4.52541398e-02  4.39990320e-05  4.52541398e-02  1.99990910e+00 
 4.52641398e-02  4.99994441e-08  4.52641398e-02  2.95856017e-02  4.52641398e-02  4.39990320e-05  4.52641398e-02  1.99990910e+00 
 4.52741398e-02  4.99994444e-08  4.52741398e-02  2.95856023e-02  4.52741398e-02  4.39990320e-05  4.52741398e-02  1.99990910e+00 
 4.52841398e-02  4.99994442e-08  4.52841398e-02  2.95856030e-02  4.52841398e-02  4.39990320e-05  4.52841398e-02  1.99990910e+00 
 4.52941398e-02  4.99994444e-08  4.52941398e-02  2.95856036e-02  4.52941398e-02  4.39990320e-05  4.52941398e-02  1.99990910e+00 
 4.53041398e-02  4.99994430e-08  4.53041398e-02  2.95856043e-02  4.53041398e-02  4.39990320e-05  4.53041398e-02  1.99990910e+00 
 4.53141398e-02  4.99994439e-08  4.53141398e-02  2.95856050e-02  4.53141398e-02  4.39990320e-05  4.53141398e-02  1.99990910e+00 
 4.53241398e-02  4.99994428e-08  4.53241398e-02  2.95856056e-02  4.53241398e-02  4.39990320e-05  4.53241398e-02  1.99990910e+00 
 4.53341398e-02  4.99994435e-08  4.53341398e-02  2.95856063e-02  4.53341398e-02  4.39990320e-05  4.53341398e-02  1.99990910e+00 
 4.53441398e-02  4.99994444e-08  4.53441398e-02  2.95856069e-02  4.53441398e-02  4.39990320e-05  4.53441398e-02  1.99990910e+00 
 4.53541398e-02  4.99994429e-08  4.53541398e-02  2.95856076e-02  4.53541398e-02  4.39990320e-05  4.53541398e-02  1.99990910e+00 
 4.53641398e-02  4.99994433e-08  4.53641398e-02  2.95856082e-02  4.53641398e-02  4.39990320e-05  4.53641398e-02  1.99990910e+00 
 4.53741398e-02  4.99994446e-08  4.53741398e-02  2.95856088e-02  4.53741398e-02  4.39990320e-05  4.53741398e-02  1.99990910e+00 
 4.53841398e-02  4.99994434e-08  4.53841398e-02  2.95856095e-02  4.53841398e-02  4.39990320e-05  4.53841398e-02  1.99990910e+00 
 4.53941398e-02  4.99994433e-08  4.53941398e-02  2.95856101e-02  4.53941398e-02  4.39990320e-05  4.53941398e-02  1.99990910e+00 
 4.54041398e-02  4.99994438e-08  4.54041398e-02  2.95856108e-02  4.54041398e-02  4.39990320e-05  4.54041398e-02  1.99990910e+00 
 4.54141398e-02  4.99994429e-08  4.54141398e-02  2.95856114e-02  4.54141398e-02  4.39990320e-05  4.54141398e-02  1.99990910e+00 
 4.54241398e-02  4.99994443e-08  4.54241398e-02  2.95856120e-02  4.54241398e-02  4.39990320e-05  4.54241398e-02  1.99990910e+00 
 4.54341398e-02  4.99994429e-08  4.54341398e-02  2.95856127e-02  4.54341398e-02  4.39990320e-05  4.54341398e-02  1.99990910e+00 
 4.54441398e-02  4.99994427e-08  4.54441398e-02  2.95856133e-02  4.54441398e-02  4.39990320e-05  4.54441398e-02  1.99990910e+00 
 4.54541398e-02  4.99994439e-08  4.54541398e-02  2.95856139e-02  4.54541398e-02  4.39990320e-05  4.54541398e-02  1.99990910e+00 
 4.54641398e-02  4.99994438e-08  4.54641398e-02  2.95856145e-02  4.54641398e-02  4.39990320e-05  4.54641398e-02  1.99990910e+00 
 4.54741398e-02  4.99994435e-08  4.54741398e-02  2.95856152e-02  4.54741398e-02  4.39990320e-05  4.54741398e-02  1.99990910e+00 
 4.54841398e-02  4.99994425e-08  4.54841398e-02  2.95856158e-02  4.54841398e-02  4.39990320e-05  4.54841398e-02  1.99990910e+00 
 4.54941398e-02  4.99994438e-08  4.54941398e-02  2.95856164e-02  4.54941398e-02  4.39990320e-05  4.54941398e-02  1.99990910e+00 
 4.55041398e-02  4.99994427e-08  4.55041398e-02  2.95856170e-02  4.55041398e-02  4.39990320e-05  4.55041398e-02  1.99990910e+00 
 4.55141398e-02  4.99994432e-08  4.55141398e-02  2.95856176e-02  4.55141398e-02  4.39990320e-05  4.55141398e-02  1.99990910e+00 
 4.55241398e-02  4.99994443e-08  4.55241398e-02  2.95856182e-02  4.55241398e-02  4.39990320e-05  4.55241398e-02  1.99990910e+00 
 4.55341398e-02  4.99994432e-08  4.55341398e-02  2.95856188e-02  4.55341398e-02  4.39990320e-05  4.55341398e-02  1.99990910e+00 
 4.55441398e-02  4.99994435e-08  4.55441398e-02  2.95856195e-02  4.55441398e-02  4.39990320e-05  4.55441398e-02  1.99990910e+00 
 4.55541398e-02  4.99994442e-08  4.55541398e-02  2.95856201e-02  4.55541398e-02  4.39990320e-05  4.55541398e-02  1.99990910e+00 
 4.55641398e-02  4.99994428e-08  4.55641398e-02  2.95856207e-02  4.55641398e-02  4.39990320e-05  4.55641398e-02  1.99990910e+00 
 4.55741398e-02  4.99994436e-08  4.55741398e-02  2.95856213e-02  4.55741398e-02  4.39990320e-05  4.55741398e-02  1.99990910e+00 
 4.55841398e-02  4.99994427e-08  4.55841398e-02  2.95856219e-02  4.55841398e-02  4.39990320e-05  4.55841398e-02  1.99990910e+00 
 4.55941398e-02  4.99994438e-08  4.55941398e-02  2.95856225e-02  4.55941398e-02  4.39990320e-05  4.55941398e-02  1.99990910e+00 
 4.56041398e-02  4.99994426e-08  4.56041398e-02  2.95856231e-02  4.56041398e-02  4.39990320e-05  4.56041398e-02  1.99990910e+00 
 4.56141398e-02  4.99994432e-08  4.56141398e-02  2.95856236e-02  4.56141398e-02  4.39990320e-05  4.56141398e-02  1.99990910e+00 
 4.56241398e-02  4.99994445e-08  4.56241398e-02  2.95856242e-02  4.56241398e-02  4.39990320e-05  4.56241398e-02  1.99990910e+00 
 4.56341398e-02  4.99994434e-08  4.56341398e-02  2.95856248e-02  4.56341398e-02  4.39990320e-05  4.56341398e-02  1.99990910e+00 
 4.56441398e-02  4.99994433e-08  4.56441398e-02  2.95856254e-02  4.56441398e-02  4.39990320e-05  4.56441398e-02  1.99990910e+00 
 4.56541398e-02  4.99994438e-08  4.56541398e-02  2.95856260e-02  4.56541398e-02  4.39990320e-05  4.56541398e-02  1.99990910e+00 
 4.56641398e-02  4.99994430e-08  4.56641398e-02  2.95856266e-02  4.56641398e-02  4.39990320e-05  4.56641398e-02  1.99990910e+00 
 4.56741398e-02  4.99994443e-08  4.56741398e-02  2.95856272e-02  4.56741398e-02  4.39990320e-05  4.56741398e-02  1.99990910e+00 
 4.56841398e-02  4.99994429e-08  4.56841398e-02  2.95856277e-02  4.56841398e-02  4.39990320e-05  4.56841398e-02  1.99990910e+00 
 4.56941398e-02  4.99994427e-08  4.56941398e-02  2.95856283e-02  4.56941398e-02  4.39990320e-05  4.56941398e-02  1.99990910e+00 
 4.57041398e-02  4.99994439e-08  4.57041398e-02  2.95856289e-02  4.57041398e-02  4.39990320e-05  4.57041398e-02  1.99990910e+00 
 4.57141398e-02  4.99994439e-08  4.57141398e-02  2.95856295e-02  4.57141398e-02  4.39990320e-05  4.57141398e-02  1.99990910e+00 
 4.57241398e-02  4.99994435e-08  4.57241398e-02  2.95856300e-02  4.57241398e-02  4.39990320e-05  4.57241398e-02  1.99990910e+00 
 4.57341398e-02  4.99994424e-08  4.57341398e-02  2.95856306e-02  4.57341398e-02  4.39990320e-05  4.57341398e-02  1.99990910e+00 
 4.57441398e-02  4.99994437e-08  4.57441398e-02  2.95856312e-02  4.57441398e-02  4.39990320e-05  4.57441398e-02  1.99990910e+00 
 4.57541398e-02  4.99994428e-08  4.57541398e-02  2.95856317e-02  4.57541398e-02  4.39990320e-05  4.57541398e-02  1.99990910e+00 
 4.57641398e-02  4.99994434e-08  4.57641398e-02  2.95856323e-02  4.57641398e-02  4.39990320e-05  4.57641398e-02  1.99990910e+00 
 4.57741398e-02  4.99994442e-08  4.57741398e-02  2.95856329e-02  4.57741398e-02  4.39990320e-05  4.57741398e-02  1.99990910e+00 
 4.57841398e-02  4.99994429e-08  4.57841398e-02  2.95856334e-02  4.57841398e-02  4.39990320e-05  4.57841398e-02  1.99990910e+00 
 4.57941398e-02  4.99994435e-08  4.57941398e-02  2.95856340e-02  4.57941398e-02  4.39990320e-05  4.57941398e-02  1.99990910e+00 
 4.58041398e-02  4.99994426e-08  4.58041398e-02  2.95856345e-02  4.58041398e-02  4.39990320e-05  4.58041398e-02  1.99990910e+00 
 4.58141398e-02  4.99994438e-08  4.58141398e-02  2.95856351e-02  4.58141398e-02  4.39990320e-05  4.58141398e-02  1.99990910e+00 
 4.58241398e-02  4.99994428e-08  4.58241398e-02  2.95856356e-02  4.58241398e-02  4.39990320e-05  4.58241398e-02  1.99990910e+00 
 4.58341398e-02  4.99994434e-08  4.58341398e-02  2.95856362e-02  4.58341398e-02  4.39990320e-05  4.58341398e-02  1.99990910e+00 
 4.58441398e-02  4.99994442e-08  4.58441398e-02  2.95856367e-02  4.58441398e-02  4.39990320e-05  4.58441398e-02  1.99990910e+00 
 4.58541398e-02  4.99994429e-08  4.58541398e-02  2.95856373e-02  4.58541398e-02  4.39990320e-05  4.58541398e-02  1.99990910e+00 
 4.58641398e-02  4.99994435e-08  4.58641398e-02  2.95856378e-02  4.58641398e-02  4.39990320e-05  4.58641398e-02  1.99990910e+00 
 4.58741398e-02  4.99994425e-08  4.58741398e-02  2.95856384e-02  4.58741398e-02  4.39990320e-05  4.58741398e-02  1.99990910e+00 
 4.58841398e-02  4.99994437e-08  4.58841398e-02  2.95856389e-02  4.58841398e-02  4.39990320e-05  4.58841398e-02  1.99990910e+00 
 4.58941398e-02  4.99994429e-08  4.58941398e-02  2.95856395e-02  4.58941398e-02  4.39990320e-05  4.58941398e-02  1.99990910e+00 
 4.59041398e-02  4.99994434e-08  4.59041398e-02  2.95856400e-02  4.59041398e-02  4.39990320e-05  4.59041398e-02  1.99990910e+00 
 4.59141398e-02  4.99994441e-08  4.59141398e-02  2.95856405e-02  4.59141398e-02  4.39990320e-05  4.59141398e-02  1.99990910e+00 
 4.59241398e-02  4.99994427e-08  4.59241398e-02  2.95856411e-02  4.59241398e-02  4.39990320e-05  4.59241398e-02  1.99990910e+00 
 4.59341398e-02  4.99994436e-08  4.59341398e-02  2.95856416e-02  4.59341398e-02  4.39990320e-05  4.59341398e-02  1.99990910e+00 
 4.59441398e-02  4.99994429e-08  4.59441398e-02  2.95856421e-02  4.59441398e-02  4.39990320e-05  4.59441398e-02  1.99990910e+00 
 4.59541398e-02  4.99994438e-08  4.59541398e-02  2.95856427e-02  4.59541398e-02  4.39990320e-05  4.59541398e-02  1.99990910e+00 
 4.59641398e-02  4.99994445e-08  4.59641398e-02  2.95856432e-02  4.59641398e-02  4.39990320e-05  4.59641398e-02  1.99990910e+00 
 4.59741398e-02  4.99994445e-08  4.59741398e-02  2.95856437e-02  4.59741398e-02  4.39990320e-05  4.59741398e-02  1.99990910e+00 
 4.59841398e-02  4.99994444e-08  4.59841398e-02  2.95856442e-02  4.59841398e-02  4.39990320e-05  4.59841398e-02  1.99990910e+00 
 4.59941398e-02  4.99994424e-08  4.59941398e-02  2.95856447e-02  4.59941398e-02  4.39990320e-05  4.59941398e-02  1.99990910e+00 
 4.60041398e-02  4.99994437e-08  4.60041398e-02  2.95856453e-02  4.60041398e-02  4.39990320e-05  4.60041398e-02  1.99990910e+00 
 4.60141398e-02  4.99994436e-08  4.60141398e-02  2.95856458e-02  4.60141398e-02  4.39990320e-05  4.60141398e-02  1.99990910e+00 
 4.60241398e-02  4.99994441e-08  4.60241398e-02  2.95856463e-02  4.60241398e-02  4.39990320e-05  4.60241398e-02  1.99990910e+00 
 4.60341398e-02  4.99994435e-08  4.60341398e-02  2.95856468e-02  4.60341398e-02  4.39990320e-05  4.60341398e-02  1.99990910e+00 
 4.60441398e-02  4.99994435e-08  4.60441398e-02  2.95856473e-02  4.60441398e-02  4.39990320e-05  4.60441398e-02  1.99990910e+00 
 4.60541398e-02  4.99994432e-08  4.60541398e-02  2.95856478e-02  4.60541398e-02  4.39990320e-05  4.60541398e-02  1.99990910e+00 
 4.60641398e-02  4.99994442e-08  4.60641398e-02  2.95856483e-02  4.60641398e-02  4.39990320e-05  4.60641398e-02  1.99990910e+00 
 4.60741398e-02  4.99994440e-08  4.60741398e-02  2.95856489e-02  4.60741398e-02  4.39990320e-05  4.60741398e-02  1.99990910e+00 
 4.60841398e-02  4.99994436e-08  4.60841398e-02  2.95856494e-02  4.60841398e-02  4.39990320e-05  4.60841398e-02  1.99990910e+00 
 4.60941398e-02  4.99994424e-08  4.60941398e-02  2.95856499e-02  4.60941398e-02  4.39990320e-05  4.60941398e-02  1.99990910e+00 
 4.61041398e-02  4.99994437e-08  4.61041398e-02  2.95856504e-02  4.61041398e-02  4.39990320e-05  4.61041398e-02  1.99990910e+00 
 4.61141398e-02  4.99994429e-08  4.61141398e-02  2.95856509e-02  4.61141398e-02  4.39990320e-05  4.61141398e-02  1.99990910e+00 
 4.61241398e-02  4.99994434e-08  4.61241398e-02  2.95856514e-02  4.61241398e-02  4.39990320e-05  4.61241398e-02  1.99990910e+00 
 4.61341398e-02  4.99994441e-08  4.61341398e-02  2.95856519e-02  4.61341398e-02  4.39990320e-05  4.61341398e-02  1.99990910e+00 
 4.61441398e-02  4.99994428e-08  4.61441398e-02  2.95856524e-02  4.61441398e-02  4.39990320e-05  4.61441398e-02  1.99990910e+00 
 4.61541398e-02  4.99994436e-08  4.61541398e-02  2.95856529e-02  4.61541398e-02  4.39990320e-05  4.61541398e-02  1.99990910e+00 
 4.61641398e-02  4.99994428e-08  4.61641398e-02  2.95856533e-02  4.61641398e-02  4.39990320e-05  4.61641398e-02  1.99990910e+00 
 4.61741398e-02  4.99994437e-08  4.61741398e-02  2.95856538e-02  4.61741398e-02  4.39990320e-05  4.61741398e-02  1.99990910e+00 
 4.61841398e-02  4.99994445e-08  4.61841398e-02  2.95856543e-02  4.61841398e-02  4.39990320e-05  4.61841398e-02  1.99990910e+00 
 4.61941398e-02  4.99994425e-08  4.61941398e-02  2.95856548e-02  4.61941398e-02  4.39990320e-05  4.61941398e-02  1.99990910e+00 
 4.62041398e-02  4.99994429e-08  4.62041398e-02  2.95856553e-02  4.62041398e-02  4.39990320e-05  4.62041398e-02  1.99990910e+00 
 4.62141398e-02  4.99994427e-08  4.62141398e-02  2.95856558e-02  4.62141398e-02  4.39990320e-05  4.62141398e-02  1.99990910e+00 
 4.62241398e-02  4.99994438e-08  4.62241398e-02  2.95856563e-02  4.62241398e-02  4.39990320e-05  4.62241398e-02  1.99990910e+00 
 4.62341398e-02  4.99994440e-08  4.62341398e-02  2.95856567e-02  4.62341398e-02  4.39990320e-05  4.62341398e-02  1.99990910e+00 
 4.62441398e-02  4.99994439e-08  4.62441398e-02  2.95856572e-02  4.62441398e-02  4.39990320e-05  4.62441398e-02  1.99990910e+00 
 4.62541398e-02  4.99994425e-08  4.62541398e-02  2.95856577e-02  4.62541398e-02  4.39990320e-05  4.62541398e-02  1.99990910e+00 
 4.62641398e-02  4.99994443e-08  4.62641398e-02  2.95856582e-02  4.62641398e-02  4.39990320e-05  4.62641398e-02  1.99990910e+00 
 4.62741398e-02  4.99994436e-08  4.62741398e-02  2.95856587e-02  4.62741398e-02  4.39990320e-05  4.62741398e-02  1.99990910e+00 
 4.62841398e-02  4.99994432e-08  4.62841398e-02  2.95856591e-02  4.62841398e-02  4.39990320e-05  4.62841398e-02  1.99990910e+00 
 4.62941398e-02  4.99994430e-08  4.62941398e-02  2.95856596e-02  4.62941398e-02  4.39990320e-05  4.62941398e-02  1.99990910e+00 
 4.63041398e-02  4.99994425e-08  4.63041398e-02  2.95856601e-02  4.63041398e-02  4.39990320e-05  4.63041398e-02  1.99990910e+00 
 4.63141398e-02  4.99994443e-08  4.63141398e-02  2.95856605e-02  4.63141398e-02  4.39990320e-05  4.63141398e-02  1.99990910e+00 
 4.63241398e-02  4.99994428e-08  4.63241398e-02  2.95856610e-02  4.63241398e-02  4.39990320e-05  4.63241398e-02  1.99990910e+00 
 4.63341398e-02  4.99994424e-08  4.63341398e-02  2.95856615e-02  4.63341398e-02  4.39990320e-05  4.63341398e-02  1.99990910e+00 
 4.63441398e-02  4.99994437e-08  4.63441398e-02  2.95856619e-02  4.63441398e-02  4.39990320e-05  4.63441398e-02  1.99990910e+00 
 4.63541398e-02  4.99994442e-08  4.63541398e-02  2.95856624e-02  4.63541398e-02  4.39990320e-05  4.63541398e-02  1.99990910e+00 
 4.63641398e-02  4.99994440e-08  4.63641398e-02  2.95856628e-02  4.63641398e-02  4.39990320e-05  4.63641398e-02  1.99990910e+00 
 4.63741398e-02  4.99994443e-08  4.63741398e-02  2.95856633e-02  4.63741398e-02  4.39990320e-05  4.63741398e-02  1.99990910e+00 
 4.63841398e-02  4.99994432e-08  4.63841398e-02  2.95856638e-02  4.63841398e-02  4.39990320e-05  4.63841398e-02  1.99990910e+00 
 4.63941398e-02  4.99994441e-08  4.63941398e-02  2.95856642e-02  4.63941398e-02  4.39990320e-05  4.63941398e-02  1.99990910e+00 
 4.64041398e-02  4.99994427e-08  4.64041398e-02  2.95856647e-02  4.64041398e-02  4.39990320e-05  4.64041398e-02  1.99990910e+00 
 4.64141398e-02  4.99994429e-08  4.64141398e-02  2.95856651e-02  4.64141398e-02  4.39990320e-05  4.64141398e-02  1.99990910e+00 
 4.64241398e-02  4.99994443e-08  4.64241398e-02  2.95856656e-02  4.64241398e-02  4.39990320e-05  4.64241398e-02  1.99990910e+00 
 4.64341398e-02  4.99994437e-08  4.64341398e-02  2.95856660e-02  4.64341398e-02  4.39990320e-05  4.64341398e-02  1.99990910e+00 
 4.64441398e-02  4.99994438e-08  4.64441398e-02  2.95856665e-02  4.64441398e-02  4.39990320e-05  4.64441398e-02  1.99990910e+00 
 4.64541398e-02  4.99994436e-08  4.64541398e-02  2.95856669e-02  4.64541398e-02  4.39990320e-05  4.64541398e-02  1.99990910e+00 
 4.64641398e-02  4.99994442e-08  4.64641398e-02  2.95856674e-02  4.64641398e-02  4.39990320e-05  4.64641398e-02  1.99990910e+00 
 4.64741398e-02  4.99994436e-08  4.64741398e-02  2.95856678e-02  4.64741398e-02  4.39990320e-05  4.64741398e-02  1.99990910e+00 
 4.64841398e-02  4.99994444e-08  4.64841398e-02  2.95856682e-02  4.64841398e-02  4.39990320e-05  4.64841398e-02  1.99990910e+00 
 4.64941398e-02  4.99994442e-08  4.64941398e-02  2.95856687e-02  4.64941398e-02  4.39990320e-05  4.64941398e-02  1.99990910e+00 
 4.65041398e-02  4.99994437e-08  4.65041398e-02  2.95856691e-02  4.65041398e-02  4.39990320e-05  4.65041398e-02  1.99990910e+00 
 4.65141398e-02  4.99994444e-08  4.65141398e-02  2.95856696e-02  4.65141398e-02  4.39990320e-05  4.65141398e-02  1.99990910e+00 
 4.65241398e-02  4.99994438e-08  4.65241398e-02  2.95856700e-02  4.65241398e-02  4.39990320e-05  4.65241398e-02  1.99990910e+00 
 4.65341398e-02  4.99994444e-08  4.65341398e-02  2.95856704e-02  4.65341398e-02  4.39990320e-05  4.65341398e-02  1.99990910e+00 
 4.65441398e-02  4.99994439e-08  4.65441398e-02  2.95856709e-02  4.65441398e-02  4.39990320e-05  4.65441398e-02  1.99990910e+00 
 4.65541398e-02  4.99994435e-08  4.65541398e-02  2.95856713e-02  4.65541398e-02  4.39990320e-05  4.65541398e-02  1.99990910e+00 
 4.65641398e-02  4.99994427e-08  4.65641398e-02  2.95856717e-02  4.65641398e-02  4.39990320e-05  4.65641398e-02  1.99990910e+00 
 4.65741398e-02  4.99994439e-08  4.65741398e-02  2.95856722e-02  4.65741398e-02  4.39990320e-05  4.65741398e-02  1.99990910e+00 
 4.65841398e-02  4.99994426e-08  4.65841398e-02  2.95856726e-02  4.65841398e-02  4.39990320e-05  4.65841398e-02  1.99990910e+00 
 4.65941398e-02  4.99994429e-08  4.65941398e-02  2.95856730e-02  4.65941398e-02  4.39990320e-05  4.65941398e-02  1.99990910e+00 
 4.66041398e-02  4.99994443e-08  4.66041398e-02  2.95856734e-02  4.66041398e-02  4.39990320e-05  4.66041398e-02  1.99990910e+00 
 4.66141398e-02  4.99994436e-08  4.66141398e-02  2.95856739e-02  4.66141398e-02  4.39990320e-05  4.66141398e-02  1.99990910e+00 
 4.66241398e-02  4.99994437e-08  4.66241398e-02  2.95856743e-02  4.66241398e-02  4.39990320e-05  4.66241398e-02  1.99990910e+00 
 4.66341398e-02  4.99994436e-08  4.66341398e-02  2.95856747e-02  4.66341398e-02  4.39990320e-05  4.66341398e-02  1.99990910e+00 
 4.66441398e-02  4.99994443e-08  4.66441398e-02  2.95856751e-02  4.66441398e-02  4.39990320e-05  4.66441398e-02  1.99990910e+00 
 4.66541398e-02  4.99994435e-08  4.66541398e-02  2.95856755e-02  4.66541398e-02  4.39990320e-05  4.66541398e-02  1.99990910e+00 
 4.66641398e-02  4.99994443e-08  4.66641398e-02  2.95856760e-02  4.66641398e-02  4.39990320e-05  4.66641398e-02  1.99990910e+00 
 4.66741398e-02  4.99994442e-08  4.66741398e-02  2.95856764e-02  4.66741398e-02  4.39990320e-05  4.66741398e-02  1.99990910e+00 
 4.66841398e-02  4.99994439e-08  4.66841398e-02  2.95856768e-02  4.66841398e-02  4.39990320e-05  4.66841398e-02  1.99990910e+00 
 4.66941398e-02  4.99994424e-08  4.66941398e-02  2.95856772e-02  4.66941398e-02  4.39990320e-05  4.66941398e-02  1.99990910e+00 
 4.67041398e-02  4.99994443e-08  4.67041398e-02  2.95856776e-02  4.67041398e-02  4.39990320e-05  4.67041398e-02  1.99990910e+00 
 4.67141398e-02  4.99994428e-08  4.67141398e-02  2.95856780e-02  4.67141398e-02  4.39990320e-05  4.67141398e-02  1.99990910e+00 
 4.67241398e-02  4.99994431e-08  4.67241398e-02  2.95856784e-02  4.67241398e-02  4.39990320e-05  4.67241398e-02  1.99990910e+00 
 4.67341398e-02  4.99994445e-08  4.67341398e-02  2.95856788e-02  4.67341398e-02  4.39990320e-05  4.67341398e-02  1.99990910e+00 
 4.67441398e-02  4.99994437e-08  4.67441398e-02  2.95856792e-02  4.67441398e-02  4.39990320e-05  4.67441398e-02  1.99990910e+00 
 4.67541398e-02  4.99994436e-08  4.67541398e-02  2.95856796e-02  4.67541398e-02  4.39990320e-05  4.67541398e-02  1.99990910e+00 
 4.67641398e-02  4.99994434e-08  4.67641398e-02  2.95856800e-02  4.67641398e-02  4.39990320e-05  4.67641398e-02  1.99990910e+00 
 4.67741398e-02  4.99994444e-08  4.67741398e-02  2.95856804e-02  4.67741398e-02  4.39990320e-05  4.67741398e-02  1.99990910e+00 
 4.67841398e-02  4.99994439e-08  4.67841398e-02  2.95856808e-02  4.67841398e-02  4.39990320e-05  4.67841398e-02  1.99990910e+00 
 4.67941398e-02  4.99994443e-08  4.67941398e-02  2.95856812e-02  4.67941398e-02  4.39990320e-05  4.67941398e-02  1.99990910e+00 
 4.68041398e-02  4.99994437e-08  4.68041398e-02  2.95856816e-02  4.68041398e-02  4.39990320e-05  4.68041398e-02  1.99990910e+00 
 4.68141398e-02  4.99994435e-08  4.68141398e-02  2.95856820e-02  4.68141398e-02  4.39990320e-05  4.68141398e-02  1.99990910e+00 
 4.68241398e-02  4.99994430e-08  4.68241398e-02  2.95856824e-02  4.68241398e-02  4.39990320e-05  4.68241398e-02  1.99990910e+00 
 4.68341398e-02  4.99994441e-08  4.68341398e-02  2.95856828e-02  4.68341398e-02  4.39990320e-05  4.68341398e-02  1.99990910e+00 
 4.68441398e-02  4.99994442e-08  4.68441398e-02  2.95856832e-02  4.68441398e-02  4.39990320e-05  4.68441398e-02  1.99990910e+00 
 4.68541398e-02  4.99994438e-08  4.68541398e-02  2.95856836e-02  4.68541398e-02  4.39990320e-05  4.68541398e-02  1.99990910e+00 
 4.68641398e-02  4.99994443e-08  4.68641398e-02  2.95856840e-02  4.68641398e-02  4.39990320e-05  4.68641398e-02  1.99990910e+00 
 4.68741398e-02  4.99994436e-08  4.68741398e-02  2.95856844e-02  4.68741398e-02  4.39990320e-05  4.68741398e-02  1.99990910e+00 
 4.68841398e-02  4.99994444e-08  4.68841398e-02  2.95856847e-02  4.68841398e-02  4.39990320e-05  4.68841398e-02  1.99990910e+00 
 4.68941398e-02  4.99994442e-08  4.68941398e-02  2.95856851e-02  4.68941398e-02  4.39990320e-05  4.68941398e-02  1.99990910e+00 
 4.69041398e-02  4.99994437e-08  4.69041398e-02  2.95856855e-02  4.69041398e-02  4.39990320e-05  4.69041398e-02  1.99990910e+00 
 4.69141398e-02  4.99994444e-08  4.69141398e-02  2.95856859e-02  4.69141398e-02  4.39990320e-05  4.69141398e-02  1.99990910e+00 
 4.69241398e-02  4.99994438e-08  4.69241398e-02  2.95856863e-02  4.69241398e-02  4.39990320e-05  4.69241398e-02  1.99990910e+00 
 4.69341398e-02  4.99994444e-08  4.69341398e-02  2.95856867e-02  4.69341398e-02  4.39990320e-05  4.69341398e-02  1.99990910e+00 
 4.69441398e-02  4.99994440e-08  4.69441398e-02  2.95856870e-02  4.69441398e-02  4.39990320e-05  4.69441398e-02  1.99990910e+00 
 4.69541398e-02  4.99994436e-08  4.69541398e-02  2.95856874e-02  4.69541398e-02  4.39990320e-05  4.69541398e-02  1.99990910e+00 
 4.69641398e-02  4.99994426e-08  4.69641398e-02  2.95856878e-02  4.69641398e-02  4.39990320e-05  4.69641398e-02  1.99990910e+00 
 4.69741398e-02  4.99994439e-08  4.69741398e-02  2.95856882e-02  4.69741398e-02  4.39990320e-05  4.69741398e-02  1.99990910e+00 
 4.69841398e-02  4.99994427e-08  4.69841398e-02  2.95856885e-02  4.69841398e-02  4.39990320e-05  4.69841398e-02  1.99990910e+00 
 4.69941398e-02  4.99994431e-08  4.69941398e-02  2.95856889e-02  4.69941398e-02  4.39990320e-05  4.69941398e-02  1.99990910e+00 
 4.70041398e-02  4.99994443e-08  4.70041398e-02  2.95856893e-02  4.70041398e-02  4.39990320e-05  4.70041398e-02  1.99990910e+00 
 4.70141398e-02  4.99994434e-08  4.70141398e-02  2.95856896e-02  4.70141398e-02  4.39990320e-05  4.70141398e-02  1.99990910e+00 
 4.70241398e-02  4.99994437e-08  4.70241398e-02  2.95856900e-02  4.70241398e-02  4.39990320e-05  4.70241398e-02  1.99990910e+00 
 4.70341398e-02  4.99994439e-08  4.70341398e-02  2.95856904e-02  4.70341398e-02  4.39990320e-05  4.70341398e-02  1.99990910e+00 
 4.70441398e-02  4.99994445e-08  4.70441398e-02  2.95856907e-02  4.70441398e-02  4.39990320e-05  4.70441398e-02  1.99990910e+00 
 4.70541398e-02  4.99994431e-08  4.70541398e-02  2.95856911e-02  4.70541398e-02  4.39990320e-05  4.70541398e-02  1.99990910e+00 
 4.70641398e-02  4.99994437e-08  4.70641398e-02  2.95856915e-02  4.70641398e-02  4.39990320e-05  4.70641398e-02  1.99990910e+00 
 4.70741398e-02  4.99994425e-08  4.70741398e-02  2.95856918e-02  4.70741398e-02  4.39990320e-05  4.70741398e-02  1.99990910e+00 
 4.70841398e-02  4.99994435e-08  4.70841398e-02  2.95856922e-02  4.70841398e-02  4.39990320e-05  4.70841398e-02  1.99990910e+00 
 4.70941398e-02  4.99994428e-08  4.70941398e-02  2.95856926e-02  4.70941398e-02  4.39990320e-05  4.70941398e-02  1.99990910e+00 
 4.71041398e-02  4.99994437e-08  4.71041398e-02  2.95856929e-02  4.71041398e-02  4.39990320e-05  4.71041398e-02  1.99990910e+00 
 4.71141398e-02  4.99994444e-08  4.71141398e-02  2.95856933e-02  4.71141398e-02  4.39990320e-05  4.71141398e-02  1.99990910e+00 
 4.71241398e-02  4.99994446e-08  4.71241398e-02  2.95856936e-02  4.71241398e-02  4.39990320e-05  4.71241398e-02  1.99990910e+00 
 4.71341398e-02  4.99994444e-08  4.71341398e-02  2.95856940e-02  4.71341398e-02  4.39990320e-05  4.71341398e-02  1.99990910e+00 
 4.71441398e-02  4.99994424e-08  4.71441398e-02  2.95856943e-02  4.71441398e-02  4.39990320e-05  4.71441398e-02  1.99990910e+00 
 4.71541398e-02  4.99994437e-08  4.71541398e-02  2.95856947e-02  4.71541398e-02  4.39990320e-05  4.71541398e-02  1.99990910e+00 
 4.71641398e-02  4.99994436e-08  4.71641398e-02  2.95856950e-02  4.71641398e-02  4.39990320e-05  4.71641398e-02  1.99990910e+00 
 4.71741398e-02  4.99994442e-08  4.71741398e-02  2.95856954e-02  4.71741398e-02  4.39990320e-05  4.71741398e-02  1.99990910e+00 
 4.71841398e-02  4.99994435e-08  4.71841398e-02  2.95856957e-02  4.71841398e-02  4.39990320e-05  4.71841398e-02  1.99990910e+00 
 4.71941398e-02  4.99994434e-08  4.71941398e-02  2.95856961e-02  4.71941398e-02  4.39990320e-05  4.71941398e-02  1.99990910e+00 
 4.72041398e-02  4.99994431e-08  4.72041398e-02  2.95856964e-02  4.72041398e-02  4.39990320e-05  4.72041398e-02  1.99990910e+00 
 4.72141398e-02  4.99994443e-08  4.72141398e-02  2.95856968e-02  4.72141398e-02  4.39990320e-05  4.72141398e-02  1.99990910e+00 
 4.72241398e-02  4.99994442e-08  4.72241398e-02  2.95856971e-02  4.72241398e-02  4.39990320e-05  4.72241398e-02  1.99990910e+00 
 4.72341398e-02  4.99994435e-08  4.72341398e-02  2.95856975e-02  4.72341398e-02  4.39990320e-05  4.72341398e-02  1.99990910e+00 
 4.72441398e-02  4.99994442e-08  4.72441398e-02  2.95856978e-02  4.72441398e-02  4.39990320e-05  4.72441398e-02  1.99990910e+00 
 4.72541398e-02  4.99994440e-08  4.72541398e-02  2.95856981e-02  4.72541398e-02  4.39990320e-05  4.72541398e-02  1.99990910e+00 
 4.72641398e-02  4.99994437e-08  4.72641398e-02  2.95856985e-02  4.72641398e-02  4.39990320e-05  4.72641398e-02  1.99990910e+00 
 4.72741398e-02  4.99994426e-08  4.72741398e-02  2.95856988e-02  4.72741398e-02  4.39990320e-05  4.72741398e-02  1.99990910e+00 
 4.72841398e-02  4.99994436e-08  4.72841398e-02  2.95856992e-02  4.72841398e-02  4.39990320e-05  4.72841398e-02  1.99990910e+00 
 4.72941398e-02  4.99994426e-08  4.72941398e-02  2.95856995e-02  4.72941398e-02  4.39990320e-05  4.72941398e-02  1.99990910e+00 
 4.73041398e-02  4.99994434e-08  4.73041398e-02  2.95856998e-02  4.73041398e-02  4.39990320e-05  4.73041398e-02  1.99990910e+00 
 4.73141398e-02  4.99994425e-08  4.73141398e-02  2.95857002e-02  4.73141398e-02  4.39990320e-05  4.73141398e-02  1.99990910e+00 
 4.73241398e-02  4.99994437e-08  4.73241398e-02  2.95857005e-02  4.73241398e-02  4.39990320e-05  4.73241398e-02  1.99990910e+00 
 4.73341398e-02  4.99994427e-08  4.73341398e-02  2.95857008e-02  4.73341398e-02  4.39990320e-05  4.73341398e-02  1.99990910e+00 
 4.73441398e-02  4.99994434e-08  4.73441398e-02  2.95857012e-02  4.73441398e-02  4.39990320e-05  4.73441398e-02  1.99990910e+00 
 4.73541398e-02  4.99994444e-08  4.73541398e-02  2.95857015e-02  4.73541398e-02  4.39990320e-05  4.73541398e-02  1.99990910e+00 
 4.73641398e-02  4.99994429e-08  4.73641398e-02  2.95857018e-02  4.73641398e-02  4.39990320e-05  4.73641398e-02  1.99990910e+00 
 4.73741398e-02  4.99994433e-08  4.73741398e-02  2.95857021e-02  4.73741398e-02  4.39990320e-05  4.73741398e-02  1.99990910e+00 
 4.73841398e-02  4.99994445e-08  4.73841398e-02  2.95857025e-02  4.73841398e-02  4.39990320e-05  4.73841398e-02  1.99990910e+00 
 4.73941398e-02  4.99994434e-08  4.73941398e-02  2.95857028e-02  4.73941398e-02  4.39990320e-05  4.73941398e-02  1.99990910e+00 
 4.74041398e-02  4.99994435e-08  4.74041398e-02  2.95857031e-02  4.74041398e-02  4.39990320e-05  4.74041398e-02  1.99990910e+00 
 4.74141398e-02  4.99994439e-08  4.74141398e-02  2.95857034e-02  4.74141398e-02  4.39990320e-05  4.74141398e-02  1.99990910e+00 
 4.74241398e-02  4.99994428e-08  4.74241398e-02  2.95857038e-02  4.74241398e-02  4.39990320e-05  4.74241398e-02  1.99990910e+00 
 4.74341398e-02  4.99994441e-08  4.74341398e-02  2.95857041e-02  4.74341398e-02  4.39990320e-05  4.74341398e-02  1.99990910e+00 
 4.74441398e-02  4.99994431e-08  4.74441398e-02  2.95857044e-02  4.74441398e-02  4.39990320e-05  4.74441398e-02  1.99990910e+00 
 4.74541398e-02  4.99994431e-08  4.74541398e-02  2.95857047e-02  4.74541398e-02  4.39990320e-05  4.74541398e-02  1.99990910e+00 
 4.74641398e-02  4.99994438e-08  4.74641398e-02  2.95857050e-02  4.74641398e-02  4.39990320e-05  4.74641398e-02  1.99990910e+00 
 4.74741398e-02  4.99994431e-08  4.74741398e-02  2.95857054e-02  4.74741398e-02  4.39990320e-05  4.74741398e-02  1.99990910e+00 
 4.74841398e-02  4.99994444e-08  4.74841398e-02  2.95857057e-02  4.74841398e-02  4.39990320e-05  4.74841398e-02  1.99990910e+00 
 4.74941398e-02  4.99994426e-08  4.74941398e-02  2.95857060e-02  4.74941398e-02  4.39990320e-05  4.74941398e-02  1.99990910e+00 
 4.75041398e-02  4.99994425e-08  4.75041398e-02  2.95857063e-02  4.75041398e-02  4.39990320e-05  4.75041398e-02  1.99990910e+00 
 4.75141398e-02  4.99994441e-08  4.75141398e-02  2.95857066e-02  4.75141398e-02  4.39990320e-05  4.75141398e-02  1.99990910e+00 
 4.75241398e-02  4.99994443e-08  4.75241398e-02  2.95857069e-02  4.75241398e-02  4.39990320e-05  4.75241398e-02  1.99990910e+00 
 4.75341398e-02  4.99994444e-08  4.75341398e-02  2.95857072e-02  4.75341398e-02  4.39990320e-05  4.75341398e-02  1.99990910e+00 
 4.75441398e-02  4.99994428e-08  4.75441398e-02  2.95857075e-02  4.75441398e-02  4.39990320e-05  4.75441398e-02  1.99990910e+00 
 4.75541398e-02  4.99994439e-08  4.75541398e-02  2.95857078e-02  4.75541398e-02  4.39990320e-05  4.75541398e-02  1.99990910e+00 
 4.75641398e-02  4.99994431e-08  4.75641398e-02  2.95857082e-02  4.75641398e-02  4.39990320e-05  4.75641398e-02  1.99990910e+00 
 4.75741398e-02  4.99994436e-08  4.75741398e-02  2.95857085e-02  4.75741398e-02  4.39990320e-05  4.75741398e-02  1.99990910e+00 
 4.75841398e-02  4.99994440e-08  4.75841398e-02  2.95857088e-02  4.75841398e-02  4.39990320e-05  4.75841398e-02  1.99990910e+00 
 4.75941398e-02  4.99994425e-08  4.75941398e-02  2.95857091e-02  4.75941398e-02  4.39990320e-05  4.75941398e-02  1.99990910e+00 
 4.76041398e-02  4.99994436e-08  4.76041398e-02  2.95857094e-02  4.76041398e-02  4.39990320e-05  4.76041398e-02  1.99990910e+00 
 4.76141398e-02  4.99994432e-08  4.76141398e-02  2.95857097e-02  4.76141398e-02  4.39990320e-05  4.76141398e-02  1.99990910e+00 
 4.76241398e-02  4.99994439e-08  4.76241398e-02  2.95857100e-02  4.76241398e-02  4.39990320e-05  4.76241398e-02  1.99990910e+00 
 4.76341398e-02  4.99994440e-08  4.76341398e-02  2.95857103e-02  4.76341398e-02  4.39990320e-05  4.76341398e-02  1.99990910e+00 
 4.76441398e-02  4.99994440e-08  4.76441398e-02  2.95857106e-02  4.76441398e-02  4.39990320e-05  4.76441398e-02  1.99990910e+00 
 4.76541398e-02  4.99994427e-08  4.76541398e-02  2.95857109e-02  4.76541398e-02  4.39990320e-05  4.76541398e-02  1.99990910e+00 
 4.76641398e-02  4.99994442e-08  4.76641398e-02  2.95857112e-02  4.76641398e-02  4.39990320e-05  4.76641398e-02  1.99990910e+00 
 4.76741398e-02  4.99994434e-08  4.76741398e-02  2.95857115e-02  4.76741398e-02  4.39990320e-05  4.76741398e-02  1.99990910e+00 
 4.76841398e-02  4.99994433e-08  4.76841398e-02  2.95857118e-02  4.76841398e-02  4.39990320e-05  4.76841398e-02  1.99990910e+00 
 4.76941398e-02  4.99994434e-08  4.76941398e-02  2.95857120e-02  4.76941398e-02  4.39990320e-05  4.76941398e-02  1.99990910e+00 
 4.77041398e-02  4.99994426e-08  4.77041398e-02  2.95857123e-02  4.77041398e-02  4.39990320e-05  4.77041398e-02  1.99990910e+00 
 4.77141398e-02  4.99994437e-08  4.77141398e-02  2.95857126e-02  4.77141398e-02  4.39990320e-05  4.77141398e-02  1.99990910e+00 
 4.77241398e-02  4.99994445e-08  4.77241398e-02  2.95857129e-02  4.77241398e-02  4.39990320e-05  4.77241398e-02  1.99990910e+00 
 4.77341398e-02  4.99994445e-08  4.77341398e-02  2.95857132e-02  4.77341398e-02  4.39990320e-05  4.77341398e-02  1.99990910e+00 
 4.77441398e-02  4.99994442e-08  4.77441398e-02  2.95857135e-02  4.77441398e-02  4.39990320e-05  4.77441398e-02  1.99990910e+00 
 4.77541398e-02  4.99994424e-08  4.77541398e-02  2.95857138e-02  4.77541398e-02  4.39990320e-05  4.77541398e-02  1.99990910e+00 
 4.77641398e-02  4.99994440e-08  4.77641398e-02  2.95857141e-02  4.77641398e-02  4.39990320e-05  4.77641398e-02  1.99990910e+00 
 4.77741398e-02  4.99994427e-08  4.77741398e-02  2.95857144e-02  4.77741398e-02  4.39990320e-05  4.77741398e-02  1.99990910e+00 
 4.77841398e-02  4.99994425e-08  4.77841398e-02  2.95857146e-02  4.77841398e-02  4.39990320e-05  4.77841398e-02  1.99990910e+00 
 4.77941398e-02  4.99994438e-08  4.77941398e-02  2.95857149e-02  4.77941398e-02  4.39990320e-05  4.77941398e-02  1.99990910e+00 
 4.78041398e-02  4.99994439e-08  4.78041398e-02  2.95857152e-02  4.78041398e-02  4.39990320e-05  4.78041398e-02  1.99990910e+00 
 4.78141398e-02  4.99994437e-08  4.78141398e-02  2.95857155e-02  4.78141398e-02  4.39990320e-05  4.78141398e-02  1.99990910e+00 
 4.78241398e-02  4.99994425e-08  4.78241398e-02  2.95857158e-02  4.78241398e-02  4.39990320e-05  4.78241398e-02  1.99990910e+00 
 4.78341398e-02  4.99994435e-08  4.78341398e-02  2.95857161e-02  4.78341398e-02  4.39990320e-05  4.78341398e-02  1.99990910e+00 
 4.78441398e-02  4.99994427e-08  4.78441398e-02  2.95857163e-02  4.78441398e-02  4.39990320e-05  4.78441398e-02  1.99990910e+00 
 4.78541398e-02  4.99994436e-08  4.78541398e-02  2.95857166e-02  4.78541398e-02  4.39990320e-05  4.78541398e-02  1.99990910e+00 
 4.78641398e-02  4.99994446e-08  4.78641398e-02  2.95857169e-02  4.78641398e-02  4.39990320e-05  4.78641398e-02  1.99990910e+00 
 4.78741398e-02  4.99994426e-08  4.78741398e-02  2.95857172e-02  4.78741398e-02  4.39990320e-05  4.78741398e-02  1.99990910e+00 
 4.78841398e-02  4.99994428e-08  4.78841398e-02  2.95857174e-02  4.78841398e-02  4.39990320e-05  4.78841398e-02  1.99990910e+00 
 4.78941398e-02  4.99994425e-08  4.78941398e-02  2.95857177e-02  4.78941398e-02  4.39990320e-05  4.78941398e-02  1.99990910e+00 
 4.79041398e-02  4.99994438e-08  4.79041398e-02  2.95857180e-02  4.79041398e-02  4.39990320e-05  4.79041398e-02  1.99990910e+00 
 4.79141398e-02  4.99994443e-08  4.79141398e-02  2.95857183e-02  4.79141398e-02  4.39990320e-05  4.79141398e-02  1.99990910e+00 
 4.79241398e-02  4.99994440e-08  4.79241398e-02  2.95857185e-02  4.79241398e-02  4.39990320e-05  4.79241398e-02  1.99990910e+00 
 4.79341398e-02  4.99994442e-08  4.79341398e-02  2.95857188e-02  4.79341398e-02  4.39990320e-05  4.79341398e-02  1.99990910e+00 
 4.79441398e-02  4.99994431e-08  4.79441398e-02  2.95857191e-02  4.79441398e-02  4.39990320e-05  4.79441398e-02  1.99990910e+00 
 4.79541398e-02  4.99994443e-08  4.79541398e-02  2.95857193e-02  4.79541398e-02  4.39990320e-05  4.79541398e-02  1.99990910e+00 
 4.79641398e-02  4.99994428e-08  4.79641398e-02  2.95857196e-02  4.79641398e-02  4.39990320e-05  4.79641398e-02  1.99990910e+00 
 4.79741398e-02  4.99994427e-08  4.79741398e-02  2.95857199e-02  4.79741398e-02  4.39990320e-05  4.79741398e-02  1.99990910e+00 
 4.79841398e-02  4.99994440e-08  4.79841398e-02  2.95857201e-02  4.79841398e-02  4.39990320e-05  4.79841398e-02  1.99990910e+00 
 4.79941398e-02  4.99994438e-08  4.79941398e-02  2.95857204e-02  4.79941398e-02  4.39990320e-05  4.79941398e-02  1.99990910e+00 
 4.80041398e-02  4.99994444e-08  4.80041398e-02  2.95857207e-02  4.80041398e-02  4.39990320e-05  4.80041398e-02  1.99990910e+00 
 4.80141398e-02  4.99994436e-08  4.80141398e-02  2.95857209e-02  4.80141398e-02  4.39990320e-05  4.80141398e-02  1.99990910e+00 
 4.80241398e-02  4.99994443e-08  4.80241398e-02  2.95857212e-02  4.80241398e-02  4.39990320e-05  4.80241398e-02  1.99990910e+00 
 4.80341398e-02  4.99994441e-08  4.80341398e-02  2.95857215e-02  4.80341398e-02  4.39990320e-05  4.80341398e-02  1.99990910e+00 
 4.80441398e-02  4.99994438e-08  4.80441398e-02  2.95857217e-02  4.80441398e-02  4.39990320e-05  4.80441398e-02  1.99990910e+00 
 4.80541398e-02  4.99994424e-08  4.80541398e-02  2.95857220e-02  4.80541398e-02  4.39990320e-05  4.80541398e-02  1.99990910e+00 
 4.80641398e-02  4.99994434e-08  4.80641398e-02  2.95857222e-02  4.80641398e-02  4.39990320e-05  4.80641398e-02  1.99990910e+00 
 4.80741398e-02  4.99994427e-08  4.80741398e-02  2.95857225e-02  4.80741398e-02  4.39990320e-05  4.80741398e-02  1.99990910e+00 
 4.80841398e-02  4.99994438e-08  4.80841398e-02  2.95857228e-02  4.80841398e-02  4.39990320e-05  4.80841398e-02  1.99990910e+00 
 4.80941398e-02  4.99994425e-08  4.80941398e-02  2.95857230e-02  4.80941398e-02  4.39990320e-05  4.80941398e-02  1.99990910e+00 
 4.81041398e-02  4.99994432e-08  4.81041398e-02  2.95857233e-02  4.81041398e-02  4.39990320e-05  4.81041398e-02  1.99990910e+00 
 4.81141398e-02  4.99994425e-08  4.81141398e-02  2.95857235e-02  4.81141398e-02  4.39990320e-05  4.81141398e-02  1.99990910e+00 
 4.81241398e-02  4.99994441e-08  4.81241398e-02  2.95857238e-02  4.81241398e-02  4.39990320e-05  4.81241398e-02  1.99990910e+00 
 4.81341398e-02  4.99994430e-08  4.81341398e-02  2.95857240e-02  4.81341398e-02  4.39990320e-05  4.81341398e-02  1.99990910e+00 
 4.81441398e-02  4.99994429e-08  4.81441398e-02  2.95857243e-02  4.81441398e-02  4.39990320e-05  4.81441398e-02  1.99990910e+00 
 4.81541398e-02  4.99994436e-08  4.81541398e-02  2.95857245e-02  4.81541398e-02  4.39990320e-05  4.81541398e-02  1.99990910e+00 
 4.81641398e-02  4.99994434e-08  4.81641398e-02  2.95857248e-02  4.81641398e-02  4.39990320e-05  4.81641398e-02  1.99990910e+00 
 4.81741398e-02  4.99994436e-08  4.81741398e-02  2.95857250e-02  4.81741398e-02  4.39990320e-05  4.81741398e-02  1.99990910e+00 
 4.81841398e-02  4.99994433e-08  4.81841398e-02  2.95857253e-02  4.81841398e-02  4.39990320e-05  4.81841398e-02  1.99990910e+00 
 4.81941398e-02  4.99994439e-08  4.81941398e-02  2.95857255e-02  4.81941398e-02  4.39990320e-05  4.81941398e-02  1.99990910e+00 
 4.82041398e-02  4.99994437e-08  4.82041398e-02  2.95857258e-02  4.82041398e-02  4.39990320e-05  4.82041398e-02  1.99990910e+00 
 4.82141398e-02  4.99994438e-08  4.82141398e-02  2.95857260e-02  4.82141398e-02  4.39990320e-05  4.82141398e-02  1.99990910e+00 
 4.82241398e-02  4.99994429e-08  4.82241398e-02  2.95857263e-02  4.82241398e-02  4.39990320e-05  4.82241398e-02  1.99990910e+00 
 4.82341398e-02  4.99994436e-08  4.82341398e-02  2.95857265e-02  4.82341398e-02  4.39990320e-05  4.82341398e-02  1.99990910e+00 
 4.82441398e-02  4.99994441e-08  4.82441398e-02  2.95857268e-02  4.82441398e-02  4.39990320e-05  4.82441398e-02  1.99990910e+00 
 4.82541398e-02  4.99994445e-08  4.82541398e-02  2.95857270e-02  4.82541398e-02  4.39990320e-05  4.82541398e-02  1.99990910e+00 
 4.82641398e-02  4.99994427e-08  4.82641398e-02  2.95857272e-02  4.82641398e-02  4.39990320e-05  4.82641398e-02  1.99990910e+00 
 4.82741398e-02  4.99994434e-08  4.82741398e-02  2.95857275e-02  4.82741398e-02  4.39990320e-05  4.82741398e-02  1.99990910e+00 
 4.82841398e-02  4.99994430e-08  4.82841398e-02  2.95857277e-02  4.82841398e-02  4.39990320e-05  4.82841398e-02  1.99990910e+00 
 4.82941398e-02  4.99994443e-08  4.82941398e-02  2.95857280e-02  4.82941398e-02  4.39990320e-05  4.82941398e-02  1.99990910e+00 
 4.83041398e-02  4.99994446e-08  4.83041398e-02  2.95857282e-02  4.83041398e-02  4.39990320e-05  4.83041398e-02  1.99990910e+00 
 4.83141398e-02  4.99994438e-08  4.83141398e-02  2.95857284e-02  4.83141398e-02  4.39990320e-05  4.83141398e-02  1.99990910e+00 
 4.83241398e-02  4.99994438e-08  4.83241398e-02  2.95857287e-02  4.83241398e-02  4.39990320e-05  4.83241398e-02  1.99990910e+00 
 4.83341398e-02  4.99994434e-08  4.83341398e-02  2.95857289e-02  4.83341398e-02  4.39990320e-05  4.83341398e-02  1.99990910e+00 
 4.83441398e-02  4.99994440e-08  4.83441398e-02  2.95857291e-02  4.83441398e-02  4.39990320e-05  4.83441398e-02  1.99990910e+00 
 4.83541398e-02  4.99994437e-08  4.83541398e-02  2.95857294e-02  4.83541398e-02  4.39990320e-05  4.83541398e-02  1.99990910e+00 
 4.83641398e-02  4.99994437e-08  4.83641398e-02  2.95857296e-02  4.83641398e-02  4.39990320e-05  4.83641398e-02  1.99990910e+00 
 4.83741398e-02  4.99994429e-08  4.83741398e-02  2.95857298e-02  4.83741398e-02  4.39990320e-05  4.83741398e-02  1.99990910e+00 
 4.83841398e-02  4.99994438e-08  4.83841398e-02  2.95857301e-02  4.83841398e-02  4.39990320e-05  4.83841398e-02  1.99990910e+00 
 4.83941398e-02  4.99994443e-08  4.83941398e-02  2.95857303e-02  4.83941398e-02  4.39990320e-05  4.83941398e-02  1.99990910e+00 
 4.84041398e-02  4.99994443e-08  4.84041398e-02  2.95857305e-02  4.84041398e-02  4.39990320e-05  4.84041398e-02  1.99990910e+00 
 4.84141398e-02  4.99994445e-08  4.84141398e-02  2.95857308e-02  4.84141398e-02  4.39990320e-05  4.84141398e-02  1.99990910e+00 
 4.84241398e-02  4.99994429e-08  4.84241398e-02  2.95857310e-02  4.84241398e-02  4.39990320e-05  4.84241398e-02  1.99990910e+00 
 4.84341398e-02  4.99994438e-08  4.84341398e-02  2.95857312e-02  4.84341398e-02  4.39990320e-05  4.84341398e-02  1.99990910e+00 
 4.84441398e-02  4.99994429e-08  4.84441398e-02  2.95857315e-02  4.84441398e-02  4.39990320e-05  4.84441398e-02  1.99990910e+00 
 4.84541398e-02  4.99994437e-08  4.84541398e-02  2.95857317e-02  4.84541398e-02  4.39990320e-05  4.84541398e-02  1.99990910e+00 
 4.84641398e-02  4.99994443e-08  4.84641398e-02  2.95857319e-02  4.84641398e-02  4.39990320e-05  4.84641398e-02  1.99990910e+00 
 4.84741398e-02  4.99994425e-08  4.84741398e-02  2.95857321e-02  4.84741398e-02  4.39990320e-05  4.84741398e-02  1.99990910e+00 
 4.84841398e-02  4.99994432e-08  4.84841398e-02  2.95857324e-02  4.84841398e-02  4.39990320e-05  4.84841398e-02  1.99990910e+00 
 4.84941398e-02  4.99994430e-08  4.84941398e-02  2.95857326e-02  4.84941398e-02  4.39990320e-05  4.84941398e-02  1.99990910e+00 
 4.85041398e-02  4.99994435e-08  4.85041398e-02  2.95857328e-02  4.85041398e-02  4.39990320e-05  4.85041398e-02  1.99990910e+00 
 4.85141398e-02  4.99994434e-08  4.85141398e-02  2.95857330e-02  4.85141398e-02  4.39990320e-05  4.85141398e-02  1.99990910e+00 
 4.85241398e-02  4.99994440e-08  4.85241398e-02  2.95857333e-02  4.85241398e-02  4.39990320e-05  4.85241398e-02  1.99990910e+00 
 4.85341398e-02  4.99994436e-08  4.85341398e-02  2.95857335e-02  4.85341398e-02  4.39990320e-05  4.85341398e-02  1.99990910e+00 
 4.85441398e-02  4.99994435e-08  4.85441398e-02  2.95857337e-02  4.85441398e-02  4.39990320e-05  4.85441398e-02  1.99990910e+00 
 4.85541398e-02  4.99994431e-08  4.85541398e-02  2.95857339e-02  4.85541398e-02  4.39990320e-05  4.85541398e-02  1.99990910e+00 
 4.85641398e-02  4.99994441e-08  4.85641398e-02  2.95857341e-02  4.85641398e-02  4.39990320e-05  4.85641398e-02  1.99990910e+00 
 4.85741398e-02  4.99994441e-08  4.85741398e-02  2.95857343e-02  4.85741398e-02  4.39990320e-05  4.85741398e-02  1.99990910e+00 
 4.85841398e-02  4.99994438e-08  4.85841398e-02  2.95857346e-02  4.85841398e-02  4.39990320e-05  4.85841398e-02  1.99990910e+00 
 4.85941398e-02  4.99994444e-08  4.85941398e-02  2.95857348e-02  4.85941398e-02  4.39990320e-05  4.85941398e-02  1.99990910e+00 
 4.86041398e-02  4.99994437e-08  4.86041398e-02  2.95857350e-02  4.86041398e-02  4.39990320e-05  4.86041398e-02  1.99990910e+00 
 4.86141398e-02  4.99994443e-08  4.86141398e-02  2.95857352e-02  4.86141398e-02  4.39990320e-05  4.86141398e-02  1.99990910e+00 
 4.86241398e-02  4.99994441e-08  4.86241398e-02  2.95857354e-02  4.86241398e-02  4.39990320e-05  4.86241398e-02  1.99990910e+00 
 4.86341398e-02  4.99994438e-08  4.86341398e-02  2.95857356e-02  4.86341398e-02  4.39990320e-05  4.86341398e-02  1.99990910e+00 
 4.86441398e-02  4.99994425e-08  4.86441398e-02  2.95857359e-02  4.86441398e-02  4.39990320e-05  4.86441398e-02  1.99990910e+00 
 4.86541398e-02  4.99994435e-08  4.86541398e-02  2.95857361e-02  4.86541398e-02  4.39990320e-05  4.86541398e-02  1.99990910e+00 
 4.86641398e-02  4.99994426e-08  4.86641398e-02  2.95857363e-02  4.86641398e-02  4.39990320e-05  4.86641398e-02  1.99990910e+00 
 4.86741398e-02  4.99994436e-08  4.86741398e-02  2.95857365e-02  4.86741398e-02  4.39990320e-05  4.86741398e-02  1.99990910e+00 
 4.86841398e-02  4.99994426e-08  4.86841398e-02  2.95857367e-02  4.86841398e-02  4.39990320e-05  4.86841398e-02  1.99990910e+00 
 4.86941398e-02  4.99994435e-08  4.86941398e-02  2.95857369e-02  4.86941398e-02  4.39990320e-05  4.86941398e-02  1.99990910e+00 
 4.87041398e-02  4.99994425e-08  4.87041398e-02  2.95857371e-02  4.87041398e-02  4.39990320e-05  4.87041398e-02  1.99990910e+00 
 4.87141398e-02  4.99994436e-08  4.87141398e-02  2.95857373e-02  4.87141398e-02  4.39990320e-05  4.87141398e-02  1.99990910e+00 
 4.87241398e-02  4.99994428e-08  4.87241398e-02  2.95857375e-02  4.87241398e-02  4.39990320e-05  4.87241398e-02  1.99990910e+00 
 4.87341398e-02  4.99994435e-08  4.87341398e-02  2.95857377e-02  4.87341398e-02  4.39990320e-05  4.87341398e-02  1.99990910e+00 
 4.87441398e-02  4.99994444e-08  4.87441398e-02  2.95857379e-02  4.87441398e-02  4.39990320e-05  4.87441398e-02  1.99990910e+00 
 4.87541398e-02  4.99994428e-08  4.87541398e-02  2.95857381e-02  4.87541398e-02  4.39990320e-05  4.87541398e-02  1.99990910e+00 
 4.87641398e-02  4.99994432e-08  4.87641398e-02  2.95857384e-02  4.87641398e-02  4.39990320e-05  4.87641398e-02  1.99990910e+00 
 4.87741398e-02  4.99994426e-08  4.87741398e-02  2.95857386e-02  4.87741398e-02  4.39990320e-05  4.87741398e-02  1.99990910e+00 
 4.87841398e-02  4.99994442e-08  4.87841398e-02  2.95857388e-02  4.87841398e-02  4.39990320e-05  4.87841398e-02  1.99990910e+00 
 4.87941398e-02  4.99994430e-08  4.87941398e-02  2.95857390e-02  4.87941398e-02  4.39990320e-05  4.87941398e-02  1.99990910e+00 
 4.88041398e-02  4.99994427e-08  4.88041398e-02  2.95857392e-02  4.88041398e-02  4.39990320e-05  4.88041398e-02  1.99990910e+00 
 4.88141398e-02  4.99994436e-08  4.88141398e-02  2.95857394e-02  4.88141398e-02  4.39990320e-05  4.88141398e-02  1.99990910e+00 
 4.88241398e-02  4.99994436e-08  4.88241398e-02  2.95857396e-02  4.88241398e-02  4.39990320e-05  4.88241398e-02  1.99990910e+00 
 4.88341398e-02  4.99994438e-08  4.88341398e-02  2.95857398e-02  4.88341398e-02  4.39990320e-05  4.88341398e-02  1.99990910e+00 
 4.88441398e-02  4.99994430e-08  4.88441398e-02  2.95857400e-02  4.88441398e-02  4.39990320e-05  4.88441398e-02  1.99990910e+00 
 4.88541398e-02  4.99994435e-08  4.88541398e-02  2.95857402e-02  4.88541398e-02  4.39990320e-05  4.88541398e-02  1.99990910e+00 
 4.88641398e-02  4.99994440e-08  4.88641398e-02  2.95857404e-02  4.88641398e-02  4.39990320e-05  4.88641398e-02  1.99990910e+00 
 4.88741398e-02  4.99994425e-08  4.88741398e-02  2.95857406e-02  4.88741398e-02  4.39990320e-05  4.88741398e-02  1.99990910e+00 
 4.88841398e-02  4.99994437e-08  4.88841398e-02  2.95857408e-02  4.88841398e-02  4.39990320e-05  4.88841398e-02  1.99990910e+00 
 4.88941398e-02  4.99994432e-08  4.88941398e-02  2.95857409e-02  4.88941398e-02  4.39990320e-05  4.88941398e-02  1.99990910e+00 
 4.89041398e-02  4.99994438e-08  4.89041398e-02  2.95857411e-02  4.89041398e-02  4.39990320e-05  4.89041398e-02  1.99990910e+00 
 4.89141398e-02  4.99994439e-08  4.89141398e-02  2.95857413e-02  4.89141398e-02  4.39990320e-05  4.89141398e-02  1.99990910e+00 
 4.89241398e-02  4.99994441e-08  4.89241398e-02  2.95857415e-02  4.89241398e-02  4.39990320e-05  4.89241398e-02  1.99990910e+00 
 4.89341398e-02  4.99994429e-08  4.89341398e-02  2.95857417e-02  4.89341398e-02  4.39990320e-05  4.89341398e-02  1.99990910e+00 
 4.89441398e-02  4.99994441e-08  4.89441398e-02  2.95857419e-02  4.89441398e-02  4.39990320e-05  4.89441398e-02  1.99990910e+00 
 4.89541398e-02  4.99994430e-08  4.89541398e-02  2.95857421e-02  4.89541398e-02  4.39990320e-05  4.89541398e-02  1.99990910e+00 
 4.89641398e-02  4.99994431e-08  4.89641398e-02  2.95857423e-02  4.89641398e-02  4.39990320e-05  4.89641398e-02  1.99990910e+00 
 4.89741398e-02  4.99994440e-08  4.89741398e-02  2.95857425e-02  4.89741398e-02  4.39990320e-05  4.89741398e-02  1.99990910e+00 
 4.89841398e-02  4.99994432e-08  4.89841398e-02  2.95857427e-02  4.89841398e-02  4.39990320e-05  4.89841398e-02  1.99990910e+00 
 4.89941398e-02  4.99994441e-08  4.89941398e-02  2.95857429e-02  4.89941398e-02  4.39990320e-05  4.89941398e-02  1.99990910e+00 
 4.90041398e-02  4.99994444e-08  4.90041398e-02  2.95857431e-02  4.90041398e-02  4.39990320e-05  4.90041398e-02  1.99990910e+00 
 4.90141398e-02  4.99994441e-08  4.90141398e-02  2.95857432e-02  4.90141398e-02  4.39990320e-05  4.90141398e-02  1.99990910e+00 
 4.90241398e-02  4.99994442e-08  4.90241398e-02  2.95857434e-02  4.90241398e-02  4.39990320e-05  4.90241398e-02  1.99990910e+00 
 4.90341398e-02  4.99994431e-08  4.90341398e-02  2.95857436e-02  4.90341398e-02  4.39990320e-05  4.90341398e-02  1.99990910e+00 
 4.90441398e-02  4.99994442e-08  4.90441398e-02  2.95857438e-02  4.90441398e-02  4.39990320e-05  4.90441398e-02  1.99990910e+00 
 4.90541398e-02  4.99994429e-08  4.90541398e-02  2.95857440e-02  4.90541398e-02  4.39990320e-05  4.90541398e-02  1.99990910e+00 
 4.90641398e-02  4.99994429e-08  4.90641398e-02  2.95857442e-02  4.90641398e-02  4.39990320e-05  4.90641398e-02  1.99990910e+00 
 4.90741398e-02  4.99994440e-08  4.90741398e-02  2.95857444e-02  4.90741398e-02  4.39990320e-05  4.90741398e-02  1.99990910e+00 
 4.90841398e-02  4.99994436e-08  4.90841398e-02  2.95857445e-02  4.90841398e-02  4.39990320e-05  4.90841398e-02  1.99990910e+00 
 4.90941398e-02  4.99994442e-08  4.90941398e-02  2.95857447e-02  4.90941398e-02  4.39990320e-05  4.90941398e-02  1.99990910e+00 
 4.91041398e-02  4.99994439e-08  4.91041398e-02  2.95857449e-02  4.91041398e-02  4.39990320e-05  4.91041398e-02  1.99990910e+00 
 4.91141398e-02  4.99994437e-08  4.91141398e-02  2.95857451e-02  4.91141398e-02  4.39990320e-05  4.91141398e-02  1.99990910e+00 
 4.91241398e-02  4.99994427e-08  4.91241398e-02  2.95857453e-02  4.91241398e-02  4.39990320e-05  4.91241398e-02  1.99990910e+00 
 4.91341398e-02  4.99994436e-08  4.91341398e-02  2.95857455e-02  4.91341398e-02  4.39990320e-05  4.91341398e-02  1.99990910e+00 
 4.91441398e-02  4.99994445e-08  4.91441398e-02  2.95857456e-02  4.91441398e-02  4.39990320e-05  4.91441398e-02  1.99990910e+00 
 4.91541398e-02  4.99994426e-08  4.91541398e-02  2.95857458e-02  4.91541398e-02  4.39990320e-05  4.91541398e-02  1.99990910e+00 
 4.91641398e-02  4.99994429e-08  4.91641398e-02  2.95857460e-02  4.91641398e-02  4.39990320e-05  4.91641398e-02  1.99990910e+00 
 4.91741398e-02  4.99994427e-08  4.91741398e-02  2.95857462e-02  4.91741398e-02  4.39990320e-05  4.91741398e-02  1.99990910e+00 
 4.91841398e-02  4.99994437e-08  4.91841398e-02  2.95857463e-02  4.91841398e-02  4.39990320e-05  4.91841398e-02  1.99990910e+00 
 4.91941398e-02  4.99994440e-08  4.91941398e-02  2.95857465e-02  4.91941398e-02  4.39990320e-05  4.91941398e-02  1.99990910e+00 
 4.92041398e-02  4.99994441e-08  4.92041398e-02  2.95857467e-02  4.92041398e-02  4.39990320e-05  4.92041398e-02  1.99990910e+00 
 4.92141398e-02  4.99994426e-08  4.92141398e-02  2.95857469e-02  4.92141398e-02  4.39990320e-05  4.92141398e-02  1.99990910e+00 
 4.92241398e-02  4.99994440e-08  4.92241398e-02  2.95857470e-02  4.92241398e-02  4.39990320e-05  4.92241398e-02  1.99990910e+00 
 4.92341398e-02  4.99994434e-08  4.92341398e-02  2.95857472e-02  4.92341398e-02  4.39990320e-05  4.92341398e-02  1.99990910e+00 
 4.92441398e-02  4.99994436e-08  4.92441398e-02  2.95857474e-02  4.92441398e-02  4.39990320e-05  4.92441398e-02  1.99990910e+00 
 4.92541398e-02  4.99994435e-08  4.92541398e-02  2.95857476e-02  4.92541398e-02  4.39990320e-05  4.92541398e-02  1.99990910e+00 
 4.92641398e-02  4.99994444e-08  4.92641398e-02  2.95857477e-02  4.92641398e-02  4.39990320e-05  4.92641398e-02  1.99990910e+00 
 4.92741398e-02  4.99994436e-08  4.92741398e-02  2.95857479e-02  4.92741398e-02  4.39990320e-05  4.92741398e-02  1.99990910e+00 
 4.92841398e-02  4.99994441e-08  4.92841398e-02  2.95857481e-02  4.92841398e-02  4.39990320e-05  4.92841398e-02  1.99990910e+00 
 4.92941398e-02  4.99994440e-08  4.92941398e-02  2.95857483e-02  4.92941398e-02  4.39990320e-05  4.92941398e-02  1.99990910e+00 
 4.93041398e-02  4.99994440e-08  4.93041398e-02  2.95857484e-02  4.93041398e-02  4.39990320e-05  4.93041398e-02  1.99990910e+00 
 4.93141398e-02  4.99994427e-08  4.93141398e-02  2.95857486e-02  4.93141398e-02  4.39990320e-05  4.93141398e-02  1.99990910e+00 
 4.93241398e-02  4.99994443e-08  4.93241398e-02  2.95857488e-02  4.93241398e-02  4.39990320e-05  4.93241398e-02  1.99990910e+00 
 4.93341398e-02  4.99994434e-08  4.93341398e-02  2.95857489e-02  4.93341398e-02  4.39990320e-05  4.93341398e-02  1.99990910e+00 
 4.93441398e-02  4.99994430e-08  4.93441398e-02  2.95857491e-02  4.93441398e-02  4.39990320e-05  4.93441398e-02  1.99990910e+00 
 4.93541398e-02  4.99994433e-08  4.93541398e-02  2.95857493e-02  4.93541398e-02  4.39990320e-05  4.93541398e-02  1.99990910e+00 
 4.93641398e-02  4.99994430e-08  4.93641398e-02  2.95857494e-02  4.93641398e-02  4.39990320e-05  4.93641398e-02  1.99990910e+00 
 4.93741398e-02  4.99994440e-08  4.93741398e-02  2.95857496e-02  4.93741398e-02  4.39990320e-05  4.93741398e-02  1.99990910e+00 
 4.93841398e-02  4.99994441e-08  4.93841398e-02  2.95857498e-02  4.93841398e-02  4.39990320e-05  4.93841398e-02  1.99990910e+00 
 4.93941398e-02  4.99994438e-08  4.93941398e-02  2.95857499e-02  4.93941398e-02  4.39990320e-05  4.93941398e-02  1.99990910e+00 
 4.94041398e-02  4.99994424e-08  4.94041398e-02  2.95857501e-02  4.94041398e-02  4.39990320e-05  4.94041398e-02  1.99990910e+00 
 4.94141398e-02  4.99994443e-08  4.94141398e-02  2.95857503e-02  4.94141398e-02  4.39990320e-05  4.94141398e-02  1.99990910e+00 
 4.94241398e-02  4.99994428e-08  4.94241398e-02  2.95857504e-02  4.94241398e-02  4.39990320e-05  4.94241398e-02  1.99990910e+00 
 4.94341398e-02  4.99994431e-08  4.94341398e-02  2.95857506e-02  4.94341398e-02  4.39990320e-05  4.94341398e-02  1.99990910e+00 
 4.94441398e-02  4.99994425e-08  4.94441398e-02  2.95857508e-02  4.94441398e-02  4.39990320e-05  4.94441398e-02  1.99990910e+00 
 4.94541398e-02  4.99994434e-08  4.94541398e-02  2.95857509e-02  4.94541398e-02  4.39990320e-05  4.94541398e-02  1.99990910e+00 
 4.94641398e-02  4.99994442e-08  4.94641398e-02  2.95857511e-02  4.94641398e-02  4.39990320e-05  4.94641398e-02  1.99990910e+00 
 4.94741398e-02  4.99994425e-08  4.94741398e-02  2.95857512e-02  4.94741398e-02  4.39990320e-05  4.94741398e-02  1.99990910e+00 
 4.94841398e-02  4.99994433e-08  4.94841398e-02  2.95857514e-02  4.94841398e-02  4.39990320e-05  4.94841398e-02  1.99990910e+00 
 4.94941398e-02  4.99994429e-08  4.94941398e-02  2.95857516e-02  4.94941398e-02  4.39990320e-05  4.94941398e-02  1.99990910e+00 
 4.95041398e-02  4.99994443e-08  4.95041398e-02  2.95857517e-02  4.95041398e-02  4.39990320e-05  4.95041398e-02  1.99990910e+00 
 4.95141398e-02  4.99994446e-08  4.95141398e-02  2.95857519e-02  4.95141398e-02  4.39990320e-05  4.95141398e-02  1.99990910e+00 
 4.95241398e-02  4.99994438e-08  4.95241398e-02  2.95857520e-02  4.95241398e-02  4.39990320e-05  4.95241398e-02  1.99990910e+00 
 4.95341398e-02  4.99994438e-08  4.95341398e-02  2.95857522e-02  4.95341398e-02  4.39990320e-05  4.95341398e-02  1.99990910e+00 
 4.95441398e-02  4.99994433e-08  4.95441398e-02  2.95857523e-02  4.95441398e-02  4.39990320e-05  4.95441398e-02  1.99990910e+00 
 4.95541398e-02  4.99994440e-08  4.95541398e-02  2.95857525e-02  4.95541398e-02  4.39990320e-05  4.95541398e-02  1.99990910e+00 
 4.95641398e-02  4.99994439e-08  4.95641398e-02  2.95857527e-02  4.95641398e-02  4.39990320e-05  4.95641398e-02  1.99990910e+00 
 4.95741398e-02  4.99994438e-08  4.95741398e-02  2.95857528e-02  4.95741398e-02  4.39990320e-05  4.95741398e-02  1.99990910e+00 
 4.95841398e-02  4.99994427e-08  4.95841398e-02  2.95857530e-02  4.95841398e-02  4.39990320e-05  4.95841398e-02  1.99990910e+00 
 4.95941398e-02  4.99994435e-08  4.95941398e-02  2.95857531e-02  4.95941398e-02  4.39990320e-05  4.95941398e-02  1.99990910e+00 
 4.96041398e-02  4.99994444e-08  4.96041398e-02  2.95857533e-02  4.96041398e-02  4.39990320e-05  4.96041398e-02  1.99990910e+00 
 4.96141398e-02  4.99994427e-08  4.96141398e-02  2.95857534e-02  4.96141398e-02  4.39990320e-05  4.96141398e-02  1.99990910e+00 
 4.96241398e-02  4.99994432e-08  4.96241398e-02  2.95857536e-02  4.96241398e-02  4.39990320e-05  4.96241398e-02  1.99990910e+00 
 4.96341398e-02  4.99994426e-08  4.96341398e-02  2.95857537e-02  4.96341398e-02  4.39990320e-05  4.96341398e-02  1.99990910e+00 
 4.96441398e-02  4.99994444e-08  4.96441398e-02  2.95857539e-02  4.96441398e-02  4.39990320e-05  4.96441398e-02  1.99990910e+00 
 4.96541398e-02  4.99994430e-08  4.96541398e-02  2.95857540e-02  4.96541398e-02  4.39990320e-05  4.96541398e-02  1.99990910e+00 
 4.96641398e-02  4.99994425e-08  4.96641398e-02  2.95857542e-02  4.96641398e-02  4.39990320e-05  4.96641398e-02  1.99990910e+00 
 4.96741398e-02  4.99994435e-08  4.96741398e-02  2.95857543e-02  4.96741398e-02  4.39990320e-05  4.96741398e-02  1.99990910e+00 
 4.96841398e-02  4.99994439e-08  4.96841398e-02  2.95857545e-02  4.96841398e-02  4.39990320e-05  4.96841398e-02  1.99990910e+00 
 4.96941398e-02  4.99994441e-08  4.96941398e-02  2.95857546e-02  4.96941398e-02  4.39990320e-05  4.96941398e-02  1.99990910e+00 
 4.97041398e-02  4.99994427e-08  4.97041398e-02  2.95857548e-02  4.97041398e-02  4.39990320e-05  4.97041398e-02  1.99990910e+00 
 4.97141398e-02  4.99994440e-08  4.97141398e-02  2.95857549e-02  4.97141398e-02  4.39990320e-05  4.97141398e-02  1.99990910e+00 
 4.97241398e-02  4.99994433e-08  4.97241398e-02  2.95857551e-02  4.97241398e-02  4.39990320e-05  4.97241398e-02  1.99990910e+00 
 4.97341398e-02  4.99994435e-08  4.97341398e-02  2.95857552e-02  4.97341398e-02  4.39990320e-05  4.97341398e-02  1.99990910e+00 
 4.97441398e-02  4.99994437e-08  4.97441398e-02  2.95857554e-02  4.97441398e-02  4.39990320e-05  4.97441398e-02  1.99990910e+00 
 4.97541398e-02  4.99994425e-08  4.97541398e-02  2.95857555e-02  4.97541398e-02  4.39990320e-05  4.97541398e-02  1.99990910e+00 
 4.97641398e-02  4.99994441e-08  4.97641398e-02  2.95857557e-02  4.97641398e-02  4.39990320e-05  4.97641398e-02  1.99990910e+00 
 4.97741398e-02  4.99994435e-08  4.97741398e-02  2.95857558e-02  4.97741398e-02  4.39990320e-05  4.97741398e-02  1.99990910e+00 
 4.97841398e-02  4.99994433e-08  4.97841398e-02  2.95857560e-02  4.97841398e-02  4.39990320e-05  4.97841398e-02  1.99990910e+00 
 4.97941398e-02  4.99994431e-08  4.97941398e-02  2.95857561e-02  4.97941398e-02  4.39990320e-05  4.97941398e-02  1.99990910e+00 
 4.98041398e-02  4.99994425e-08  4.98041398e-02  2.95857562e-02  4.98041398e-02  4.39990320e-05  4.98041398e-02  1.99990910e+00 
 4.98141398e-02  4.99994440e-08  4.98141398e-02  2.95857564e-02  4.98141398e-02  4.39990320e-05  4.98141398e-02  1.99990910e+00 
 4.98241398e-02  4.99994428e-08  4.98241398e-02  2.95857565e-02  4.98241398e-02  4.39990320e-05  4.98241398e-02  1.99990910e+00 
 4.98341398e-02  4.99994428e-08  4.98341398e-02  2.95857567e-02  4.98341398e-02  4.39990320e-05  4.98341398e-02  1.99990910e+00 
 4.98441398e-02  4.99994440e-08  4.98441398e-02  2.95857568e-02  4.98441398e-02  4.39990320e-05  4.98441398e-02  1.99990910e+00 
 4.98541398e-02  4.99994436e-08  4.98541398e-02  2.95857570e-02  4.98541398e-02  4.39990320e-05  4.98541398e-02  1.99990910e+00 
 4.98641398e-02  4.99994443e-08  4.98641398e-02  2.95857571e-02  4.98641398e-02  4.39990320e-05  4.98641398e-02  1.99990910e+00 
 4.98741398e-02  4.99994439e-08  4.98741398e-02  2.95857572e-02  4.98741398e-02  4.39990320e-05  4.98741398e-02  1.99990910e+00 
 4.98841398e-02  4.99994435e-08  4.98841398e-02  2.95857574e-02  4.98841398e-02  4.39990320e-05  4.98841398e-02  1.99990910e+00 
 4.98941398e-02  4.99994427e-08  4.98941398e-02  2.95857575e-02  4.98941398e-02  4.39990320e-05  4.98941398e-02  1.99990910e+00 
 4.99041398e-02  4.99994439e-08  4.99041398e-02  2.95857577e-02  4.99041398e-02  4.39990320e-05  4.99041398e-02  1.99990910e+00 
 4.99141398e-02  4.99994426e-08  4.99141398e-02  2.95857578e-02  4.99141398e-02  4.39990320e-05  4.99141398e-02  1.99990910e+00 
 4.99241398e-02  4.99994428e-08  4.99241398e-02  2.95857579e-02  4.99241398e-02  4.39990320e-05  4.99241398e-02  1.99990910e+00 
 4.99341398e-02  4.99994443e-08  4.99341398e-02  2.95857581e-02  4.99341398e-02  4.39990320e-05  4.99341398e-02  1.99990910e+00 
 4.99441398e-02  4.99994438e-08  4.99441398e-02  2.95857582e-02  4.99441398e-02  4.39990320e-05  4.99441398e-02  1.99990910e+00 
 4.99541398e-02  4.99994438e-08  4.99541398e-02  2.95857583e-02  4.99541398e-02  4.39990320e-05  4.99541398e-02  1.99990910e+00 
 4.99641398e-02  4.99994434e-08  4.99641398e-02  2.95857585e-02  4.99641398e-02  4.39990320e-05  4.99641398e-02  1.99990910e+00 
 4.99741398e-02  4.99994441e-08  4.99741398e-02  2.95857586e-02  4.99741398e-02  4.39990320e-05  4.99741398e-02  1.99990910e+00 
 4.99841398e-02  4.99994437e-08  4.99841398e-02  2.95857588e-02  4.99841398e-02  4.39990320e-05  4.99841398e-02  1.99990910e+00 
 4.99941398e-02  4.99994436e-08  4.99941398e-02  2.95857589e-02  4.99941398e-02  4.39990320e-05  4.99941398e-02  1.99990910e+00 
 5.00041398e-02  4.99994429e-08  5.00041398e-02  2.95857590e-02  5.00041398e-02  4.39990320e-05  5.00041398e-02  1.99990910e+00 
 5.00141398e-02  4.99994439e-08  5.00141398e-02  2.95857592e-02  5.00141398e-02  4.39990320e-05  5.00141398e-02  1.99990910e+00 
 5.00241398e-02  4.99994444e-08  5.00241398e-02  2.95857593e-02  5.00241398e-02  4.39990320e-05  5.00241398e-02  1.99990910e+00 
 5.00341398e-02  4.99994442e-08  5.00341398e-02  2.95857594e-02  5.00341398e-02  4.39990320e-05  5.00341398e-02  1.99990910e+00 
 5.00441398e-02  4.99994443e-08  5.00441398e-02  2.95857596e-02  5.00441398e-02  4.39990320e-05  5.00441398e-02  1.99990910e+00 
 5.00541398e-02  4.99994430e-08  5.00541398e-02  2.95857597e-02  5.00541398e-02  4.39990320e-05  5.00541398e-02  1.99990910e+00 
 5.00641398e-02  4.99994441e-08  5.00641398e-02  2.95857598e-02  5.00641398e-02  4.39990320e-05  5.00641398e-02  1.99990910e+00 
 5.00741398e-02  4.99994430e-08  5.00741398e-02  2.95857600e-02  5.00741398e-02  4.39990320e-05  5.00741398e-02  1.99990910e+00 
 5.00841398e-02  4.99994432e-08  5.00841398e-02  2.95857601e-02  5.00841398e-02  4.39990320e-05  5.00841398e-02  1.99990910e+00 
 5.00941398e-02  4.99994439e-08  5.00941398e-02  2.95857602e-02  5.00941398e-02  4.39990320e-05  5.00941398e-02  1.99990910e+00 
 5.01041398e-02  4.99994431e-08  5.01041398e-02  2.95857603e-02  5.01041398e-02  4.39990320e-05  5.01041398e-02  1.99990910e+00 
 5.01141398e-02  4.99994441e-08  5.01141398e-02  2.95857605e-02  5.01141398e-02  4.39990320e-05  5.01141398e-02  1.99990910e+00 
 5.01241398e-02  4.99994446e-08  5.01241398e-02  2.95857606e-02  5.01241398e-02  4.39990320e-05  5.01241398e-02  1.99990910e+00 
 5.01341398e-02  4.99994442e-08  5.01341398e-02  2.95857607e-02  5.01341398e-02  4.39990320e-05  5.01341398e-02  1.99990910e+00 
 5.01441398e-02  4.99994441e-08  5.01441398e-02  2.95857609e-02  5.01441398e-02  4.39990320e-05  5.01441398e-02  1.99990910e+00 
 5.01541398e-02  4.99994428e-08  5.01541398e-02  2.95857610e-02  5.01541398e-02  4.39990320e-05  5.01541398e-02  1.99990910e+00 
 5.01641398e-02  4.99994444e-08  5.01641398e-02  2.95857611e-02  5.01641398e-02  4.39990320e-05  5.01641398e-02  1.99990910e+00 
 5.01741398e-02  4.99994433e-08  5.01741398e-02  2.95857612e-02  5.01741398e-02  4.39990320e-05  5.01741398e-02  1.99990910e+00 
 5.01841398e-02  4.99994429e-08  5.01841398e-02  2.95857614e-02  5.01841398e-02  4.39990320e-05  5.01841398e-02  1.99990910e+00 
 5.01941398e-02  4.99994433e-08  5.01941398e-02  2.95857615e-02  5.01941398e-02  4.39990320e-05  5.01941398e-02  1.99990910e+00 
 5.02041398e-02  4.99994431e-08  5.02041398e-02  2.95857616e-02  5.02041398e-02  4.39990320e-05  5.02041398e-02  1.99990910e+00 
 5.02141398e-02  4.99994441e-08  5.02141398e-02  2.95857617e-02  5.02141398e-02  4.39990320e-05  5.02141398e-02  1.99990910e+00 
 5.02241398e-02  4.99994439e-08  5.02241398e-02  2.95857619e-02  5.02241398e-02  4.39990320e-05  5.02241398e-02  1.99990910e+00 
 5.02341398e-02  4.99994436e-08  5.02341398e-02  2.95857620e-02  5.02341398e-02  4.39990320e-05  5.02341398e-02  1.99990910e+00 
 5.02441398e-02  4.99994426e-08  5.02441398e-02  2.95857621e-02  5.02441398e-02  4.39990320e-05  5.02441398e-02  1.99990910e+00 
 5.02541398e-02  4.99994437e-08  5.02541398e-02  2.95857622e-02  5.02541398e-02  4.39990320e-05  5.02541398e-02  1.99990910e+00 
 5.02641398e-02  4.99994426e-08  5.02641398e-02  2.95857624e-02  5.02641398e-02  4.39990320e-05  5.02641398e-02  1.99990910e+00 
 5.02741398e-02  4.99994432e-08  5.02741398e-02  2.95857625e-02  5.02741398e-02  4.39990320e-05  5.02741398e-02  1.99990910e+00 
 5.02841398e-02  4.99994445e-08  5.02841398e-02  2.95857626e-02  5.02841398e-02  4.39990320e-05  5.02841398e-02  1.99990910e+00 
 5.02941398e-02  4.99994433e-08  5.02941398e-02  2.95857627e-02  5.02941398e-02  4.39990320e-05  5.02941398e-02  1.99990910e+00 
 5.03041398e-02  4.99994433e-08  5.03041398e-02  2.95857629e-02  5.03041398e-02  4.39990320e-05  5.03041398e-02  1.99990910e+00 
 5.03141398e-02  4.99994439e-08  5.03141398e-02  2.95857630e-02  5.03141398e-02  4.39990320e-05  5.03141398e-02  1.99990910e+00 
 5.03241398e-02  4.99994430e-08  5.03241398e-02  2.95857631e-02  5.03241398e-02  4.39990320e-05  5.03241398e-02  1.99990910e+00 
 5.03341398e-02  4.99994442e-08  5.03341398e-02  2.95857632e-02  5.03341398e-02  4.39990320e-05  5.03341398e-02  1.99990910e+00 
 5.03441398e-02  4.99994428e-08  5.03441398e-02  2.95857633e-02  5.03441398e-02  4.39990320e-05  5.03441398e-02  1.99990910e+00 
 5.03541398e-02  4.99994429e-08  5.03541398e-02  2.95857635e-02  5.03541398e-02  4.39990320e-05  5.03541398e-02  1.99990910e+00 
 5.03641398e-02  4.99994441e-08  5.03641398e-02  2.95857636e-02  5.03641398e-02  4.39990320e-05  5.03641398e-02  1.99990910e+00 
 5.03741398e-02  4.99994437e-08  5.03741398e-02  2.95857637e-02  5.03741398e-02  4.39990320e-05  5.03741398e-02  1.99990910e+00 
 5.03841398e-02  4.99994441e-08  5.03841398e-02  2.95857638e-02  5.03841398e-02  4.39990320e-05  5.03841398e-02  1.99990910e+00 
 5.03941398e-02  4.99994438e-08  5.03941398e-02  2.95857639e-02  5.03941398e-02  4.39990320e-05  5.03941398e-02  1.99990910e+00 
 5.04041398e-02  4.99994437e-08  5.04041398e-02  2.95857640e-02  5.04041398e-02  4.39990320e-05  5.04041398e-02  1.99990910e+00 
 5.04141398e-02  4.99994430e-08  5.04141398e-02  2.95857642e-02  5.04141398e-02  4.39990320e-05  5.04141398e-02  1.99990910e+00 
 5.04241398e-02  4.99994437e-08  5.04241398e-02  2.95857643e-02  5.04241398e-02  4.39990320e-05  5.04241398e-02  1.99990910e+00 
 5.04341398e-02  4.99994441e-08  5.04341398e-02  2.95857644e-02  5.04341398e-02  4.39990320e-05  5.04341398e-02  1.99990910e+00 
 5.04441398e-02  4.99994443e-08  5.04441398e-02  2.95857645e-02  5.04441398e-02  4.39990320e-05  5.04441398e-02  1.99990910e+00 
 5.04541398e-02  4.99994426e-08  5.04541398e-02  2.95857646e-02  5.04541398e-02  4.39990320e-05  5.04541398e-02  1.99990910e+00 
 5.04641398e-02  4.99994437e-08  5.04641398e-02  2.95857647e-02  5.04641398e-02  4.39990320e-05  5.04641398e-02  1.99990910e+00 
 5.04741398e-02  4.99994433e-08  5.04741398e-02  2.95857649e-02  5.04741398e-02  4.39990320e-05  5.04741398e-02  1.99990910e+00 
 5.04841398e-02  4.99994440e-08  5.04841398e-02  2.95857650e-02  5.04841398e-02  4.39990320e-05  5.04841398e-02  1.99990910e+00 
 5.04941398e-02  4.99994439e-08  5.04941398e-02  2.95857651e-02  5.04941398e-02  4.39990320e-05  5.04941398e-02  1.99990910e+00 
 5.05041398e-02  4.99994440e-08  5.05041398e-02  2.95857652e-02  5.05041398e-02  4.39990320e-05  5.05041398e-02  1.99990910e+00 
 5.05141398e-02  4.99994428e-08  5.05141398e-02  2.95857653e-02  5.05141398e-02  4.39990320e-05  5.05141398e-02  1.99990910e+00 
 5.05241398e-02  4.99994443e-08  5.05241398e-02  2.95857654e-02  5.05241398e-02  4.39990320e-05  5.05241398e-02  1.99990910e+00 
 5.05341398e-02  4.99994433e-08  5.05341398e-02  2.95857655e-02  5.05341398e-02  4.39990320e-05  5.05341398e-02  1.99990910e+00 
 5.05441398e-02  4.99994430e-08  5.05441398e-02  2.95857656e-02  5.05441398e-02  4.39990320e-05  5.05441398e-02  1.99990910e+00 
 5.05541398e-02  4.99994433e-08  5.05541398e-02  2.95857658e-02  5.05541398e-02  4.39990320e-05  5.05541398e-02  1.99990910e+00 
 5.05641398e-02  4.99994431e-08  5.05641398e-02  2.95857659e-02  5.05641398e-02  4.39990320e-05  5.05641398e-02  1.99990910e+00 
 5.05741398e-02  4.99994440e-08  5.05741398e-02  2.95857660e-02  5.05741398e-02  4.39990320e-05  5.05741398e-02  1.99990910e+00 
 5.05841398e-02  4.99994439e-08  5.05841398e-02  2.95857661e-02  5.05841398e-02  4.39990320e-05  5.05841398e-02  1.99990910e+00 
 5.05941398e-02  4.99994437e-08  5.05941398e-02  2.95857662e-02  5.05941398e-02  4.39990320e-05  5.05941398e-02  1.99990910e+00 
 5.06041398e-02  4.99994425e-08  5.06041398e-02  2.95857663e-02  5.06041398e-02  4.39990320e-05  5.06041398e-02  1.99990910e+00 
 5.06141398e-02  4.99994435e-08  5.06141398e-02  2.95857664e-02  5.06141398e-02  4.39990320e-05  5.06141398e-02  1.99990910e+00 
 5.06241398e-02  4.99994426e-08  5.06241398e-02  2.95857665e-02  5.06241398e-02  4.39990320e-05  5.06241398e-02  1.99990910e+00 
 5.06341398e-02  4.99994435e-08  5.06341398e-02  2.95857666e-02  5.06341398e-02  4.39990320e-05  5.06341398e-02  1.99990910e+00 
 5.06441398e-02  4.99994425e-08  5.06441398e-02  2.95857667e-02  5.06441398e-02  4.39990320e-05  5.06441398e-02  1.99990910e+00 
 5.06541398e-02  4.99994436e-08  5.06541398e-02  2.95857669e-02  5.06541398e-02  4.39990320e-05  5.06541398e-02  1.99990910e+00 
 5.06641398e-02  4.99994427e-08  5.06641398e-02  2.95857670e-02  5.06641398e-02  4.39990320e-05  5.06641398e-02  1.99990910e+00 
 5.06741398e-02  4.99994435e-08  5.06741398e-02  2.95857671e-02  5.06741398e-02  4.39990320e-05  5.06741398e-02  1.99990910e+00 
 5.06841398e-02  4.99994445e-08  5.06841398e-02  2.95857672e-02  5.06841398e-02  4.39990320e-05  5.06841398e-02  1.99990910e+00 
 5.06941398e-02  4.99994428e-08  5.06941398e-02  2.95857673e-02  5.06941398e-02  4.39990320e-05  5.06941398e-02  1.99990910e+00 
 5.07041398e-02  4.99994430e-08  5.07041398e-02  2.95857674e-02  5.07041398e-02  4.39990320e-05  5.07041398e-02  1.99990910e+00 
 5.07141398e-02  4.99994445e-08  5.07141398e-02  2.95857675e-02  5.07141398e-02  4.39990320e-05  5.07141398e-02  1.99990910e+00 
 5.07241398e-02  4.99994439e-08  5.07241398e-02  2.95857676e-02  5.07241398e-02  4.39990320e-05  5.07241398e-02  1.99990910e+00 
 5.07341398e-02  4.99994437e-08  5.07341398e-02  2.95857677e-02  5.07341398e-02  4.39990320e-05  5.07341398e-02  1.99990910e+00 
 5.07441398e-02  4.99994432e-08  5.07441398e-02  2.95857678e-02  5.07441398e-02  4.39990320e-05  5.07441398e-02  1.99990910e+00 
 5.07541398e-02  4.99994442e-08  5.07541398e-02  2.95857679e-02  5.07541398e-02  4.39990320e-05  5.07541398e-02  1.99990910e+00 
 5.07641398e-02  4.99994441e-08  5.07641398e-02  2.95857680e-02  5.07641398e-02  4.39990320e-05  5.07641398e-02  1.99990910e+00 
 5.07741398e-02  4.99994436e-08  5.07741398e-02  2.95857681e-02  5.07741398e-02  4.39990320e-05  5.07741398e-02  1.99990910e+00 
 5.07841398e-02  4.99994444e-08  5.07841398e-02  2.95857682e-02  5.07841398e-02  4.39990320e-05  5.07841398e-02  1.99990910e+00 
 5.07941398e-02  4.99994439e-08  5.07941398e-02  2.95857683e-02  5.07941398e-02  4.39990320e-05  5.07941398e-02  1.99990910e+00 
 5.08041398e-02  4.99994434e-08  5.08041398e-02  2.95857684e-02  5.08041398e-02  4.39990320e-05  5.08041398e-02  1.99990910e+00 
 5.08141398e-02  4.99994425e-08  5.08141398e-02  2.95857685e-02  5.08141398e-02  4.39990320e-05  5.08141398e-02  1.99990910e+00 
 5.08241398e-02  4.99994440e-08  5.08241398e-02  2.95857686e-02  5.08241398e-02  4.39990320e-05  5.08241398e-02  1.99990910e+00 
 5.08341398e-02  4.99994429e-08  5.08341398e-02  2.95857687e-02  5.08341398e-02  4.39990320e-05  5.08341398e-02  1.99990910e+00 
 5.08441398e-02  4.99994429e-08  5.08441398e-02  2.95857688e-02  5.08441398e-02  4.39990320e-05  5.08441398e-02  1.99990910e+00 
 5.08541398e-02  4.99994438e-08  5.08541398e-02  2.95857689e-02  5.08541398e-02  4.39990320e-05  5.08541398e-02  1.99990910e+00 
 5.08641398e-02  4.99994434e-08  5.08641398e-02  2.95857690e-02  5.08641398e-02  4.39990320e-05  5.08641398e-02  1.99990910e+00 
 5.08741398e-02  4.99994444e-08  5.08741398e-02  2.95857691e-02  5.08741398e-02  4.39990320e-05  5.08741398e-02  1.99990910e+00 
 5.08841398e-02  4.99994443e-08  5.08841398e-02  2.95857692e-02  5.08841398e-02  4.39990320e-05  5.08841398e-02  1.99990910e+00 
 5.08941398e-02  4.99994437e-08  5.08941398e-02  2.95857693e-02  5.08941398e-02  4.39990320e-05  5.08941398e-02  1.99990910e+00 
 5.09041398e-02  4.99994442e-08  5.09041398e-02  2.95857694e-02  5.09041398e-02  4.39990320e-05  5.09041398e-02  1.99990910e+00 
 5.09141398e-02  4.99994437e-08  5.09141398e-02  2.95857695e-02  5.09141398e-02  4.39990320e-05  5.09141398e-02  1.99990910e+00 
 5.09241398e-02  4.99994436e-08  5.09241398e-02  2.95857696e-02  5.09241398e-02  4.39990320e-05  5.09241398e-02  1.99990910e+00 
 5.09341398e-02  4.99994430e-08  5.09341398e-02  2.95857697e-02  5.09341398e-02  4.39990320e-05  5.09341398e-02  1.99990910e+00 
 5.09441398e-02  4.99994439e-08  5.09441398e-02  2.95857698e-02  5.09441398e-02  4.39990320e-05  5.09441398e-02  1.99990910e+00 
 5.09541398e-02  4.99994442e-08  5.09541398e-02  2.95857699e-02  5.09541398e-02  4.39990320e-05  5.09541398e-02  1.99990910e+00 
 5.09641398e-02  4.99994441e-08  5.09641398e-02  2.95857700e-02  5.09641398e-02  4.39990320e-05  5.09641398e-02  1.99990910e+00 
 5.09741398e-02  4.99994445e-08  5.09741398e-02  2.95857701e-02  5.09741398e-02  4.39990320e-05  5.09741398e-02  1.99990910e+00 
 5.09841398e-02  4.99994432e-08  5.09841398e-02  2.95857702e-02  5.09841398e-02  4.39990320e-05  5.09841398e-02  1.99990910e+00 
 5.09941398e-02  4.99994439e-08  5.09941398e-02  2.95857703e-02  5.09941398e-02  4.39990320e-05  5.09941398e-02  1.99990910e+00 
 5.10041398e-02  4.99994425e-08  5.10041398e-02  2.95857704e-02  5.10041398e-02  4.39990320e-05  5.10041398e-02  1.99990910e+00 
 5.10141398e-02  4.99994433e-08  5.10141398e-02  2.95857705e-02  5.10141398e-02  4.39990320e-05  5.10141398e-02  1.99990910e+00 
 5.10241398e-02  4.99994427e-08  5.10241398e-02  2.95857706e-02  5.10241398e-02  4.39990320e-05  5.10241398e-02  1.99990910e+00 
 5.10341398e-02  4.99994440e-08  5.10341398e-02  2.95857707e-02  5.10341398e-02  4.39990320e-05  5.10341398e-02  1.99990910e+00 
 5.10441398e-02  4.99994427e-08  5.10441398e-02  2.95857708e-02  5.10441398e-02  4.39990320e-05  5.10441398e-02  1.99990910e+00 
 5.10541398e-02  4.99994428e-08  5.10541398e-02  2.95857709e-02  5.10541398e-02  4.39990320e-05  5.10541398e-02  1.99990910e+00 
 5.10641398e-02  4.99994441e-08  5.10641398e-02  2.95857710e-02  5.10641398e-02  4.39990320e-05  5.10641398e-02  1.99990910e+00 
 5.10741398e-02  4.99994437e-08  5.10741398e-02  2.95857711e-02  5.10741398e-02  4.39990320e-05  5.10741398e-02  1.99990910e+00 
 5.10841398e-02  4.99994441e-08  5.10841398e-02  2.95857712e-02  5.10841398e-02  4.39990320e-05  5.10841398e-02  1.99990910e+00 
 5.10941398e-02  4.99994437e-08  5.10941398e-02  2.95857713e-02  5.10941398e-02  4.39990320e-05  5.10941398e-02  1.99990910e+00 
 5.11041398e-02  4.99994438e-08  5.11041398e-02  2.95857714e-02  5.11041398e-02  4.39990320e-05  5.11041398e-02  1.99990910e+00 
 5.11141398e-02  4.99994431e-08  5.11141398e-02  2.95857714e-02  5.11141398e-02  4.39990320e-05  5.11141398e-02  1.99990910e+00 
 5.11241398e-02  4.99994437e-08  5.11241398e-02  2.95857715e-02  5.11241398e-02  4.39990320e-05  5.11241398e-02  1.99990910e+00 
 5.11341398e-02  4.99994439e-08  5.11341398e-02  2.95857716e-02  5.11341398e-02  4.39990320e-05  5.11341398e-02  1.99990910e+00 
 5.11441398e-02  4.99994442e-08  5.11441398e-02  2.95857717e-02  5.11441398e-02  4.39990320e-05  5.11441398e-02  1.99990910e+00 
 5.11541398e-02  4.99994429e-08  5.11541398e-02  2.95857718e-02  5.11541398e-02  4.39990320e-05  5.11541398e-02  1.99990910e+00 
 5.11641398e-02  4.99994440e-08  5.11641398e-02  2.95857719e-02  5.11641398e-02  4.39990320e-05  5.11641398e-02  1.99990910e+00 
 5.11741398e-02  4.99994429e-08  5.11741398e-02  2.95857720e-02  5.11741398e-02  4.39990320e-05  5.11741398e-02  1.99990910e+00 
 5.11841398e-02  4.99994432e-08  5.11841398e-02  2.95857721e-02  5.11841398e-02  4.39990320e-05  5.11841398e-02  1.99990910e+00 
 5.11941398e-02  4.99994441e-08  5.11941398e-02  2.95857722e-02  5.11941398e-02  4.39990320e-05  5.11941398e-02  1.99990910e+00 
 5.12041398e-02  4.99994432e-08  5.12041398e-02  2.95857723e-02  5.12041398e-02  4.39990320e-05  5.12041398e-02  1.99990910e+00 
 5.12141398e-02  4.99994438e-08  5.12141398e-02  2.95857724e-02  5.12141398e-02  4.39990320e-05  5.12141398e-02  1.99990910e+00 
 5.12241398e-02  4.99994444e-08  5.12241398e-02  2.95857724e-02  5.12241398e-02  4.39990320e-05  5.12241398e-02  1.99990910e+00 
 5.12341398e-02  4.99994424e-08  5.12341398e-02  2.95857725e-02  5.12341398e-02  4.39990320e-05  5.12341398e-02  1.99990910e+00 
 5.12441398e-02  4.99994431e-08  5.12441398e-02  2.95857726e-02  5.12441398e-02  4.39990320e-05  5.12441398e-02  1.99990910e+00 
 5.12541398e-02  4.99994430e-08  5.12541398e-02  2.95857727e-02  5.12541398e-02  4.39990320e-05  5.12541398e-02  1.99990910e+00 
 5.12641398e-02  4.99994436e-08  5.12641398e-02  2.95857728e-02  5.12641398e-02  4.39990320e-05  5.12641398e-02  1.99990910e+00 
 5.12741398e-02  4.99994434e-08  5.12741398e-02  2.95857729e-02  5.12741398e-02  4.39990320e-05  5.12741398e-02  1.99990910e+00 
 5.12841398e-02  4.99994439e-08  5.12841398e-02  2.95857730e-02  5.12841398e-02  4.39990320e-05  5.12841398e-02  1.99990910e+00 
 5.12941398e-02  4.99994435e-08  5.12941398e-02  2.95857731e-02  5.12941398e-02  4.39990320e-05  5.12941398e-02  1.99990910e+00 
 5.13041398e-02  4.99994437e-08  5.13041398e-02  2.95857731e-02  5.13041398e-02  4.39990320e-05  5.13041398e-02  1.99990910e+00 
 5.13141398e-02  4.99994433e-08  5.13141398e-02  2.95857732e-02  5.13141398e-02  4.39990320e-05  5.13141398e-02  1.99990910e+00 
 5.13241398e-02  4.99994440e-08  5.13241398e-02  2.95857733e-02  5.13241398e-02  4.39990320e-05  5.13241398e-02  1.99990910e+00 
 5.13341398e-02  4.99994437e-08  5.13341398e-02  2.95857734e-02  5.13341398e-02  4.39990320e-05  5.13341398e-02  1.99990910e+00 
 5.13441398e-02  4.99994437e-08  5.13441398e-02  2.95857735e-02  5.13441398e-02  4.39990320e-05  5.13441398e-02  1.99990910e+00 
 5.13541398e-02  4.99994429e-08  5.13541398e-02  2.95857736e-02  5.13541398e-02  4.39990320e-05  5.13541398e-02  1.99990910e+00 
 5.13641398e-02  4.99994437e-08  5.13641398e-02  2.95857737e-02  5.13641398e-02  4.39990320e-05  5.13641398e-02  1.99990910e+00 
 5.13741398e-02  4.99994442e-08  5.13741398e-02  2.95857737e-02  5.13741398e-02  4.39990320e-05  5.13741398e-02  1.99990910e+00 
 5.13841398e-02  4.99994444e-08  5.13841398e-02  2.95857738e-02  5.13841398e-02  4.39990320e-05  5.13841398e-02  1.99990910e+00 
 5.13941398e-02  4.99994425e-08  5.13941398e-02  2.95857739e-02  5.13941398e-02  4.39990320e-05  5.13941398e-02  1.99990910e+00 
 5.14041398e-02  4.99994435e-08  5.14041398e-02  2.95857740e-02  5.14041398e-02  4.39990320e-05  5.14041398e-02  1.99990910e+00 
 5.14141398e-02  4.99994433e-08  5.14141398e-02  2.95857741e-02  5.14141398e-02  4.39990320e-05  5.14141398e-02  1.99990910e+00 
 5.14241398e-02  4.99994443e-08  5.14241398e-02  2.95857742e-02  5.14241398e-02  4.39990320e-05  5.14241398e-02  1.99990910e+00 
 5.14341398e-02  4.99994440e-08  5.14341398e-02  2.95857742e-02  5.14341398e-02  4.39990320e-05  5.14341398e-02  1.99990910e+00 
 5.14441398e-02  4.99994435e-08  5.14441398e-02  2.95857743e-02  5.14441398e-02  4.39990320e-05  5.14441398e-02  1.99990910e+00 
 5.14541398e-02  4.99994424e-08  5.14541398e-02  2.95857744e-02  5.14541398e-02  4.39990320e-05  5.14541398e-02  1.99990910e+00 
 5.14641398e-02  4.99994439e-08  5.14641398e-02  2.95857745e-02  5.14641398e-02  4.39990320e-05  5.14641398e-02  1.99990910e+00 
 5.14741398e-02  4.99994429e-08  5.14741398e-02  2.95857746e-02  5.14741398e-02  4.39990320e-05  5.14741398e-02  1.99990910e+00 
 5.14841398e-02  4.99994431e-08  5.14841398e-02  2.95857747e-02  5.14841398e-02  4.39990320e-05  5.14841398e-02  1.99990910e+00 
 5.14941398e-02  4.99994439e-08  5.14941398e-02  2.95857747e-02  5.14941398e-02  4.39990320e-05  5.14941398e-02  1.99990910e+00 
 5.15041398e-02  4.99994431e-08  5.15041398e-02  2.95857748e-02  5.15041398e-02  4.39990320e-05  5.15041398e-02  1.99990910e+00 
 5.15141398e-02  4.99994441e-08  5.15141398e-02  2.95857749e-02  5.15141398e-02  4.39990320e-05  5.15141398e-02  1.99990910e+00 
 5.15241398e-02  4.99994446e-08  5.15241398e-02  2.95857750e-02  5.15241398e-02  4.39990320e-05  5.15241398e-02  1.99990910e+00 
 5.15341398e-02  4.99994443e-08  5.15341398e-02  2.95857751e-02  5.15341398e-02  4.39990320e-05  5.15341398e-02  1.99990910e+00 
 5.15441398e-02  4.99994440e-08  5.15441398e-02  2.95857751e-02  5.15441398e-02  4.39990320e-05  5.15441398e-02  1.99990910e+00 
 5.15541398e-02  4.99994427e-08  5.15541398e-02  2.95857752e-02  5.15541398e-02  4.39990320e-05  5.15541398e-02  1.99990910e+00 
 5.15641398e-02  4.99994433e-08  5.15641398e-02  2.95857753e-02  5.15641398e-02  4.39990320e-05  5.15641398e-02  1.99990910e+00 
 5.15741398e-02  4.99994444e-08  5.15741398e-02  2.95857754e-02  5.15741398e-02  4.39990320e-05  5.15741398e-02  1.99990910e+00 
 5.15841398e-02  4.99994430e-08  5.15841398e-02  2.95857755e-02  5.15841398e-02  4.39990320e-05  5.15841398e-02  1.99990910e+00 
 5.15941398e-02  4.99994432e-08  5.15941398e-02  2.95857755e-02  5.15941398e-02  4.39990320e-05  5.15941398e-02  1.99990910e+00 
 5.16041398e-02  4.99994442e-08  5.16041398e-02  2.95857756e-02  5.16041398e-02  4.39990320e-05  5.16041398e-02  1.99990910e+00 
 5.16141398e-02  4.99994433e-08  5.16141398e-02  2.95857757e-02  5.16141398e-02  4.39990320e-05  5.16141398e-02  1.99990910e+00 
 5.16241398e-02  4.99994438e-08  5.16241398e-02  2.95857758e-02  5.16241398e-02  4.39990320e-05  5.16241398e-02  1.99990910e+00 
 5.16341398e-02  4.99994442e-08  5.16341398e-02  2.95857758e-02  5.16341398e-02  4.39990320e-05  5.16341398e-02  1.99990910e+00 
 5.16441398e-02  4.99994445e-08  5.16441398e-02  2.95857759e-02  5.16441398e-02  4.39990320e-05  5.16441398e-02  1.99990910e+00 
 5.16541398e-02  4.99994428e-08  5.16541398e-02  2.95857760e-02  5.16541398e-02  4.39990320e-05  5.16541398e-02  1.99990910e+00 
 5.16641398e-02  4.99994434e-08  5.16641398e-02  2.95857761e-02  5.16641398e-02  4.39990320e-05  5.16641398e-02  1.99990910e+00 
 5.16741398e-02  4.99994429e-08  5.16741398e-02  2.95857762e-02  5.16741398e-02  4.39990320e-05  5.16741398e-02  1.99990910e+00 
 5.16841398e-02  4.99994441e-08  5.16841398e-02  2.95857762e-02  5.16841398e-02  4.39990320e-05  5.16841398e-02  1.99990910e+00 
 5.16941398e-02  4.99994446e-08  5.16941398e-02  2.95857763e-02  5.16941398e-02  4.39990320e-05  5.16941398e-02  1.99990910e+00 
 5.17041398e-02  4.99994440e-08  5.17041398e-02  2.95857764e-02  5.17041398e-02  4.39990320e-05  5.17041398e-02  1.99990910e+00 
 5.17141398e-02  4.99994438e-08  5.17141398e-02  2.95857765e-02  5.17141398e-02  4.39990320e-05  5.17141398e-02  1.99990910e+00 
 5.17241398e-02  4.99994430e-08  5.17241398e-02  2.95857765e-02  5.17241398e-02  4.39990320e-05  5.17241398e-02  1.99990910e+00 
 5.17341398e-02  4.99994438e-08  5.17341398e-02  2.95857766e-02  5.17341398e-02  4.39990320e-05  5.17341398e-02  1.99990910e+00 
 5.17441398e-02  4.99994442e-08  5.17441398e-02  2.95857767e-02  5.17441398e-02  4.39990320e-05  5.17441398e-02  1.99990910e+00 
 5.17541398e-02  4.99994443e-08  5.17541398e-02  2.95857768e-02  5.17541398e-02  4.39990320e-05  5.17541398e-02  1.99990910e+00 
 5.17641398e-02  4.99994425e-08  5.17641398e-02  2.95857768e-02  5.17641398e-02  4.39990320e-05  5.17641398e-02  1.99990910e+00 
 5.17741398e-02  4.99994435e-08  5.17741398e-02  2.95857769e-02  5.17741398e-02  4.39990320e-05  5.17741398e-02  1.99990910e+00 
 5.17841398e-02  4.99994434e-08  5.17841398e-02  2.95857770e-02  5.17841398e-02  4.39990320e-05  5.17841398e-02  1.99990910e+00 
 5.17941398e-02  4.99994442e-08  5.17941398e-02  2.95857770e-02  5.17941398e-02  4.39990320e-05  5.17941398e-02  1.99990910e+00 
 5.18041398e-02  4.99994439e-08  5.18041398e-02  2.95857771e-02  5.18041398e-02  4.39990320e-05  5.18041398e-02  1.99990910e+00 
 5.18141398e-02  4.99994435e-08  5.18141398e-02  2.95857772e-02  5.18141398e-02  4.39990320e-05  5.18141398e-02  1.99990910e+00 
 5.18241398e-02  4.99994426e-08  5.18241398e-02  2.95857773e-02  5.18241398e-02  4.39990320e-05  5.18241398e-02  1.99990910e+00 
 5.18341398e-02  4.99994438e-08  5.18341398e-02  2.95857773e-02  5.18341398e-02  4.39990320e-05  5.18341398e-02  1.99990910e+00 
 5.18441398e-02  4.99994427e-08  5.18441398e-02  2.95857774e-02  5.18441398e-02  4.39990320e-05  5.18441398e-02  1.99990910e+00 
 5.18541398e-02  4.99994431e-08  5.18541398e-02  2.95857775e-02  5.18541398e-02  4.39990320e-05  5.18541398e-02  1.99990910e+00 
 5.18641398e-02  4.99994443e-08  5.18641398e-02  2.95857776e-02  5.18641398e-02  4.39990320e-05  5.18641398e-02  1.99990910e+00 
 5.18741398e-02  4.99994434e-08  5.18741398e-02  2.95857776e-02  5.18741398e-02  4.39990320e-05  5.18741398e-02  1.99990910e+00 
 5.18841398e-02  4.99994437e-08  5.18841398e-02  2.95857777e-02  5.18841398e-02  4.39990320e-05  5.18841398e-02  1.99990910e+00 
 5.18941398e-02  4.99994439e-08  5.18941398e-02  2.95857778e-02  5.18941398e-02  4.39990320e-05  5.18941398e-02  1.99990910e+00 
 5.19041398e-02  4.99994424e-08  5.19041398e-02  2.95857778e-02  5.19041398e-02  4.39990320e-05  5.19041398e-02  1.99990910e+00 
 5.19141398e-02  4.99994438e-08  5.19141398e-02  2.95857779e-02  5.19141398e-02  4.39990320e-05  5.19141398e-02  1.99990910e+00 
 5.19241398e-02  4.99994434e-08  5.19241398e-02  2.95857780e-02  5.19241398e-02  4.39990320e-05  5.19241398e-02  1.99990910e+00 
 5.19341398e-02  4.99994438e-08  5.19341398e-02  2.95857780e-02  5.19341398e-02  4.39990320e-05  5.19341398e-02  1.99990910e+00 
 5.19441398e-02  4.99994436e-08  5.19441398e-02  2.95857781e-02  5.19441398e-02  4.39990320e-05  5.19441398e-02  1.99990910e+00 
 5.19541398e-02  4.99994440e-08  5.19541398e-02  2.95857782e-02  5.19541398e-02  4.39990320e-05  5.19541398e-02  1.99990910e+00 
 5.19641398e-02  4.99994434e-08  5.19641398e-02  2.95857783e-02  5.19641398e-02  4.39990320e-05  5.19641398e-02  1.99990910e+00 
 5.19741398e-02  4.99994436e-08  5.19741398e-02  2.95857783e-02  5.19741398e-02  4.39990320e-05  5.19741398e-02  1.99990910e+00 
 5.19841398e-02  4.99994434e-08  5.19841398e-02  2.95857784e-02  5.19841398e-02  4.39990320e-05  5.19841398e-02  1.99990910e+00 
 5.19941398e-02  4.99994442e-08  5.19941398e-02  2.95857785e-02  5.19941398e-02  4.39990320e-05  5.19941398e-02  1.99990910e+00 
 5.20041398e-02  4.99994437e-08  5.20041398e-02  2.95857785e-02  5.20041398e-02  4.39990320e-05  5.20041398e-02  1.99990910e+00 
 5.20141398e-02  4.99994444e-08  5.20141398e-02  2.95857786e-02  5.20141398e-02  4.39990320e-05  5.20141398e-02  1.99990910e+00 
 5.20241398e-02  4.99994440e-08  5.20241398e-02  2.95857787e-02  5.20241398e-02  4.39990320e-05  5.20241398e-02  1.99990910e+00 
 5.20341398e-02  4.99994436e-08  5.20341398e-02  2.95857787e-02  5.20341398e-02  4.39990320e-05  5.20341398e-02  1.99990910e+00 
 5.20441398e-02  4.99994425e-08  5.20441398e-02  2.95857788e-02  5.20441398e-02  4.39990320e-05  5.20441398e-02  1.99990910e+00 
 5.20541398e-02  4.99994438e-08  5.20541398e-02  2.95857789e-02  5.20541398e-02  4.39990320e-05  5.20541398e-02  1.99990910e+00 
 5.20641398e-02  4.99994428e-08  5.20641398e-02  2.95857789e-02  5.20641398e-02  4.39990320e-05  5.20641398e-02  1.99990910e+00 
 5.20741398e-02  4.99994432e-08  5.20741398e-02  2.95857790e-02  5.20741398e-02  4.39990320e-05  5.20741398e-02  1.99990910e+00 
 5.20841398e-02  4.99994441e-08  5.20841398e-02  2.95857791e-02  5.20841398e-02  4.39990320e-05  5.20841398e-02  1.99990910e+00 
 5.20941398e-02  4.99994430e-08  5.20941398e-02  2.95857791e-02  5.20941398e-02  4.39990320e-05  5.20941398e-02  1.99990910e+00 
 5.21041398e-02  4.99994437e-08  5.21041398e-02  2.95857792e-02  5.21041398e-02  4.39990320e-05  5.21041398e-02  1.99990910e+00 
 5.21141398e-02  4.99994445e-08  5.21141398e-02  2.95857793e-02  5.21141398e-02  4.39990320e-05  5.21141398e-02  1.99990910e+00 
 5.21241398e-02  4.99994427e-08  5.21241398e-02  2.95857793e-02  5.21241398e-02  4.39990320e-05  5.21241398e-02  1.99990910e+00 
 5.21341398e-02  4.99994430e-08  5.21341398e-02  2.95857794e-02  5.21341398e-02  4.39990320e-05  5.21341398e-02  1.99990910e+00 
 5.21441398e-02  4.99994426e-08  5.21441398e-02  2.95857795e-02  5.21441398e-02  4.39990320e-05  5.21441398e-02  1.99990910e+00 
 5.21541398e-02  4.99994435e-08  5.21541398e-02  2.95857795e-02  5.21541398e-02  4.39990320e-05  5.21541398e-02  1.99990910e+00 
 5.21641398e-02  4.99994440e-08  5.21641398e-02  2.95857796e-02  5.21641398e-02  4.39990320e-05  5.21641398e-02  1.99990910e+00 
 5.21741398e-02  4.99994443e-08  5.21741398e-02  2.95857797e-02  5.21741398e-02  4.39990320e-05  5.21741398e-02  1.99990910e+00 
 5.21841398e-02  4.99994427e-08  5.21841398e-02  2.95857797e-02  5.21841398e-02  4.39990320e-05  5.21841398e-02  1.99990910e+00 
 5.21941398e-02  4.99994437e-08  5.21941398e-02  2.95857798e-02  5.21941398e-02  4.39990320e-05  5.21941398e-02  1.99990910e+00 
 5.22041398e-02  4.99994431e-08  5.22041398e-02  2.95857799e-02  5.22041398e-02  4.39990320e-05  5.22041398e-02  1.99990910e+00 
 5.22141398e-02  4.99994439e-08  5.22141398e-02  2.95857799e-02  5.22141398e-02  4.39990320e-05  5.22141398e-02  1.99990910e+00 
 5.22241398e-02  4.99994442e-08  5.22241398e-02  2.95857800e-02  5.22241398e-02  4.39990320e-05  5.22241398e-02  1.99990910e+00 
 5.22341398e-02  4.99994442e-08  5.22341398e-02  2.95857800e-02  5.22341398e-02  4.39990320e-05  5.22341398e-02  1.99990910e+00 
 5.22441398e-02  4.99994425e-08  5.22441398e-02  2.95857801e-02  5.22441398e-02  4.39990320e-05  5.22441398e-02  1.99990910e+00 
 5.22541398e-02  4.99994437e-08  5.22541398e-02  2.95857802e-02  5.22541398e-02  4.39990320e-05  5.22541398e-02  1.99990910e+00 
 5.22641398e-02  4.99994434e-08  5.22641398e-02  2.95857802e-02  5.22641398e-02  4.39990320e-05  5.22641398e-02  1.99990910e+00 
 5.22741398e-02  4.99994440e-08  5.22741398e-02  2.95857803e-02  5.22741398e-02  4.39990320e-05  5.22741398e-02  1.99990910e+00 
 5.22841398e-02  4.99994437e-08  5.22841398e-02  2.95857804e-02  5.22841398e-02  4.39990320e-05  5.22841398e-02  1.99990910e+00 
 5.22941398e-02  4.99994438e-08  5.22941398e-02  2.95857804e-02  5.22941398e-02  4.39990320e-05  5.22941398e-02  1.99990910e+00 
 5.23041398e-02  4.99994431e-08  5.23041398e-02  2.95857805e-02  5.23041398e-02  4.39990320e-05  5.23041398e-02  1.99990910e+00 
 5.23141398e-02  4.99994437e-08  5.23141398e-02  2.95857805e-02  5.23141398e-02  4.39990320e-05  5.23141398e-02  1.99990910e+00 
 5.23241398e-02  4.99994438e-08  5.23241398e-02  2.95857806e-02  5.23241398e-02  4.39990320e-05  5.23241398e-02  1.99990910e+00 
 5.23341398e-02  4.99994443e-08  5.23341398e-02  2.95857807e-02  5.23341398e-02  4.39990320e-05  5.23341398e-02  1.99990910e+00 
 5.23441398e-02  4.99994430e-08  5.23441398e-02  2.95857807e-02  5.23441398e-02  4.39990320e-05  5.23441398e-02  1.99990910e+00 
 5.23541398e-02  4.99994439e-08  5.23541398e-02  2.95857808e-02  5.23541398e-02  4.39990320e-05  5.23541398e-02  1.99990910e+00 
 5.23641398e-02  4.99994427e-08  5.23641398e-02  2.95857808e-02  5.23641398e-02  4.39990320e-05  5.23641398e-02  1.99990910e+00 
 5.23741398e-02  4.99994433e-08  5.23741398e-02  2.95857809e-02  5.23741398e-02  4.39990320e-05  5.23741398e-02  1.99990910e+00 
 5.23841398e-02  4.99994444e-08  5.23841398e-02  2.95857810e-02  5.23841398e-02  4.39990320e-05  5.23841398e-02  1.99990910e+00 
 5.23941398e-02  4.99994432e-08  5.23941398e-02  2.95857810e-02  5.23941398e-02  4.39990320e-05  5.23941398e-02  1.99990910e+00 
 5.24041398e-02  4.99994434e-08  5.24041398e-02  2.95857811e-02  5.24041398e-02  4.39990320e-05  5.24041398e-02  1.99990910e+00 
 5.24141398e-02  4.99994441e-08  5.24141398e-02  2.95857811e-02  5.24141398e-02  4.39990320e-05  5.24141398e-02  1.99990910e+00 
 5.24241398e-02  4.99994430e-08  5.24241398e-02  2.95857812e-02  5.24241398e-02  4.39990320e-05  5.24241398e-02  1.99990910e+00 
 5.24341398e-02  4.99994438e-08  5.24341398e-02  2.95857813e-02  5.24341398e-02  4.39990320e-05  5.24341398e-02  1.99990910e+00 
 5.24441398e-02  4.99994425e-08  5.24441398e-02  2.95857813e-02  5.24441398e-02  4.39990320e-05  5.24441398e-02  1.99990910e+00 
 5.24541398e-02  4.99994433e-08  5.24541398e-02  2.95857814e-02  5.24541398e-02  4.39990320e-05  5.24541398e-02  1.99990910e+00 
 5.24641398e-02  4.99994426e-08  5.24641398e-02  2.95857814e-02  5.24641398e-02  4.39990320e-05  5.24641398e-02  1.99990910e+00 
 5.24741398e-02  4.99994441e-08  5.24741398e-02  2.95857815e-02  5.24741398e-02  4.39990320e-05  5.24741398e-02  1.99990910e+00 
 5.24841398e-02  4.99994428e-08  5.24841398e-02  2.95857816e-02  5.24841398e-02  4.39990320e-05  5.24841398e-02  1.99990910e+00 
 5.24941398e-02  4.99994429e-08  5.24941398e-02  2.95857816e-02  5.24941398e-02  4.39990320e-05  5.24941398e-02  1.99990910e+00 
 5.25041398e-02  4.99994440e-08  5.25041398e-02  2.95857817e-02  5.25041398e-02  4.39990320e-05  5.25041398e-02  1.99990910e+00 
 5.25141398e-02  4.99994435e-08  5.25141398e-02  2.95857817e-02  5.25141398e-02  4.39990320e-05  5.25141398e-02  1.99990910e+00 
 5.25241398e-02  4.99994443e-08  5.25241398e-02  2.95857818e-02  5.25241398e-02  4.39990320e-05  5.25241398e-02  1.99990910e+00 
 5.25341398e-02  4.99994441e-08  5.25341398e-02  2.95857818e-02  5.25341398e-02  4.39990320e-05  5.25341398e-02  1.99990910e+00 
 5.25441398e-02  4.99994437e-08  5.25441398e-02  2.95857819e-02  5.25441398e-02  4.39990320e-05  5.25441398e-02  1.99990910e+00 
 5.25541398e-02  4.99994425e-08  5.25541398e-02  2.95857820e-02  5.25541398e-02  4.39990320e-05  5.25541398e-02  1.99990910e+00 
 5.25641398e-02  4.99994436e-08  5.25641398e-02  2.95857820e-02  5.25641398e-02  4.39990320e-05  5.25641398e-02  1.99990910e+00 
 5.25741398e-02  4.99994427e-08  5.25741398e-02  2.95857821e-02  5.25741398e-02  4.39990320e-05  5.25741398e-02  1.99990910e+00 
 5.25841398e-02  4.99994435e-08  5.25841398e-02  2.95857821e-02  5.25841398e-02  4.39990320e-05  5.25841398e-02  1.99990910e+00 
 5.25941398e-02  4.99994444e-08  5.25941398e-02  2.95857822e-02  5.25941398e-02  4.39990320e-05  5.25941398e-02  1.99990910e+00 
 5.26041398e-02  4.99994428e-08  5.26041398e-02  2.95857822e-02  5.26041398e-02  4.39990320e-05  5.26041398e-02  1.99990910e+00 
 5.26141398e-02  4.99994432e-08  5.26141398e-02  2.95857823e-02  5.26141398e-02  4.39990320e-05  5.26141398e-02  1.99990910e+00 
 5.26241398e-02  4.99994425e-08  5.26241398e-02  2.95857824e-02  5.26241398e-02  4.39990320e-05  5.26241398e-02  1.99990910e+00 
 5.26341398e-02  4.99994442e-08  5.26341398e-02  2.95857824e-02  5.26341398e-02  4.39990320e-05  5.26341398e-02  1.99990910e+00 
 5.26441398e-02  4.99994432e-08  5.26441398e-02  2.95857825e-02  5.26441398e-02  4.39990320e-05  5.26441398e-02  1.99990910e+00 
 5.26541398e-02  4.99994428e-08  5.26541398e-02  2.95857825e-02  5.26541398e-02  4.39990320e-05  5.26541398e-02  1.99990910e+00 
 5.26641398e-02  4.99994434e-08  5.26641398e-02  2.95857826e-02  5.26641398e-02  4.39990320e-05  5.26641398e-02  1.99990910e+00 
 5.26741398e-02  4.99994433e-08  5.26741398e-02  2.95857826e-02  5.26741398e-02  4.39990320e-05  5.26741398e-02  1.99990910e+00 
 5.26841398e-02  4.99994440e-08  5.26841398e-02  2.95857827e-02  5.26841398e-02  4.39990320e-05  5.26841398e-02  1.99990910e+00 
 5.26941398e-02  4.99994435e-08  5.26941398e-02  2.95857827e-02  5.26941398e-02  4.39990320e-05  5.26941398e-02  1.99990910e+00 
 5.27041398e-02  4.99994435e-08  5.27041398e-02  2.95857828e-02  5.27041398e-02  4.39990320e-05  5.27041398e-02  1.99990910e+00 
 5.27141398e-02  4.99994431e-08  5.27141398e-02  2.95857828e-02  5.27141398e-02  4.39990320e-05  5.27141398e-02  1.99990910e+00 
 5.27241398e-02  4.99994442e-08  5.27241398e-02  2.95857829e-02  5.27241398e-02  4.39990320e-05  5.27241398e-02  1.99990910e+00 
 5.27341398e-02  4.99994441e-08  5.27341398e-02  2.95857829e-02  5.27341398e-02  4.39990320e-05  5.27341398e-02  1.99990910e+00 
 5.27441398e-02  4.99994435e-08  5.27441398e-02  2.95857830e-02  5.27441398e-02  4.39990320e-05  5.27441398e-02  1.99990910e+00 
 5.27541398e-02  4.99994443e-08  5.27541398e-02  2.95857831e-02  5.27541398e-02  4.39990320e-05  5.27541398e-02  1.99990910e+00 
 5.27641398e-02  4.99994440e-08  5.27641398e-02  2.95857831e-02  5.27641398e-02  4.39990320e-05  5.27641398e-02  1.99990910e+00 
 5.27741398e-02  4.99994435e-08  5.27741398e-02  2.95857832e-02  5.27741398e-02  4.39990320e-05  5.27741398e-02  1.99990910e+00 
 5.27841398e-02  4.99994425e-08  5.27841398e-02  2.95857832e-02  5.27841398e-02  4.39990320e-05  5.27841398e-02  1.99990910e+00 
 5.27941398e-02  4.99994439e-08  5.27941398e-02  2.95857833e-02  5.27941398e-02  4.39990320e-05  5.27941398e-02  1.99990910e+00 
 5.28041398e-02  4.99994429e-08  5.28041398e-02  2.95857833e-02  5.28041398e-02  4.39990320e-05  5.28041398e-02  1.99990910e+00 
 5.28141398e-02  4.99994431e-08  5.28141398e-02  2.95857834e-02  5.28141398e-02  4.39990320e-05  5.28141398e-02  1.99990910e+00 
 5.28241398e-02  4.99994440e-08  5.28241398e-02  2.95857834e-02  5.28241398e-02  4.39990320e-05  5.28241398e-02  1.99990910e+00 
 5.28341398e-02  4.99994432e-08  5.28341398e-02  2.95857835e-02  5.28341398e-02  4.39990320e-05  5.28341398e-02  1.99990910e+00 
 5.28441398e-02  4.99994441e-08  5.28441398e-02  2.95857835e-02  5.28441398e-02  4.39990320e-05  5.28441398e-02  1.99990910e+00 
 5.28541398e-02  4.99994445e-08  5.28541398e-02  2.95857836e-02  5.28541398e-02  4.39990320e-05  5.28541398e-02  1.99990910e+00 
 5.28641398e-02  4.99994443e-08  5.28641398e-02  2.95857836e-02  5.28641398e-02  4.39990320e-05  5.28641398e-02  1.99990910e+00 
 5.28741398e-02  4.99994442e-08  5.28741398e-02  2.95857837e-02  5.28741398e-02  4.39990320e-05  5.28741398e-02  1.99990910e+00 
 5.28841398e-02  4.99994428e-08  5.28841398e-02  2.95857837e-02  5.28841398e-02  4.39990320e-05  5.28841398e-02  1.99990910e+00 
 5.28941398e-02  4.99994442e-08  5.28941398e-02  2.95857838e-02  5.28941398e-02  4.39990320e-05  5.28941398e-02  1.99990910e+00 
 5.29041398e-02  4.99994432e-08  5.29041398e-02  2.95857838e-02  5.29041398e-02  4.39990320e-05  5.29041398e-02  1.99990910e+00 
 5.29141398e-02  4.99994432e-08  5.29141398e-02  2.95857839e-02  5.29141398e-02  4.39990320e-05  5.29141398e-02  1.99990910e+00 
 5.29241398e-02  4.99994436e-08  5.29241398e-02  2.95857839e-02  5.29241398e-02  4.39990320e-05  5.29241398e-02  1.99990910e+00 
 5.29341398e-02  4.99994429e-08  5.29341398e-02  2.95857840e-02  5.29341398e-02  4.39990320e-05  5.29341398e-02  1.99990910e+00 
 5.29441398e-02  4.99994435e-08  5.29441398e-02  2.95857840e-02  5.29441398e-02  4.39990320e-05  5.29441398e-02  1.99990910e+00 
 5.29541398e-02  4.99994439e-08  5.29541398e-02  2.95857841e-02  5.29541398e-02  4.39990320e-05  5.29541398e-02  1.99990910e+00 
 5.29641398e-02  4.99994444e-08  5.29641398e-02  2.95857841e-02  5.29641398e-02  4.39990320e-05  5.29641398e-02  1.99990910e+00 
 5.29741398e-02  4.99994430e-08  5.29741398e-02  2.95857842e-02  5.29741398e-02  4.39990320e-05  5.29741398e-02  1.99990910e+00 
 5.29841398e-02  4.99994436e-08  5.29841398e-02  2.95857842e-02  5.29841398e-02  4.39990320e-05  5.29841398e-02  1.99990910e+00 
 5.29941398e-02  4.99994426e-08  5.29941398e-02  2.95857843e-02  5.29941398e-02  4.39990320e-05  5.29941398e-02  1.99990910e+00 
 5.30041398e-02  4.99994437e-08  5.30041398e-02  2.95857843e-02  5.30041398e-02  4.39990320e-05  5.30041398e-02  1.99990910e+00 
 5.30141398e-02  4.99994427e-08  5.30141398e-02  2.95857844e-02  5.30141398e-02  4.39990320e-05  5.30141398e-02  1.99990910e+00 
 5.30241398e-02  4.99994434e-08  5.30241398e-02  2.95857844e-02  5.30241398e-02  4.39990320e-05  5.30241398e-02  1.99990910e+00 
 5.30341398e-02  4.99994445e-08  5.30341398e-02  2.95857845e-02  5.30341398e-02  4.39990320e-05  5.30341398e-02  1.99990910e+00 
 5.30441398e-02  4.99994430e-08  5.30441398e-02  2.95857845e-02  5.30441398e-02  4.39990320e-05  5.30441398e-02  1.99990910e+00 
 5.30541398e-02  4.99994432e-08  5.30541398e-02  2.95857846e-02  5.30541398e-02  4.39990320e-05  5.30541398e-02  1.99990910e+00 
 5.30641398e-02  4.99994443e-08  5.30641398e-02  2.95857846e-02  5.30641398e-02  4.39990320e-05  5.30641398e-02  1.99990910e+00 
 5.30741398e-02  4.99994434e-08  5.30741398e-02  2.95857847e-02  5.30741398e-02  4.39990320e-05  5.30741398e-02  1.99990910e+00 
 5.30841398e-02  4.99994437e-08  5.30841398e-02  2.95857847e-02  5.30841398e-02  4.39990320e-05  5.30841398e-02  1.99990910e+00 
 5.30941398e-02  4.99994439e-08  5.30941398e-02  2.95857848e-02  5.30941398e-02  4.39990320e-05  5.30941398e-02  1.99990910e+00 
 5.31041398e-02  4.99994445e-08  5.31041398e-02  2.95857848e-02  5.31041398e-02  4.39990320e-05  5.31041398e-02  1.99990910e+00 
 5.31141398e-02  4.99994431e-08  5.31141398e-02  2.95857849e-02  5.31141398e-02  4.39990320e-05  5.31141398e-02  1.99990910e+00 
 5.31241398e-02  4.99994437e-08  5.31241398e-02  2.95857849e-02  5.31241398e-02  4.39990320e-05  5.31241398e-02  1.99990910e+00 
 5.31341398e-02  4.99994446e-08  5.31341398e-02  2.95857849e-02  5.31341398e-02  4.39990320e-05  5.31341398e-02  1.99990910e+00 
 5.31441398e-02  4.99994428e-08  5.31441398e-02  2.95857850e-02  5.31441398e-02  4.39990320e-05  5.31441398e-02  1.99990910e+00 
 5.31541398e-02  4.99994431e-08  5.31541398e-02  2.95857850e-02  5.31541398e-02  4.39990320e-05  5.31541398e-02  1.99990910e+00 
 5.31641398e-02  4.99994445e-08  5.31641398e-02  2.95857851e-02  5.31641398e-02  4.39990320e-05  5.31641398e-02  1.99990910e+00 
 5.31741398e-02  4.99994437e-08  5.31741398e-02  2.95857851e-02  5.31741398e-02  4.39990320e-05  5.31741398e-02  1.99990910e+00 
 5.31841398e-02  4.99994436e-08  5.31841398e-02  2.95857852e-02  5.31841398e-02  4.39990320e-05  5.31841398e-02  1.99990910e+00 
 5.31941398e-02  4.99994434e-08  5.31941398e-02  2.95857852e-02  5.31941398e-02  4.39990320e-05  5.31941398e-02  1.99990910e+00 
 5.32041398e-02  4.99994424e-08  5.32041398e-02  2.95857853e-02  5.32041398e-02  4.39990320e-05  5.32041398e-02  1.99990910e+00 
 5.32141398e-02  4.99994436e-08  5.32141398e-02  2.95857853e-02  5.32141398e-02  4.39990320e-05  5.32141398e-02  1.99990910e+00 
 5.32241398e-02  4.99994427e-08  5.32241398e-02  2.95857854e-02  5.32241398e-02  4.39990320e-05  5.32241398e-02  1.99990910e+00 
 5.32341398e-02  4.99994434e-08  5.32341398e-02  2.95857854e-02  5.32341398e-02  4.39990320e-05  5.32341398e-02  1.99990910e+00 
 5.32441398e-02  4.99994444e-08  5.32441398e-02  2.95857854e-02  5.32441398e-02  4.39990320e-05  5.32441398e-02  1.99990910e+00 
 5.32541398e-02  4.99994428e-08  5.32541398e-02  2.95857855e-02  5.32541398e-02  4.39990320e-05  5.32541398e-02  1.99990910e+00 
 5.32641398e-02  4.99994433e-08  5.32641398e-02  2.95857855e-02  5.32641398e-02  4.39990320e-05  5.32641398e-02  1.99990910e+00 
 5.32741398e-02  4.99994446e-08  5.32741398e-02  2.95857856e-02  5.32741398e-02  4.39990320e-05  5.32741398e-02  1.99990910e+00 
 5.32841398e-02  4.99994434e-08  5.32841398e-02  2.95857856e-02  5.32841398e-02  4.39990320e-05  5.32841398e-02  1.99990910e+00 
 5.32941398e-02  4.99994433e-08  5.32941398e-02  2.95857857e-02  5.32941398e-02  4.39990320e-05  5.32941398e-02  1.99990910e+00 
 5.33041398e-02  4.99994437e-08  5.33041398e-02  2.95857857e-02  5.33041398e-02  4.39990320e-05  5.33041398e-02  1.99990910e+00 
 5.33141398e-02  4.99994429e-08  5.33141398e-02  2.95857858e-02  5.33141398e-02  4.39990320e-05  5.33141398e-02  1.99990910e+00 
 5.33241398e-02  4.99994434e-08  5.33241398e-02  2.95857858e-02  5.33241398e-02  4.39990320e-05  5.33241398e-02  1.99990910e+00 
 5.33341398e-02  4.99994440e-08  5.33341398e-02  2.95857858e-02  5.33341398e-02  4.39990320e-05  5.33341398e-02  1.99990910e+00 
 5.33441398e-02  4.99994426e-08  5.33441398e-02  2.95857859e-02  5.33441398e-02  4.39990320e-05  5.33441398e-02  1.99990910e+00 
 5.33541398e-02  4.99994438e-08  5.33541398e-02  2.95857859e-02  5.33541398e-02  4.39990320e-05  5.33541398e-02  1.99990910e+00 
 5.33641398e-02  4.99994430e-08  5.33641398e-02  2.95857860e-02  5.33641398e-02  4.39990320e-05  5.33641398e-02  1.99990910e+00 
 5.33741398e-02  4.99994436e-08  5.33741398e-02  2.95857860e-02  5.33741398e-02  4.39990320e-05  5.33741398e-02  1.99990910e+00 
 5.33841398e-02  4.99994441e-08  5.33841398e-02  2.95857861e-02  5.33841398e-02  4.39990320e-05  5.33841398e-02  1.99990910e+00 
 5.33941398e-02  4.99994425e-08  5.33941398e-02  2.95857861e-02  5.33941398e-02  4.39990320e-05  5.33941398e-02  1.99990910e+00 
 5.34041398e-02  4.99994435e-08  5.34041398e-02  2.95857861e-02  5.34041398e-02  4.39990320e-05  5.34041398e-02  1.99990910e+00 
 5.34141398e-02  4.99994432e-08  5.34141398e-02  2.95857862e-02  5.34141398e-02  4.39990320e-05  5.34141398e-02  1.99990910e+00 
 5.34241398e-02  4.99994441e-08  5.34241398e-02  2.95857862e-02  5.34241398e-02  4.39990320e-05  5.34241398e-02  1.99990910e+00 
 5.34341398e-02  4.99994442e-08  5.34341398e-02  2.95857863e-02  5.34341398e-02  4.39990320e-05  5.34341398e-02  1.99990910e+00 
 5.34441398e-02  4.99994438e-08  5.34441398e-02  2.95857863e-02  5.34441398e-02  4.39990320e-05  5.34441398e-02  1.99990910e+00 
 5.34541398e-02  4.99994444e-08  5.34541398e-02  2.95857864e-02  5.34541398e-02  4.39990320e-05  5.34541398e-02  1.99990910e+00 
 5.34641398e-02  4.99994436e-08  5.34641398e-02  2.95857864e-02  5.34641398e-02  4.39990320e-05  5.34641398e-02  1.99990910e+00 
 5.34741398e-02  4.99994442e-08  5.34741398e-02  2.95857864e-02  5.34741398e-02  4.39990320e-05  5.34741398e-02  1.99990910e+00 
 5.34841398e-02  4.99994441e-08  5.34841398e-02  2.95857865e-02  5.34841398e-02  4.39990320e-05  5.34841398e-02  1.99990910e+00 
 5.34941398e-02  4.99994439e-08  5.34941398e-02  2.95857865e-02  5.34941398e-02  4.39990320e-05  5.34941398e-02  1.99990910e+00 
 5.35041398e-02  4.99994426e-08  5.35041398e-02  2.95857866e-02  5.35041398e-02  4.39990320e-05  5.35041398e-02  1.99990910e+00 
 5.35141398e-02  4.99994433e-08  5.35141398e-02  2.95857866e-02  5.35141398e-02  4.39990320e-05  5.35141398e-02  1.99990910e+00 
 5.35241398e-02  4.99994445e-08  5.35241398e-02  2.95857866e-02  5.35241398e-02  4.39990320e-05  5.35241398e-02  1.99990910e+00 
 5.35341398e-02  4.99994430e-08  5.35341398e-02  2.95857867e-02  5.35341398e-02  4.39990320e-05  5.35341398e-02  1.99990910e+00 
 5.35441398e-02  4.99994431e-08  5.35441398e-02  2.95857867e-02  5.35441398e-02  4.39990320e-05  5.35441398e-02  1.99990910e+00 
 5.35541398e-02  4.99994442e-08  5.35541398e-02  2.95857868e-02  5.35541398e-02  4.39990320e-05  5.35541398e-02  1.99990910e+00 
 5.35641398e-02  4.99994435e-08  5.35641398e-02  2.95857868e-02  5.35641398e-02  4.39990320e-05  5.35641398e-02  1.99990910e+00 
 5.35741398e-02  4.99994439e-08  5.35741398e-02  2.95857868e-02  5.35741398e-02  4.39990320e-05  5.35741398e-02  1.99990910e+00 
 5.35841398e-02  4.99994440e-08  5.35841398e-02  2.95857869e-02  5.35841398e-02  4.39990320e-05  5.35841398e-02  1.99990910e+00 
 5.35941398e-02  4.99994442e-08  5.35941398e-02  2.95857869e-02  5.35941398e-02  4.39990320e-05  5.35941398e-02  1.99990910e+00 
 5.36041398e-02  4.99994429e-08  5.36041398e-02  2.95857870e-02  5.36041398e-02  4.39990320e-05  5.36041398e-02  1.99990910e+00 
 5.36141398e-02  4.99994440e-08  5.36141398e-02  2.95857870e-02  5.36141398e-02  4.39990320e-05  5.36141398e-02  1.99990910e+00 
 5.36241398e-02  4.99994430e-08  5.36241398e-02  2.95857870e-02  5.36241398e-02  4.39990320e-05  5.36241398e-02  1.99990910e+00 
 5.36341398e-02  4.99994433e-08  5.36341398e-02  2.95857871e-02  5.36341398e-02  4.39990320e-05  5.36341398e-02  1.99990910e+00 
 5.36441398e-02  4.99994441e-08  5.36441398e-02  2.95857871e-02  5.36441398e-02  4.39990320e-05  5.36441398e-02  1.99990910e+00 
 5.36541398e-02  4.99994430e-08  5.36541398e-02  2.95857872e-02  5.36541398e-02  4.39990320e-05  5.36541398e-02  1.99990910e+00 
 5.36641398e-02  4.99994439e-08  5.36641398e-02  2.95857872e-02  5.36641398e-02  4.39990320e-05  5.36641398e-02  1.99990910e+00 
 5.36741398e-02  4.99994425e-08  5.36741398e-02  2.95857872e-02  5.36741398e-02  4.39990320e-05  5.36741398e-02  1.99990910e+00 
 5.36841398e-02  4.99994432e-08  5.36841398e-02  2.95857873e-02  5.36841398e-02  4.39990320e-05  5.36841398e-02  1.99990910e+00 
 5.36941398e-02  4.99994426e-08  5.36941398e-02  2.95857873e-02  5.36941398e-02  4.39990320e-05  5.36941398e-02  1.99990910e+00 
 5.37041398e-02  4.99994441e-08  5.37041398e-02  2.95857874e-02  5.37041398e-02  4.39990320e-05  5.37041398e-02  1.99990910e+00 
 5.37141398e-02  4.99994429e-08  5.37141398e-02  2.95857874e-02  5.37141398e-02  4.39990320e-05  5.37141398e-02  1.99990910e+00 
 5.37241398e-02  4.99994428e-08  5.37241398e-02  2.95857874e-02  5.37241398e-02  4.39990320e-05  5.37241398e-02  1.99990910e+00 
 5.37341398e-02  4.99994439e-08  5.37341398e-02  2.95857875e-02  5.37341398e-02  4.39990320e-05  5.37341398e-02  1.99990910e+00 
 5.37441398e-02  4.99994436e-08  5.37441398e-02  2.95857875e-02  5.37441398e-02  4.39990320e-05  5.37441398e-02  1.99990910e+00 
 5.37541398e-02  4.99994444e-08  5.37541398e-02  2.95857876e-02  5.37541398e-02  4.39990320e-05  5.37541398e-02  1.99990910e+00 
 5.37641398e-02  4.99994440e-08  5.37641398e-02  2.95857876e-02  5.37641398e-02  4.39990320e-05  5.37641398e-02  1.99990910e+00 
 5.37741398e-02  4.99994444e-08  5.37741398e-02  2.95857876e-02  5.37741398e-02  4.39990320e-05  5.37741398e-02  1.99990910e+00 
 5.37841398e-02  4.99994437e-08  5.37841398e-02  2.95857877e-02  5.37841398e-02  4.39990320e-05  5.37841398e-02  1.99990910e+00 
 5.37941398e-02  4.99994444e-08  5.37941398e-02  2.95857877e-02  5.37941398e-02  4.39990320e-05  5.37941398e-02  1.99990910e+00 
 5.38041398e-02  4.99994442e-08  5.38041398e-02  2.95857877e-02  5.38041398e-02  4.39990320e-05  5.38041398e-02  1.99990910e+00 
 5.38141398e-02  4.99994437e-08  5.38141398e-02  2.95857878e-02  5.38141398e-02  4.39990320e-05  5.38141398e-02  1.99990910e+00 
 5.38241398e-02  4.99994445e-08  5.38241398e-02  2.95857878e-02  5.38241398e-02  4.39990320e-05  5.38241398e-02  1.99990910e+00 
 5.38341398e-02  4.99994439e-08  5.38341398e-02  2.95857878e-02  5.38341398e-02  4.39990320e-05  5.38341398e-02  1.99990910e+00 
 5.38441398e-02  4.99994443e-08  5.38441398e-02  2.95857879e-02  5.38441398e-02  4.39990320e-05  5.38441398e-02  1.99990910e+00 
 5.38541398e-02  4.99994437e-08  5.38541398e-02  2.95857879e-02  5.38541398e-02  4.39990320e-05  5.38541398e-02  1.99990910e+00 
 5.38641398e-02  4.99994436e-08  5.38641398e-02  2.95857880e-02  5.38641398e-02  4.39990320e-05  5.38641398e-02  1.99990910e+00 
 5.38741398e-02  4.99994430e-08  5.38741398e-02  2.95857880e-02  5.38741398e-02  4.39990320e-05  5.38741398e-02  1.99990910e+00 
 5.38841398e-02  4.99994440e-08  5.38841398e-02  2.95857880e-02  5.38841398e-02  4.39990320e-05  5.38841398e-02  1.99990910e+00 
 5.38941398e-02  4.99994443e-08  5.38941398e-02  2.95857881e-02  5.38941398e-02  4.39990320e-05  5.38941398e-02  1.99990910e+00 
 5.39041398e-02  4.99994439e-08  5.39041398e-02  2.95857881e-02  5.39041398e-02  4.39990320e-05  5.39041398e-02  1.99990910e+00 
 5.39141398e-02  4.99994443e-08  5.39141398e-02  2.95857881e-02  5.39141398e-02  4.39990320e-05  5.39141398e-02  1.99990910e+00 
 5.39241398e-02  4.99994434e-08  5.39241398e-02  2.95857882e-02  5.39241398e-02  4.39990320e-05  5.39241398e-02  1.99990910e+00 
 5.39341398e-02  4.99994443e-08  5.39341398e-02  2.95857882e-02  5.39341398e-02  4.39990320e-05  5.39341398e-02  1.99990910e+00 
 5.39441398e-02  4.99994446e-08  5.39441398e-02  2.95857882e-02  5.39441398e-02  4.39990320e-05  5.39441398e-02  1.99990910e+00 
 5.39541398e-02  4.99994440e-08  5.39541398e-02  2.95857883e-02  5.39541398e-02  4.39990320e-05  5.39541398e-02  1.99990910e+00 
 5.39641398e-02  4.99994440e-08  5.39641398e-02  2.95857883e-02  5.39641398e-02  4.39990320e-05  5.39641398e-02  1.99990910e+00 
 5.39741398e-02  4.99994432e-08  5.39741398e-02  2.95857884e-02  5.39741398e-02  4.39990320e-05  5.39741398e-02  1.99990910e+00 
 5.39841398e-02  4.99994437e-08  5.39841398e-02  2.95857884e-02  5.39841398e-02  4.39990320e-05  5.39841398e-02  1.99990910e+00 
 5.39941398e-02  4.99994438e-08  5.39941398e-02  2.95857884e-02  5.39941398e-02  4.39990320e-05  5.39941398e-02  1.99990910e+00 
 5.40041398e-02  4.99994443e-08  5.40041398e-02  2.95857885e-02  5.40041398e-02  4.39990320e-05  5.40041398e-02  1.99990910e+00 
 5.40141398e-02  4.99994431e-08  5.40141398e-02  2.95857885e-02  5.40141398e-02  4.39990320e-05  5.40141398e-02  1.99990910e+00 
 5.40241398e-02  4.99994439e-08  5.40241398e-02  2.95857885e-02  5.40241398e-02  4.39990320e-05  5.40241398e-02  1.99990910e+00 
 5.40341398e-02  4.99994426e-08  5.40341398e-02  2.95857886e-02  5.40341398e-02  4.39990320e-05  5.40341398e-02  1.99990910e+00 
 5.40441398e-02  4.99994433e-08  5.40441398e-02  2.95857886e-02  5.40441398e-02  4.39990320e-05  5.40441398e-02  1.99990910e+00 
 5.40541398e-02  4.99994446e-08  5.40541398e-02  2.95857886e-02  5.40541398e-02  4.39990320e-05  5.40541398e-02  1.99990910e+00 
 5.40641398e-02  4.99994433e-08  5.40641398e-02  2.95857887e-02  5.40641398e-02  4.39990320e-05  5.40641398e-02  1.99990910e+00 
 5.40741398e-02  4.99994432e-08  5.40741398e-02  2.95857887e-02  5.40741398e-02  4.39990320e-05  5.40741398e-02  1.99990910e+00 
 5.40841398e-02  4.99994439e-08  5.40841398e-02  2.95857887e-02  5.40841398e-02  4.39990320e-05  5.40841398e-02  1.99990910e+00 
 5.40941398e-02  4.99994432e-08  5.40941398e-02  2.95857888e-02  5.40941398e-02  4.39990320e-05  5.40941398e-02  1.99990910e+00 
 5.41041398e-02  4.99994443e-08  5.41041398e-02  2.95857888e-02  5.41041398e-02  4.39990320e-05  5.41041398e-02  1.99990910e+00 
 5.41141398e-02  4.99994425e-08  5.41141398e-02  2.95857888e-02  5.41141398e-02  4.39990320e-05  5.41141398e-02  1.99990910e+00 
 5.41241398e-02  4.99994426e-08  5.41241398e-02  2.95857889e-02  5.41241398e-02  4.39990320e-05  5.41241398e-02  1.99990910e+00 
 5.41341398e-02  4.99994444e-08  5.41341398e-02  2.95857889e-02  5.41341398e-02  4.39990320e-05  5.41341398e-02  1.99990910e+00 
 5.41441398e-02  4.99994442e-08  5.41441398e-02  2.95857889e-02  5.41441398e-02  4.39990320e-05  5.41441398e-02  1.99990910e+00 
 5.41541398e-02  4.99994440e-08  5.41541398e-02  2.95857890e-02  5.41541398e-02  4.39990320e-05  5.41541398e-02  1.99990910e+00 
 5.41641398e-02  4.99994428e-08  5.41641398e-02  2.95857890e-02  5.41641398e-02  4.39990320e-05  5.41641398e-02  1.99990910e+00 
 5.41741398e-02  4.99994434e-08  5.41741398e-02  2.95857890e-02  5.41741398e-02  4.39990320e-05  5.41741398e-02  1.99990910e+00 
 5.41841398e-02  4.99994444e-08  5.41841398e-02  2.95857891e-02  5.41841398e-02  4.39990320e-05  5.41841398e-02  1.99990910e+00 
 5.41941398e-02  4.99994429e-08  5.41941398e-02  2.95857891e-02  5.41941398e-02  4.39990320e-05  5.41941398e-02  1.99990910e+00 
 5.42041398e-02  4.99994433e-08  5.42041398e-02  2.95857891e-02  5.42041398e-02  4.39990320e-05  5.42041398e-02  1.99990910e+00 
 5.42141398e-02  4.99994445e-08  5.42141398e-02  2.95857892e-02  5.42141398e-02  4.39990320e-05  5.42141398e-02  1.99990910e+00 
 5.42241398e-02  4.99994433e-08  5.42241398e-02  2.95857892e-02  5.42241398e-02  4.39990320e-05  5.42241398e-02  1.99990910e+00 
 5.42341398e-02  4.99994434e-08  5.42341398e-02  2.95857892e-02  5.42341398e-02  4.39990320e-05  5.42341398e-02  1.99990910e+00 
 5.42441398e-02  4.99994439e-08  5.42441398e-02  2.95857893e-02  5.42441398e-02  4.39990320e-05  5.42441398e-02  1.99990910e+00 
 5.42541398e-02  4.99994428e-08  5.42541398e-02  2.95857893e-02  5.42541398e-02  4.39990320e-05  5.42541398e-02  1.99990910e+00 
 5.42641398e-02  4.99994440e-08  5.42641398e-02  2.95857893e-02  5.42641398e-02  4.39990320e-05  5.42641398e-02  1.99990910e+00 
 5.42741398e-02  4.99994429e-08  5.42741398e-02  2.95857894e-02  5.42741398e-02  4.39990320e-05  5.42741398e-02  1.99990910e+00 
 5.42841398e-02  4.99994431e-08  5.42841398e-02  2.95857894e-02  5.42841398e-02  4.39990320e-05  5.42841398e-02  1.99990910e+00 
 5.42941398e-02  4.99994440e-08  5.42941398e-02  2.95857894e-02  5.42941398e-02  4.39990320e-05  5.42941398e-02  1.99990910e+00 
 5.43041398e-02  4.99994432e-08  5.43041398e-02  2.95857894e-02  5.43041398e-02  4.39990320e-05  5.43041398e-02  1.99990910e+00 
 5.43141398e-02  4.99994440e-08  5.43141398e-02  2.95857895e-02  5.43141398e-02  4.39990320e-05  5.43141398e-02  1.99990910e+00 
 5.43241398e-02  4.99994444e-08  5.43241398e-02  2.95857895e-02  5.43241398e-02  4.39990320e-05  5.43241398e-02  1.99990910e+00 
 5.43341398e-02  4.99994443e-08  5.43341398e-02  2.95857895e-02  5.43341398e-02  4.39990320e-05  5.43341398e-02  1.99990910e+00 
 5.43441398e-02  4.99994443e-08  5.43441398e-02  2.95857896e-02  5.43441398e-02  4.39990320e-05  5.43441398e-02  1.99990910e+00 
 5.43541398e-02  4.99994428e-08  5.43541398e-02  2.95857896e-02  5.43541398e-02  4.39990320e-05  5.43541398e-02  1.99990910e+00 
 5.43641398e-02  4.99994440e-08  5.43641398e-02  2.95857896e-02  5.43641398e-02  4.39990320e-05  5.43641398e-02  1.99990910e+00 
 5.43741398e-02  4.99994431e-08  5.43741398e-02  2.95857897e-02  5.43741398e-02  4.39990320e-05  5.43741398e-02  1.99990910e+00 
 5.43841398e-02  4.99994435e-08  5.43841398e-02  2.95857897e-02  5.43841398e-02  4.39990320e-05  5.43841398e-02  1.99990910e+00 
 5.43941398e-02  4.99994439e-08  5.43941398e-02  2.95857897e-02  5.43941398e-02  4.39990320e-05  5.43941398e-02  1.99990910e+00 
 5.44041398e-02  4.99994426e-08  5.44041398e-02  2.95857898e-02  5.44041398e-02  4.39990320e-05  5.44041398e-02  1.99990910e+00 
 5.44141398e-02  4.99994439e-08  5.44141398e-02  2.95857898e-02  5.44141398e-02  4.39990320e-05  5.44141398e-02  1.99990910e+00 
 5.44241398e-02  4.99994431e-08  5.44241398e-02  2.95857898e-02  5.44241398e-02  4.39990320e-05  5.44241398e-02  1.99990910e+00 
 5.44341398e-02  4.99994434e-08  5.44341398e-02  2.95857898e-02  5.44341398e-02  4.39990320e-05  5.44341398e-02  1.99990910e+00 
 5.44441398e-02  4.99994438e-08  5.44441398e-02  2.95857899e-02  5.44441398e-02  4.39990320e-05  5.44441398e-02  1.99990910e+00 
 5.44541398e-02  4.99994426e-08  5.44541398e-02  2.95857899e-02  5.44541398e-02  4.39990320e-05  5.44541398e-02  1.99990910e+00 
 5.44641398e-02  4.99994440e-08  5.44641398e-02  2.95857899e-02  5.44641398e-02  4.39990320e-05  5.44641398e-02  1.99990910e+00 
 5.44741398e-02  4.99994432e-08  5.44741398e-02  2.95857900e-02  5.44741398e-02  4.39990320e-05  5.44741398e-02  1.99990910e+00 
 5.44841398e-02  4.99994434e-08  5.44841398e-02  2.95857900e-02  5.44841398e-02  4.39990320e-05  5.44841398e-02  1.99990910e+00 
 5.44941398e-02  4.99994436e-08  5.44941398e-02  2.95857900e-02  5.44941398e-02  4.39990320e-05  5.44941398e-02  1.99990910e+00 
 5.45041398e-02  4.99994426e-08  5.45041398e-02  2.95857901e-02  5.45041398e-02  4.39990320e-05  5.45041398e-02  1.99990910e+00 
 5.45141398e-02  4.99994443e-08  5.45141398e-02  2.95857901e-02  5.45141398e-02  4.39990320e-05  5.45141398e-02  1.99990910e+00 
 5.45241398e-02  4.99994434e-08  5.45241398e-02  2.95857901e-02  5.45241398e-02  4.39990320e-05  5.45241398e-02  1.99990910e+00 
 5.45341398e-02  4.99994429e-08  5.45341398e-02  2.95857901e-02  5.45341398e-02  4.39990320e-05  5.45341398e-02  1.99990910e+00 
 5.45441398e-02  4.99994432e-08  5.45441398e-02  2.95857902e-02  5.45441398e-02  4.39990320e-05  5.45441398e-02  1.99990910e+00 
 5.45541398e-02  4.99994431e-08  5.45541398e-02  2.95857902e-02  5.45541398e-02  4.39990320e-05  5.45541398e-02  1.99990910e+00 
 5.45641398e-02  4.99994442e-08  5.45641398e-02  2.95857902e-02  5.45641398e-02  4.39990320e-05  5.45641398e-02  1.99990910e+00 
 5.45741398e-02  4.99994440e-08  5.45741398e-02  2.95857903e-02  5.45741398e-02  4.39990320e-05  5.45741398e-02  1.99990910e+00 
 5.45841398e-02  4.99994435e-08  5.45841398e-02  2.95857903e-02  5.45841398e-02  4.39990320e-05  5.45841398e-02  1.99990910e+00 
 5.45941398e-02  4.99994445e-08  5.45941398e-02  2.95857903e-02  5.45941398e-02  4.39990320e-05  5.45941398e-02  1.99990910e+00 
 5.46041398e-02  4.99994441e-08  5.46041398e-02  2.95857903e-02  5.46041398e-02  4.39990320e-05  5.46041398e-02  1.99990910e+00 
 5.46141398e-02  4.99994444e-08  5.46141398e-02  2.95857904e-02  5.46141398e-02  4.39990320e-05  5.46141398e-02  1.99990910e+00 
 5.46241398e-02  4.99994435e-08  5.46241398e-02  2.95857904e-02  5.46241398e-02  4.39990320e-05  5.46241398e-02  1.99990910e+00 
 5.46341398e-02  4.99994443e-08  5.46341398e-02  2.95857904e-02  5.46341398e-02  4.39990320e-05  5.46341398e-02  1.99990910e+00 
 5.46441398e-02  4.99994445e-08  5.46441398e-02  2.95857905e-02  5.46441398e-02  4.39990320e-05  5.46441398e-02  1.99990910e+00 
 5.46541398e-02  4.99994440e-08  5.46541398e-02  2.95857905e-02  5.46541398e-02  4.39990320e-05  5.46541398e-02  1.99990910e+00 
 5.46641398e-02  4.99994441e-08  5.46641398e-02  2.95857905e-02  5.46641398e-02  4.39990320e-05  5.46641398e-02  1.99990910e+00 
 5.46741398e-02  4.99994433e-08  5.46741398e-02  2.95857905e-02  5.46741398e-02  4.39990320e-05  5.46741398e-02  1.99990910e+00 
 5.46841398e-02  4.99994434e-08  5.46841398e-02  2.95857906e-02  5.46841398e-02  4.39990320e-05  5.46841398e-02  1.99990910e+00 
 5.46941398e-02  4.99994436e-08  5.46941398e-02  2.95857906e-02  5.46941398e-02  4.39990320e-05  5.46941398e-02  1.99990910e+00 
 5.47041398e-02  4.99994424e-08  5.47041398e-02  2.95857906e-02  5.47041398e-02  4.39990320e-05  5.47041398e-02  1.99990910e+00 
 5.47141398e-02  4.99994442e-08  5.47141398e-02  2.95857906e-02  5.47141398e-02  4.39990320e-05  5.47141398e-02  1.99990910e+00 
 5.47241398e-02  4.99994436e-08  5.47241398e-02  2.95857907e-02  5.47241398e-02  4.39990320e-05  5.47241398e-02  1.99990910e+00 
 5.47341398e-02  4.99994432e-08  5.47341398e-02  2.95857907e-02  5.47341398e-02  4.39990320e-05  5.47341398e-02  1.99990910e+00 
 5.47441398e-02  4.99994429e-08  5.47441398e-02  2.95857907e-02  5.47441398e-02  4.39990320e-05  5.47441398e-02  1.99990910e+00 
 5.47541398e-02  4.99994425e-08  5.47541398e-02  2.95857908e-02  5.47541398e-02  4.39990320e-05  5.47541398e-02  1.99990910e+00 
 5.47641398e-02  4.99994443e-08  5.47641398e-02  2.95857908e-02  5.47641398e-02  4.39990320e-05  5.47641398e-02  1.99990910e+00 
 5.47741398e-02  4.99994428e-08  5.47741398e-02  2.95857908e-02  5.47741398e-02  4.39990320e-05  5.47741398e-02  1.99990910e+00 
 5.47841398e-02  4.99994423e-08  5.47841398e-02  2.95857908e-02  5.47841398e-02  4.39990320e-05  5.47841398e-02  1.99990910e+00 
 5.47941398e-02  4.99994436e-08  5.47941398e-02  2.95857909e-02  5.47941398e-02  4.39990320e-05  5.47941398e-02  1.99990910e+00 
 5.48041398e-02  4.99994442e-08  5.48041398e-02  2.95857909e-02  5.48041398e-02  4.39990320e-05  5.48041398e-02  1.99990910e+00 
 5.48141398e-02  4.99994442e-08  5.48141398e-02  2.95857909e-02  5.48141398e-02  4.39990320e-05  5.48141398e-02  1.99990910e+00 
 5.48241398e-02  4.99994443e-08  5.48241398e-02  2.95857909e-02  5.48241398e-02  4.39990320e-05  5.48241398e-02  1.99990910e+00 
 5.48341398e-02  4.99994429e-08  5.48341398e-02  2.95857910e-02  5.48341398e-02  4.39990320e-05  5.48341398e-02  1.99990910e+00 
 5.48441398e-02  4.99994441e-08  5.48441398e-02  2.95857910e-02  5.48441398e-02  4.39990320e-05  5.48441398e-02  1.99990910e+00 
 5.48541398e-02  4.99994430e-08  5.48541398e-02  2.95857910e-02  5.48541398e-02  4.39990320e-05  5.48541398e-02  1.99990910e+00 
 5.48641398e-02  4.99994433e-08  5.48641398e-02  2.95857910e-02  5.48641398e-02  4.39990320e-05  5.48641398e-02  1.99990910e+00 
 5.48741398e-02  4.99994439e-08  5.48741398e-02  2.95857911e-02  5.48741398e-02  4.39990320e-05  5.48741398e-02  1.99990910e+00 
 5.48841398e-02  4.99994430e-08  5.48841398e-02  2.95857911e-02  5.48841398e-02  4.39990320e-05  5.48841398e-02  1.99990910e+00 
 5.48941398e-02  4.99994440e-08  5.48941398e-02  2.95857911e-02  5.48941398e-02  4.39990320e-05  5.48941398e-02  1.99990910e+00 
 5.49041398e-02  4.99994427e-08  5.49041398e-02  2.95857912e-02  5.49041398e-02  4.39990320e-05  5.49041398e-02  1.99990910e+00 
 5.49141398e-02  4.99994430e-08  5.49141398e-02  2.95857912e-02  5.49141398e-02  4.39990320e-05  5.49141398e-02  1.99990910e+00 
 5.49241398e-02  4.99994444e-08  5.49241398e-02  2.95857912e-02  5.49241398e-02  4.39990320e-05  5.49241398e-02  1.99990910e+00 
 5.49341398e-02  4.99994435e-08  5.49341398e-02  2.95857912e-02  5.49341398e-02  4.39990320e-05  5.49341398e-02  1.99990910e+00 
 5.49441398e-02  4.99994436e-08  5.49441398e-02  2.95857913e-02  5.49441398e-02  4.39990320e-05  5.49441398e-02  1.99990910e+00 
 5.49541398e-02  4.99994437e-08  5.49541398e-02  2.95857913e-02  5.49541398e-02  4.39990320e-05  5.49541398e-02  1.99990910e+00 
 5.49641398e-02  4.99994445e-08  5.49641398e-02  2.95857913e-02  5.49641398e-02  4.39990320e-05  5.49641398e-02  1.99990910e+00 
 5.49741398e-02  4.99994435e-08  5.49741398e-02  2.95857913e-02  5.49741398e-02  4.39990320e-05  5.49741398e-02  1.99990910e+00 
 5.49841398e-02  4.99994439e-08  5.49841398e-02  2.95857914e-02  5.49841398e-02  4.39990320e-05  5.49841398e-02  1.99990910e+00 
 5.49941398e-02  4.99994441e-08  5.49941398e-02  2.95857914e-02  5.49941398e-02  4.39990320e-05  5.49941398e-02  1.99990910e+00 
 5.50041398e-02  4.99994444e-08  5.50041398e-02  2.95857914e-02  5.50041398e-02  4.39990320e-05  5.50041398e-02  1.99990910e+00 
 5.50141398e-02  4.99994428e-08  5.50141398e-02  2.95857914e-02  5.50141398e-02  4.39990320e-05  5.50141398e-02  1.99990910e+00 
 5.50241398e-02  4.99994437e-08  5.50241398e-02  2.95857915e-02  5.50241398e-02  4.39990320e-05  5.50241398e-02  1.99990910e+00 
 5.50341398e-02  4.99994429e-08  5.50341398e-02  2.95857915e-02  5.50341398e-02  4.39990320e-05  5.50341398e-02  1.99990910e+00 
 5.50441398e-02  4.99994438e-08  5.50441398e-02  2.95857915e-02  5.50441398e-02  4.39990320e-05  5.50441398e-02  1.99990910e+00 
 5.50541398e-02  4.99994444e-08  5.50541398e-02  2.95857915e-02  5.50541398e-02  4.39990320e-05  5.50541398e-02  1.99990910e+00 
 5.50641398e-02  4.99994445e-08  5.50641398e-02  2.95857915e-02  5.50641398e-02  4.39990320e-05  5.50641398e-02  1.99990910e+00 
 5.50741398e-02  4.99994445e-08  5.50741398e-02  2.95857916e-02  5.50741398e-02  4.39990320e-05  5.50741398e-02  1.99990910e+00 
 5.50841398e-02  4.99994426e-08  5.50841398e-02  2.95857916e-02  5.50841398e-02  4.39990320e-05  5.50841398e-02  1.99990910e+00 
 5.50941398e-02  4.99994437e-08  5.50941398e-02  2.95857916e-02  5.50941398e-02  4.39990320e-05  5.50941398e-02  1.99990910e+00 
 5.51041398e-02  4.99994433e-08  5.51041398e-02  2.95857916e-02  5.51041398e-02  4.39990320e-05  5.51041398e-02  1.99990910e+00 
 5.51141398e-02  4.99994440e-08  5.51141398e-02  2.95857917e-02  5.51141398e-02  4.39990320e-05  5.51141398e-02  1.99990910e+00 
 5.51241398e-02  4.99994440e-08  5.51241398e-02  2.95857917e-02  5.51241398e-02  4.39990320e-05  5.51241398e-02  1.99990910e+00 
 5.51341398e-02  4.99994439e-08  5.51341398e-02  2.95857917e-02  5.51341398e-02  4.39990320e-05  5.51341398e-02  1.99990910e+00 
 5.51441398e-02  4.99994427e-08  5.51441398e-02  2.95857917e-02  5.51441398e-02  4.39990320e-05  5.51441398e-02  1.99990910e+00 
 5.51541398e-02  4.99994434e-08  5.51541398e-02  2.95857918e-02  5.51541398e-02  4.39990320e-05  5.51541398e-02  1.99990910e+00 
 5.51641398e-02  4.99994444e-08  5.51641398e-02  2.95857918e-02  5.51641398e-02  4.39990320e-05  5.51641398e-02  1.99990910e+00 
 5.51741398e-02  4.99994429e-08  5.51741398e-02  2.95857918e-02  5.51741398e-02  4.39990320e-05  5.51741398e-02  1.99990910e+00 
 5.51841398e-02  4.99994432e-08  5.51841398e-02  2.95857918e-02  5.51841398e-02  4.39990320e-05  5.51841398e-02  1.99990910e+00 
 5.51941398e-02  4.99994444e-08  5.51941398e-02  2.95857919e-02  5.51941398e-02  4.39990320e-05  5.51941398e-02  1.99990910e+00 
 5.52041398e-02  4.99994434e-08  5.52041398e-02  2.95857919e-02  5.52041398e-02  4.39990320e-05  5.52041398e-02  1.99990910e+00 
 5.52141398e-02  4.99994436e-08  5.52141398e-02  2.95857919e-02  5.52141398e-02  4.39990320e-05  5.52141398e-02  1.99990910e+00 
 5.52241398e-02  4.99994440e-08  5.52241398e-02  2.95857919e-02  5.52241398e-02  4.39990320e-05  5.52241398e-02  1.99990910e+00 
 5.52341398e-02  4.99994426e-08  5.52341398e-02  2.95857920e-02  5.52341398e-02  4.39990320e-05  5.52341398e-02  1.99990910e+00 
 5.52441398e-02  4.99994439e-08  5.52441398e-02  2.95857920e-02  5.52441398e-02  4.39990320e-05  5.52441398e-02  1.99990910e+00 
 5.52541398e-02  4.99994432e-08  5.52541398e-02  2.95857920e-02  5.52541398e-02  4.39990320e-05  5.52541398e-02  1.99990910e+00 
 5.52641398e-02  4.99994435e-08  5.52641398e-02  2.95857920e-02  5.52641398e-02  4.39990320e-05  5.52641398e-02  1.99990910e+00 
 5.52741398e-02  4.99994438e-08  5.52741398e-02  2.95857920e-02  5.52741398e-02  4.39990320e-05  5.52741398e-02  1.99990910e+00 
 5.52841398e-02  4.99994424e-08  5.52841398e-02  2.95857921e-02  5.52841398e-02  4.39990320e-05  5.52841398e-02  1.99990910e+00 
 5.52941398e-02  4.99994440e-08  5.52941398e-02  2.95857921e-02  5.52941398e-02  4.39990320e-05  5.52941398e-02  1.99990910e+00 
 5.53041398e-02  4.99994435e-08  5.53041398e-02  2.95857921e-02  5.53041398e-02  4.39990320e-05  5.53041398e-02  1.99990910e+00 
 5.53141398e-02  4.99994436e-08  5.53141398e-02  2.95857921e-02  5.53141398e-02  4.39990320e-05  5.53141398e-02  1.99990910e+00 
 5.53241398e-02  4.99994434e-08  5.53241398e-02  2.95857922e-02  5.53241398e-02  4.39990320e-05  5.53241398e-02  1.99990910e+00 
 5.53341398e-02  4.99994443e-08  5.53341398e-02  2.95857922e-02  5.53341398e-02  4.39990320e-05  5.53341398e-02  1.99990910e+00 
 5.53441398e-02  4.99994438e-08  5.53441398e-02  2.95857922e-02  5.53441398e-02  4.39990320e-05  5.53441398e-02  1.99990910e+00 
 5.53541398e-02  4.99994443e-08  5.53541398e-02  2.95857922e-02  5.53541398e-02  4.39990320e-05  5.53541398e-02  1.99990910e+00 
 5.53641398e-02  4.99994438e-08  5.53641398e-02  2.95857922e-02  5.53641398e-02  4.39990320e-05  5.53641398e-02  1.99990910e+00 
 5.53741398e-02  4.99994436e-08  5.53741398e-02  2.95857923e-02  5.53741398e-02  4.39990320e-05  5.53741398e-02  1.99990910e+00 
 5.53841398e-02  4.99994428e-08  5.53841398e-02  2.95857923e-02  5.53841398e-02  4.39990320e-05  5.53841398e-02  1.99990910e+00 
 5.53941398e-02  4.99994439e-08  5.53941398e-02  2.95857923e-02  5.53941398e-02  4.39990320e-05  5.53941398e-02  1.99990910e+00 
 5.54041398e-02  4.99994445e-08  5.54041398e-02  2.95857923e-02  5.54041398e-02  4.39990320e-05  5.54041398e-02  1.99990910e+00 
 5.54141398e-02  4.99994442e-08  5.54141398e-02  2.95857924e-02  5.54141398e-02  4.39990320e-05  5.54141398e-02  1.99990910e+00 
 5.54241398e-02  4.99994441e-08  5.54241398e-02  2.95857924e-02  5.54241398e-02  4.39990320e-05  5.54241398e-02  1.99990910e+00 
 5.54341398e-02  4.99994428e-08  5.54341398e-02  2.95857924e-02  5.54341398e-02  4.39990320e-05  5.54341398e-02  1.99990910e+00 
 5.54441398e-02  4.99994443e-08  5.54441398e-02  2.95857924e-02  5.54441398e-02  4.39990320e-05  5.54441398e-02  1.99990910e+00 
 5.54541398e-02  4.99994433e-08  5.54541398e-02  2.95857924e-02  5.54541398e-02  4.39990320e-05  5.54541398e-02  1.99990910e+00 
 5.54641398e-02  4.99994429e-08  5.54641398e-02  2.95857925e-02  5.54641398e-02  4.39990320e-05  5.54641398e-02  1.99990910e+00 
 5.54741398e-02  4.99994434e-08  5.54741398e-02  2.95857925e-02  5.54741398e-02  4.39990320e-05  5.54741398e-02  1.99990910e+00 
 5.54841398e-02  4.99994432e-08  5.54841398e-02  2.95857925e-02  5.54841398e-02  4.39990320e-05  5.54841398e-02  1.99990910e+00 
 5.54941398e-02  4.99994440e-08  5.54941398e-02  2.95857925e-02  5.54941398e-02  4.39990320e-05  5.54941398e-02  1.99990910e+00 
 5.55041398e-02  4.99994437e-08  5.55041398e-02  2.95857925e-02  5.55041398e-02  4.39990320e-05  5.55041398e-02  1.99990910e+00 
 5.55141398e-02  4.99994437e-08  5.55141398e-02  2.95857926e-02  5.55141398e-02  4.39990320e-05  5.55141398e-02  1.99990910e+00 
 5.55241398e-02  4.99994428e-08  5.55241398e-02  2.95857926e-02  5.55241398e-02  4.39990320e-05  5.55241398e-02  1.99990910e+00 
 5.55341398e-02  4.99994437e-08  5.55341398e-02  2.95857926e-02  5.55341398e-02  4.39990320e-05  5.55341398e-02  1.99990910e+00 
 5.55441398e-02  4.99994443e-08  5.55441398e-02  2.95857926e-02  5.55441398e-02  4.39990320e-05  5.55441398e-02  1.99990910e+00 
 5.55541398e-02  4.99994444e-08  5.55541398e-02  2.95857926e-02  5.55541398e-02  4.39990320e-05  5.55541398e-02  1.99990910e+00 
 5.55641398e-02  4.99994444e-08  5.55641398e-02  2.95857927e-02  5.55641398e-02  4.39990320e-05  5.55641398e-02  1.99990910e+00 
 5.55741398e-02  4.99994427e-08  5.55741398e-02  2.95857927e-02  5.55741398e-02  4.39990320e-05  5.55741398e-02  1.99990910e+00 
 5.55841398e-02  4.99994437e-08  5.55841398e-02  2.95857927e-02  5.55841398e-02  4.39990320e-05  5.55841398e-02  1.99990910e+00 
 5.55941398e-02  4.99994432e-08  5.55941398e-02  2.95857927e-02  5.55941398e-02  4.39990320e-05  5.55941398e-02  1.99990910e+00 
 5.56041398e-02  4.99994440e-08  5.56041398e-02  2.95857927e-02  5.56041398e-02  4.39990320e-05  5.56041398e-02  1.99990910e+00 
 5.56141398e-02  4.99994440e-08  5.56141398e-02  2.95857928e-02  5.56141398e-02  4.39990320e-05  5.56141398e-02  1.99990910e+00 
 5.56241398e-02  4.99994440e-08  5.56241398e-02  2.95857928e-02  5.56241398e-02  4.39990320e-05  5.56241398e-02  1.99990910e+00 
 5.56341398e-02  4.99994426e-08  5.56341398e-02  2.95857928e-02  5.56341398e-02  4.39990320e-05  5.56341398e-02  1.99990910e+00 
 5.56441398e-02  4.99994442e-08  5.56441398e-02  2.95857928e-02  5.56441398e-02  4.39990320e-05  5.56441398e-02  1.99990910e+00 
 5.56541398e-02  4.99994434e-08  5.56541398e-02  2.95857928e-02  5.56541398e-02  4.39990320e-05  5.56541398e-02  1.99990910e+00 
 5.56641398e-02  4.99994433e-08  5.56641398e-02  2.95857929e-02  5.56641398e-02  4.39990320e-05  5.56641398e-02  1.99990910e+00 
 5.56741398e-02  4.99994433e-08  5.56741398e-02  2.95857929e-02  5.56741398e-02  4.39990320e-05  5.56741398e-02  1.99990910e+00 
 5.56841398e-02  4.99994426e-08  5.56841398e-02  2.95857929e-02  5.56841398e-02  4.39990320e-05  5.56841398e-02  1.99990910e+00 
 5.56941398e-02  4.99994437e-08  5.56941398e-02  2.95857929e-02  5.56941398e-02  4.39990320e-05  5.56941398e-02  1.99990910e+00 
 5.57041398e-02  4.99994446e-08  5.57041398e-02  2.95857929e-02  5.57041398e-02  4.39990320e-05  5.57041398e-02  1.99990910e+00 
 5.57141398e-02  4.99994445e-08  5.57141398e-02  2.95857930e-02  5.57141398e-02  4.39990320e-05  5.57141398e-02  1.99990910e+00 
 5.57241398e-02  4.99994441e-08  5.57241398e-02  2.95857930e-02  5.57241398e-02  4.39990320e-05  5.57241398e-02  1.99990910e+00 
 5.57341398e-02  4.99994445e-08  5.57341398e-02  2.95857930e-02  5.57341398e-02  4.39990320e-05  5.57341398e-02  1.99990910e+00 
 5.57441398e-02  4.99994434e-08  5.57441398e-02  2.95857930e-02  5.57441398e-02  4.39990320e-05  5.57441398e-02  1.99990910e+00 
 5.57541398e-02  4.99994441e-08  5.57541398e-02  2.95857930e-02  5.57541398e-02  4.39990320e-05  5.57541398e-02  1.99990910e+00 
 5.57641398e-02  4.99994444e-08  5.57641398e-02  2.95857931e-02  5.57641398e-02  4.39990320e-05  5.57641398e-02  1.99990910e+00 
 5.57741398e-02  4.99994443e-08  5.57741398e-02  2.95857931e-02  5.57741398e-02  4.39990320e-05  5.57741398e-02  1.99990910e+00 
 5.57841398e-02  4.99994444e-08  5.57841398e-02  2.95857931e-02  5.57841398e-02  4.39990320e-05  5.57841398e-02  1.99990910e+00 
 5.57941398e-02  4.99994430e-08  5.57941398e-02  2.95857931e-02  5.57941398e-02  4.39990320e-05  5.57941398e-02  1.99990910e+00 
 5.58041398e-02  4.99994439e-08  5.58041398e-02  2.95857931e-02  5.58041398e-02  4.39990320e-05  5.58041398e-02  1.99990910e+00 
 5.58141398e-02  4.99994428e-08  5.58141398e-02  2.95857932e-02  5.58141398e-02  4.39990320e-05  5.58141398e-02  1.99990910e+00 
 5.58241398e-02  4.99994435e-08  5.58241398e-02  2.95857932e-02  5.58241398e-02  4.39990320e-05  5.58241398e-02  1.99990910e+00 
 5.58341398e-02  4.99994444e-08  5.58341398e-02  2.95857932e-02  5.58341398e-02  4.39990320e-05  5.58341398e-02  1.99990910e+00 
 5.58441398e-02  4.99994429e-08  5.58441398e-02  2.95857932e-02  5.58441398e-02  4.39990320e-05  5.58441398e-02  1.99990910e+00 
 5.58541398e-02  4.99994433e-08  5.58541398e-02  2.95857932e-02  5.58541398e-02  4.39990320e-05  5.58541398e-02  1.99990910e+00 
 5.58641398e-02  4.99994425e-08  5.58641398e-02  2.95857933e-02  5.58641398e-02  4.39990320e-05  5.58641398e-02  1.99990910e+00 
 5.58741398e-02  4.99994441e-08  5.58741398e-02  2.95857933e-02  5.58741398e-02  4.39990320e-05  5.58741398e-02  1.99990910e+00 
 5.58841398e-02  4.99994431e-08  5.58841398e-02  2.95857933e-02  5.58841398e-02  4.39990320e-05  5.58841398e-02  1.99990910e+00 
 5.58941398e-02  4.99994431e-08  5.58941398e-02  2.95857933e-02  5.58941398e-02  4.39990320e-05  5.58941398e-02  1.99990910e+00 
 5.59041398e-02  4.99994436e-08  5.59041398e-02  2.95857933e-02  5.59041398e-02  4.39990320e-05  5.59041398e-02  1.99990910e+00 
 5.59141398e-02  4.99994431e-08  5.59141398e-02  2.95857933e-02  5.59141398e-02  4.39990320e-05  5.59141398e-02  1.99990910e+00 
 5.59241398e-02  4.99994436e-08  5.59241398e-02  2.95857934e-02  5.59241398e-02  4.39990320e-05  5.59241398e-02  1.99990910e+00 
 5.59341398e-02  4.99994437e-08  5.59341398e-02  2.95857934e-02  5.59341398e-02  4.39990320e-05  5.59341398e-02  1.99990910e+00 
 5.59441398e-02  4.99994443e-08  5.59441398e-02  2.95857934e-02  5.59441398e-02  4.39990320e-05  5.59441398e-02  1.99990910e+00 
 5.59541398e-02  4.99994433e-08  5.59541398e-02  2.95857934e-02  5.59541398e-02  4.39990320e-05  5.59541398e-02  1.99990910e+00 
 5.59641398e-02  4.99994440e-08  5.59641398e-02  2.95857934e-02  5.59641398e-02  4.39990320e-05  5.59641398e-02  1.99990910e+00 
 5.59741398e-02  4.99994445e-08  5.59741398e-02  2.95857935e-02  5.59741398e-02  4.39990320e-05  5.59741398e-02  1.99990910e+00 
 5.59841398e-02  4.99994443e-08  5.59841398e-02  2.95857935e-02  5.59841398e-02  4.39990320e-05  5.59841398e-02  1.99990910e+00 
 5.59941398e-02  4.99994443e-08  5.59941398e-02  2.95857935e-02  5.59941398e-02  4.39990320e-05  5.59941398e-02  1.99990910e+00 
 5.60041398e-02  4.99994428e-08  5.60041398e-02  2.95857935e-02  5.60041398e-02  4.39990320e-05  5.60041398e-02  1.99990910e+00 
 5.60141398e-02  4.99994440e-08  5.60141398e-02  2.95857935e-02  5.60141398e-02  4.39990320e-05  5.60141398e-02  1.99990910e+00 
 5.60241398e-02  4.99994432e-08  5.60241398e-02  2.95857935e-02  5.60241398e-02  4.39990320e-05  5.60241398e-02  1.99990910e+00 
 5.60341398e-02  4.99994435e-08  5.60341398e-02  2.95857936e-02  5.60341398e-02  4.39990320e-05  5.60341398e-02  1.99990910e+00 
 5.60441398e-02  4.99994439e-08  5.60441398e-02  2.95857936e-02  5.60441398e-02  4.39990320e-05  5.60441398e-02  1.99990910e+00 
 5.60541398e-02  4.99994425e-08  5.60541398e-02  2.95857936e-02  5.60541398e-02  4.39990320e-05  5.60541398e-02  1.99990910e+00 
 5.60641398e-02  4.99994439e-08  5.60641398e-02  2.95857936e-02  5.60641398e-02  4.39990320e-05  5.60641398e-02  1.99990910e+00 
 5.60741398e-02  4.99994433e-08  5.60741398e-02  2.95857936e-02  5.60741398e-02  4.39990320e-05  5.60741398e-02  1.99990910e+00 
 5.60841398e-02  4.99994435e-08  5.60841398e-02  2.95857936e-02  5.60841398e-02  4.39990320e-05  5.60841398e-02  1.99990910e+00 
 5.60941398e-02  4.99994436e-08  5.60941398e-02  2.95857937e-02  5.60941398e-02  4.39990320e-05  5.60941398e-02  1.99990910e+00 
 5.61041398e-02  4.99994424e-08  5.61041398e-02  2.95857937e-02  5.61041398e-02  4.39990320e-05  5.61041398e-02  1.99990910e+00 
 5.61141398e-02  4.99994443e-08  5.61141398e-02  2.95857937e-02  5.61141398e-02  4.39990320e-05  5.61141398e-02  1.99990910e+00 
 5.61241398e-02  4.99994427e-08  5.61241398e-02  2.95857937e-02  5.61241398e-02  4.39990320e-05  5.61241398e-02  1.99990910e+00 
 5.61341398e-02  4.99994430e-08  5.61341398e-02  2.95857937e-02  5.61341398e-02  4.39990320e-05  5.61341398e-02  1.99990910e+00 
 5.61441398e-02  4.99994426e-08  5.61441398e-02  2.95857937e-02  5.61441398e-02  4.39990320e-05  5.61441398e-02  1.99990910e+00 
 5.61541398e-02  4.99994436e-08  5.61541398e-02  2.95857938e-02  5.61541398e-02  4.39990320e-05  5.61541398e-02  1.99990910e+00 
 5.61641398e-02  4.99994440e-08  5.61641398e-02  2.95857938e-02  5.61641398e-02  4.39990320e-05  5.61641398e-02  1.99990910e+00 
 5.61741398e-02  4.99994443e-08  5.61741398e-02  2.95857938e-02  5.61741398e-02  4.39990320e-05  5.61741398e-02  1.99990910e+00 
 5.61841398e-02  4.99994426e-08  5.61841398e-02  2.95857938e-02  5.61841398e-02  4.39990320e-05  5.61841398e-02  1.99990910e+00 
 5.61941398e-02  4.99994437e-08  5.61941398e-02  2.95857938e-02  5.61941398e-02  4.39990320e-05  5.61941398e-02  1.99990910e+00 
 5.62041398e-02  4.99994432e-08  5.62041398e-02  2.95857938e-02  5.62041398e-02  4.39990320e-05  5.62041398e-02  1.99990910e+00 
 5.62141398e-02  4.99994439e-08  5.62141398e-02  2.95857939e-02  5.62141398e-02  4.39990320e-05  5.62141398e-02  1.99990910e+00 
 5.62241398e-02  4.99994441e-08  5.62241398e-02  2.95857939e-02  5.62241398e-02  4.39990320e-05  5.62241398e-02  1.99990910e+00 
 5.62341398e-02  4.99994441e-08  5.62341398e-02  2.95857939e-02  5.62341398e-02  4.39990320e-05  5.62341398e-02  1.99990910e+00 
 5.62441398e-02  4.99994426e-08  5.62441398e-02  2.95857939e-02  5.62441398e-02  4.39990320e-05  5.62441398e-02  1.99990910e+00 
 5.62541398e-02  4.99994440e-08  5.62541398e-02  2.95857939e-02  5.62541398e-02  4.39990320e-05  5.62541398e-02  1.99990910e+00 
 5.62641398e-02  4.99994434e-08  5.62641398e-02  2.95857939e-02  5.62641398e-02  4.39990320e-05  5.62641398e-02  1.99990910e+00 
 5.62741398e-02  4.99994435e-08  5.62741398e-02  2.95857940e-02  5.62741398e-02  4.39990320e-05  5.62741398e-02  1.99990910e+00 
 5.62841398e-02  4.99994434e-08  5.62841398e-02  2.95857940e-02  5.62841398e-02  4.39990320e-05  5.62841398e-02  1.99990910e+00 
 5.62941398e-02  4.99994424e-08  5.62941398e-02  2.95857940e-02  5.62941398e-02  4.39990320e-05  5.62941398e-02  1.99990910e+00 
 5.63041398e-02  4.99994434e-08  5.63041398e-02  2.95857940e-02  5.63041398e-02  4.39990320e-05  5.63041398e-02  1.99990910e+00 
 5.63141398e-02  4.99994426e-08  5.63141398e-02  2.95857940e-02  5.63141398e-02  4.39990320e-05  5.63141398e-02  1.99990910e+00 
 5.63241398e-02  4.99994436e-08  5.63241398e-02  2.95857940e-02  5.63241398e-02  4.39990320e-05  5.63241398e-02  1.99990910e+00 
 5.63341398e-02  4.99994425e-08  5.63341398e-02  2.95857941e-02  5.63341398e-02  4.39990320e-05  5.63341398e-02  1.99990910e+00 
 5.63441398e-02  4.99994434e-08  5.63441398e-02  2.95857941e-02  5.63441398e-02  4.39990320e-05  5.63441398e-02  1.99990910e+00 
 5.63541398e-02  4.99994426e-08  5.63541398e-02  2.95857941e-02  5.63541398e-02  4.39990320e-05  5.63541398e-02  1.99990910e+00 
 5.63641398e-02  4.99994437e-08  5.63641398e-02  2.95857941e-02  5.63641398e-02  4.39990320e-05  5.63641398e-02  1.99990910e+00 
 5.63741398e-02  4.99994426e-08  5.63741398e-02  2.95857941e-02  5.63741398e-02  4.39990320e-05  5.63741398e-02  1.99990910e+00 
 5.63841398e-02  4.99994433e-08  5.63841398e-02  2.95857941e-02  5.63841398e-02  4.39990320e-05  5.63841398e-02  1.99990910e+00 
 5.63941398e-02  4.99994445e-08  5.63941398e-02  2.95857941e-02  5.63941398e-02  4.39990320e-05  5.63941398e-02  1.99990910e+00 
 5.64041398e-02  4.99994432e-08  5.64041398e-02  2.95857942e-02  5.64041398e-02  4.39990320e-05  5.64041398e-02  1.99990910e+00 
 5.64141398e-02  4.99994433e-08  5.64141398e-02  2.95857942e-02  5.64141398e-02  4.39990320e-05  5.64141398e-02  1.99990910e+00 
 5.64241398e-02  4.99994440e-08  5.64241398e-02  2.95857942e-02  5.64241398e-02  4.39990320e-05  5.64241398e-02  1.99990910e+00 
 5.64341398e-02  4.99994431e-08  5.64341398e-02  2.95857942e-02  5.64341398e-02  4.39990320e-05  5.64341398e-02  1.99990910e+00 
 5.64441398e-02  4.99994440e-08  5.64441398e-02  2.95857942e-02  5.64441398e-02  4.39990320e-05  5.64441398e-02  1.99990910e+00 
 5.64541398e-02  4.99994446e-08  5.64541398e-02  2.95857942e-02  5.64541398e-02  4.39990320e-05  5.64541398e-02  1.99990910e+00 
 5.64641398e-02  4.99994444e-08  5.64641398e-02  2.95857943e-02  5.64641398e-02  4.39990320e-05  5.64641398e-02  1.99990910e+00 
 5.64741398e-02  4.99994441e-08  5.64741398e-02  2.95857943e-02  5.64741398e-02  4.39990320e-05  5.64741398e-02  1.99990910e+00 
 5.64841398e-02  4.99994426e-08  5.64841398e-02  2.95857943e-02  5.64841398e-02  4.39990320e-05  5.64841398e-02  1.99990910e+00 
 5.64941398e-02  4.99994442e-08  5.64941398e-02  2.95857943e-02  5.64941398e-02  4.39990320e-05  5.64941398e-02  1.99990910e+00 
 5.65041398e-02  4.99994435e-08  5.65041398e-02  2.95857943e-02  5.65041398e-02  4.39990320e-05  5.65041398e-02  1.99990910e+00 
 5.65141398e-02  4.99994434e-08  5.65141398e-02  2.95857943e-02  5.65141398e-02  4.39990320e-05  5.65141398e-02  1.99990910e+00 
 5.65241398e-02  4.99994432e-08  5.65241398e-02  2.95857943e-02  5.65241398e-02  4.39990320e-05  5.65241398e-02  1.99990910e+00 
 5.65341398e-02  4.99994424e-08  5.65341398e-02  2.95857944e-02  5.65341398e-02  4.39990320e-05  5.65341398e-02  1.99990910e+00 
 5.65441398e-02  4.99994438e-08  5.65441398e-02  2.95857944e-02  5.65441398e-02  4.39990320e-05  5.65441398e-02  1.99990910e+00 
 5.65541398e-02  4.99994427e-08  5.65541398e-02  2.95857944e-02  5.65541398e-02  4.39990320e-05  5.65541398e-02  1.99990910e+00 
 5.65641398e-02  4.99994430e-08  5.65641398e-02  2.95857944e-02  5.65641398e-02  4.39990320e-05  5.65641398e-02  1.99990910e+00 
 5.65741398e-02  4.99994441e-08  5.65741398e-02  2.95857944e-02  5.65741398e-02  4.39990320e-05  5.65741398e-02  1.99990910e+00 
 5.65841398e-02  4.99994434e-08  5.65841398e-02  2.95857944e-02  5.65841398e-02  4.39990320e-05  5.65841398e-02  1.99990910e+00 
 5.65941398e-02  4.99994439e-08  5.65941398e-02  2.95857944e-02  5.65941398e-02  4.39990320e-05  5.65941398e-02  1.99990910e+00 
 5.66041398e-02  4.99994441e-08  5.66041398e-02  2.95857945e-02  5.66041398e-02  4.39990320e-05  5.66041398e-02  1.99990910e+00 
 5.66141398e-02  4.99994443e-08  5.66141398e-02  2.95857945e-02  5.66141398e-02  4.39990320e-05  5.66141398e-02  1.99990910e+00 
 5.66241398e-02  4.99994427e-08  5.66241398e-02  2.95857945e-02  5.66241398e-02  4.39990320e-05  5.66241398e-02  1.99990910e+00 
 5.66341398e-02  4.99994438e-08  5.66341398e-02  2.95857945e-02  5.66341398e-02  4.39990320e-05  5.66341398e-02  1.99990910e+00 
 5.66441398e-02  4.99994431e-08  5.66441398e-02  2.95857945e-02  5.66441398e-02  4.39990320e-05  5.66441398e-02  1.99990910e+00 
 5.66541398e-02  4.99994437e-08  5.66541398e-02  2.95857945e-02  5.66541398e-02  4.39990320e-05  5.66541398e-02  1.99990910e+00 
 5.66641398e-02  4.99994440e-08  5.66641398e-02  2.95857945e-02  5.66641398e-02  4.39990320e-05  5.66641398e-02  1.99990910e+00 
 5.66741398e-02  4.99994445e-08  5.66741398e-02  2.95857946e-02  5.66741398e-02  4.39990320e-05  5.66741398e-02  1.99990910e+00 
 5.66841398e-02  4.99994429e-08  5.66841398e-02  2.95857946e-02  5.66841398e-02  4.39990320e-05  5.66841398e-02  1.99990910e+00 
 5.66941398e-02  4.99994436e-08  5.66941398e-02  2.95857946e-02  5.66941398e-02  4.39990320e-05  5.66941398e-02  1.99990910e+00 
 5.67041398e-02  4.99994427e-08  5.67041398e-02  2.95857946e-02  5.67041398e-02  4.39990320e-05  5.67041398e-02  1.99990910e+00 
 5.67141398e-02  4.99994438e-08  5.67141398e-02  2.95857946e-02  5.67141398e-02  4.39990320e-05  5.67141398e-02  1.99990910e+00 
 5.67241398e-02  4.99994427e-08  5.67241398e-02  2.95857946e-02  5.67241398e-02  4.39990320e-05  5.67241398e-02  1.99990910e+00 
 5.67341398e-02  4.99994432e-08  5.67341398e-02  2.95857946e-02  5.67341398e-02  4.39990320e-05  5.67341398e-02  1.99990910e+00 
 5.67441398e-02  4.99994444e-08  5.67441398e-02  2.95857947e-02  5.67441398e-02  4.39990320e-05  5.67441398e-02  1.99990910e+00 
 5.67541398e-02  4.99994433e-08  5.67541398e-02  2.95857947e-02  5.67541398e-02  4.39990320e-05  5.67541398e-02  1.99990910e+00 
 5.67641398e-02  4.99994434e-08  5.67641398e-02  2.95857947e-02  5.67641398e-02  4.39990320e-05  5.67641398e-02  1.99990910e+00 
 5.67741398e-02  4.99994440e-08  5.67741398e-02  2.95857947e-02  5.67741398e-02  4.39990320e-05  5.67741398e-02  1.99990910e+00 
 5.67841398e-02  4.99994429e-08  5.67841398e-02  2.95857947e-02  5.67841398e-02  4.39990320e-05  5.67841398e-02  1.99990910e+00 
 5.67941398e-02  4.99994440e-08  5.67941398e-02  2.95857947e-02  5.67941398e-02  4.39990320e-05  5.67941398e-02  1.99990910e+00 
 5.68041398e-02  4.99994428e-08  5.68041398e-02  2.95857947e-02  5.68041398e-02  4.39990320e-05  5.68041398e-02  1.99990910e+00 
 5.68141398e-02  4.99994432e-08  5.68141398e-02  2.95857948e-02  5.68141398e-02  4.39990320e-05  5.68141398e-02  1.99990910e+00 
 5.68241398e-02  4.99994442e-08  5.68241398e-02  2.95857948e-02  5.68241398e-02  4.39990320e-05  5.68241398e-02  1.99990910e+00 
 5.68341398e-02  4.99994432e-08  5.68341398e-02  2.95857948e-02  5.68341398e-02  4.39990320e-05  5.68341398e-02  1.99990910e+00 
 5.68441398e-02  4.99994436e-08  5.68441398e-02  2.95857948e-02  5.68441398e-02  4.39990320e-05  5.68441398e-02  1.99990910e+00 
 5.68541398e-02  4.99994443e-08  5.68541398e-02  2.95857948e-02  5.68541398e-02  4.39990320e-05  5.68541398e-02  1.99990910e+00 
 5.68641398e-02  4.99994427e-08  5.68641398e-02  2.95857948e-02  5.68641398e-02  4.39990320e-05  5.68641398e-02  1.99990910e+00 
 5.68741398e-02  4.99994434e-08  5.68741398e-02  2.95857948e-02  5.68741398e-02  4.39990320e-05  5.68741398e-02  1.99990910e+00 
 5.68841398e-02  4.99994428e-08  5.68841398e-02  2.95857948e-02  5.68841398e-02  4.39990320e-05  5.68841398e-02  1.99990910e+00 
 5.68941398e-02  4.99994441e-08  5.68941398e-02  2.95857949e-02  5.68941398e-02  4.39990320e-05  5.68941398e-02  1.99990910e+00 
 5.69041398e-02  4.99994426e-08  5.69041398e-02  2.95857949e-02  5.69041398e-02  4.39990320e-05  5.69041398e-02  1.99990910e+00 
 5.69141398e-02  4.99994427e-08  5.69141398e-02  2.95857949e-02  5.69141398e-02  4.39990320e-05  5.69141398e-02  1.99990910e+00 
 5.69241398e-02  4.99994443e-08  5.69241398e-02  2.95857949e-02  5.69241398e-02  4.39990320e-05  5.69241398e-02  1.99990910e+00 
 5.69341398e-02  4.99994440e-08  5.69341398e-02  2.95857949e-02  5.69341398e-02  4.39990320e-05  5.69341398e-02  1.99990910e+00 
 5.69441398e-02  4.99994440e-08  5.69441398e-02  2.95857949e-02  5.69441398e-02  4.39990320e-05  5.69441398e-02  1.99990910e+00 
 5.69541398e-02  4.99994432e-08  5.69541398e-02  2.95857949e-02  5.69541398e-02  4.39990320e-05  5.69541398e-02  1.99990910e+00 
 5.69641398e-02  4.99994436e-08  5.69641398e-02  2.95857950e-02  5.69641398e-02  4.39990320e-05  5.69641398e-02  1.99990910e+00 
 5.69741398e-02  4.99994438e-08  5.69741398e-02  2.95857950e-02  5.69741398e-02  4.39990320e-05  5.69741398e-02  1.99990910e+00 
 5.69841398e-02  4.99994444e-08  5.69841398e-02  2.95857950e-02  5.69841398e-02  4.39990320e-05  5.69841398e-02  1.99990910e+00 
 5.69941398e-02  4.99994431e-08  5.69941398e-02  2.95857950e-02  5.69941398e-02  4.39990320e-05  5.69941398e-02  1.99990910e+00 
 5.70041398e-02  4.99994438e-08  5.70041398e-02  2.95857950e-02  5.70041398e-02  4.39990320e-05  5.70041398e-02  1.99990910e+00 
 5.70141398e-02  4.99994425e-08  5.70141398e-02  2.95857950e-02  5.70141398e-02  4.39990320e-05  5.70141398e-02  1.99990910e+00 
 5.70241398e-02  4.99994434e-08  5.70241398e-02  2.95857950e-02  5.70241398e-02  4.39990320e-05  5.70241398e-02  1.99990910e+00 
 5.70341398e-02  4.99994427e-08  5.70341398e-02  2.95857950e-02  5.70341398e-02  4.39990320e-05  5.70341398e-02  1.99990910e+00 
 5.70441398e-02  4.99994439e-08  5.70441398e-02  2.95857951e-02  5.70441398e-02  4.39990320e-05  5.70441398e-02  1.99990910e+00 
 5.70541398e-02  4.99994426e-08  5.70541398e-02  2.95857951e-02  5.70541398e-02  4.39990320e-05  5.70541398e-02  1.99990910e+00 
 5.70641398e-02  4.99994430e-08  5.70641398e-02  2.95857951e-02  5.70641398e-02  4.39990320e-05  5.70641398e-02  1.99990910e+00 
 5.70741398e-02  4.99994444e-08  5.70741398e-02  2.95857951e-02  5.70741398e-02  4.39990320e-05  5.70741398e-02  1.99990910e+00 
 5.70841398e-02  4.99994435e-08  5.70841398e-02  2.95857951e-02  5.70841398e-02  4.39990320e-05  5.70841398e-02  1.99990910e+00 
 5.70941398e-02  4.99994436e-08  5.70941398e-02  2.95857951e-02  5.70941398e-02  4.39990320e-05  5.70941398e-02  1.99990910e+00 
 5.71041398e-02  4.99994437e-08  5.71041398e-02  2.95857951e-02  5.71041398e-02  4.39990320e-05  5.71041398e-02  1.99990910e+00 
 5.71141398e-02  4.99994425e-08  5.71141398e-02  2.95857951e-02  5.71141398e-02  4.39990320e-05  5.71141398e-02  1.99990910e+00 
 5.71241398e-02  4.99994443e-08  5.71241398e-02  2.95857952e-02  5.71241398e-02  4.39990320e-05  5.71241398e-02  1.99990910e+00 
 5.71341398e-02  4.99994436e-08  5.71341398e-02  2.95857952e-02  5.71341398e-02  4.39990320e-05  5.71341398e-02  1.99990910e+00 
 5.71441398e-02  4.99994432e-08  5.71441398e-02  2.95857952e-02  5.71441398e-02  4.39990320e-05  5.71441398e-02  1.99990910e+00 
 5.71541398e-02  4.99994429e-08  5.71541398e-02  2.95857952e-02  5.71541398e-02  4.39990320e-05  5.71541398e-02  1.99990910e+00 
 5.71641398e-02  4.99994426e-08  5.71641398e-02  2.95857952e-02  5.71641398e-02  4.39990320e-05  5.71641398e-02  1.99990910e+00 
 5.71741398e-02  4.99994444e-08  5.71741398e-02  2.95857952e-02  5.71741398e-02  4.39990320e-05  5.71741398e-02  1.99990910e+00 
 5.71841398e-02  4.99994428e-08  5.71841398e-02  2.95857952e-02  5.71841398e-02  4.39990320e-05  5.71841398e-02  1.99990910e+00 
 5.71941398e-02  4.99994422e-08  5.71941398e-02  2.95857952e-02  5.71941398e-02  4.39990320e-05  5.71941398e-02  1.99990910e+00 
 5.72041398e-02  4.99994436e-08  5.72041398e-02  2.95857952e-02  5.72041398e-02  4.39990320e-05  5.72041398e-02  1.99990910e+00 
 5.72141398e-02  4.99994444e-08  5.72141398e-02  2.95857953e-02  5.72141398e-02  4.39990320e-05  5.72141398e-02  1.99990910e+00 
 5.72241398e-02  4.99994442e-08  5.72241398e-02  2.95857953e-02  5.72241398e-02  4.39990320e-05  5.72241398e-02  1.99990910e+00 
 5.72341398e-02  4.99994440e-08  5.72341398e-02  2.95857953e-02  5.72341398e-02  4.39990320e-05  5.72341398e-02  1.99990910e+00 
 5.72441398e-02  4.99994427e-08  5.72441398e-02  2.95857953e-02  5.72441398e-02  4.39990320e-05  5.72441398e-02  1.99990910e+00 
 5.72541398e-02  4.99994443e-08  5.72541398e-02  2.95857953e-02  5.72541398e-02  4.39990320e-05  5.72541398e-02  1.99990910e+00 
 5.72641398e-02  4.99994434e-08  5.72641398e-02  2.95857953e-02  5.72641398e-02  4.39990320e-05  5.72641398e-02  1.99990910e+00 
 5.72741398e-02  4.99994430e-08  5.72741398e-02  2.95857953e-02  5.72741398e-02  4.39990320e-05  5.72741398e-02  1.99990910e+00 
 5.72841398e-02  4.99994432e-08  5.72841398e-02  2.95857953e-02  5.72841398e-02  4.39990320e-05  5.72841398e-02  1.99990910e+00 
 5.72941398e-02  4.99994429e-08  5.72941398e-02  2.95857953e-02  5.72941398e-02  4.39990320e-05  5.72941398e-02  1.99990910e+00 
 5.73041398e-02  4.99994441e-08  5.73041398e-02  2.95857954e-02  5.73041398e-02  4.39990320e-05  5.73041398e-02  1.99990910e+00 
 5.73141398e-02  4.99994442e-08  5.73141398e-02  2.95857954e-02  5.73141398e-02  4.39990320e-05  5.73141398e-02  1.99990910e+00 
 5.73241398e-02  4.99994437e-08  5.73241398e-02  2.95857954e-02  5.73241398e-02  4.39990320e-05  5.73241398e-02  1.99990910e+00 
 5.73341398e-02  4.99994442e-08  5.73341398e-02  2.95857954e-02  5.73341398e-02  4.39990320e-05  5.73341398e-02  1.99990910e+00 
 5.73441398e-02  4.99994437e-08  5.73441398e-02  2.95857954e-02  5.73441398e-02  4.39990320e-05  5.73441398e-02  1.99990910e+00 
 5.73541398e-02  4.99994435e-08  5.73541398e-02  2.95857954e-02  5.73541398e-02  4.39990320e-05  5.73541398e-02  1.99990910e+00 
 5.73641398e-02  4.99994429e-08  5.73641398e-02  2.95857954e-02  5.73641398e-02  4.39990320e-05  5.73641398e-02  1.99990910e+00 
 5.73741398e-02  4.99994440e-08  5.73741398e-02  2.95857954e-02  5.73741398e-02  4.39990320e-05  5.73741398e-02  1.99990910e+00 
 5.73841398e-02  4.99994445e-08  5.73841398e-02  2.95857955e-02  5.73841398e-02  4.39990320e-05  5.73841398e-02  1.99990910e+00 
 5.73941398e-02  4.99994440e-08  5.73941398e-02  2.95857955e-02  5.73941398e-02  4.39990320e-05  5.73941398e-02  1.99990910e+00 
 5.74041398e-02  4.99994440e-08  5.74041398e-02  2.95857955e-02  5.74041398e-02  4.39990320e-05  5.74041398e-02  1.99990910e+00 
 5.74141398e-02  4.99994431e-08  5.74141398e-02  2.95857955e-02  5.74141398e-02  4.39990320e-05  5.74141398e-02  1.99990910e+00 
 5.74241398e-02  4.99994435e-08  5.74241398e-02  2.95857955e-02  5.74241398e-02  4.39990320e-05  5.74241398e-02  1.99990910e+00 
 5.74341398e-02  4.99994439e-08  5.74341398e-02  2.95857955e-02  5.74341398e-02  4.39990320e-05  5.74341398e-02  1.99990910e+00 
 5.74441398e-02  4.99994425e-08  5.74441398e-02  2.95857955e-02  5.74441398e-02  4.39990320e-05  5.74441398e-02  1.99990910e+00 
 5.74541398e-02  4.99994438e-08  5.74541398e-02  2.95857955e-02  5.74541398e-02  4.39990320e-05  5.74541398e-02  1.99990910e+00 
 5.74641398e-02  4.99994432e-08  5.74641398e-02  2.95857955e-02  5.74641398e-02  4.39990320e-05  5.74641398e-02  1.99990910e+00 
 5.74741398e-02  4.99994437e-08  5.74741398e-02  2.95857955e-02  5.74741398e-02  4.39990320e-05  5.74741398e-02  1.99990910e+00 
 5.74841398e-02  4.99994438e-08  5.74841398e-02  2.95857956e-02  5.74841398e-02  4.39990320e-05  5.74841398e-02  1.99990910e+00 
 5.74941398e-02  4.99994444e-08  5.74941398e-02  2.95857956e-02  5.74941398e-02  4.39990320e-05  5.74941398e-02  1.99990910e+00 
 5.75041398e-02  4.99994431e-08  5.75041398e-02  2.95857956e-02  5.75041398e-02  4.39990320e-05  5.75041398e-02  1.99990910e+00 
 5.75141398e-02  4.99994439e-08  5.75141398e-02  2.95857956e-02  5.75141398e-02  4.39990320e-05  5.75141398e-02  1.99990910e+00 
 5.75241398e-02  4.99994426e-08  5.75241398e-02  2.95857956e-02  5.75241398e-02  4.39990320e-05  5.75241398e-02  1.99990910e+00 
 5.75341398e-02  4.99994433e-08  5.75341398e-02  2.95857956e-02  5.75341398e-02  4.39990320e-05  5.75341398e-02  1.99990910e+00 
 5.75441398e-02  4.99994426e-08  5.75441398e-02  2.95857956e-02  5.75441398e-02  4.39990320e-05  5.75441398e-02  1.99990910e+00 
 5.75541398e-02  4.99994440e-08  5.75541398e-02  2.95857956e-02  5.75541398e-02  4.39990320e-05  5.75541398e-02  1.99990910e+00 
 5.75641398e-02  4.99994429e-08  5.75641398e-02  2.95857956e-02  5.75641398e-02  4.39990320e-05  5.75641398e-02  1.99990910e+00 
 5.75741398e-02  4.99994430e-08  5.75741398e-02  2.95857957e-02  5.75741398e-02  4.39990320e-05  5.75741398e-02  1.99990910e+00 
 5.75841398e-02  4.99994440e-08  5.75841398e-02  2.95857957e-02  5.75841398e-02  4.39990320e-05  5.75841398e-02  1.99990910e+00 
 5.75941398e-02  4.99994434e-08  5.75941398e-02  2.95857957e-02  5.75941398e-02  4.39990320e-05  5.75941398e-02  1.99990910e+00 
 5.76041398e-02  4.99994442e-08  5.76041398e-02  2.95857957e-02  5.76041398e-02  4.39990320e-05  5.76041398e-02  1.99990910e+00 
 5.76141398e-02  4.99994442e-08  5.76141398e-02  2.95857957e-02  5.76141398e-02  4.39990320e-05  5.76141398e-02  1.99990910e+00 
 5.76241398e-02  4.99994439e-08  5.76241398e-02  2.95857957e-02  5.76241398e-02  4.39990320e-05  5.76241398e-02  1.99990910e+00 
 5.76341398e-02  4.99994445e-08  5.76341398e-02  2.95857957e-02  5.76341398e-02  4.39990320e-05  5.76341398e-02  1.99990910e+00 
 5.76441398e-02  4.99994436e-08  5.76441398e-02  2.95857957e-02  5.76441398e-02  4.39990320e-05  5.76441398e-02  1.99990910e+00 
 5.76541398e-02  4.99994441e-08  5.76541398e-02  2.95857957e-02  5.76541398e-02  4.39990320e-05  5.76541398e-02  1.99990910e+00 
 5.76641398e-02  4.99994441e-08  5.76641398e-02  2.95857957e-02  5.76641398e-02  4.39990320e-05  5.76641398e-02  1.99990910e+00 
 5.76741398e-02  4.99994441e-08  5.76741398e-02  2.95857958e-02  5.76741398e-02  4.39990320e-05  5.76741398e-02  1.99990910e+00 
 5.76841398e-02  4.99994426e-08  5.76841398e-02  2.95857958e-02  5.76841398e-02  4.39990320e-05  5.76841398e-02  1.99990910e+00 
 5.76941398e-02  4.99994441e-08  5.76941398e-02  2.95857958e-02  5.76941398e-02  4.39990320e-05  5.76941398e-02  1.99990910e+00 
 5.77041398e-02  4.99994434e-08  5.77041398e-02  2.95857958e-02  5.77041398e-02  4.39990320e-05  5.77041398e-02  1.99990910e+00 
 5.77141398e-02  4.99994433e-08  5.77141398e-02  2.95857958e-02  5.77141398e-02  4.39990320e-05  5.77141398e-02  1.99990910e+00 
 5.77241398e-02  4.99994434e-08  5.77241398e-02  2.95857958e-02  5.77241398e-02  4.39990320e-05  5.77241398e-02  1.99990910e+00 
 5.77341398e-02  4.99994425e-08  5.77341398e-02  2.95857958e-02  5.77341398e-02  4.39990320e-05  5.77341398e-02  1.99990910e+00 
 5.77441398e-02  4.99994437e-08  5.77441398e-02  2.95857958e-02  5.77441398e-02  4.39990320e-05  5.77441398e-02  1.99990910e+00 
 5.77541398e-02  4.99994446e-08  5.77541398e-02  2.95857958e-02  5.77541398e-02  4.39990320e-05  5.77541398e-02  1.99990910e+00 
 5.77641398e-02  4.99994425e-08  5.77641398e-02  2.95857958e-02  5.77641398e-02  4.39990320e-05  5.77641398e-02  1.99990910e+00 
 5.77741398e-02  4.99994427e-08  5.77741398e-02  2.95857959e-02  5.77741398e-02  4.39990320e-05  5.77741398e-02  1.99990910e+00 
 5.77841398e-02  4.99994427e-08  5.77841398e-02  2.95857959e-02  5.77841398e-02  4.39990320e-05  5.77841398e-02  1.99990910e+00 
 5.77941398e-02  4.99994441e-08  5.77941398e-02  2.95857959e-02  5.77941398e-02  4.39990320e-05  5.77941398e-02  1.99990910e+00 
 5.78041398e-02  4.99994442e-08  5.78041398e-02  2.95857959e-02  5.78041398e-02  4.39990320e-05  5.78041398e-02  1.99990910e+00 
 5.78141398e-02  4.99994436e-08  5.78141398e-02  2.95857959e-02  5.78141398e-02  4.39990320e-05  5.78141398e-02  1.99990910e+00 
 5.78241398e-02  4.99994441e-08  5.78241398e-02  2.95857959e-02  5.78241398e-02  4.39990320e-05  5.78241398e-02  1.99990910e+00 
 5.78341398e-02  4.99994438e-08  5.78341398e-02  2.95857959e-02  5.78341398e-02  4.39990320e-05  5.78341398e-02  1.99990910e+00 
 5.78441398e-02  4.99994437e-08  5.78441398e-02  2.95857959e-02  5.78441398e-02  4.39990320e-05  5.78441398e-02  1.99990910e+00 
 5.78541398e-02  4.99994429e-08  5.78541398e-02  2.95857959e-02  5.78541398e-02  4.39990320e-05  5.78541398e-02  1.99990910e+00 
 5.78641398e-02  4.99994437e-08  5.78641398e-02  2.95857959e-02  5.78641398e-02  4.39990320e-05  5.78641398e-02  1.99990910e+00 
 5.78741398e-02  4.99994443e-08  5.78741398e-02  2.95857960e-02  5.78741398e-02  4.39990320e-05  5.78741398e-02  1.99990910e+00 
 5.78841398e-02  4.99994444e-08  5.78841398e-02  2.95857960e-02  5.78841398e-02  4.39990320e-05  5.78841398e-02  1.99990910e+00 
 5.78941398e-02  4.99994425e-08  5.78941398e-02  2.95857960e-02  5.78941398e-02  4.39990320e-05  5.78941398e-02  1.99990910e+00 
 5.79041398e-02  4.99994434e-08  5.79041398e-02  2.95857960e-02  5.79041398e-02  4.39990320e-05  5.79041398e-02  1.99990910e+00 
 5.79141398e-02  4.99994433e-08  5.79141398e-02  2.95857960e-02  5.79141398e-02  4.39990320e-05  5.79141398e-02  1.99990910e+00 
 5.79241398e-02  4.99994434e-08  5.79241398e-02  2.95857960e-02  5.79241398e-02  4.39990320e-05  5.79241398e-02  1.99990910e+00 
 5.79341398e-02  4.99994429e-08  5.79341398e-02  2.95857960e-02  5.79341398e-02  4.39990320e-05  5.79341398e-02  1.99990910e+00 
 5.79441398e-02  4.99994440e-08  5.79441398e-02  2.95857960e-02  5.79441398e-02  4.39990320e-05  5.79441398e-02  1.99990910e+00 
 5.79541398e-02  4.99994443e-08  5.79541398e-02  2.95857960e-02  5.79541398e-02  4.39990320e-05  5.79541398e-02  1.99990910e+00 
 5.79641398e-02  4.99994440e-08  5.79641398e-02  2.95857960e-02  5.79641398e-02  4.39990320e-05  5.79641398e-02  1.99990910e+00 
 5.79741398e-02  4.99994442e-08  5.79741398e-02  2.95857960e-02  5.79741398e-02  4.39990320e-05  5.79741398e-02  1.99990910e+00 
 5.79841398e-02  4.99994432e-08  5.79841398e-02  2.95857961e-02  5.79841398e-02  4.39990320e-05  5.79841398e-02  1.99990910e+00 
 5.79941398e-02  4.99994443e-08  5.79941398e-02  2.95857961e-02  5.79941398e-02  4.39990320e-05  5.79941398e-02  1.99990910e+00 
 5.80041398e-02  4.99994427e-08  5.80041398e-02  2.95857961e-02  5.80041398e-02  4.39990320e-05  5.80041398e-02  1.99990910e+00 
 5.80141398e-02  4.99994427e-08  5.80141398e-02  2.95857961e-02  5.80141398e-02  4.39990320e-05  5.80141398e-02  1.99990910e+00 
 5.80241398e-02  4.99994442e-08  5.80241398e-02  2.95857961e-02  5.80241398e-02  4.39990320e-05  5.80241398e-02  1.99990910e+00 
 5.80341398e-02  4.99994440e-08  5.80341398e-02  2.95857961e-02  5.80341398e-02  4.39990320e-05  5.80341398e-02  1.99990910e+00 
 5.80441398e-02  4.99994442e-08  5.80441398e-02  2.95857961e-02  5.80441398e-02  4.39990320e-05  5.80441398e-02  1.99990910e+00 
 5.80541398e-02  4.99994433e-08  5.80541398e-02  2.95857961e-02  5.80541398e-02  4.39990320e-05  5.80541398e-02  1.99990910e+00 
 5.80641398e-02  4.99994434e-08  5.80641398e-02  2.95857961e-02  5.80641398e-02  4.39990320e-05  5.80641398e-02  1.99990910e+00 
 5.80741398e-02  4.99994436e-08  5.80741398e-02  2.95857961e-02  5.80741398e-02  4.39990320e-05  5.80741398e-02  1.99990910e+00 
 5.80841398e-02  4.99994425e-08  5.80841398e-02  2.95857961e-02  5.80841398e-02  4.39990320e-05  5.80841398e-02  1.99990910e+00 
 5.80941398e-02  4.99994443e-08  5.80941398e-02  2.95857962e-02  5.80941398e-02  4.39990320e-05  5.80941398e-02  1.99990910e+00 
 5.81041398e-02  4.99994435e-08  5.81041398e-02  2.95857962e-02  5.81041398e-02  4.39990320e-05  5.81041398e-02  1.99990910e+00 
 5.81141398e-02  4.99994430e-08  5.81141398e-02  2.95857962e-02  5.81141398e-02  4.39990320e-05  5.81141398e-02  1.99990910e+00 
 5.81241398e-02  4.99994430e-08  5.81241398e-02  2.95857962e-02  5.81241398e-02  4.39990320e-05  5.81241398e-02  1.99990910e+00 
 5.81341398e-02  4.99994428e-08  5.81341398e-02  2.95857962e-02  5.81341398e-02  4.39990320e-05  5.81341398e-02  1.99990910e+00 
 5.81441398e-02  4.99994443e-08  5.81441398e-02  2.95857962e-02  5.81441398e-02  4.39990320e-05  5.81441398e-02  1.99990910e+00 
 5.81541398e-02  4.99994445e-08  5.81541398e-02  2.95857962e-02  5.81541398e-02  4.39990320e-05  5.81541398e-02  1.99990910e+00 
 5.81641398e-02  4.99994435e-08  5.81641398e-02  2.95857962e-02  5.81641398e-02  4.39990320e-05  5.81641398e-02  1.99990910e+00 
 5.81741398e-02  4.99994437e-08  5.81741398e-02  2.95857962e-02  5.81741398e-02  4.39990320e-05  5.81741398e-02  1.99990910e+00 
 5.81841398e-02  4.99994437e-08  5.81841398e-02  2.95857962e-02  5.81841398e-02  4.39990320e-05  5.81841398e-02  1.99990910e+00 
 5.81941398e-02  4.99994443e-08  5.81941398e-02  2.95857962e-02  5.81941398e-02  4.39990320e-05  5.81941398e-02  1.99990910e+00 
 5.82041398e-02  4.99994433e-08  5.82041398e-02  2.95857962e-02  5.82041398e-02  4.39990320e-05  5.82041398e-02  1.99990910e+00 
 5.82141398e-02  4.99994441e-08  5.82141398e-02  2.95857963e-02  5.82141398e-02  4.39990320e-05  5.82141398e-02  1.99990910e+00 
 5.82241398e-02  4.99994445e-08  5.82241398e-02  2.95857963e-02  5.82241398e-02  4.39990320e-05  5.82241398e-02  1.99990910e+00 
 5.82341398e-02  4.99994443e-08  5.82341398e-02  2.95857963e-02  5.82341398e-02  4.39990320e-05  5.82341398e-02  1.99990910e+00 
 5.82441398e-02  4.99994442e-08  5.82441398e-02  2.95857963e-02  5.82441398e-02  4.39990320e-05  5.82441398e-02  1.99990910e+00 
 5.82541398e-02  4.99994428e-08  5.82541398e-02  2.95857963e-02  5.82541398e-02  4.39990320e-05  5.82541398e-02  1.99990910e+00 
 5.82641398e-02  4.99994441e-08  5.82641398e-02  2.95857963e-02  5.82641398e-02  4.39990320e-05  5.82641398e-02  1.99990910e+00 
 5.82741398e-02  4.99994433e-08  5.82741398e-02  2.95857963e-02  5.82741398e-02  4.39990320e-05  5.82741398e-02  1.99990910e+00 
 5.82841398e-02  4.99994433e-08  5.82841398e-02  2.95857963e-02  5.82841398e-02  4.39990320e-05  5.82841398e-02  1.99990910e+00 
 5.82941398e-02  4.99994436e-08  5.82941398e-02  2.95857963e-02  5.82941398e-02  4.39990320e-05  5.82941398e-02  1.99990910e+00 
 5.83041398e-02  4.99994427e-08  5.83041398e-02  2.95857963e-02  5.83041398e-02  4.39990320e-05  5.83041398e-02  1.99990910e+00 
 5.83141398e-02  4.99994434e-08  5.83141398e-02  2.95857963e-02  5.83141398e-02  4.39990320e-05  5.83141398e-02  1.99990910e+00 
 5.83241398e-02  4.99994442e-08  5.83241398e-02  2.95857963e-02  5.83241398e-02  4.39990320e-05  5.83241398e-02  1.99990910e+00 
 5.83341398e-02  4.99994427e-08  5.83341398e-02  2.95857964e-02  5.83341398e-02  4.39990320e-05  5.83341398e-02  1.99990910e+00 
 5.83441398e-02  4.99994434e-08  5.83441398e-02  2.95857964e-02  5.83441398e-02  4.39990320e-05  5.83441398e-02  1.99990910e+00 
 5.83541398e-02  4.99994427e-08  5.83541398e-02  2.95857964e-02  5.83541398e-02  4.39990320e-05  5.83541398e-02  1.99990910e+00 
 5.83641398e-02  4.99994440e-08  5.83641398e-02  2.95857964e-02  5.83641398e-02  4.39990320e-05  5.83641398e-02  1.99990910e+00 
 5.83741398e-02  4.99994427e-08  5.83741398e-02  2.95857964e-02  5.83741398e-02  4.39990320e-05  5.83741398e-02  1.99990910e+00 
 5.83841398e-02  4.99994430e-08  5.83841398e-02  2.95857964e-02  5.83841398e-02  4.39990320e-05  5.83841398e-02  1.99990910e+00 
 5.83941398e-02  4.99994442e-08  5.83941398e-02  2.95857964e-02  5.83941398e-02  4.39990320e-05  5.83941398e-02  1.99990910e+00 
 5.84041398e-02  4.99994435e-08  5.84041398e-02  2.95857964e-02  5.84041398e-02  4.39990320e-05  5.84041398e-02  1.99990910e+00 
 5.84141398e-02  4.99994439e-08  5.84141398e-02  2.95857964e-02  5.84141398e-02  4.39990320e-05  5.84141398e-02  1.99990910e+00 
 5.84241398e-02  4.99994438e-08  5.84241398e-02  2.95857964e-02  5.84241398e-02  4.39990320e-05  5.84241398e-02  1.99990910e+00 
 5.84341398e-02  4.99994442e-08  5.84341398e-02  2.95857964e-02  5.84341398e-02  4.39990320e-05  5.84341398e-02  1.99990910e+00 
 5.84441398e-02  4.99994431e-08  5.84441398e-02  2.95857964e-02  5.84441398e-02  4.39990320e-05  5.84441398e-02  1.99990910e+00 
 5.84541398e-02  4.99994442e-08  5.84541398e-02  2.95857964e-02  5.84541398e-02  4.39990320e-05  5.84541398e-02  1.99990910e+00 
 5.84641398e-02  4.99994427e-08  5.84641398e-02  2.95857965e-02  5.84641398e-02  4.39990320e-05  5.84641398e-02  1.99990910e+00 
 5.84741398e-02  4.99994429e-08  5.84741398e-02  2.95857965e-02  5.84741398e-02  4.39990320e-05  5.84741398e-02  1.99990910e+00 
 5.84841398e-02  4.99994443e-08  5.84841398e-02  2.95857965e-02  5.84841398e-02  4.39990320e-05  5.84841398e-02  1.99990910e+00 
 5.84941398e-02  4.99994438e-08  5.84941398e-02  2.95857965e-02  5.84941398e-02  4.39990320e-05  5.84941398e-02  1.99990910e+00 
 5.85041398e-02  4.99994439e-08  5.85041398e-02  2.95857965e-02  5.85041398e-02  4.39990320e-05  5.85041398e-02  1.99990910e+00 
 5.85141398e-02  4.99994435e-08  5.85141398e-02  2.95857965e-02  5.85141398e-02  4.39990320e-05  5.85141398e-02  1.99990910e+00 
 5.85241398e-02  4.99994439e-08  5.85241398e-02  2.95857965e-02  5.85241398e-02  4.39990320e-05  5.85241398e-02  1.99990910e+00 
 5.85341398e-02  4.99994435e-08  5.85341398e-02  2.95857965e-02  5.85341398e-02  4.39990320e-05  5.85341398e-02  1.99990910e+00 
 5.85441398e-02  4.99994437e-08  5.85441398e-02  2.95857965e-02  5.85441398e-02  4.39990320e-05  5.85441398e-02  1.99990910e+00 
 5.85541398e-02  4.99994433e-08  5.85541398e-02  2.95857965e-02  5.85541398e-02  4.39990320e-05  5.85541398e-02  1.99990910e+00 
 5.85641398e-02  4.99994439e-08  5.85641398e-02  2.95857965e-02  5.85641398e-02  4.39990320e-05  5.85641398e-02  1.99990910e+00 
 5.85741398e-02  4.99994437e-08  5.85741398e-02  2.95857965e-02  5.85741398e-02  4.39990320e-05  5.85741398e-02  1.99990910e+00 
 5.85841398e-02  4.99994438e-08  5.85841398e-02  2.95857965e-02  5.85841398e-02  4.39990320e-05  5.85841398e-02  1.99990910e+00 
 5.85941398e-02  4.99994431e-08  5.85941398e-02  2.95857966e-02  5.85941398e-02  4.39990320e-05  5.85941398e-02  1.99990910e+00 
 5.86041398e-02  4.99994436e-08  5.86041398e-02  2.95857966e-02  5.86041398e-02  4.39990320e-05  5.86041398e-02  1.99990910e+00 
 5.86141398e-02  4.99994439e-08  5.86141398e-02  2.95857966e-02  5.86141398e-02  4.39990320e-05  5.86141398e-02  1.99990910e+00 
 5.86241398e-02  4.99994444e-08  5.86241398e-02  2.95857966e-02  5.86241398e-02  4.39990320e-05  5.86241398e-02  1.99990910e+00 
 5.86341398e-02  4.99994430e-08  5.86341398e-02  2.95857966e-02  5.86341398e-02  4.39990320e-05  5.86341398e-02  1.99990910e+00 
 5.86441398e-02  4.99994437e-08  5.86441398e-02  2.95857966e-02  5.86441398e-02  4.39990320e-05  5.86441398e-02  1.99990910e+00 
 5.86541398e-02  4.99994427e-08  5.86541398e-02  2.95857966e-02  5.86541398e-02  4.39990320e-05  5.86541398e-02  1.99990910e+00 
 5.86641398e-02  4.99994436e-08  5.86641398e-02  2.95857966e-02  5.86641398e-02  4.39990320e-05  5.86641398e-02  1.99990910e+00 
 5.86741398e-02  4.99994426e-08  5.86741398e-02  2.95857966e-02  5.86741398e-02  4.39990320e-05  5.86741398e-02  1.99990910e+00 
 5.86841398e-02  4.99994435e-08  5.86841398e-02  2.95857966e-02  5.86841398e-02  4.39990320e-05  5.86841398e-02  1.99990910e+00 
 5.86941398e-02  4.99994426e-08  5.86941398e-02  2.95857966e-02  5.86941398e-02  4.39990320e-05  5.86941398e-02  1.99990910e+00 
 5.87041398e-02  4.99994436e-08  5.87041398e-02  2.95857966e-02  5.87041398e-02  4.39990320e-05  5.87041398e-02  1.99990910e+00 
 5.87141398e-02  4.99994426e-08  5.87141398e-02  2.95857966e-02  5.87141398e-02  4.39990320e-05  5.87141398e-02  1.99990910e+00 
 5.87241398e-02  4.99994435e-08  5.87241398e-02  2.95857966e-02  5.87241398e-02  4.39990320e-05  5.87241398e-02  1.99990910e+00 
 5.87341398e-02  4.99994446e-08  5.87341398e-02  2.95857967e-02  5.87341398e-02  4.39990320e-05  5.87341398e-02  1.99990910e+00 
 5.87441398e-02  4.99994429e-08  5.87441398e-02  2.95857967e-02  5.87441398e-02  4.39990320e-05  5.87441398e-02  1.99990910e+00 
 5.87541398e-02  4.99994430e-08  5.87541398e-02  2.95857967e-02  5.87541398e-02  4.39990320e-05  5.87541398e-02  1.99990910e+00 
 5.87641398e-02  4.99994443e-08  5.87641398e-02  2.95857967e-02  5.87641398e-02  4.39990320e-05  5.87641398e-02  1.99990910e+00 
 5.87741398e-02  4.99994437e-08  5.87741398e-02  2.95857967e-02  5.87741398e-02  4.39990320e-05  5.87741398e-02  1.99990910e+00 
 5.87841398e-02  4.99994439e-08  5.87841398e-02  2.95857967e-02  5.87841398e-02  4.39990320e-05  5.87841398e-02  1.99990910e+00 
 5.87941398e-02  4.99994435e-08  5.87941398e-02  2.95857967e-02  5.87941398e-02  4.39990320e-05  5.87941398e-02  1.99990910e+00 
 5.88041398e-02  4.99994440e-08  5.88041398e-02  2.95857967e-02  5.88041398e-02  4.39990320e-05  5.88041398e-02  1.99990910e+00 
 5.88141398e-02  4.99994435e-08  5.88141398e-02  2.95857967e-02  5.88141398e-02  4.39990320e-05  5.88141398e-02  1.99990910e+00 
 5.88241398e-02  4.99994437e-08  5.88241398e-02  2.95857967e-02  5.88241398e-02  4.39990320e-05  5.88241398e-02  1.99990910e+00 
 5.88341398e-02  4.99994433e-08  5.88341398e-02  2.95857967e-02  5.88341398e-02  4.39990320e-05  5.88341398e-02  1.99990910e+00 
 5.88441398e-02  4.99994440e-08  5.88441398e-02  2.95857967e-02  5.88441398e-02  4.39990320e-05  5.88441398e-02  1.99990910e+00 
 5.88541398e-02  4.99994438e-08  5.88541398e-02  2.95857967e-02  5.88541398e-02  4.39990320e-05  5.88541398e-02  1.99990910e+00 
 5.88641398e-02  4.99994437e-08  5.88641398e-02  2.95857967e-02  5.88641398e-02  4.39990320e-05  5.88641398e-02  1.99990910e+00 
 5.88741398e-02  4.99994428e-08  5.88741398e-02  2.95857967e-02  5.88741398e-02  4.39990320e-05  5.88741398e-02  1.99990910e+00 
 5.88841398e-02  4.99994437e-08  5.88841398e-02  2.95857968e-02  5.88841398e-02  4.39990320e-05  5.88841398e-02  1.99990910e+00 
 5.88941398e-02  4.99994443e-08  5.88941398e-02  2.95857968e-02  5.88941398e-02  4.39990320e-05  5.88941398e-02  1.99990910e+00 
 5.89041398e-02  4.99994445e-08  5.89041398e-02  2.95857968e-02  5.89041398e-02  4.39990320e-05  5.89041398e-02  1.99990910e+00 
 5.89141398e-02  4.99994445e-08  5.89141398e-02  2.95857968e-02  5.89141398e-02  4.39990320e-05  5.89141398e-02  1.99990910e+00 
 5.89241398e-02  4.99994426e-08  5.89241398e-02  2.95857968e-02  5.89241398e-02  4.39990320e-05  5.89241398e-02  1.99990910e+00 
 5.89341398e-02  4.99994435e-08  5.89341398e-02  2.95857968e-02  5.89341398e-02  4.39990320e-05  5.89341398e-02  1.99990910e+00 
 5.89441398e-02  4.99994432e-08  5.89441398e-02  2.95857968e-02  5.89441398e-02  4.39990320e-05  5.89441398e-02  1.99990910e+00 
 5.89541398e-02  4.99994442e-08  5.89541398e-02  2.95857968e-02  5.89541398e-02  4.39990320e-05  5.89541398e-02  1.99990910e+00 
 5.89641398e-02  4.99994442e-08  5.89641398e-02  2.95857968e-02  5.89641398e-02  4.39990320e-05  5.89641398e-02  1.99990910e+00 
 5.89741398e-02  4.99994437e-08  5.89741398e-02  2.95857968e-02  5.89741398e-02  4.39990320e-05  5.89741398e-02  1.99990910e+00 
 5.89841398e-02  4.99994444e-08  5.89841398e-02  2.95857968e-02  5.89841398e-02  4.39990320e-05  5.89841398e-02  1.99990910e+00 
 5.89941398e-02  4.99994437e-08  5.89941398e-02  2.95857968e-02  5.89941398e-02  4.39990320e-05  5.89941398e-02  1.99990910e+00 
 5.90041398e-02  4.99994443e-08  5.90041398e-02  2.95857968e-02  5.90041398e-02  4.39990320e-05  5.90041398e-02  1.99990910e+00 
 5.90141398e-02  4.99994440e-08  5.90141398e-02  2.95857968e-02  5.90141398e-02  4.39990320e-05  5.90141398e-02  1.99990910e+00 
 5.90241398e-02  4.99994437e-08  5.90241398e-02  2.95857968e-02  5.90241398e-02  4.39990320e-05  5.90241398e-02  1.99990910e+00 
 5.90341398e-02  4.99994427e-08  5.90341398e-02  2.95857969e-02  5.90341398e-02  4.39990320e-05  5.90341398e-02  1.99990910e+00 
 5.90441398e-02  4.99994437e-08  5.90441398e-02  2.95857969e-02  5.90441398e-02  4.39990320e-05  5.90441398e-02  1.99990910e+00 
 5.90541398e-02  4.99994446e-08  5.90541398e-02  2.95857969e-02  5.90541398e-02  4.39990320e-05  5.90541398e-02  1.99990910e+00 
 5.90641398e-02  4.99994425e-08  5.90641398e-02  2.95857969e-02  5.90641398e-02  4.39990320e-05  5.90641398e-02  1.99990910e+00 
 5.90741398e-02  4.99994427e-08  5.90741398e-02  2.95857969e-02  5.90741398e-02  4.39990320e-05  5.90741398e-02  1.99990910e+00 
 5.90841398e-02  4.99994427e-08  5.90841398e-02  2.95857969e-02  5.90841398e-02  4.39990320e-05  5.90841398e-02  1.99990910e+00 
 5.90941398e-02  4.99994440e-08  5.90941398e-02  2.95857969e-02  5.90941398e-02  4.39990320e-05  5.90941398e-02  1.99990910e+00 
 5.91041398e-02  4.99994441e-08  5.91041398e-02  2.95857969e-02  5.91041398e-02  4.39990320e-05  5.91041398e-02  1.99990910e+00 
 5.91141398e-02  4.99994436e-08  5.91141398e-02  2.95857969e-02  5.91141398e-02  4.39990320e-05  5.91141398e-02  1.99990910e+00 
 5.91241398e-02  4.99994443e-08  5.91241398e-02  2.95857969e-02  5.91241398e-02  4.39990320e-05  5.91241398e-02  1.99990910e+00 
 5.91341398e-02  4.99994438e-08  5.91341398e-02  2.95857969e-02  5.91341398e-02  4.39990320e-05  5.91341398e-02  1.99990910e+00 
 5.91441398e-02  4.99994435e-08  5.91441398e-02  2.95857969e-02  5.91441398e-02  4.39990320e-05  5.91441398e-02  1.99990910e+00 
 5.91541398e-02  4.99994427e-08  5.91541398e-02  2.95857969e-02  5.91541398e-02  4.39990320e-05  5.91541398e-02  1.99990910e+00 
 5.91641398e-02  4.99994440e-08  5.91641398e-02  2.95857969e-02  5.91641398e-02  4.39990320e-05  5.91641398e-02  1.99990910e+00 
 5.91741398e-02  4.99994426e-08  5.91741398e-02  2.95857969e-02  5.91741398e-02  4.39990320e-05  5.91741398e-02  1.99990910e+00 
 5.91841398e-02  4.99994427e-08  5.91841398e-02  2.95857969e-02  5.91841398e-02  4.39990320e-05  5.91841398e-02  1.99990910e+00 
 5.91941398e-02  4.99994442e-08  5.91941398e-02  2.95857970e-02  5.91941398e-02  4.39990320e-05  5.91941398e-02  1.99990910e+00 
 5.92041398e-02  4.99994439e-08  5.92041398e-02  2.95857970e-02  5.92041398e-02  4.39990320e-05  5.92041398e-02  1.99990910e+00 
 5.92141398e-02  4.99994440e-08  5.92141398e-02  2.95857970e-02  5.92141398e-02  4.39990320e-05  5.92141398e-02  1.99990910e+00 
 5.92241398e-02  4.99994433e-08  5.92241398e-02  2.95857970e-02  5.92241398e-02  4.39990320e-05  5.92241398e-02  1.99990910e+00 
 5.92341398e-02  4.99994437e-08  5.92341398e-02  2.95857970e-02  5.92341398e-02  4.39990320e-05  5.92341398e-02  1.99990910e+00 
 5.92441398e-02  4.99994437e-08  5.92441398e-02  2.95857970e-02  5.92441398e-02  4.39990320e-05  5.92441398e-02  1.99990910e+00 
 5.92541398e-02  4.99994442e-08  5.92541398e-02  2.95857970e-02  5.92541398e-02  4.39990320e-05  5.92541398e-02  1.99990910e+00 
 5.92641398e-02  4.99994433e-08  5.92641398e-02  2.95857970e-02  5.92641398e-02  4.39990320e-05  5.92641398e-02  1.99990910e+00 
 5.92741398e-02  4.99994443e-08  5.92741398e-02  2.95857970e-02  5.92741398e-02  4.39990320e-05  5.92741398e-02  1.99990910e+00 
 5.92841398e-02  4.99994446e-08  5.92841398e-02  2.95857970e-02  5.92841398e-02  4.39990320e-05  5.92841398e-02  1.99990910e+00 
 5.92941398e-02  4.99994441e-08  5.92941398e-02  2.95857970e-02  5.92941398e-02  4.39990320e-05  5.92941398e-02  1.99990910e+00 
 5.93041398e-02  4.99994440e-08  5.93041398e-02  2.95857970e-02  5.93041398e-02  4.39990320e-05  5.93041398e-02  1.99990910e+00 
 5.93141398e-02  4.99994430e-08  5.93141398e-02  2.95857970e-02  5.93141398e-02  4.39990320e-05  5.93141398e-02  1.99990910e+00 
 5.93241398e-02  4.99994436e-08  5.93241398e-02  2.95857970e-02  5.93241398e-02  4.39990320e-05  5.93241398e-02  1.99990910e+00 
 5.93341398e-02  4.99994441e-08  5.93341398e-02  2.95857970e-02  5.93341398e-02  4.39990320e-05  5.93341398e-02  1.99990910e+00 
 5.93441398e-02  4.99994424e-08  5.93441398e-02  2.95857970e-02  5.93441398e-02  4.39990320e-05  5.93441398e-02  1.99990910e+00 
 5.93541398e-02  4.99994435e-08  5.93541398e-02  2.95857970e-02  5.93541398e-02  4.39990320e-05  5.93541398e-02  1.99990910e+00 
 5.93641398e-02  4.99994432e-08  5.93641398e-02  2.95857971e-02  5.93641398e-02  4.39990320e-05  5.93641398e-02  1.99990910e+00 
 5.93741398e-02  4.99994442e-08  5.93741398e-02  2.95857971e-02  5.93741398e-02  4.39990320e-05  5.93741398e-02  1.99990910e+00 
 5.93841398e-02  4.99994441e-08  5.93841398e-02  2.95857971e-02  5.93841398e-02  4.39990320e-05  5.93841398e-02  1.99990910e+00 
 5.93941398e-02  4.99994437e-08  5.93941398e-02  2.95857971e-02  5.93941398e-02  4.39990320e-05  5.93941398e-02  1.99990910e+00 
 5.94041398e-02  4.99994424e-08  5.94041398e-02  2.95857971e-02  5.94041398e-02  4.39990320e-05  5.94041398e-02  1.99990910e+00 
 5.94141398e-02  4.99994435e-08  5.94141398e-02  2.95857971e-02  5.94141398e-02  4.39990320e-05  5.94141398e-02  1.99990910e+00 
 5.94241398e-02  4.99994428e-08  5.94241398e-02  2.95857971e-02  5.94241398e-02  4.39990320e-05  5.94241398e-02  1.99990910e+00 
 5.94341398e-02  4.99994437e-08  5.94341398e-02  2.95857971e-02  5.94341398e-02  4.39990320e-05  5.94341398e-02  1.99990910e+00 
 5.94441398e-02  4.99994444e-08  5.94441398e-02  2.95857971e-02  5.94441398e-02  4.39990320e-05  5.94441398e-02  1.99990910e+00 
 5.94541398e-02  4.99994445e-08  5.94541398e-02  2.95857971e-02  5.94541398e-02  4.39990320e-05  5.94541398e-02  1.99990910e+00 
 5.94641398e-02  4.99994444e-08  5.94641398e-02  2.95857971e-02  5.94641398e-02  4.39990320e-05  5.94641398e-02  1.99990910e+00 
 5.94741398e-02  4.99994425e-08  5.94741398e-02  2.95857971e-02  5.94741398e-02  4.39990320e-05  5.94741398e-02  1.99990910e+00 
 5.94841398e-02  4.99994436e-08  5.94841398e-02  2.95857971e-02  5.94841398e-02  4.39990320e-05  5.94841398e-02  1.99990910e+00 
 5.94941398e-02  4.99994435e-08  5.94941398e-02  2.95857971e-02  5.94941398e-02  4.39990320e-05  5.94941398e-02  1.99990910e+00 
 5.95041398e-02  4.99994441e-08  5.95041398e-02  2.95857971e-02  5.95041398e-02  4.39990320e-05  5.95041398e-02  1.99990910e+00 
 5.95141398e-02  4.99994437e-08  5.95141398e-02  2.95857971e-02  5.95141398e-02  4.39990320e-05  5.95141398e-02  1.99990910e+00 
 5.95241398e-02  4.99994435e-08  5.95241398e-02  2.95857971e-02  5.95241398e-02  4.39990320e-05  5.95241398e-02  1.99990910e+00 
 5.95341398e-02  4.99994429e-08  5.95341398e-02  2.95857971e-02  5.95341398e-02  4.39990320e-05  5.95341398e-02  1.99990910e+00 
 5.95441398e-02  4.99994440e-08  5.95441398e-02  2.95857971e-02  5.95441398e-02  4.39990320e-05  5.95441398e-02  1.99990910e+00 
 5.95541398e-02  4.99994443e-08  5.95541398e-02  2.95857972e-02  5.95541398e-02  4.39990320e-05  5.95541398e-02  1.99990910e+00 
 5.95641398e-02  4.99994440e-08  5.95641398e-02  2.95857972e-02  5.95641398e-02  4.39990320e-05  5.95641398e-02  1.99990910e+00 
 5.95741398e-02  4.99994442e-08  5.95741398e-02  2.95857972e-02  5.95741398e-02  4.39990320e-05  5.95741398e-02  1.99990910e+00 
 5.95841398e-02  4.99994432e-08  5.95841398e-02  2.95857972e-02  5.95841398e-02  4.39990320e-05  5.95841398e-02  1.99990910e+00 
 5.95941398e-02  4.99994443e-08  5.95941398e-02  2.95857972e-02  5.95941398e-02  4.39990320e-05  5.95941398e-02  1.99990910e+00 
 5.96041398e-02  4.99994427e-08  5.96041398e-02  2.95857972e-02  5.96041398e-02  4.39990320e-05  5.96041398e-02  1.99990910e+00 
 5.96141398e-02  4.99994427e-08  5.96141398e-02  2.95857972e-02  5.96141398e-02  4.39990320e-05  5.96141398e-02  1.99990910e+00 
 5.96241398e-02  4.99994441e-08  5.96241398e-02  2.95857972e-02  5.96241398e-02  4.39990320e-05  5.96241398e-02  1.99990910e+00 
 5.96341398e-02  4.99994440e-08  5.96341398e-02  2.95857972e-02  5.96341398e-02  4.39990320e-05  5.96341398e-02  1.99990910e+00 
 5.96441398e-02  4.99994443e-08  5.96441398e-02  2.95857972e-02  5.96441398e-02  4.39990320e-05  5.96441398e-02  1.99990910e+00 
 5.96541398e-02  4.99994433e-08  5.96541398e-02  2.95857972e-02  5.96541398e-02  4.39990320e-05  5.96541398e-02  1.99990910e+00 
 5.96641398e-02  4.99994443e-08  5.96641398e-02  2.95857972e-02  5.96641398e-02  4.39990320e-05  5.96641398e-02  1.99990910e+00 
 5.96741398e-02  4.99994426e-08  5.96741398e-02  2.95857972e-02  5.96741398e-02  4.39990320e-05  5.96741398e-02  1.99990910e+00 
 5.96841398e-02  4.99994426e-08  5.96841398e-02  2.95857972e-02  5.96841398e-02  4.39990320e-05  5.96841398e-02  1.99990910e+00 
 5.96941398e-02  4.99994444e-08  5.96941398e-02  2.95857972e-02  5.96941398e-02  4.39990320e-05  5.96941398e-02  1.99990910e+00 
 5.97041398e-02  4.99994442e-08  5.97041398e-02  2.95857972e-02  5.97041398e-02  4.39990320e-05  5.97041398e-02  1.99990910e+00 
 5.97141398e-02  4.99994439e-08  5.97141398e-02  2.95857972e-02  5.97141398e-02  4.39990320e-05  5.97141398e-02  1.99990910e+00 
 5.97241398e-02  4.99994428e-08  5.97241398e-02  2.95857972e-02  5.97241398e-02  4.39990320e-05  5.97241398e-02  1.99990910e+00 
 5.97341398e-02  4.99994436e-08  5.97341398e-02  2.95857972e-02  5.97341398e-02  4.39990320e-05  5.97341398e-02  1.99990910e+00 
 5.97441398e-02  4.99994443e-08  5.97441398e-02  2.95857973e-02  5.97441398e-02  4.39990320e-05  5.97441398e-02  1.99990910e+00 
 5.97541398e-02  4.99994426e-08  5.97541398e-02  2.95857973e-02  5.97541398e-02  4.39990320e-05  5.97541398e-02  1.99990910e+00 
 5.97641398e-02  4.99994432e-08  5.97641398e-02  2.95857973e-02  5.97641398e-02  4.39990320e-05  5.97641398e-02  1.99990910e+00 
 5.97741398e-02  4.99994428e-08  5.97741398e-02  2.95857973e-02  5.97741398e-02  4.39990320e-05  5.97741398e-02  1.99990910e+00 
 5.97841398e-02  4.99994434e-08  5.97841398e-02  2.95857973e-02  5.97841398e-02  4.39990320e-05  5.97841398e-02  1.99990910e+00 
 5.97941398e-02  4.99994437e-08  5.97941398e-02  2.95857973e-02  5.97941398e-02  4.39990320e-05  5.97941398e-02  1.99990910e+00 
 5.98041398e-02  4.99994444e-08  5.98041398e-02  2.95857973e-02  5.98041398e-02  4.39990320e-05  5.98041398e-02  1.99990910e+00 
 5.98141398e-02  4.99994432e-08  5.98141398e-02  2.95857973e-02  5.98141398e-02  4.39990320e-05  5.98141398e-02  1.99990910e+00 
 5.98241398e-02  4.99994438e-08  5.98241398e-02  2.95857973e-02  5.98241398e-02  4.39990320e-05  5.98241398e-02  1.99990910e+00 
 5.98341398e-02  4.99994444e-08  5.98341398e-02  2.95857973e-02  5.98341398e-02  4.39990320e-05  5.98341398e-02  1.99990910e+00 
 5.98441398e-02  4.99994426e-08  5.98441398e-02  2.95857973e-02  5.98441398e-02  4.39990320e-05  5.98441398e-02  1.99990910e+00 
 5.98541398e-02  4.99994432e-08  5.98541398e-02  2.95857973e-02  5.98541398e-02  4.39990320e-05  5.98541398e-02  1.99990910e+00 
 5.98641398e-02  4.99994429e-08  5.98641398e-02  2.95857973e-02  5.98641398e-02  4.39990320e-05  5.98641398e-02  1.99990910e+00 
 5.98741398e-02  4.99994434e-08  5.98741398e-02  2.95857973e-02  5.98741398e-02  4.39990320e-05  5.98741398e-02  1.99990910e+00 
 5.98841398e-02  4.99994435e-08  5.98841398e-02  2.95857973e-02  5.98841398e-02  4.39990320e-05  5.98841398e-02  1.99990910e+00 
 5.98941398e-02  4.99994442e-08  5.98941398e-02  2.95857973e-02  5.98941398e-02  4.39990320e-05  5.98941398e-02  1.99990910e+00 
 5.99041398e-02  4.99994434e-08  5.99041398e-02  2.95857973e-02  5.99041398e-02  4.39990320e-05  5.99041398e-02  1.99990910e+00 
 5.99141398e-02  4.99994442e-08  5.99141398e-02  2.95857973e-02  5.99141398e-02  4.39990320e-05  5.99141398e-02  1.99990910e+00 
 5.99241398e-02  4.99994443e-08  5.99241398e-02  2.95857973e-02  5.99241398e-02  4.39990320e-05  5.99241398e-02  1.99990910e+00 
 5.99341398e-02  4.99994440e-08  5.99341398e-02  2.95857973e-02  5.99341398e-02  4.39990320e-05  5.99341398e-02  1.99990910e+00 
 5.99441398e-02  4.99994444e-08  5.99441398e-02  2.95857973e-02  5.99441398e-02  4.39990320e-05  5.99441398e-02  1.99990910e+00 
 5.99541398e-02  4.99994433e-08  5.99541398e-02  2.95857974e-02  5.99541398e-02  4.39990320e-05  5.99541398e-02  1.99990910e+00 
 5.99641398e-02  4.99994441e-08  5.99641398e-02  2.95857974e-02  5.99641398e-02  4.39990320e-05  5.99641398e-02  1.99990910e+00 
 5.99741398e-02  4.99994445e-08  5.99741398e-02  2.95857974e-02  5.99741398e-02  4.39990320e-05  5.99741398e-02  1.99990910e+00 
 5.99841398e-02  4.99994443e-08  5.99841398e-02  2.95857974e-02  5.99841398e-02  4.39990320e-05  5.99841398e-02  1.99990910e+00 
 5.99941398e-02  4.99994443e-08  5.99941398e-02  2.95857974e-02  5.99941398e-02  4.39990320e-05  5.99941398e-02  1.99990910e+00 
 6.00000000e-02  4.99994428e-08  6.00000000e-02  2.95857974e-02  6.00000000e-02  4.39990320e-05  6.00000000e-02  1.99990910e+00 
